run,tag,step,value,wall_time
anymal_c_flat,Episode_Reward/track_lin_vel_xy_exp,0,0.0,1778918656.222352
anymal_c_flat,Episode_Reward/track_lin_vel_xy_exp,1,0.003951746970415115,1778918657.376527
anymal_c_flat,Episode_Reward/track_lin_vel_xy_exp,2,0.011855239979922771,1778918658.4566884
anymal_c_flat,Episode_Reward/track_lin_vel_xy_exp,3,0.011855239979922771,1778918659.5399349
anymal_c_flat,Episode_Reward/track_lin_vel_xy_exp,4,0.011855239979922771,1778918660.618268
anymal_c_flat,Episode_Reward/track_lin_vel_xy_exp,5,0.011530335061252117,1778918662.132685
anymal_c_flat,Episode_Reward/track_lin_vel_xy_exp,6,0.00925599317997694,1778918663.2219548
anymal_c_flat,Episode_Reward/track_lin_vel_xy_exp,7,0.0887075662612915,1778918664.312057
anymal_c_flat,Episode_Reward/track_lin_vel_xy_exp,8,0.11519142240285873,1778918665.3829155
anymal_c_flat,Episode_Reward/track_lin_vel_xy_exp,9,0.11519142240285873,1778918666.4459198
anymal_c_flat,Episode_Reward/track_lin_vel_xy_exp,10,0.09019618481397629,1778918667.5131109
anymal_c_flat,Episode_Reward/track_lin_vel_xy_exp,11,0.07234244048595428,1778918668.5800452
anymal_c_flat,Episode_Reward/track_lin_vel_xy_exp,12,0.07234244048595428,1778918669.6505299
anymal_c_flat,Episode_Reward/track_lin_vel_xy_exp,13,0.12452387064695358,1778918670.7354753
anymal_c_flat,Episode_Reward/track_lin_vel_xy_exp,14,0.08379679173231125,1778918671.8263698
anymal_c_flat,Episode_Reward/track_lin_vel_xy_exp,15,0.04748053476214409,1778918672.909795
anymal_c_flat,Episode_Reward/track_lin_vel_xy_exp,16,0.16226153075695038,1778918673.996895
anymal_c_flat,Episode_Reward/track_lin_vel_xy_exp,17,0.04949004203081131,1778918675.0726216
anymal_c_flat,Episode_Reward/track_lin_vel_xy_exp,18,0.07566918432712555,1778918676.1803684
anymal_c_flat,Episode_Reward/track_lin_vel_xy_exp,19,0.08704592287540436,1778918677.3616402
anymal_c_flat,Episode_Reward/track_lin_vel_xy_exp,20,0.07575680315494537,1778918678.4355636
anymal_c_flat,Episode_Reward/track_lin_vel_xy_exp,21,0.10617578029632568,1778918679.8685045
anymal_c_flat,Episode_Reward/track_lin_vel_xy_exp,22,0.05886863172054291,1778918680.968086
anymal_c_flat,Episode_Reward/track_lin_vel_xy_exp,23,0.034251369535923004,1778918682.0817633
anymal_c_flat,Episode_Reward/track_lin_vel_xy_exp,24,0.026105662807822227,1778918683.1670046
anymal_c_flat,Episode_Reward/track_lin_vel_xy_exp,25,0.0011254549026489258,1778918684.2657833
anymal_c_flat,Episode_Reward/track_lin_vel_xy_exp,26,0.00979677401483059,1778918685.3640232
anymal_c_flat,Episode_Reward/track_lin_vel_xy_exp,27,0.0067276982590556145,1778918686.4693863
anymal_c_flat,Episode_Reward/track_lin_vel_xy_exp,28,0.005402734503149986,1778918687.7037802
anymal_c_flat,Episode_Reward/track_lin_vel_xy_exp,29,0.009806492365896702,1778918688.807807
anymal_c_flat,Episode_Reward/track_lin_vel_xy_exp,30,0.009482013061642647,1778918689.9348962
anymal_c_flat,Episode_Reward/track_lin_vel_xy_exp,31,0.007479032035917044,1778918691.0492933
anymal_c_flat,Episode_Reward/track_lin_vel_xy_exp,32,0.005465919151902199,1778918692.1510236
anymal_c_flat,Episode_Reward/track_lin_vel_xy_exp,33,0.00480824988335371,1778918693.2686207
anymal_c_flat,Episode_Reward/track_lin_vel_xy_exp,34,0.009839423932135105,1778918694.378176
anymal_c_flat,Episode_Reward/track_lin_vel_xy_exp,35,0.006613060832023621,1778918695.48618
anymal_c_flat,Episode_Reward/track_lin_vel_xy_exp,36,0.0030229822732508183,1778918696.6270475
anymal_c_flat,Episode_Reward/track_lin_vel_xy_exp,37,0.005601954646408558,1778918697.7379742
anymal_c_flat,Episode_Reward/track_lin_vel_xy_exp,38,0.005882316268980503,1778918698.9864151
anymal_c_flat,Episode_Reward/track_lin_vel_xy_exp,39,0.005418840330094099,1778918700.1032958
anymal_c_flat,Episode_Reward/track_lin_vel_xy_exp,40,0.007597592659294605,1778918701.2229936
anymal_c_flat,Episode_Reward/track_lin_vel_xy_exp,41,0.005409513600170612,1778918702.338491
anymal_c_flat,Episode_Reward/track_lin_vel_xy_exp,42,0.002200112445279956,1778918703.45189
anymal_c_flat,Episode_Reward/track_lin_vel_xy_exp,43,0.002087481552734971,1778918704.5794883
anymal_c_flat,Episode_Reward/track_lin_vel_xy_exp,44,0.002960282377898693,1778918705.7097814
anymal_c_flat,Episode_Reward/track_lin_vel_xy_exp,45,0.003808625042438507,1778918706.8308203
anymal_c_flat,Episode_Reward/track_lin_vel_xy_exp,46,0.002724622143432498,1778918707.9551675
anymal_c_flat,Episode_Reward/track_lin_vel_xy_exp,47,0.006412662100046873,1778918709.1844113
anymal_c_flat,Episode_Reward/track_lin_vel_xy_exp,48,0.002560228342190385,1778918710.3185923
anymal_c_flat,Episode_Reward/track_lin_vel_xy_exp,49,0.002707153093069792,1778918711.4456525
anymal_c_flat,Episode_Reward/track_lin_vel_xy_exp,50,0.005355020519345999,1778918712.5600142
anymal_c_flat,Episode_Reward/track_lin_vel_xy_exp,51,0.003813117276877165,1778918713.6975448
anymal_c_flat,Episode_Reward/track_lin_vel_xy_exp,52,0.0028019750025123358,1778918714.831814
anymal_c_flat,Episode_Reward/track_lin_vel_xy_exp,53,0.0036497560795396566,1778918715.9618695
anymal_c_flat,Episode_Reward/track_lin_vel_xy_exp,54,0.002377488184720278,1778918717.100591
anymal_c_flat,Episode_Reward/track_lin_vel_xy_exp,55,0.004669289570301771,1778918718.229901
anymal_c_flat,Episode_Reward/track_lin_vel_xy_exp,56,0.0021594050340354443,1778918719.3732383
anymal_c_flat,Episode_Reward/track_lin_vel_xy_exp,57,0.0034522786736488342,1778918720.609106
anymal_c_flat,Episode_Reward/track_lin_vel_xy_exp,58,0.0015491663943976164,1778918721.755882
anymal_c_flat,Episode_Reward/track_lin_vel_xy_exp,59,0.002269880846142769,1778918722.9012887
anymal_c_flat,Episode_Reward/track_lin_vel_xy_exp,60,0.002051296643912792,1778918724.0322688
anymal_c_flat,Episode_Reward/track_lin_vel_xy_exp,61,0.0025941114872694016,1778918725.2089694
anymal_c_flat,Episode_Reward/track_lin_vel_xy_exp,62,0.005870504304766655,1778918726.3359008
anymal_c_flat,Episode_Reward/track_lin_vel_xy_exp,63,0.0024752437602728605,1778918727.463516
anymal_c_flat,Episode_Reward/track_lin_vel_xy_exp,64,0.0028330949135124683,1778918728.584171
anymal_c_flat,Episode_Reward/track_lin_vel_xy_exp,65,0.003734623547643423,1778918729.7219737
anymal_c_flat,Episode_Reward/track_lin_vel_xy_exp,66,0.003297761082649231,1778918730.9815104
anymal_c_flat,Episode_Reward/track_lin_vel_xy_exp,67,0.002216557040810585,1778918732.1058562
anymal_c_flat,Episode_Reward/track_lin_vel_xy_exp,68,0.0038915667682886124,1778918733.247812
anymal_c_flat,Episode_Reward/track_lin_vel_xy_exp,69,0.002629016526043415,1778918734.3763156
anymal_c_flat,Episode_Reward/track_lin_vel_xy_exp,70,0.003275372087955475,1778918735.5134308
anymal_c_flat,Episode_Reward/track_lin_vel_xy_exp,71,0.0026599066331982613,1778918736.6647239
anymal_c_flat,Episode_Reward/track_lin_vel_xy_exp,72,0.002187135396525264,1778918737.7935226
anymal_c_flat,Episode_Reward/track_lin_vel_xy_exp,73,0.0014608374331146479,1778918738.9154022
anymal_c_flat,Episode_Reward/track_lin_vel_xy_exp,74,0.0029789311811327934,1778918740.0455477
anymal_c_flat,Episode_Reward/track_lin_vel_xy_exp,75,0.002183771226555109,1778918741.1833472
anymal_c_flat,Episode_Reward/track_lin_vel_xy_exp,76,0.0026118080131709576,1778918742.4681613
anymal_c_flat,Episode_Reward/track_lin_vel_xy_exp,77,0.002092187525704503,1778918743.613053
anymal_c_flat,Episode_Reward/track_lin_vel_xy_exp,78,0.002357433782890439,1778918744.740829
anymal_c_flat,Episode_Reward/track_lin_vel_xy_exp,79,0.003578474745154381,1778918745.8872607
anymal_c_flat,Episode_Reward/track_lin_vel_xy_exp,80,0.0025707322638481855,1778918747.0314913
anymal_c_flat,Episode_Reward/track_lin_vel_xy_exp,81,0.002573534846305847,1778918748.17221
anymal_c_flat,Episode_Reward/track_lin_vel_xy_exp,82,0.0016797402640804648,1778918749.3083272
anymal_c_flat,Episode_Reward/track_lin_vel_xy_exp,83,0.002412419067695737,1778918750.448724
anymal_c_flat,Episode_Reward/track_lin_vel_xy_exp,84,0.0023525874130427837,1778918751.5785499
anymal_c_flat,Episode_Reward/track_lin_vel_xy_exp,85,0.0018334779888391495,1778918752.8832066
anymal_c_flat,Episode_Reward/track_lin_vel_xy_exp,86,0.0020708823576569557,1778918754.0382245
anymal_c_flat,Episode_Reward/track_lin_vel_xy_exp,87,0.0020797874312847853,1778918755.1684573
anymal_c_flat,Episode_Reward/track_lin_vel_xy_exp,88,0.004316187463700771,1778918756.2852993
anymal_c_flat,Episode_Reward/track_lin_vel_xy_exp,89,0.0017687154468148947,1778918757.4248948
anymal_c_flat,Episode_Reward/track_lin_vel_xy_exp,90,0.002056324854493141,1778918758.5707822
anymal_c_flat,Episode_Reward/track_lin_vel_xy_exp,91,0.003940662369132042,1778918759.728747
anymal_c_flat,Episode_Reward/track_lin_vel_xy_exp,92,0.002307967050001025,1778918760.8719735
anymal_c_flat,Episode_Reward/track_lin_vel_xy_exp,93,0.0030191652476787567,1778918762.0163665
anymal_c_flat,Episode_Reward/track_lin_vel_xy_exp,94,0.0037706594448536634,1778918763.1507614
anymal_c_flat,Episode_Reward/track_lin_vel_xy_exp,95,0.0021941903978586197,1778918764.343601
anymal_c_flat,Episode_Reward/track_lin_vel_xy_exp,96,0.0017792843282222748,1778918765.4834
anymal_c_flat,Episode_Reward/track_lin_vel_xy_exp,97,0.00264398823492229,1778918766.6319861
anymal_c_flat,Episode_Reward/track_lin_vel_xy_exp,98,0.0031327817123383284,1778918767.777934
anymal_c_flat,Episode_Reward/track_lin_vel_xy_exp,99,0.002929997630417347,1778918768.9171543
anymal_c_flat,Episode_Reward/track_lin_vel_xy_exp,100,0.0012107222573831677,1778918770.066834
anymal_c_flat,Episode_Reward/track_lin_vel_xy_exp,101,0.0036612199619412422,1778918771.1989787
anymal_c_flat,Episode_Reward/track_lin_vel_xy_exp,102,0.002800151240080595,1778918772.3410785
anymal_c_flat,Episode_Reward/track_lin_vel_xy_exp,103,0.0013733941596001387,1778918773.4763265
anymal_c_flat,Episode_Reward/track_lin_vel_xy_exp,104,0.0018193894065916538,1778918774.731524
anymal_c_flat,Episode_Reward/track_lin_vel_xy_exp,105,0.001829388551414013,1778918775.8605895
anymal_c_flat,Episode_Reward/track_lin_vel_xy_exp,106,0.0022878400050103664,1778918777.00303
anymal_c_flat,Episode_Reward/track_lin_vel_xy_exp,107,0.002267266856506467,1778918778.1372957
anymal_c_flat,Episode_Reward/track_lin_vel_xy_exp,108,0.0010493798181414604,1778918779.2741892
anymal_c_flat,Episode_Reward/track_lin_vel_xy_exp,109,0.0038645206950604916,1778918780.396745
anymal_c_flat,Episode_Reward/track_lin_vel_xy_exp,110,0.002288827672600746,1778918781.5382051
anymal_c_flat,Episode_Reward/track_lin_vel_xy_exp,111,0.00316140940412879,1778918782.6605895
anymal_c_flat,Episode_Reward/track_lin_vel_xy_exp,112,0.0015758618246763945,1778918783.788059
anymal_c_flat,Episode_Reward/track_lin_vel_xy_exp,113,0.0024042322766035795,1778918784.9387348
anymal_c_flat,Episode_Reward/track_lin_vel_xy_exp,114,0.0033141300082206726,1778918786.1980374
anymal_c_flat,Episode_Reward/track_lin_vel_xy_exp,115,0.0024073633830994368,1778918787.3392916
anymal_c_flat,Episode_Reward/track_lin_vel_xy_exp,116,0.002884335583075881,1778918788.4904323
anymal_c_flat,Episode_Reward/track_lin_vel_xy_exp,117,0.003160490421578288,1778918789.628691
anymal_c_flat,Episode_Reward/track_lin_vel_xy_exp,118,0.003482966450974345,1778918790.7892928
anymal_c_flat,Episode_Reward/track_lin_vel_xy_exp,119,0.002751810010522604,1778918791.9375138
anymal_c_flat,Episode_Reward/track_lin_vel_xy_exp,120,0.0022699101828038692,1778918793.0856795
anymal_c_flat,Episode_Reward/track_lin_vel_xy_exp,121,0.0021027056500315666,1778918794.22854
anymal_c_flat,Episode_Reward/track_lin_vel_xy_exp,122,0.0030423966236412525,1778918795.3659973
anymal_c_flat,Episode_Reward/track_lin_vel_xy_exp,123,0.002177692484110594,1778918796.622045
anymal_c_flat,Episode_Reward/track_lin_vel_xy_exp,124,0.002529847202822566,1778918797.7770996
anymal_c_flat,Episode_Reward/track_lin_vel_xy_exp,125,0.0028290636837482452,1778918798.8954687
anymal_c_flat,Episode_Reward/track_lin_vel_xy_exp,126,0.0026124995201826096,1778918800.0331662
anymal_c_flat,Episode_Reward/track_lin_vel_xy_exp,127,0.0027963765896856785,1778918801.1703606
anymal_c_flat,Episode_Reward/track_lin_vel_xy_exp,128,0.002076526638120413,1778918802.3139586
anymal_c_flat,Episode_Reward/track_lin_vel_xy_exp,129,0.0027648229151964188,1778918803.4650648
anymal_c_flat,Episode_Reward/track_lin_vel_xy_exp,130,0.0019473955035209656,1778918804.5923197
anymal_c_flat,Episode_Reward/track_lin_vel_xy_exp,131,0.001323131611570716,1778918805.7509742
anymal_c_flat,Episode_Reward/track_lin_vel_xy_exp,132,0.0038172779604792595,1778918806.917307
anymal_c_flat,Episode_Reward/track_lin_vel_xy_exp,133,0.0037243980914354324,1778918808.0630734
anymal_c_flat,Episode_Reward/track_lin_vel_xy_exp,134,0.0013341044541448355,1778918809.179345
anymal_c_flat,Episode_Reward/track_lin_vel_xy_exp,135,0.0026956002693623304,1778918810.3167171
anymal_c_flat,Episode_Reward/track_lin_vel_xy_exp,136,0.0019671102054417133,1778918811.44878
anymal_c_flat,Episode_Reward/track_lin_vel_xy_exp,137,0.0010022418573498726,1778918812.5859587
anymal_c_flat,Episode_Reward/track_lin_vel_xy_exp,138,0.0022066175006330013,1778918813.7408745
anymal_c_flat,Episode_Reward/track_lin_vel_xy_exp,139,0.0021135457791388035,1778918814.8749628
anymal_c_flat,Episode_Reward/track_lin_vel_xy_exp,140,0.0029702740721404552,1778918815.9865031
anymal_c_flat,Episode_Reward/track_lin_vel_xy_exp,141,0.0014813679736107588,1778918817.118404
anymal_c_flat,Episode_Reward/track_lin_vel_xy_exp,142,0.001663766335695982,1778918818.3744085
anymal_c_flat,Episode_Reward/track_lin_vel_xy_exp,143,0.0024756360799074173,1778918819.508472
anymal_c_flat,Episode_Reward/track_lin_vel_xy_exp,144,0.0013717475812882185,1778918820.636909
anymal_c_flat,Episode_Reward/track_lin_vel_xy_exp,145,0.0021927685011178255,1778918821.783846
anymal_c_flat,Episode_Reward/track_lin_vel_xy_exp,146,0.002901477739214897,1778918822.8991263
anymal_c_flat,Episode_Reward/track_lin_vel_xy_exp,147,0.0030295089818537235,1778918824.0486765
anymal_c_flat,Episode_Reward/track_lin_vel_xy_exp,148,0.0025567221455276012,1778918825.1917148
anymal_c_flat,Episode_Reward/track_lin_vel_xy_exp,149,0.0029434668831527233,1778918826.3141484
anymal_c_flat,Episode_Reward/track_lin_vel_xy_exp,150,0.00433322275057435,1778918827.4406455
anymal_c_flat,Episode_Reward/track_lin_vel_xy_exp,151,0.003187747672200203,1778918828.5948336
anymal_c_flat,Episode_Reward/track_lin_vel_xy_exp,152,0.003060335060581565,1778918829.7909315
anymal_c_flat,Episode_Reward/track_lin_vel_xy_exp,153,0.0023251441307365894,1778918830.9319282
anymal_c_flat,Episode_Reward/track_lin_vel_xy_exp,154,0.0014787157997488976,1778918832.0688717
anymal_c_flat,Episode_Reward/track_lin_vel_xy_exp,155,0.002053378615528345,1778918833.203728
anymal_c_flat,Episode_Reward/track_lin_vel_xy_exp,156,0.0044197142124176025,1778918834.3341444
anymal_c_flat,Episode_Reward/track_lin_vel_xy_exp,157,0.0019033480202779174,1778918835.46046
anymal_c_flat,Episode_Reward/track_lin_vel_xy_exp,158,0.003443834139034152,1778918836.586799
anymal_c_flat,Episode_Reward/track_lin_vel_xy_exp,159,0.0025809411890804768,1778918837.696738
anymal_c_flat,Episode_Reward/track_lin_vel_xy_exp,160,0.0033174045383930206,1778918838.8375974
anymal_c_flat,Episode_Reward/track_lin_vel_xy_exp,161,0.0020350466948002577,1778918840.0345128
anymal_c_flat,Episode_Reward/track_lin_vel_xy_exp,162,0.0023021865636110306,1778918841.1757836
anymal_c_flat,Episode_Reward/track_lin_vel_xy_exp,163,0.0035375463776290417,1778918842.3197975
anymal_c_flat,Episode_Reward/track_lin_vel_xy_exp,164,0.0020753024145960808,1778918843.4719386
anymal_c_flat,Episode_Reward/track_lin_vel_xy_exp,165,0.0019376196432858706,1778918844.603483
anymal_c_flat,Episode_Reward/track_lin_vel_xy_exp,166,0.0017906185239553452,1778918845.747926
anymal_c_flat,Episode_Reward/track_lin_vel_xy_exp,167,0.0024144104681909084,1778918846.8707354
anymal_c_flat,Episode_Reward/track_lin_vel_xy_exp,168,0.0019340382423251867,1778918848.0099003
anymal_c_flat,Episode_Reward/track_lin_vel_xy_exp,169,0.002563611837103963,1778918849.1293397
anymal_c_flat,Episode_Reward/track_lin_vel_xy_exp,170,0.004277022089809179,1778918850.282134
anymal_c_flat,Episode_Reward/track_lin_vel_xy_exp,171,0.0032528825104236603,1778918851.5070033
anymal_c_flat,Episode_Reward/track_lin_vel_xy_exp,172,0.0030073774978518486,1778918852.660099
anymal_c_flat,Episode_Reward/track_lin_vel_xy_exp,173,0.0025482340715825558,1778918853.812505
anymal_c_flat,Episode_Reward/track_lin_vel_xy_exp,174,0.002692515728995204,1778918854.9382968
anymal_c_flat,Episode_Reward/track_lin_vel_xy_exp,175,0.0026679146103560925,1778918856.0726848
anymal_c_flat,Episode_Reward/track_lin_vel_xy_exp,176,0.002896007616072893,1778918857.213255
anymal_c_flat,Episode_Reward/track_lin_vel_xy_exp,177,0.003533298149704933,1778918858.3464177
anymal_c_flat,Episode_Reward/track_lin_vel_xy_exp,178,0.0015979008749127388,1778918859.4998527
anymal_c_flat,Episode_Reward/track_lin_vel_xy_exp,179,0.0022807219065725803,1778918860.630789
anymal_c_flat,Episode_Reward/track_lin_vel_xy_exp,180,0.0021013470832258463,1778918861.837325
anymal_c_flat,Episode_Reward/track_lin_vel_xy_exp,181,0.00208840100094676,1778918862.9618835
anymal_c_flat,Episode_Reward/track_lin_vel_xy_exp,182,0.0022816157434135675,1778918864.1016233
anymal_c_flat,Episode_Reward/track_lin_vel_xy_exp,183,0.002816347870975733,1778918865.2363913
anymal_c_flat,Episode_Reward/track_lin_vel_xy_exp,184,0.0033317923080176115,1778918866.372134
anymal_c_flat,Episode_Reward/track_lin_vel_xy_exp,185,0.002314789919182658,1778918867.5229044
anymal_c_flat,Episode_Reward/track_lin_vel_xy_exp,186,0.0025057666935026646,1778918868.6501248
anymal_c_flat,Episode_Reward/track_lin_vel_xy_exp,187,0.0033855587244033813,1778918869.7896328
anymal_c_flat,Episode_Reward/track_lin_vel_xy_exp,188,0.0019541913643479347,1778918870.9286306
anymal_c_flat,Episode_Reward/track_lin_vel_xy_exp,189,0.0010830194223672152,1778918872.0706341
anymal_c_flat,Episode_Reward/track_lin_vel_xy_exp,190,0.0022694203071296215,1778918873.2760937
anymal_c_flat,Episode_Reward/track_lin_vel_xy_exp,191,0.0023303537163883448,1778918874.397149
anymal_c_flat,Episode_Reward/track_lin_vel_xy_exp,192,0.0032122847624123096,1778918875.5285268
anymal_c_flat,Episode_Reward/track_lin_vel_xy_exp,193,0.0018411306664347649,1778918876.6619527
anymal_c_flat,Episode_Reward/track_lin_vel_xy_exp,194,0.0024168514646589756,1778918877.8104594
anymal_c_flat,Episode_Reward/track_lin_vel_xy_exp,195,0.0015175858279690146,1778918878.9548578
anymal_c_flat,Episode_Reward/track_lin_vel_xy_exp,196,0.0026926309801638126,1778918880.1128707
anymal_c_flat,Episode_Reward/track_lin_vel_xy_exp,197,0.002551872516050935,1778918881.2712412
anymal_c_flat,Episode_Reward/track_lin_vel_xy_exp,198,0.0012563230702653527,1778918882.4100523
anymal_c_flat,Episode_Reward/track_lin_vel_xy_exp,199,0.0012715376215055585,1778918883.6825347
anymal_c_flat,Episode_Reward/track_lin_vel_xy_exp,200,0.00273793563246727,1778918884.8191853
anymal_c_flat,Episode_Reward/track_lin_vel_xy_exp,201,0.0027422644197940826,1778918885.9843256
anymal_c_flat,Episode_Reward/track_lin_vel_xy_exp,202,0.002762284828349948,1778918887.1097133
anymal_c_flat,Episode_Reward/track_lin_vel_xy_exp,203,0.0029862686060369015,1778918888.2545187
anymal_c_flat,Episode_Reward/track_lin_vel_xy_exp,204,0.0026367621030658484,1778918889.409896
anymal_c_flat,Episode_Reward/track_lin_vel_xy_exp,205,0.0010989729780703783,1778918890.5412955
anymal_c_flat,Episode_Reward/track_lin_vel_xy_exp,206,0.002507993020117283,1778918891.679885
anymal_c_flat,Episode_Reward/track_lin_vel_xy_exp,207,0.004942670464515686,1778918892.7998502
anymal_c_flat,Episode_Reward/track_lin_vel_xy_exp,208,0.003111728932708502,1778918893.9359188
anymal_c_flat,Episode_Reward/track_lin_vel_xy_exp,209,0.0020892685279250145,1778918895.1841152
anymal_c_flat,Episode_Reward/track_lin_vel_xy_exp,210,0.0017831524601206183,1778918896.3183908
anymal_c_flat,Episode_Reward/track_lin_vel_xy_exp,211,0.001812010770663619,1778918897.445634
anymal_c_flat,Episode_Reward/track_lin_vel_xy_exp,212,0.003044741926714778,1778918898.5862052
anymal_c_flat,Episode_Reward/track_lin_vel_xy_exp,213,0.0021052025258541107,1778918899.7270105
anymal_c_flat,Episode_Reward/track_lin_vel_xy_exp,214,0.002794767264276743,1778918900.8664322
anymal_c_flat,Episode_Reward/track_lin_vel_xy_exp,215,0.0036968085914850235,1778918901.9883773
anymal_c_flat,Episode_Reward/track_lin_vel_xy_exp,216,0.003195347962900996,1778918903.1324925
anymal_c_flat,Episode_Reward/track_lin_vel_xy_exp,217,0.0024515758268535137,1778918904.2579923
anymal_c_flat,Episode_Reward/track_lin_vel_xy_exp,218,0.001261119032278657,1778918905.5317483
anymal_c_flat,Episode_Reward/track_lin_vel_xy_exp,219,0.003067712765187025,1778918906.662265
anymal_c_flat,Episode_Reward/track_lin_vel_xy_exp,220,0.0016184741398319602,1778918907.7970362
anymal_c_flat,Episode_Reward/track_lin_vel_xy_exp,221,0.002777568530291319,1778918908.9165356
anymal_c_flat,Episode_Reward/track_lin_vel_xy_exp,222,0.001684908987954259,1778918910.0749862
anymal_c_flat,Episode_Reward/track_lin_vel_xy_exp,223,0.002738222246989608,1778918911.209073
anymal_c_flat,Episode_Reward/track_lin_vel_xy_exp,224,0.0027420660480856895,1778918912.3529015
anymal_c_flat,Episode_Reward/track_lin_vel_xy_exp,225,0.0023548889439553022,1778918913.5029385
anymal_c_flat,Episode_Reward/track_lin_vel_xy_exp,226,0.0035801378544420004,1778918914.640019
anymal_c_flat,Episode_Reward/track_lin_vel_xy_exp,227,0.0019757221452891827,1778918915.777718
anymal_c_flat,Episode_Reward/track_lin_vel_xy_exp,228,0.0033902297727763653,1778918917.0594685
anymal_c_flat,Episode_Reward/track_lin_vel_xy_exp,229,0.0016813998809084296,1778918918.1969442
anymal_c_flat,Episode_Reward/track_lin_vel_xy_exp,230,0.0015563860069960356,1778918919.3421469
anymal_c_flat,Episode_Reward/track_lin_vel_xy_exp,231,0.002031091134995222,1778918920.4894874
anymal_c_flat,Episode_Reward/track_lin_vel_xy_exp,232,0.0015870770439505577,1778918921.6380224
anymal_c_flat,Episode_Reward/track_lin_vel_xy_exp,233,0.0018259661737829447,1778918922.773486
anymal_c_flat,Episode_Reward/track_lin_vel_xy_exp,234,0.0018365358700975776,1778918923.9096732
anymal_c_flat,Episode_Reward/track_lin_vel_xy_exp,235,0.0025979112833738327,1778918925.0677116
anymal_c_flat,Episode_Reward/track_lin_vel_xy_exp,236,0.0015818111132830381,1778918926.1999512
anymal_c_flat,Episode_Reward/track_lin_vel_xy_exp,237,0.0029140710830688477,1778918927.4506872
anymal_c_flat,Episode_Reward/track_lin_vel_xy_exp,238,0.0014932830817997456,1778918928.5898027
anymal_c_flat,Episode_Reward/track_lin_vel_xy_exp,239,0.00200508045963943,1778918929.7256827
anymal_c_flat,Episode_Reward/track_lin_vel_xy_exp,240,0.002680400852113962,1778918930.8711803
anymal_c_flat,Episode_Reward/track_lin_vel_xy_exp,241,0.0017081251135095954,1778918932.0126848
anymal_c_flat,Episode_Reward/track_lin_vel_xy_exp,242,0.0019088524859398603,1778918933.1546907
anymal_c_flat,Episode_Reward/track_lin_vel_xy_exp,243,0.002780068665742874,1778918934.3000674
anymal_c_flat,Episode_Reward/track_lin_vel_xy_exp,244,0.0016698555555194616,1778918935.424193
anymal_c_flat,Episode_Reward/track_lin_vel_xy_exp,245,0.001647754805162549,1778918936.5585063
anymal_c_flat,Episode_Reward/track_lin_vel_xy_exp,246,0.002436897251754999,1778918937.7065384
anymal_c_flat,Episode_Reward/track_lin_vel_xy_exp,247,0.002563724759966135,1778918938.9989161
anymal_c_flat,Episode_Reward/track_lin_vel_xy_exp,248,0.0016544393729418516,1778918940.1338987
anymal_c_flat,Episode_Reward/track_lin_vel_xy_exp,249,0.002097048331052065,1778918941.2676075
anymal_c_flat,Episode_Reward/track_lin_vel_xy_exp,250,0.0025284308940172195,1778918942.4137578
anymal_c_flat,Episode_Reward/track_lin_vel_xy_exp,251,0.0014004133408889174,1778918943.5592978
anymal_c_flat,Episode_Reward/track_lin_vel_xy_exp,252,0.0016895874869078398,1778918944.6990151
anymal_c_flat,Episode_Reward/track_lin_vel_xy_exp,253,0.001668725861236453,1778918945.8356364
anymal_c_flat,Episode_Reward/track_lin_vel_xy_exp,254,0.0014981646090745926,1778918946.96794
anymal_c_flat,Episode_Reward/track_lin_vel_xy_exp,255,0.0034003667533397675,1778918948.0979936
anymal_c_flat,Episode_Reward/track_lin_vel_xy_exp,256,0.0023545934818685055,1778918949.3802853
anymal_c_flat,Episode_Reward/track_lin_vel_xy_exp,257,0.0020613023079931736,1778918950.5238779
anymal_c_flat,Episode_Reward/track_lin_vel_xy_exp,258,0.002486361190676689,1778918951.6636887
anymal_c_flat,Episode_Reward/track_lin_vel_xy_exp,259,0.0018462230218574405,1778918952.8041587
anymal_c_flat,Episode_Reward/track_lin_vel_xy_exp,260,0.002605946734547615,1778918953.9516418
anymal_c_flat,Episode_Reward/track_lin_vel_xy_exp,261,0.0024704199749976397,1778918955.0818863
anymal_c_flat,Episode_Reward/track_lin_vel_xy_exp,262,0.0020696213468909264,1778918956.224482
anymal_c_flat,Episode_Reward/track_lin_vel_xy_exp,263,0.0026848139241337776,1778918957.3458178
anymal_c_flat,Episode_Reward/track_lin_vel_xy_exp,264,0.0044490378350019455,1778918958.4801178
anymal_c_flat,Episode_Reward/track_lin_vel_xy_exp,265,0.0017148293554782867,1778918959.6051917
anymal_c_flat,Episode_Reward/track_lin_vel_xy_exp,266,0.0013529205461964011,1778918960.831598
anymal_c_flat,Episode_Reward/track_lin_vel_xy_exp,267,0.003513721749186516,1778918961.9702988
anymal_c_flat,Episode_Reward/track_lin_vel_xy_exp,268,0.0032700812444090843,1778918963.111938
anymal_c_flat,Episode_Reward/track_lin_vel_xy_exp,269,0.0028585842810571194,1778918964.2455587
anymal_c_flat,Episode_Reward/track_lin_vel_xy_exp,270,0.004432452376931906,1778918965.3799758
anymal_c_flat,Episode_Reward/track_lin_vel_xy_exp,271,0.0027037635445594788,1778918966.5071793
anymal_c_flat,Episode_Reward/track_lin_vel_xy_exp,272,0.0021004285663366318,1778918967.6404793
anymal_c_flat,Episode_Reward/track_lin_vel_xy_exp,273,0.0012340169632807374,1778918968.7741435
anymal_c_flat,Episode_Reward/track_lin_vel_xy_exp,274,0.0028446714859455824,1778918969.9133968
anymal_c_flat,Episode_Reward/track_lin_vel_xy_exp,275,0.0027256745379418135,1778918971.172823
anymal_c_flat,Episode_Reward/track_lin_vel_xy_exp,276,0.001682669622823596,1778918972.3072984
anymal_c_flat,Episode_Reward/track_lin_vel_xy_exp,277,0.004693508148193359,1778918973.428626
anymal_c_flat,Episode_Reward/track_lin_vel_xy_exp,278,0.0021660204511135817,1778918974.5879443
anymal_c_flat,Episode_Reward/track_lin_vel_xy_exp,279,0.0032338793389499187,1778918975.7195437
anymal_c_flat,Episode_Reward/track_lin_vel_xy_exp,280,0.0017502091359347105,1778918976.8510356
anymal_c_flat,Episode_Reward/track_lin_vel_xy_exp,281,0.002552343998104334,1778918977.9994543
anymal_c_flat,Episode_Reward/track_lin_vel_xy_exp,282,0.0013676848029717803,1778918979.1326628
anymal_c_flat,Episode_Reward/track_lin_vel_xy_exp,283,0.0025519300252199173,1778918980.2823586
anymal_c_flat,Episode_Reward/track_lin_vel_xy_exp,284,0.0023231578525155783,1778918981.4326715
anymal_c_flat,Episode_Reward/track_lin_vel_xy_exp,285,0.003935577347874641,1778918982.725121
anymal_c_flat,Episode_Reward/track_lin_vel_xy_exp,286,0.0012207473628222942,1778918983.8640637
anymal_c_flat,Episode_Reward/track_lin_vel_xy_exp,287,0.0033564306795597076,1778918985.0098264
anymal_c_flat,Episode_Reward/track_lin_vel_xy_exp,288,0.0026875343173742294,1778918986.1520395
anymal_c_flat,Episode_Reward/track_lin_vel_xy_exp,289,0.0014505800791084766,1778918987.2887301
anymal_c_flat,Episode_Reward/track_lin_vel_xy_exp,290,0.004033966455608606,1778918988.419226
anymal_c_flat,Episode_Reward/track_lin_vel_xy_exp,291,0.0027006766758859158,1778918989.5502157
anymal_c_flat,Episode_Reward/track_lin_vel_xy_exp,292,0.0024374343920499086,1778918990.686819
anymal_c_flat,Episode_Reward/track_lin_vel_xy_exp,293,0.0015695858746767044,1778918991.8292444
anymal_c_flat,Episode_Reward/track_lin_vel_xy_exp,294,0.0017493938794359565,1778918993.0907419
anymal_c_flat,Episode_Reward/track_lin_vel_xy_exp,295,0.0020443040411919355,1778918994.2462616
anymal_c_flat,Episode_Reward/track_lin_vel_xy_exp,296,0.0030255746096372604,1778918995.3956697
anymal_c_flat,Episode_Reward/track_lin_vel_xy_exp,297,0.0037135917227715254,1778918996.5173578
anymal_c_flat,Episode_Reward/track_lin_vel_xy_exp,298,0.0025366214103996754,1778918997.6417937
anymal_c_flat,Episode_Reward/track_lin_vel_xy_exp,299,0.002426833612844348,1778918998.7856483
anymal_c_flat,Episode_Reward/track_ang_vel_z_exp,0,0.0,1778918656.223014
anymal_c_flat,Episode_Reward/track_ang_vel_z_exp,1,0.0011508137686178088,1778918657.3771899
anymal_c_flat,Episode_Reward/track_ang_vel_z_exp,2,0.0034524414222687483,1778918658.4572976
anymal_c_flat,Episode_Reward/track_ang_vel_z_exp,3,0.0034524414222687483,1778918659.54071
anymal_c_flat,Episode_Reward/track_ang_vel_z_exp,4,0.0034524414222687483,1778918660.6189113
anymal_c_flat,Episode_Reward/track_ang_vel_z_exp,5,0.004167202860116959,1778918662.133286
anymal_c_flat,Episode_Reward/track_ang_vel_z_exp,6,0.009170535020530224,1778918663.222616
anymal_c_flat,Episode_Reward/track_ang_vel_z_exp,7,0.03278730809688568,1778918664.3127098
anymal_c_flat,Episode_Reward/track_ang_vel_z_exp,8,0.04065956175327301,1778918665.3835108
anymal_c_flat,Episode_Reward/track_ang_vel_z_exp,9,0.04065956175327301,1778918666.4465404
anymal_c_flat,Episode_Reward/track_ang_vel_z_exp,10,0.043144844472408295,1778918667.513792
anymal_c_flat,Episode_Reward/track_ang_vel_z_exp,11,0.04492003843188286,1778918668.5806823
anymal_c_flat,Episode_Reward/track_ang_vel_z_exp,12,0.04492003843188286,1778918669.6511877
anymal_c_flat,Episode_Reward/track_ang_vel_z_exp,13,0.04121290147304535,1778918670.7362027
anymal_c_flat,Episode_Reward/track_ang_vel_z_exp,14,0.017412981018424034,1778918671.8269882
anymal_c_flat,Episode_Reward/track_ang_vel_z_exp,15,0.03312338888645172,1778918672.9104257
anymal_c_flat,Episode_Reward/track_ang_vel_z_exp,16,0.07785488665103912,1778918673.9976497
anymal_c_flat,Episode_Reward/track_ang_vel_z_exp,17,0.05201194807887077,1778918675.073239
anymal_c_flat,Episode_Reward/track_ang_vel_z_exp,18,0.04515817016363144,1778918676.1810186
anymal_c_flat,Episode_Reward/track_ang_vel_z_exp,19,0.08326965570449829,1778918677.362232
anymal_c_flat,Episode_Reward/track_ang_vel_z_exp,20,0.04768989607691765,1778918678.4362288
anymal_c_flat,Episode_Reward/track_ang_vel_z_exp,21,0.03222106024622917,1778918679.8691459
anymal_c_flat,Episode_Reward/track_ang_vel_z_exp,22,0.03377446159720421,1778918680.9687483
anymal_c_flat,Episode_Reward/track_ang_vel_z_exp,23,0.013313411734998226,1778918682.0824163
anymal_c_flat,Episode_Reward/track_ang_vel_z_exp,24,0.008378311060369015,1778918683.1676588
anymal_c_flat,Episode_Reward/track_ang_vel_z_exp,25,0.0037987648975104094,1778918684.26644
anymal_c_flat,Episode_Reward/track_ang_vel_z_exp,26,0.014418920502066612,1778918685.3646967
anymal_c_flat,Episode_Reward/track_ang_vel_z_exp,27,0.00817633792757988,1778918686.470085
anymal_c_flat,Episode_Reward/track_ang_vel_z_exp,28,0.004972805269062519,1778918687.7044604
anymal_c_flat,Episode_Reward/track_ang_vel_z_exp,29,0.004186457954347134,1778918688.8084652
anymal_c_flat,Episode_Reward/track_ang_vel_z_exp,30,0.008861398324370384,1778918689.9355412
anymal_c_flat,Episode_Reward/track_ang_vel_z_exp,31,0.005016845650970936,1778918691.049936
anymal_c_flat,Episode_Reward/track_ang_vel_z_exp,32,0.0028761913999915123,1778918692.1517053
anymal_c_flat,Episode_Reward/track_ang_vel_z_exp,33,0.006788832601159811,1778918693.2692559
anymal_c_flat,Episode_Reward/track_ang_vel_z_exp,34,0.005368673242628574,1778918694.3788307
anymal_c_flat,Episode_Reward/track_ang_vel_z_exp,35,0.0058981264010071754,1778918695.4869661
anymal_c_flat,Episode_Reward/track_ang_vel_z_exp,36,0.005456270184367895,1778918696.6277316
anymal_c_flat,Episode_Reward/track_ang_vel_z_exp,37,0.0049035632982850075,1778918697.7386603
anymal_c_flat,Episode_Reward/track_ang_vel_z_exp,38,0.004228494595736265,1778918698.9870803
anymal_c_flat,Episode_Reward/track_ang_vel_z_exp,39,0.00553430151194334,1778918700.10395
anymal_c_flat,Episode_Reward/track_ang_vel_z_exp,40,0.003306231228634715,1778918701.2237039
anymal_c_flat,Episode_Reward/track_ang_vel_z_exp,41,0.006186937913298607,1778918702.339122
anymal_c_flat,Episode_Reward/track_ang_vel_z_exp,42,0.004539660178124905,1778918703.4525535
anymal_c_flat,Episode_Reward/track_ang_vel_z_exp,43,0.0036225393414497375,1778918704.5802264
anymal_c_flat,Episode_Reward/track_ang_vel_z_exp,44,0.003948356956243515,1778918705.710504
anymal_c_flat,Episode_Reward/track_ang_vel_z_exp,45,0.005272313952445984,1778918706.8314662
anymal_c_flat,Episode_Reward/track_ang_vel_z_exp,46,0.002732388209551573,1778918707.9558847
anymal_c_flat,Episode_Reward/track_ang_vel_z_exp,47,0.0032941405661404133,1778918709.1850564
anymal_c_flat,Episode_Reward/track_ang_vel_z_exp,48,0.004284064285457134,1778918710.3192296
anymal_c_flat,Episode_Reward/track_ang_vel_z_exp,49,0.0023293003905564547,1778918711.4463294
anymal_c_flat,Episode_Reward/track_ang_vel_z_exp,50,0.0024970783852040768,1778918712.56066
anymal_c_flat,Episode_Reward/track_ang_vel_z_exp,51,0.0025748456828296185,1778918713.6982114
anymal_c_flat,Episode_Reward/track_ang_vel_z_exp,52,0.004142367281019688,1778918714.8326135
anymal_c_flat,Episode_Reward/track_ang_vel_z_exp,53,0.0032759937457740307,1778918715.9625266
anymal_c_flat,Episode_Reward/track_ang_vel_z_exp,54,0.004832558333873749,1778918717.1012282
anymal_c_flat,Episode_Reward/track_ang_vel_z_exp,55,0.0032655219547450542,1778918718.230557
anymal_c_flat,Episode_Reward/track_ang_vel_z_exp,56,0.0026594982482492924,1778918719.3738782
anymal_c_flat,Episode_Reward/track_ang_vel_z_exp,57,0.00448869913816452,1778918720.609781
anymal_c_flat,Episode_Reward/track_ang_vel_z_exp,58,0.001914708293043077,1778918721.7566934
anymal_c_flat,Episode_Reward/track_ang_vel_z_exp,59,0.0031741985585540533,1778918722.901945
anymal_c_flat,Episode_Reward/track_ang_vel_z_exp,60,0.0029140885453671217,1778918724.0329301
anymal_c_flat,Episode_Reward/track_ang_vel_z_exp,61,0.0015348367160186172,1778918725.2097905
anymal_c_flat,Episode_Reward/track_ang_vel_z_exp,62,0.002593178767710924,1778918726.3365173
anymal_c_flat,Episode_Reward/track_ang_vel_z_exp,63,0.0027039810083806515,1778918727.4642072
anymal_c_flat,Episode_Reward/track_ang_vel_z_exp,64,0.0030543028842657804,1778918728.5848775
anymal_c_flat,Episode_Reward/track_ang_vel_z_exp,65,0.002474084496498108,1778918729.7226703
anymal_c_flat,Episode_Reward/track_ang_vel_z_exp,66,0.0019025763031095266,1778918730.9822102
anymal_c_flat,Episode_Reward/track_ang_vel_z_exp,67,0.0030446983873844147,1778918732.1064966
anymal_c_flat,Episode_Reward/track_ang_vel_z_exp,68,0.00220003305003047,1778918733.2484837
anymal_c_flat,Episode_Reward/track_ang_vel_z_exp,69,0.003615704830735922,1778918734.3769748
anymal_c_flat,Episode_Reward/track_ang_vel_z_exp,70,0.0034448420628905296,1778918735.5141602
anymal_c_flat,Episode_Reward/track_ang_vel_z_exp,71,0.0028540664352476597,1778918736.665383
anymal_c_flat,Episode_Reward/track_ang_vel_z_exp,72,0.0025933068245649338,1778918737.794203
anymal_c_flat,Episode_Reward/track_ang_vel_z_exp,73,0.0024068858474493027,1778918738.9160533
anymal_c_flat,Episode_Reward/track_ang_vel_z_exp,74,0.0033132925163954496,1778918740.0462253
anymal_c_flat,Episode_Reward/track_ang_vel_z_exp,75,0.003345539327710867,1778918741.18406
anymal_c_flat,Episode_Reward/track_ang_vel_z_exp,76,0.0024927151389420033,1778918742.4688425
anymal_c_flat,Episode_Reward/track_ang_vel_z_exp,77,0.0029201507568359375,1778918743.6138988
anymal_c_flat,Episode_Reward/track_ang_vel_z_exp,78,0.0025369487702846527,1778918744.7414992
anymal_c_flat,Episode_Reward/track_ang_vel_z_exp,79,0.004070565104484558,1778918745.8880775
anymal_c_flat,Episode_Reward/track_ang_vel_z_exp,80,0.0028861924074590206,1778918747.0321696
anymal_c_flat,Episode_Reward/track_ang_vel_z_exp,81,0.0019877776503562927,1778918748.172876
anymal_c_flat,Episode_Reward/track_ang_vel_z_exp,82,0.002575706224888563,1778918749.3090117
anymal_c_flat,Episode_Reward/track_ang_vel_z_exp,83,0.0033494727686047554,1778918750.4493818
anymal_c_flat,Episode_Reward/track_ang_vel_z_exp,84,0.002114427275955677,1778918751.579224
anymal_c_flat,Episode_Reward/track_ang_vel_z_exp,85,0.0020610480569303036,1778918752.8839033
anymal_c_flat,Episode_Reward/track_ang_vel_z_exp,86,0.0028225749265402555,1778918754.0390444
anymal_c_flat,Episode_Reward/track_ang_vel_z_exp,87,0.002656555501744151,1778918755.1691258
anymal_c_flat,Episode_Reward/track_ang_vel_z_exp,88,0.0024040895514190197,1778918756.285998
anymal_c_flat,Episode_Reward/track_ang_vel_z_exp,89,0.0015866158064454794,1778918757.4256113
anymal_c_flat,Episode_Reward/track_ang_vel_z_exp,90,0.0031555206514894962,1778918758.5714412
anymal_c_flat,Episode_Reward/track_ang_vel_z_exp,91,0.003418948967009783,1778918759.7294123
anymal_c_flat,Episode_Reward/track_ang_vel_z_exp,92,0.002050952985882759,1778918760.8726325
anymal_c_flat,Episode_Reward/track_ang_vel_z_exp,93,0.002581734675914049,1778918762.017037
anymal_c_flat,Episode_Reward/track_ang_vel_z_exp,94,0.0029902555979788303,1778918763.1514237
anymal_c_flat,Episode_Reward/track_ang_vel_z_exp,95,0.0030693586450070143,1778918764.344241
anymal_c_flat,Episode_Reward/track_ang_vel_z_exp,96,0.0024727685377001762,1778918765.4841175
anymal_c_flat,Episode_Reward/track_ang_vel_z_exp,97,0.0030388440936803818,1778918766.6326911
anymal_c_flat,Episode_Reward/track_ang_vel_z_exp,98,0.002472006483003497,1778918767.7786746
anymal_c_flat,Episode_Reward/track_ang_vel_z_exp,99,0.002396312542259693,1778918768.917821
anymal_c_flat,Episode_Reward/track_ang_vel_z_exp,100,0.0033046850003302097,1778918770.0674782
anymal_c_flat,Episode_Reward/track_ang_vel_z_exp,101,0.0032658479176461697,1778918771.1996427
anymal_c_flat,Episode_Reward/track_ang_vel_z_exp,102,0.0034743729047477245,1778918772.341761
anymal_c_flat,Episode_Reward/track_ang_vel_z_exp,103,0.0023743591737002134,1778918773.477035
anymal_c_flat,Episode_Reward/track_ang_vel_z_exp,104,0.0023884086403995752,1778918774.732134
anymal_c_flat,Episode_Reward/track_ang_vel_z_exp,105,0.0030323676764965057,1778918775.8612626
anymal_c_flat,Episode_Reward/track_ang_vel_z_exp,106,0.001812094822525978,1778918777.0038218
anymal_c_flat,Episode_Reward/track_ang_vel_z_exp,107,0.0026959178503602743,1778918778.138017
anymal_c_flat,Episode_Reward/track_ang_vel_z_exp,108,0.0027083116583526134,1778918779.2748942
anymal_c_flat,Episode_Reward/track_ang_vel_z_exp,109,0.002756487112492323,1778918780.3973923
anymal_c_flat,Episode_Reward/track_ang_vel_z_exp,110,0.00283190980553627,1778918781.5388954
anymal_c_flat,Episode_Reward/track_ang_vel_z_exp,111,0.0023190276697278023,1778918782.6612191
anymal_c_flat,Episode_Reward/track_ang_vel_z_exp,112,0.0026348037645220757,1778918783.7887344
anymal_c_flat,Episode_Reward/track_ang_vel_z_exp,113,0.0026439069770276546,1778918784.9394093
anymal_c_flat,Episode_Reward/track_ang_vel_z_exp,114,0.002150121843442321,1778918786.1986904
anymal_c_flat,Episode_Reward/track_ang_vel_z_exp,115,0.00231720763258636,1778918787.339977
anymal_c_flat,Episode_Reward/track_ang_vel_z_exp,116,0.0031754877418279648,1778918788.4910822
anymal_c_flat,Episode_Reward/track_ang_vel_z_exp,117,0.0035455708857625723,1778918789.6293168
anymal_c_flat,Episode_Reward/track_ang_vel_z_exp,118,0.0019773109816014767,1778918790.7900224
anymal_c_flat,Episode_Reward/track_ang_vel_z_exp,119,0.003075521206483245,1778918791.9383411
anymal_c_flat,Episode_Reward/track_ang_vel_z_exp,120,0.0028334332164376974,1778918793.0865076
anymal_c_flat,Episode_Reward/track_ang_vel_z_exp,121,0.0026339422911405563,1778918794.229285
anymal_c_flat,Episode_Reward/track_ang_vel_z_exp,122,0.0032826135866343975,1778918795.3667278
anymal_c_flat,Episode_Reward/track_ang_vel_z_exp,123,0.0026536770164966583,1778918796.6227515
anymal_c_flat,Episode_Reward/track_ang_vel_z_exp,124,0.002839883556589484,1778918797.7778041
anymal_c_flat,Episode_Reward/track_ang_vel_z_exp,125,0.0038529280573129654,1778918798.8961434
anymal_c_flat,Episode_Reward/track_ang_vel_z_exp,126,0.0024943132884800434,1778918800.0338733
anymal_c_flat,Episode_Reward/track_ang_vel_z_exp,127,0.002513290150091052,1778918801.1710348
anymal_c_flat,Episode_Reward/track_ang_vel_z_exp,128,0.002326608169823885,1778918802.3146887
anymal_c_flat,Episode_Reward/track_ang_vel_z_exp,129,0.0023775966838002205,1778918803.4657753
anymal_c_flat,Episode_Reward/track_ang_vel_z_exp,130,0.0027635160367935896,1778918804.5930018
anymal_c_flat,Episode_Reward/track_ang_vel_z_exp,131,0.002231992781162262,1778918805.7517927
anymal_c_flat,Episode_Reward/track_ang_vel_z_exp,132,0.0032765965443104506,1778918806.918126
anymal_c_flat,Episode_Reward/track_ang_vel_z_exp,133,0.0031418714206665754,1778918808.0637891
anymal_c_flat,Episode_Reward/track_ang_vel_z_exp,134,0.002965496387332678,1778918809.1799874
anymal_c_flat,Episode_Reward/track_ang_vel_z_exp,135,0.0035951025784015656,1778918810.3173687
anymal_c_flat,Episode_Reward/track_ang_vel_z_exp,136,0.004583149682730436,1778918811.4494169
anymal_c_flat,Episode_Reward/track_ang_vel_z_exp,137,0.003872155211865902,1778918812.586623
anymal_c_flat,Episode_Reward/track_ang_vel_z_exp,138,0.0024338678922504187,1778918813.7415247
anymal_c_flat,Episode_Reward/track_ang_vel_z_exp,139,0.0034560428466647863,1778918814.875644
anymal_c_flat,Episode_Reward/track_ang_vel_z_exp,140,0.0035528482403606176,1778918815.987135
anymal_c_flat,Episode_Reward/track_ang_vel_z_exp,141,0.0023648831993341446,1778918817.1190984
anymal_c_flat,Episode_Reward/track_ang_vel_z_exp,142,0.002171599306166172,1778918818.3750608
anymal_c_flat,Episode_Reward/track_ang_vel_z_exp,143,0.0023090089671313763,1778918819.5091317
anymal_c_flat,Episode_Reward/track_ang_vel_z_exp,144,0.0028109606355428696,1778918820.6375542
anymal_c_flat,Episode_Reward/track_ang_vel_z_exp,145,0.0015557551523670554,1778918821.784467
anymal_c_flat,Episode_Reward/track_ang_vel_z_exp,146,0.0021927598863840103,1778918822.8997881
anymal_c_flat,Episode_Reward/track_ang_vel_z_exp,147,0.003492544172331691,1778918824.049478
anymal_c_flat,Episode_Reward/track_ang_vel_z_exp,148,0.0026261326856911182,1778918825.192363
anymal_c_flat,Episode_Reward/track_ang_vel_z_exp,149,0.002373824827373028,1778918826.3148093
anymal_c_flat,Episode_Reward/track_ang_vel_z_exp,150,0.0032521579414606094,1778918827.4412935
anymal_c_flat,Episode_Reward/track_ang_vel_z_exp,151,0.004079259000718594,1778918828.5954762
anymal_c_flat,Episode_Reward/track_ang_vel_z_exp,152,0.00246689235791564,1778918829.7916224
anymal_c_flat,Episode_Reward/track_ang_vel_z_exp,153,0.0027707782573997974,1778918830.9326053
anymal_c_flat,Episode_Reward/track_ang_vel_z_exp,154,0.002475067274644971,1778918832.069498
anymal_c_flat,Episode_Reward/track_ang_vel_z_exp,155,0.002455750945955515,1778918833.2044036
anymal_c_flat,Episode_Reward/track_ang_vel_z_exp,156,0.002797467168420553,1778918834.3348331
anymal_c_flat,Episode_Reward/track_ang_vel_z_exp,157,0.0018559660529717803,1778918835.461133
anymal_c_flat,Episode_Reward/track_ang_vel_z_exp,158,0.0030700736679136753,1778918836.5874507
anymal_c_flat,Episode_Reward/track_ang_vel_z_exp,159,0.0030694659799337387,1778918837.6974013
anymal_c_flat,Episode_Reward/track_ang_vel_z_exp,160,0.003002358367666602,1778918838.8382726
anymal_c_flat,Episode_Reward/track_ang_vel_z_exp,161,0.0027317903004586697,1778918840.035164
anymal_c_flat,Episode_Reward/track_ang_vel_z_exp,162,0.0022564271930605173,1778918841.1764412
anymal_c_flat,Episode_Reward/track_ang_vel_z_exp,163,0.0016575915506109595,1778918842.3204675
anymal_c_flat,Episode_Reward/track_ang_vel_z_exp,164,0.002501925453543663,1778918843.4725924
anymal_c_flat,Episode_Reward/track_ang_vel_z_exp,165,0.002861787099391222,1778918844.6041803
anymal_c_flat,Episode_Reward/track_ang_vel_z_exp,166,0.002467287238687277,1778918845.7486227
anymal_c_flat,Episode_Reward/track_ang_vel_z_exp,167,0.0031475694850087166,1778918846.8713746
anymal_c_flat,Episode_Reward/track_ang_vel_z_exp,168,0.0028304215520620346,1778918848.0105948
anymal_c_flat,Episode_Reward/track_ang_vel_z_exp,169,0.002514677122235298,1778918849.1300063
anymal_c_flat,Episode_Reward/track_ang_vel_z_exp,170,0.002897372469305992,1778918850.2828302
anymal_c_flat,Episode_Reward/track_ang_vel_z_exp,171,0.0038928105495870113,1778918851.5076735
anymal_c_flat,Episode_Reward/track_ang_vel_z_exp,172,0.003062745090574026,1778918852.660785
anymal_c_flat,Episode_Reward/track_ang_vel_z_exp,173,0.002688793232664466,1778918853.8131878
anymal_c_flat,Episode_Reward/track_ang_vel_z_exp,174,0.0034374077804386616,1778918854.9389982
anymal_c_flat,Episode_Reward/track_ang_vel_z_exp,175,0.0028051333501935005,1778918856.0733058
anymal_c_flat,Episode_Reward/track_ang_vel_z_exp,176,0.0022712701465934515,1778918857.2139232
anymal_c_flat,Episode_Reward/track_ang_vel_z_exp,177,0.002765069482848048,1778918858.3470542
anymal_c_flat,Episode_Reward/track_ang_vel_z_exp,178,0.002195375971496105,1778918859.5005248
anymal_c_flat,Episode_Reward/track_ang_vel_z_exp,179,0.002789916470646858,1778918860.6314716
anymal_c_flat,Episode_Reward/track_ang_vel_z_exp,180,0.0022710091434419155,1778918861.8381033
anymal_c_flat,Episode_Reward/track_ang_vel_z_exp,181,0.0022057383321225643,1778918862.962534
anymal_c_flat,Episode_Reward/track_ang_vel_z_exp,182,0.003598674200475216,1778918864.1023152
anymal_c_flat,Episode_Reward/track_ang_vel_z_exp,183,0.0026209752541035414,1778918865.2370307
anymal_c_flat,Episode_Reward/track_ang_vel_z_exp,184,0.0031957956962287426,1778918866.3728325
anymal_c_flat,Episode_Reward/track_ang_vel_z_exp,185,0.003011916531249881,1778918867.5235589
anymal_c_flat,Episode_Reward/track_ang_vel_z_exp,186,0.0027537622954696417,1778918868.6508405
anymal_c_flat,Episode_Reward/track_ang_vel_z_exp,187,0.0031400169245898724,1778918869.7902741
anymal_c_flat,Episode_Reward/track_ang_vel_z_exp,188,0.0022510536946356297,1778918870.9292796
anymal_c_flat,Episode_Reward/track_ang_vel_z_exp,189,0.0021589873358607292,1778918872.0712957
anymal_c_flat,Episode_Reward/track_ang_vel_z_exp,190,0.0019686496816575527,1778918873.2769148
anymal_c_flat,Episode_Reward/track_ang_vel_z_exp,191,0.0026165812741965055,1778918874.3978236
anymal_c_flat,Episode_Reward/track_ang_vel_z_exp,192,0.0020948192104697227,1778918875.529186
anymal_c_flat,Episode_Reward/track_ang_vel_z_exp,193,0.001939888927154243,1778918876.6626318
anymal_c_flat,Episode_Reward/track_ang_vel_z_exp,194,0.0018137510633096099,1778918877.8111567
anymal_c_flat,Episode_Reward/track_ang_vel_z_exp,195,0.0038103400729596615,1778918878.9556808
anymal_c_flat,Episode_Reward/track_ang_vel_z_exp,196,0.003345179371535778,1778918880.1135178
anymal_c_flat,Episode_Reward/track_ang_vel_z_exp,197,0.002235689666122198,1778918881.271968
anymal_c_flat,Episode_Reward/track_ang_vel_z_exp,198,0.0027803562115877867,1778918882.4107351
anymal_c_flat,Episode_Reward/track_ang_vel_z_exp,199,0.002725941827520728,1778918883.683254
anymal_c_flat,Episode_Reward/track_ang_vel_z_exp,200,0.0031323672737926245,1778918884.8198764
anymal_c_flat,Episode_Reward/track_ang_vel_z_exp,201,0.0030987148638814688,1778918885.9849956
anymal_c_flat,Episode_Reward/track_ang_vel_z_exp,202,0.002815848682075739,1778918887.1103632
anymal_c_flat,Episode_Reward/track_ang_vel_z_exp,203,0.0032509025186300278,1778918888.2551913
anymal_c_flat,Episode_Reward/track_ang_vel_z_exp,204,0.002820575376972556,1778918889.4107432
anymal_c_flat,Episode_Reward/track_ang_vel_z_exp,205,0.0034342012368142605,1778918890.5419784
anymal_c_flat,Episode_Reward/track_ang_vel_z_exp,206,0.0029955371282994747,1778918891.6805217
anymal_c_flat,Episode_Reward/track_ang_vel_z_exp,207,0.002801301423460245,1778918892.800493
anymal_c_flat,Episode_Reward/track_ang_vel_z_exp,208,0.0024396374356001616,1778918893.9365902
anymal_c_flat,Episode_Reward/track_ang_vel_z_exp,209,0.002067330526188016,1778918895.184794
anymal_c_flat,Episode_Reward/track_ang_vel_z_exp,210,0.0032896106131374836,1778918896.3190641
anymal_c_flat,Episode_Reward/track_ang_vel_z_exp,211,0.0020740339532494545,1778918897.4462821
anymal_c_flat,Episode_Reward/track_ang_vel_z_exp,212,0.0025247610174119473,1778918898.5869012
anymal_c_flat,Episode_Reward/track_ang_vel_z_exp,213,0.002817063359543681,1778918899.7276988
anymal_c_flat,Episode_Reward/track_ang_vel_z_exp,214,0.003136924933642149,1778918900.867129
anymal_c_flat,Episode_Reward/track_ang_vel_z_exp,215,0.0034631681628525257,1778918901.9890242
anymal_c_flat,Episode_Reward/track_ang_vel_z_exp,216,0.0029684058390557766,1778918903.133158
anymal_c_flat,Episode_Reward/track_ang_vel_z_exp,217,0.0020101857371628284,1778918904.258668
anymal_c_flat,Episode_Reward/track_ang_vel_z_exp,218,0.0016650762408971786,1778918905.5324562
anymal_c_flat,Episode_Reward/track_ang_vel_z_exp,219,0.002074714284390211,1778918906.662914
anymal_c_flat,Episode_Reward/track_ang_vel_z_exp,220,0.00239750649780035,1778918907.7977145
anymal_c_flat,Episode_Reward/track_ang_vel_z_exp,221,0.0029698405414819717,1778918908.9172113
anymal_c_flat,Episode_Reward/track_ang_vel_z_exp,222,0.003361126407980919,1778918910.0757315
anymal_c_flat,Episode_Reward/track_ang_vel_z_exp,223,0.002470493083819747,1778918911.2097952
anymal_c_flat,Episode_Reward/track_ang_vel_z_exp,224,0.00283484417013824,1778918912.3535702
anymal_c_flat,Episode_Reward/track_ang_vel_z_exp,225,0.0024307852145284414,1778918913.503641
anymal_c_flat,Episode_Reward/track_ang_vel_z_exp,226,0.0022144466638565063,1778918914.6407354
anymal_c_flat,Episode_Reward/track_ang_vel_z_exp,227,0.002584537025541067,1778918915.7784076
anymal_c_flat,Episode_Reward/track_ang_vel_z_exp,228,0.001808531116694212,1778918917.0601103
anymal_c_flat,Episode_Reward/track_ang_vel_z_exp,229,0.0032187956385314465,1778918918.1977525
anymal_c_flat,Episode_Reward/track_ang_vel_z_exp,230,0.0024772644974291325,1778918919.3428504
anymal_c_flat,Episode_Reward/track_ang_vel_z_exp,231,0.002793261781334877,1778918920.490165
anymal_c_flat,Episode_Reward/track_ang_vel_z_exp,232,0.0026971488259732723,1778918921.638713
anymal_c_flat,Episode_Reward/track_ang_vel_z_exp,233,0.002463396405801177,1778918922.7741568
anymal_c_flat,Episode_Reward/track_ang_vel_z_exp,234,0.0029837440233677626,1778918923.910342
anymal_c_flat,Episode_Reward/track_ang_vel_z_exp,235,0.002491521881893277,1778918925.0684912
anymal_c_flat,Episode_Reward/track_ang_vel_z_exp,236,0.002625159453600645,1778918926.2006571
anymal_c_flat,Episode_Reward/track_ang_vel_z_exp,237,0.0028101103380322456,1778918927.4513097
anymal_c_flat,Episode_Reward/track_ang_vel_z_exp,238,0.0028613924514502287,1778918928.590466
anymal_c_flat,Episode_Reward/track_ang_vel_z_exp,239,0.0030809957534074783,1778918929.7263634
anymal_c_flat,Episode_Reward/track_ang_vel_z_exp,240,0.0036125704646110535,1778918930.8718634
anymal_c_flat,Episode_Reward/track_ang_vel_z_exp,241,0.0022098771296441555,1778918932.0133207
anymal_c_flat,Episode_Reward/track_ang_vel_z_exp,242,0.0021162498742341995,1778918933.1553564
anymal_c_flat,Episode_Reward/track_ang_vel_z_exp,243,0.0024002972058951855,1778918934.3007545
anymal_c_flat,Episode_Reward/track_ang_vel_z_exp,244,0.0017599877901375294,1778918935.4249365
anymal_c_flat,Episode_Reward/track_ang_vel_z_exp,245,0.0019661211408674717,1778918936.5591838
anymal_c_flat,Episode_Reward/track_ang_vel_z_exp,246,0.002444643061608076,1778918937.7071993
anymal_c_flat,Episode_Reward/track_ang_vel_z_exp,247,0.0025884881615638733,1778918938.9995396
anymal_c_flat,Episode_Reward/track_ang_vel_z_exp,248,0.0031801515724509954,1778918940.1346219
anymal_c_flat,Episode_Reward/track_ang_vel_z_exp,249,0.001998264342546463,1778918941.268282
anymal_c_flat,Episode_Reward/track_ang_vel_z_exp,250,0.0023259238805621862,1778918942.4144258
anymal_c_flat,Episode_Reward/track_ang_vel_z_exp,251,0.002642964944243431,1778918943.559996
anymal_c_flat,Episode_Reward/track_ang_vel_z_exp,252,0.0027263276278972626,1778918944.6996858
anymal_c_flat,Episode_Reward/track_ang_vel_z_exp,253,0.003260999685153365,1778918945.8362913
anymal_c_flat,Episode_Reward/track_ang_vel_z_exp,254,0.002686710562556982,1778918946.9685967
anymal_c_flat,Episode_Reward/track_ang_vel_z_exp,255,0.0027529585640877485,1778918948.09873
anymal_c_flat,Episode_Reward/track_ang_vel_z_exp,256,0.0032648693304508924,1778918949.3809216
anymal_c_flat,Episode_Reward/track_ang_vel_z_exp,257,0.00192845962010324,1778918950.52453
anymal_c_flat,Episode_Reward/track_ang_vel_z_exp,258,0.003035952104255557,1778918951.6644034
anymal_c_flat,Episode_Reward/track_ang_vel_z_exp,259,0.003233959898352623,1778918952.804821
anymal_c_flat,Episode_Reward/track_ang_vel_z_exp,260,0.0021849311888217926,1778918953.9523041
anymal_c_flat,Episode_Reward/track_ang_vel_z_exp,261,0.0034089158289134502,1778918955.082552
anymal_c_flat,Episode_Reward/track_ang_vel_z_exp,262,0.0021484610624611378,1778918956.2251556
anymal_c_flat,Episode_Reward/track_ang_vel_z_exp,263,0.0016199679812416434,1778918957.346478
anymal_c_flat,Episode_Reward/track_ang_vel_z_exp,264,0.0021811395417898893,1778918958.4807997
anymal_c_flat,Episode_Reward/track_ang_vel_z_exp,265,0.0035004436504095793,1778918959.6058688
anymal_c_flat,Episode_Reward/track_ang_vel_z_exp,266,0.003264026250690222,1778918960.832294
anymal_c_flat,Episode_Reward/track_ang_vel_z_exp,267,0.0036428975872695446,1778918961.9709938
anymal_c_flat,Episode_Reward/track_ang_vel_z_exp,268,0.002370390109717846,1778918963.112637
anymal_c_flat,Episode_Reward/track_ang_vel_z_exp,269,0.0021661752834916115,1778918964.2462823
anymal_c_flat,Episode_Reward/track_ang_vel_z_exp,270,0.0034151277504861355,1778918965.3806589
anymal_c_flat,Episode_Reward/track_ang_vel_z_exp,271,0.003377235261723399,1778918966.5078745
anymal_c_flat,Episode_Reward/track_ang_vel_z_exp,272,0.001515404088422656,1778918967.6411853
anymal_c_flat,Episode_Reward/track_ang_vel_z_exp,273,0.003160265274345875,1778918968.774804
anymal_c_flat,Episode_Reward/track_ang_vel_z_exp,274,0.0031304089352488518,1778918969.9140637
anymal_c_flat,Episode_Reward/track_ang_vel_z_exp,275,0.0031702793203294277,1778918971.1734881
anymal_c_flat,Episode_Reward/track_ang_vel_z_exp,276,0.00227985973469913,1778918972.3080032
anymal_c_flat,Episode_Reward/track_ang_vel_z_exp,277,0.002316736616194248,1778918973.4293196
anymal_c_flat,Episode_Reward/track_ang_vel_z_exp,278,0.002521949354559183,1778918974.5887609
anymal_c_flat,Episode_Reward/track_ang_vel_z_exp,279,0.0037318821996450424,1778918975.720222
anymal_c_flat,Episode_Reward/track_ang_vel_z_exp,280,0.0033906004391610622,1778918976.851721
anymal_c_flat,Episode_Reward/track_ang_vel_z_exp,281,0.0017835012404248118,1778918978.000213
anymal_c_flat,Episode_Reward/track_ang_vel_z_exp,282,0.0030878596007823944,1778918979.1332998
anymal_c_flat,Episode_Reward/track_ang_vel_z_exp,283,0.0024316031485795975,1778918980.283029
anymal_c_flat,Episode_Reward/track_ang_vel_z_exp,284,0.0015553999692201614,1778918981.433378
anymal_c_flat,Episode_Reward/track_ang_vel_z_exp,285,0.002394320210441947,1778918982.7258406
anymal_c_flat,Episode_Reward/track_ang_vel_z_exp,286,0.0029746885411441326,1778918983.8647258
anymal_c_flat,Episode_Reward/track_ang_vel_z_exp,287,0.002441488904878497,1778918985.0104938
anymal_c_flat,Episode_Reward/track_ang_vel_z_exp,288,0.002461304422467947,1778918986.1527426
anymal_c_flat,Episode_Reward/track_ang_vel_z_exp,289,0.0026955092325806618,1778918987.289403
anymal_c_flat,Episode_Reward/track_ang_vel_z_exp,290,0.002532883547246456,1778918988.4198966
anymal_c_flat,Episode_Reward/track_ang_vel_z_exp,291,0.002897679340094328,1778918989.5509305
anymal_c_flat,Episode_Reward/track_ang_vel_z_exp,292,0.0032979468815028667,1778918990.6874814
anymal_c_flat,Episode_Reward/track_ang_vel_z_exp,293,0.00251579936593771,1778918991.8299217
anymal_c_flat,Episode_Reward/track_ang_vel_z_exp,294,0.0019014909630641341,1778918993.0914114
anymal_c_flat,Episode_Reward/track_ang_vel_z_exp,295,0.003183237975463271,1778918994.2469883
anymal_c_flat,Episode_Reward/track_ang_vel_z_exp,296,0.0029433814343065023,1778918995.3963635
anymal_c_flat,Episode_Reward/track_ang_vel_z_exp,297,0.00249278312548995,1778918996.5180206
anymal_c_flat,Episode_Reward/track_ang_vel_z_exp,298,0.0031270310282707214,1778918997.6426303
anymal_c_flat,Episode_Reward/track_ang_vel_z_exp,299,0.002314886776730418,1778918998.7863061
anymal_c_flat,Episode_Reward/lin_vel_z_l2,0,0.0,1778918656.2235632
anymal_c_flat,Episode_Reward/lin_vel_z_l2,1,-0.005457272753119469,1778918657.377742
anymal_c_flat,Episode_Reward/lin_vel_z_l2,2,-0.016371820122003555,1778918658.4578264
anymal_c_flat,Episode_Reward/lin_vel_z_l2,3,-0.016371820122003555,1778918659.5413332
anymal_c_flat,Episode_Reward/lin_vel_z_l2,4,-0.016371820122003555,1778918660.61948
anymal_c_flat,Episode_Reward/lin_vel_z_l2,5,-0.017857639119029045,1778918662.1338105
anymal_c_flat,Episode_Reward/lin_vel_z_l2,6,-0.02825837954878807,1778918663.2231286
anymal_c_flat,Episode_Reward/lin_vel_z_l2,7,-0.028410842642188072,1778918664.3132162
anymal_c_flat,Episode_Reward/lin_vel_z_l2,8,-0.02846166491508484,1778918665.3840287
anymal_c_flat,Episode_Reward/lin_vel_z_l2,9,-0.02846166491508484,1778918666.4470868
anymal_c_flat,Episode_Reward/lin_vel_z_l2,10,-0.02787408046424389,1778918667.5143557
anymal_c_flat,Episode_Reward/lin_vel_z_l2,11,-0.027454374358057976,1778918668.5812304
anymal_c_flat,Episode_Reward/lin_vel_z_l2,12,-0.027454374358057976,1778918669.6517713
anymal_c_flat,Episode_Reward/lin_vel_z_l2,13,-0.03585636615753174,1778918670.736843
anymal_c_flat,Episode_Reward/lin_vel_z_l2,14,-0.032176222652196884,1778918671.827495
anymal_c_flat,Episode_Reward/lin_vel_z_l2,15,-0.035761646926403046,1778918672.9109492
anymal_c_flat,Episode_Reward/lin_vel_z_l2,16,-0.05509413406252861,1778918673.998309
anymal_c_flat,Episode_Reward/lin_vel_z_l2,17,-0.06989973038434982,1778918675.0737932
anymal_c_flat,Episode_Reward/lin_vel_z_l2,18,-0.04544439911842346,1778918676.1815534
anymal_c_flat,Episode_Reward/lin_vel_z_l2,19,-0.04950983449816704,1778918677.362756
anymal_c_flat,Episode_Reward/lin_vel_z_l2,20,-0.04757560044527054,1778918678.4367766
anymal_c_flat,Episode_Reward/lin_vel_z_l2,21,-0.031953662633895874,1778918679.8697073
anymal_c_flat,Episode_Reward/lin_vel_z_l2,22,-0.04252346605062485,1778918680.9692595
anymal_c_flat,Episode_Reward/lin_vel_z_l2,23,-0.018617728725075722,1778918682.0830011
anymal_c_flat,Episode_Reward/lin_vel_z_l2,24,-0.017916938289999962,1778918683.1682086
anymal_c_flat,Episode_Reward/lin_vel_z_l2,25,-0.01887541078031063,1778918684.2670302
anymal_c_flat,Episode_Reward/lin_vel_z_l2,26,-0.023995911702513695,1778918685.365244
anymal_c_flat,Episode_Reward/lin_vel_z_l2,27,-0.014627691358327866,1778918686.4707124
anymal_c_flat,Episode_Reward/lin_vel_z_l2,28,-0.012459973804652691,1778918687.70497
anymal_c_flat,Episode_Reward/lin_vel_z_l2,29,-0.013483652845025063,1778918688.8090086
anymal_c_flat,Episode_Reward/lin_vel_z_l2,30,-0.014955876395106316,1778918689.936062
anymal_c_flat,Episode_Reward/lin_vel_z_l2,31,-0.01519600860774517,1778918691.050484
anymal_c_flat,Episode_Reward/lin_vel_z_l2,32,-0.011581025086343288,1778918692.1522226
anymal_c_flat,Episode_Reward/lin_vel_z_l2,33,-0.012794606387615204,1778918693.269823
anymal_c_flat,Episode_Reward/lin_vel_z_l2,34,-0.013925043866038322,1778918694.3793745
anymal_c_flat,Episode_Reward/lin_vel_z_l2,35,-0.016772665083408356,1778918695.4876335
anymal_c_flat,Episode_Reward/lin_vel_z_l2,36,-0.01673153229057789,1778918696.6282647
anymal_c_flat,Episode_Reward/lin_vel_z_l2,37,-0.01818704418838024,1778918697.739201
anymal_c_flat,Episode_Reward/lin_vel_z_l2,38,-0.013639867305755615,1778918698.9876158
anymal_c_flat,Episode_Reward/lin_vel_z_l2,39,-0.016486000269651413,1778918700.1044846
anymal_c_flat,Episode_Reward/lin_vel_z_l2,40,-0.01729215309023857,1778918701.2242482
anymal_c_flat,Episode_Reward/lin_vel_z_l2,41,-0.01717178151011467,1778918702.3396606
anymal_c_flat,Episode_Reward/lin_vel_z_l2,42,-0.015108278952538967,1778918703.4531727
anymal_c_flat,Episode_Reward/lin_vel_z_l2,43,-0.014411024749279022,1778918704.5807874
anymal_c_flat,Episode_Reward/lin_vel_z_l2,44,-0.01749594323337078,1778918705.711148
anymal_c_flat,Episode_Reward/lin_vel_z_l2,45,-0.020532913506031036,1778918706.83199
anymal_c_flat,Episode_Reward/lin_vel_z_l2,46,-0.015939757227897644,1778918707.956458
anymal_c_flat,Episode_Reward/lin_vel_z_l2,47,-0.015757065266370773,1778918709.1856005
anymal_c_flat,Episode_Reward/lin_vel_z_l2,48,-0.01694074645638466,1778918710.319771
anymal_c_flat,Episode_Reward/lin_vel_z_l2,49,-0.015053683891892433,1778918711.446878
anymal_c_flat,Episode_Reward/lin_vel_z_l2,50,-0.018013745546340942,1778918712.5612187
anymal_c_flat,Episode_Reward/lin_vel_z_l2,51,-0.017134543508291245,1778918713.6987972
anymal_c_flat,Episode_Reward/lin_vel_z_l2,52,-0.013220670633018017,1778918714.8332953
anymal_c_flat,Episode_Reward/lin_vel_z_l2,53,-0.01582762598991394,1778918715.9630947
anymal_c_flat,Episode_Reward/lin_vel_z_l2,54,-0.01851038448512554,1778918717.1018562
anymal_c_flat,Episode_Reward/lin_vel_z_l2,55,-0.014237537980079651,1778918718.2311044
anymal_c_flat,Episode_Reward/lin_vel_z_l2,56,-0.016889456659555435,1778918719.3744256
anymal_c_flat,Episode_Reward/lin_vel_z_l2,57,-0.016254015266895294,1778918720.6103396
anymal_c_flat,Episode_Reward/lin_vel_z_l2,58,-0.014940900728106499,1778918721.757408
anymal_c_flat,Episode_Reward/lin_vel_z_l2,59,-0.013519498519599438,1778918722.9024863
anymal_c_flat,Episode_Reward/lin_vel_z_l2,60,-0.01419980637729168,1778918724.0335004
anymal_c_flat,Episode_Reward/lin_vel_z_l2,61,-0.01595008373260498,1778918725.2104988
anymal_c_flat,Episode_Reward/lin_vel_z_l2,62,-0.01595231331884861,1778918726.337056
anymal_c_flat,Episode_Reward/lin_vel_z_l2,63,-0.012719644233584404,1778918727.464826
anymal_c_flat,Episode_Reward/lin_vel_z_l2,64,-0.017071112990379333,1778918728.5854807
anymal_c_flat,Episode_Reward/lin_vel_z_l2,65,-0.012235419824719429,1778918729.7232397
anymal_c_flat,Episode_Reward/lin_vel_z_l2,66,-0.015499982051551342,1778918730.9827983
anymal_c_flat,Episode_Reward/lin_vel_z_l2,67,-0.01712796464562416,1778918732.1070817
anymal_c_flat,Episode_Reward/lin_vel_z_l2,68,-0.016255777329206467,1778918733.2490673
anymal_c_flat,Episode_Reward/lin_vel_z_l2,69,-0.016054093837738037,1778918734.3775156
anymal_c_flat,Episode_Reward/lin_vel_z_l2,70,-0.015346463769674301,1778918735.514788
anymal_c_flat,Episode_Reward/lin_vel_z_l2,71,-0.020472634583711624,1778918736.6659787
anymal_c_flat,Episode_Reward/lin_vel_z_l2,72,-0.01616697385907173,1778918737.794786
anymal_c_flat,Episode_Reward/lin_vel_z_l2,73,-0.016968805342912674,1778918738.916633
anymal_c_flat,Episode_Reward/lin_vel_z_l2,74,-0.013703908771276474,1778918740.046821
anymal_c_flat,Episode_Reward/lin_vel_z_l2,75,-0.018109600991010666,1778918741.1846437
anymal_c_flat,Episode_Reward/lin_vel_z_l2,76,-0.016225140541791916,1778918742.4694173
anymal_c_flat,Episode_Reward/lin_vel_z_l2,77,-0.016802188009023666,1778918743.6146016
anymal_c_flat,Episode_Reward/lin_vel_z_l2,78,-0.017885442823171616,1778918744.7420766
anymal_c_flat,Episode_Reward/lin_vel_z_l2,79,-0.01410828810185194,1778918745.8888125
anymal_c_flat,Episode_Reward/lin_vel_z_l2,80,-0.016943229362368584,1778918747.0327365
anymal_c_flat,Episode_Reward/lin_vel_z_l2,81,-0.015521272085607052,1778918748.1734223
anymal_c_flat,Episode_Reward/lin_vel_z_l2,82,-0.016716361045837402,1778918749.3096488
anymal_c_flat,Episode_Reward/lin_vel_z_l2,83,-0.016603706404566765,1778918750.4499226
anymal_c_flat,Episode_Reward/lin_vel_z_l2,84,-0.016031108796596527,1778918751.5798223
anymal_c_flat,Episode_Reward/lin_vel_z_l2,85,-0.015859803184866905,1778918752.884475
anymal_c_flat,Episode_Reward/lin_vel_z_l2,86,-0.017797574400901794,1778918754.0397856
anymal_c_flat,Episode_Reward/lin_vel_z_l2,87,-0.016851725056767464,1778918755.1696951
anymal_c_flat,Episode_Reward/lin_vel_z_l2,88,-0.019230272620916367,1778918756.2866373
anymal_c_flat,Episode_Reward/lin_vel_z_l2,89,-0.016986466944217682,1778918757.4262033
anymal_c_flat,Episode_Reward/lin_vel_z_l2,90,-0.015827324241399765,1778918758.5720134
anymal_c_flat,Episode_Reward/lin_vel_z_l2,91,-0.016002368181943893,1778918759.7300138
anymal_c_flat,Episode_Reward/lin_vel_z_l2,92,-0.017808234319090843,1778918760.8731697
anymal_c_flat,Episode_Reward/lin_vel_z_l2,93,-0.013298417441546917,1778918762.017608
anymal_c_flat,Episode_Reward/lin_vel_z_l2,94,-0.015712037682533264,1778918763.1520116
anymal_c_flat,Episode_Reward/lin_vel_z_l2,95,-0.016349971294403076,1778918764.3448083
anymal_c_flat,Episode_Reward/lin_vel_z_l2,96,-0.015795312821865082,1778918765.4847357
anymal_c_flat,Episode_Reward/lin_vel_z_l2,97,-0.017466142773628235,1778918766.6332784
anymal_c_flat,Episode_Reward/lin_vel_z_l2,98,-0.01646755263209343,1778918767.7792969
anymal_c_flat,Episode_Reward/lin_vel_z_l2,99,-0.017757311463356018,1778918768.9183755
anymal_c_flat,Episode_Reward/lin_vel_z_l2,100,-0.014850731007754803,1778918770.0680938
anymal_c_flat,Episode_Reward/lin_vel_z_l2,101,-0.016974344849586487,1778918771.200158
anymal_c_flat,Episode_Reward/lin_vel_z_l2,102,-0.016683071851730347,1778918772.3423014
anymal_c_flat,Episode_Reward/lin_vel_z_l2,103,-0.0148463174700737,1778918773.4775975
anymal_c_flat,Episode_Reward/lin_vel_z_l2,104,-0.014373665675520897,1778918774.7326703
anymal_c_flat,Episode_Reward/lin_vel_z_l2,105,-0.015617838129401207,1778918775.8618906
anymal_c_flat,Episode_Reward/lin_vel_z_l2,106,-0.014366401359438896,1778918777.0045383
anymal_c_flat,Episode_Reward/lin_vel_z_l2,107,-0.014632905833423138,1778918778.1386273
anymal_c_flat,Episode_Reward/lin_vel_z_l2,108,-0.017329402267932892,1778918779.2754495
anymal_c_flat,Episode_Reward/lin_vel_z_l2,109,-0.016490453854203224,1778918780.397947
anymal_c_flat,Episode_Reward/lin_vel_z_l2,110,-0.014332672581076622,1778918781.5394764
anymal_c_flat,Episode_Reward/lin_vel_z_l2,111,-0.015588219277560711,1778918782.6617892
anymal_c_flat,Episode_Reward/lin_vel_z_l2,112,-0.014779128134250641,1778918783.789277
anymal_c_flat,Episode_Reward/lin_vel_z_l2,113,-0.014650734141469002,1778918784.9400632
anymal_c_flat,Episode_Reward/lin_vel_z_l2,114,-0.015568679198622704,1778918786.199199
anymal_c_flat,Episode_Reward/lin_vel_z_l2,115,-0.015885155647993088,1778918787.3405035
anymal_c_flat,Episode_Reward/lin_vel_z_l2,116,-0.016935840249061584,1778918788.4916427
anymal_c_flat,Episode_Reward/lin_vel_z_l2,117,-0.019336018711328506,1778918789.6298685
anymal_c_flat,Episode_Reward/lin_vel_z_l2,118,-0.015548198483884335,1778918790.790704
anymal_c_flat,Episode_Reward/lin_vel_z_l2,119,-0.014058960601687431,1778918791.9390774
anymal_c_flat,Episode_Reward/lin_vel_z_l2,120,-0.01564830355346203,1778918793.0872185
anymal_c_flat,Episode_Reward/lin_vel_z_l2,121,-0.017175709828734398,1778918794.2299297
anymal_c_flat,Episode_Reward/lin_vel_z_l2,122,-0.014022579416632652,1778918795.3672545
anymal_c_flat,Episode_Reward/lin_vel_z_l2,123,-0.01784386672079563,1778918796.6232846
anymal_c_flat,Episode_Reward/lin_vel_z_l2,124,-0.01965998113155365,1778918797.7784243
anymal_c_flat,Episode_Reward/lin_vel_z_l2,125,-0.017214268445968628,1778918798.8967428
anymal_c_flat,Episode_Reward/lin_vel_z_l2,126,-0.01786256581544876,1778918800.034474
anymal_c_flat,Episode_Reward/lin_vel_z_l2,127,-0.014495262876152992,1778918801.171629
anymal_c_flat,Episode_Reward/lin_vel_z_l2,128,-0.015465225093066692,1778918802.3152833
anymal_c_flat,Episode_Reward/lin_vel_z_l2,129,-0.018642684444785118,1778918803.4663594
anymal_c_flat,Episode_Reward/lin_vel_z_l2,130,-0.017301391810178757,1778918804.5935616
anymal_c_flat,Episode_Reward/lin_vel_z_l2,131,-0.016274793073534966,1778918805.7525384
anymal_c_flat,Episode_Reward/lin_vel_z_l2,132,-0.01811319962143898,1778918806.918873
anymal_c_flat,Episode_Reward/lin_vel_z_l2,133,-0.013473674654960632,1778918808.0643375
anymal_c_flat,Episode_Reward/lin_vel_z_l2,134,-0.017703179270029068,1778918809.1804917
anymal_c_flat,Episode_Reward/lin_vel_z_l2,135,-0.01333830039948225,1778918810.3179533
anymal_c_flat,Episode_Reward/lin_vel_z_l2,136,-0.015082231722772121,1778918811.449984
anymal_c_flat,Episode_Reward/lin_vel_z_l2,137,-0.01874253898859024,1778918812.5871873
anymal_c_flat,Episode_Reward/lin_vel_z_l2,138,-0.0161752812564373,1778918813.7421274
anymal_c_flat,Episode_Reward/lin_vel_z_l2,139,-0.0182785801589489,1778918814.8762136
anymal_c_flat,Episode_Reward/lin_vel_z_l2,140,-0.018821198493242264,1778918815.9876826
anymal_c_flat,Episode_Reward/lin_vel_z_l2,141,-0.017761744558811188,1778918817.1196935
anymal_c_flat,Episode_Reward/lin_vel_z_l2,142,-0.016271628439426422,1778918818.3756323
anymal_c_flat,Episode_Reward/lin_vel_z_l2,143,-0.018341613933444023,1778918819.509714
anymal_c_flat,Episode_Reward/lin_vel_z_l2,144,-0.016787344589829445,1778918820.6381721
anymal_c_flat,Episode_Reward/lin_vel_z_l2,145,-0.01670515350997448,1778918821.7850378
anymal_c_flat,Episode_Reward/lin_vel_z_l2,146,-0.017378568649291992,1778918822.9002976
anymal_c_flat,Episode_Reward/lin_vel_z_l2,147,-0.016737546771764755,1778918824.0501537
anymal_c_flat,Episode_Reward/lin_vel_z_l2,148,-0.018894728273153305,1778918825.1929245
anymal_c_flat,Episode_Reward/lin_vel_z_l2,149,-0.023515908047556877,1778918826.3153198
anymal_c_flat,Episode_Reward/lin_vel_z_l2,150,-0.014908741228282452,1778918827.441904
anymal_c_flat,Episode_Reward/lin_vel_z_l2,151,-0.01774589717388153,1778918828.5960484
anymal_c_flat,Episode_Reward/lin_vel_z_l2,152,-0.013714040629565716,1778918829.7921753
anymal_c_flat,Episode_Reward/lin_vel_z_l2,153,-0.016223682090640068,1778918830.9331388
anymal_c_flat,Episode_Reward/lin_vel_z_l2,154,-0.0180293470621109,1778918832.0700538
anymal_c_flat,Episode_Reward/lin_vel_z_l2,155,-0.015731707215309143,1778918833.204972
anymal_c_flat,Episode_Reward/lin_vel_z_l2,156,-0.015055781230330467,1778918834.3353746
anymal_c_flat,Episode_Reward/lin_vel_z_l2,157,-0.016880497336387634,1778918835.4616807
anymal_c_flat,Episode_Reward/lin_vel_z_l2,158,-0.015167862176895142,1778918836.5879927
anymal_c_flat,Episode_Reward/lin_vel_z_l2,159,-0.016959503293037415,1778918837.6979432
anymal_c_flat,Episode_Reward/lin_vel_z_l2,160,-0.017757227644324303,1778918838.8388672
anymal_c_flat,Episode_Reward/lin_vel_z_l2,161,-0.015064339153468609,1778918840.0357168
anymal_c_flat,Episode_Reward/lin_vel_z_l2,162,-0.016868948936462402,1778918841.1769931
anymal_c_flat,Episode_Reward/lin_vel_z_l2,163,-0.016161464154720306,1778918842.3210475
anymal_c_flat,Episode_Reward/lin_vel_z_l2,164,-0.020635981112718582,1778918843.4731426
anymal_c_flat,Episode_Reward/lin_vel_z_l2,165,-0.018399782478809357,1778918844.6048965
anymal_c_flat,Episode_Reward/lin_vel_z_l2,166,-0.016274385154247284,1778918845.7491572
anymal_c_flat,Episode_Reward/lin_vel_z_l2,167,-0.020757120102643967,1778918846.8719323
anymal_c_flat,Episode_Reward/lin_vel_z_l2,168,-0.015719372779130936,1778918848.0111597
anymal_c_flat,Episode_Reward/lin_vel_z_l2,169,-0.017556894570589066,1778918849.13057
anymal_c_flat,Episode_Reward/lin_vel_z_l2,170,-0.013746879994869232,1778918850.2833726
anymal_c_flat,Episode_Reward/lin_vel_z_l2,171,-0.017741328105330467,1778918851.508223
anymal_c_flat,Episode_Reward/lin_vel_z_l2,172,-0.017454873770475388,1778918852.6613622
anymal_c_flat,Episode_Reward/lin_vel_z_l2,173,-0.01670926995575428,1778918853.8137898
anymal_c_flat,Episode_Reward/lin_vel_z_l2,174,-0.013085462152957916,1778918854.9396193
anymal_c_flat,Episode_Reward/lin_vel_z_l2,175,-0.014590214006602764,1778918856.0738535
anymal_c_flat,Episode_Reward/lin_vel_z_l2,176,-0.015398314222693443,1778918857.2144709
anymal_c_flat,Episode_Reward/lin_vel_z_l2,177,-0.01740516908466816,1778918858.3476272
anymal_c_flat,Episode_Reward/lin_vel_z_l2,178,-0.01370842382311821,1778918859.5010893
anymal_c_flat,Episode_Reward/lin_vel_z_l2,179,-0.01263345405459404,1778918860.6320689
anymal_c_flat,Episode_Reward/lin_vel_z_l2,180,-0.01579657942056656,1778918861.8387449
anymal_c_flat,Episode_Reward/lin_vel_z_l2,181,-0.01774483174085617,1778918862.9630873
anymal_c_flat,Episode_Reward/lin_vel_z_l2,182,-0.01603311114013195,1778918864.1028838
anymal_c_flat,Episode_Reward/lin_vel_z_l2,183,-0.015018741600215435,1778918865.23757
anymal_c_flat,Episode_Reward/lin_vel_z_l2,184,-0.016219057142734528,1778918866.373408
anymal_c_flat,Episode_Reward/lin_vel_z_l2,185,-0.01772238127887249,1778918867.5241313
anymal_c_flat,Episode_Reward/lin_vel_z_l2,186,-0.014024093747138977,1778918868.6513777
anymal_c_flat,Episode_Reward/lin_vel_z_l2,187,-0.01723230443894863,1778918869.790864
anymal_c_flat,Episode_Reward/lin_vel_z_l2,188,-0.01968015544116497,1778918870.9298735
anymal_c_flat,Episode_Reward/lin_vel_z_l2,189,-0.015277048572897911,1778918872.0719204
anymal_c_flat,Episode_Reward/lin_vel_z_l2,190,-0.01608586683869362,1778918873.2775044
anymal_c_flat,Episode_Reward/lin_vel_z_l2,191,-0.015756167471408844,1778918874.398385
anymal_c_flat,Episode_Reward/lin_vel_z_l2,192,-0.016252491623163223,1778918875.5297925
anymal_c_flat,Episode_Reward/lin_vel_z_l2,193,-0.016889147460460663,1778918876.663181
anymal_c_flat,Episode_Reward/lin_vel_z_l2,194,-0.017149288207292557,1778918877.8117547
anymal_c_flat,Episode_Reward/lin_vel_z_l2,195,-0.014701052568852901,1778918878.9563699
anymal_c_flat,Episode_Reward/lin_vel_z_l2,196,-0.01458385493606329,1778918880.114103
anymal_c_flat,Episode_Reward/lin_vel_z_l2,197,-0.014739705249667168,1778918881.2727177
anymal_c_flat,Episode_Reward/lin_vel_z_l2,198,-0.013535819947719574,1778918882.411275
anymal_c_flat,Episode_Reward/lin_vel_z_l2,199,-0.015922054648399353,1778918883.6838787
anymal_c_flat,Episode_Reward/lin_vel_z_l2,200,-0.01722770370543003,1778918884.8204253
anymal_c_flat,Episode_Reward/lin_vel_z_l2,201,-0.016714515164494514,1778918885.9855294
anymal_c_flat,Episode_Reward/lin_vel_z_l2,202,-0.014388857409358025,1778918887.1109145
anymal_c_flat,Episode_Reward/lin_vel_z_l2,203,-0.016163360327482224,1778918888.2557425
anymal_c_flat,Episode_Reward/lin_vel_z_l2,204,-0.016233518719673157,1778918889.4114587
anymal_c_flat,Episode_Reward/lin_vel_z_l2,205,-0.01401467528194189,1778918890.5425394
anymal_c_flat,Episode_Reward/lin_vel_z_l2,206,-0.016871104016900063,1778918891.6811314
anymal_c_flat,Episode_Reward/lin_vel_z_l2,207,-0.01762835495173931,1778918892.8010614
anymal_c_flat,Episode_Reward/lin_vel_z_l2,208,-0.014264680445194244,1778918893.9371886
anymal_c_flat,Episode_Reward/lin_vel_z_l2,209,-0.014233252964913845,1778918895.1853333
anymal_c_flat,Episode_Reward/lin_vel_z_l2,210,-0.01810050942003727,1778918896.319606
anymal_c_flat,Episode_Reward/lin_vel_z_l2,211,-0.015508262440562248,1778918897.4468436
anymal_c_flat,Episode_Reward/lin_vel_z_l2,212,-0.01584549993276596,1778918898.5874379
anymal_c_flat,Episode_Reward/lin_vel_z_l2,213,-0.01328245084732771,1778918899.7282534
anymal_c_flat,Episode_Reward/lin_vel_z_l2,214,-0.012672027572989464,1778918900.8676875
anymal_c_flat,Episode_Reward/lin_vel_z_l2,215,-0.017378011718392372,1778918901.9895644
anymal_c_flat,Episode_Reward/lin_vel_z_l2,216,-0.013390526175498962,1778918903.1337328
anymal_c_flat,Episode_Reward/lin_vel_z_l2,217,-0.014087127521634102,1778918904.259198
anymal_c_flat,Episode_Reward/lin_vel_z_l2,218,-0.014830855652689934,1778918905.53308
anymal_c_flat,Episode_Reward/lin_vel_z_l2,219,-0.016071483492851257,1778918906.663483
anymal_c_flat,Episode_Reward/lin_vel_z_l2,220,-0.01355922780930996,1778918907.7982612
anymal_c_flat,Episode_Reward/lin_vel_z_l2,221,-0.01706191897392273,1778918908.9177976
anymal_c_flat,Episode_Reward/lin_vel_z_l2,222,-0.016012482345104218,1778918910.0763845
anymal_c_flat,Episode_Reward/lin_vel_z_l2,223,-0.014583876356482506,1778918911.2103558
anymal_c_flat,Episode_Reward/lin_vel_z_l2,224,-0.014973039738833904,1778918912.3541625
anymal_c_flat,Episode_Reward/lin_vel_z_l2,225,-0.01638350449502468,1778918913.5042076
anymal_c_flat,Episode_Reward/lin_vel_z_l2,226,-0.014111957512795925,1778918914.6412861
anymal_c_flat,Episode_Reward/lin_vel_z_l2,227,-0.020205609500408173,1778918915.778992
anymal_c_flat,Episode_Reward/lin_vel_z_l2,228,-0.015145407989621162,1778918917.060661
anymal_c_flat,Episode_Reward/lin_vel_z_l2,229,-0.013310203328728676,1778918918.1984537
anymal_c_flat,Episode_Reward/lin_vel_z_l2,230,-0.014528382569551468,1778918919.3434293
anymal_c_flat,Episode_Reward/lin_vel_z_l2,231,-0.0172569639980793,1778918920.4907677
anymal_c_flat,Episode_Reward/lin_vel_z_l2,232,-0.015512630343437195,1778918921.6392763
anymal_c_flat,Episode_Reward/lin_vel_z_l2,233,-0.016731884330511093,1778918922.7747493
anymal_c_flat,Episode_Reward/lin_vel_z_l2,234,-0.018510017544031143,1778918923.9109268
anymal_c_flat,Episode_Reward/lin_vel_z_l2,235,-0.015092089772224426,1778918925.069209
anymal_c_flat,Episode_Reward/lin_vel_z_l2,236,-0.015200912952423096,1778918926.2012117
anymal_c_flat,Episode_Reward/lin_vel_z_l2,237,-0.013354716822504997,1778918927.451871
anymal_c_flat,Episode_Reward/lin_vel_z_l2,238,-0.015773117542266846,1778918928.5910616
anymal_c_flat,Episode_Reward/lin_vel_z_l2,239,-0.017486050724983215,1778918929.7269151
anymal_c_flat,Episode_Reward/lin_vel_z_l2,240,-0.014256929978728294,1778918930.8724103
anymal_c_flat,Episode_Reward/lin_vel_z_l2,241,-0.014000403694808483,1778918932.0138843
anymal_c_flat,Episode_Reward/lin_vel_z_l2,242,-0.015355955809354782,1778918933.1559196
anymal_c_flat,Episode_Reward/lin_vel_z_l2,243,-0.014305992051959038,1778918934.3013363
anymal_c_flat,Episode_Reward/lin_vel_z_l2,244,-0.01643216609954834,1778918935.425536
anymal_c_flat,Episode_Reward/lin_vel_z_l2,245,-0.015770670026540756,1778918936.5597453
anymal_c_flat,Episode_Reward/lin_vel_z_l2,246,-0.016829239204525948,1778918937.7077928
anymal_c_flat,Episode_Reward/lin_vel_z_l2,247,-0.015220469795167446,1778918939.0001
anymal_c_flat,Episode_Reward/lin_vel_z_l2,248,-0.015890007838606834,1778918940.135165
anymal_c_flat,Episode_Reward/lin_vel_z_l2,249,-0.015806300565600395,1778918941.2688618
anymal_c_flat,Episode_Reward/lin_vel_z_l2,250,-0.015406153164803982,1778918942.4150114
anymal_c_flat,Episode_Reward/lin_vel_z_l2,251,-0.015319708734750748,1778918943.560607
anymal_c_flat,Episode_Reward/lin_vel_z_l2,252,-0.015518074855208397,1778918944.700247
anymal_c_flat,Episode_Reward/lin_vel_z_l2,253,-0.019244559109210968,1778918945.836857
anymal_c_flat,Episode_Reward/lin_vel_z_l2,254,-0.017984693869948387,1778918946.9691644
anymal_c_flat,Episode_Reward/lin_vel_z_l2,255,-0.01562599092721939,1778918948.0993075
anymal_c_flat,Episode_Reward/lin_vel_z_l2,256,-0.016913317143917084,1778918949.38147
anymal_c_flat,Episode_Reward/lin_vel_z_l2,257,-0.016686737537384033,1778918950.52506
anymal_c_flat,Episode_Reward/lin_vel_z_l2,258,-0.01598251983523369,1778918951.6650527
anymal_c_flat,Episode_Reward/lin_vel_z_l2,259,-0.01698916219174862,1778918952.8053584
anymal_c_flat,Episode_Reward/lin_vel_z_l2,260,-0.018870629370212555,1778918953.9528942
anymal_c_flat,Episode_Reward/lin_vel_z_l2,261,-0.015068459324538708,1778918955.083167
anymal_c_flat,Episode_Reward/lin_vel_z_l2,262,-0.015379693359136581,1778918956.2257276
anymal_c_flat,Episode_Reward/lin_vel_z_l2,263,-0.015143862925469875,1778918957.3470635
anymal_c_flat,Episode_Reward/lin_vel_z_l2,264,-0.01655137911438942,1778918958.4813788
anymal_c_flat,Episode_Reward/lin_vel_z_l2,265,-0.013772277161478996,1778918959.6064544
anymal_c_flat,Episode_Reward/lin_vel_z_l2,266,-0.0136840445920825,1778918960.8328602
anymal_c_flat,Episode_Reward/lin_vel_z_l2,267,-0.015413857065141201,1778918961.971549
anymal_c_flat,Episode_Reward/lin_vel_z_l2,268,-0.01824871450662613,1778918963.1132116
anymal_c_flat,Episode_Reward/lin_vel_z_l2,269,-0.012898635119199753,1778918964.246882
anymal_c_flat,Episode_Reward/lin_vel_z_l2,270,-0.01654796302318573,1778918965.3812127
anymal_c_flat,Episode_Reward/lin_vel_z_l2,271,-0.01805948093533516,1778918966.5085666
anymal_c_flat,Episode_Reward/lin_vel_z_l2,272,-0.01672513782978058,1778918967.6418204
anymal_c_flat,Episode_Reward/lin_vel_z_l2,273,-0.015853285789489746,1778918968.7753491
anymal_c_flat,Episode_Reward/lin_vel_z_l2,274,-0.01601927913725376,1778918969.9146638
anymal_c_flat,Episode_Reward/lin_vel_z_l2,275,-0.015180228278040886,1778918971.1740634
anymal_c_flat,Episode_Reward/lin_vel_z_l2,276,-0.018145382404327393,1778918972.3086023
anymal_c_flat,Episode_Reward/lin_vel_z_l2,277,-0.017781123518943787,1778918973.42994
anymal_c_flat,Episode_Reward/lin_vel_z_l2,278,-0.013412661850452423,1778918974.5894396
anymal_c_flat,Episode_Reward/lin_vel_z_l2,279,-0.020790068432688713,1778918975.7208097
anymal_c_flat,Episode_Reward/lin_vel_z_l2,280,-0.015982825309038162,1778918976.8522727
anymal_c_flat,Episode_Reward/lin_vel_z_l2,281,-0.017137058079242706,1778918978.000872
anymal_c_flat,Episode_Reward/lin_vel_z_l2,282,-0.015424302779138088,1778918979.133873
anymal_c_flat,Episode_Reward/lin_vel_z_l2,283,-0.014190969988703728,1778918980.2836318
anymal_c_flat,Episode_Reward/lin_vel_z_l2,284,-0.01655537635087967,1778918981.4339848
anymal_c_flat,Episode_Reward/lin_vel_z_l2,285,-0.015985190868377686,1778918982.7264082
anymal_c_flat,Episode_Reward/lin_vel_z_l2,286,-0.014657175168395042,1778918983.8652852
anymal_c_flat,Episode_Reward/lin_vel_z_l2,287,-0.015180813148617744,1778918985.0110524
anymal_c_flat,Episode_Reward/lin_vel_z_l2,288,-0.015484075993299484,1778918986.1532853
anymal_c_flat,Episode_Reward/lin_vel_z_l2,289,-0.01751168631017208,1778918987.289975
anymal_c_flat,Episode_Reward/lin_vel_z_l2,290,-0.017360609024763107,1778918988.4204378
anymal_c_flat,Episode_Reward/lin_vel_z_l2,291,-0.015649495646357536,1778918989.551508
anymal_c_flat,Episode_Reward/lin_vel_z_l2,292,-0.017185388132929802,1778918990.6880372
anymal_c_flat,Episode_Reward/lin_vel_z_l2,293,-0.014620017260313034,1778918991.8305073
anymal_c_flat,Episode_Reward/lin_vel_z_l2,294,-0.01642034202814102,1778918993.0920093
anymal_c_flat,Episode_Reward/lin_vel_z_l2,295,-0.016031425446271896,1778918994.2476635
anymal_c_flat,Episode_Reward/lin_vel_z_l2,296,-0.014469347894191742,1778918995.3969615
anymal_c_flat,Episode_Reward/lin_vel_z_l2,297,-0.01724829338490963,1778918996.5186112
anymal_c_flat,Episode_Reward/lin_vel_z_l2,298,-0.015434162691235542,1778918997.6433134
anymal_c_flat,Episode_Reward/lin_vel_z_l2,299,-0.016130294650793076,1778918998.7868948
anymal_c_flat,Episode_Reward/ang_vel_xy_l2,0,0.0,1778918656.2240672
anymal_c_flat,Episode_Reward/ang_vel_xy_l2,1,-0.0027483017183840275,1778918657.3782713
anymal_c_flat,Episode_Reward/ang_vel_xy_l2,2,-0.008244904689490795,1778918658.458325
anymal_c_flat,Episode_Reward/ang_vel_xy_l2,3,-0.008244904689490795,1778918659.5419712
anymal_c_flat,Episode_Reward/ang_vel_xy_l2,4,-0.008244904689490795,1778918660.620004
anymal_c_flat,Episode_Reward/ang_vel_xy_l2,5,-0.011702540330588818,1778918662.1342778
anymal_c_flat,Episode_Reward/ang_vel_xy_l2,6,-0.03590598329901695,1778918663.2236512
anymal_c_flat,Episode_Reward/ang_vel_xy_l2,7,-0.037794023752212524,1778918664.3137257
anymal_c_flat,Episode_Reward/ang_vel_xy_l2,8,-0.03842337056994438,1778918665.3845136
anymal_c_flat,Episode_Reward/ang_vel_xy_l2,9,-0.03842337056994438,1778918666.4475954
anymal_c_flat,Episode_Reward/ang_vel_xy_l2,10,-0.043984994292259216,1778918667.5149019
anymal_c_flat,Episode_Reward/ang_vel_xy_l2,11,-0.04795758053660393,1778918668.5817757
anymal_c_flat,Episode_Reward/ang_vel_xy_l2,12,-0.04795758053660393,1778918669.6522982
anymal_c_flat,Episode_Reward/ang_vel_xy_l2,13,-0.06307393312454224,1778918670.7373533
anymal_c_flat,Episode_Reward/ang_vel_xy_l2,14,-0.04878847301006317,1778918671.827998
anymal_c_flat,Episode_Reward/ang_vel_xy_l2,15,-0.04775180667638779,1778918672.9114184
anymal_c_flat,Episode_Reward/ang_vel_xy_l2,16,-0.08944156020879745,1778918673.9989772
anymal_c_flat,Episode_Reward/ang_vel_xy_l2,17,-0.10622360557317734,1778918675.0743272
anymal_c_flat,Episode_Reward/ang_vel_xy_l2,18,-0.06906561553478241,1778918676.182173
anymal_c_flat,Episode_Reward/ang_vel_xy_l2,19,-0.08598481863737106,1778918677.3632264
anymal_c_flat,Episode_Reward/ang_vel_xy_l2,20,-0.07934890687465668,1778918678.4372735
anymal_c_flat,Episode_Reward/ang_vel_xy_l2,21,-0.06001736968755722,1778918679.8702118
anymal_c_flat,Episode_Reward/ang_vel_xy_l2,22,-0.07276728004217148,1778918680.9698176
anymal_c_flat,Episode_Reward/ang_vel_xy_l2,23,-0.019464801996946335,1778918682.0835097
anymal_c_flat,Episode_Reward/ang_vel_xy_l2,24,-0.01765940897166729,1778918683.168789
anymal_c_flat,Episode_Reward/ang_vel_xy_l2,25,-0.014920058660209179,1778918684.2675574
anymal_c_flat,Episode_Reward/ang_vel_xy_l2,26,-0.021532153710722923,1778918685.3657668
anymal_c_flat,Episode_Reward/ang_vel_xy_l2,27,-0.014894826337695122,1778918686.471231
anymal_c_flat,Episode_Reward/ang_vel_xy_l2,28,-0.012242059223353863,1778918687.7053707
anymal_c_flat,Episode_Reward/ang_vel_xy_l2,29,-0.014906908385455608,1778918688.8095362
anymal_c_flat,Episode_Reward/ang_vel_xy_l2,30,-0.012508971616625786,1778918689.9366095
anymal_c_flat,Episode_Reward/ang_vel_xy_l2,31,-0.014330482110381126,1778918691.0510724
anymal_c_flat,Episode_Reward/ang_vel_xy_l2,32,-0.01359008252620697,1778918692.152747
anymal_c_flat,Episode_Reward/ang_vel_xy_l2,33,-0.01513497345149517,1778918693.2703583
anymal_c_flat,Episode_Reward/ang_vel_xy_l2,34,-0.014156371355056763,1778918694.379917
anymal_c_flat,Episode_Reward/ang_vel_xy_l2,35,-0.014819945208728313,1778918695.4882789
anymal_c_flat,Episode_Reward/ang_vel_xy_l2,36,-0.013757090084254742,1778918696.6288233
anymal_c_flat,Episode_Reward/ang_vel_xy_l2,37,-0.01345484983175993,1778918697.739758
anymal_c_flat,Episode_Reward/ang_vel_xy_l2,38,-0.011785930022597313,1778918698.9881275
anymal_c_flat,Episode_Reward/ang_vel_xy_l2,39,-0.012971155345439911,1778918700.1050193
anymal_c_flat,Episode_Reward/ang_vel_xy_l2,40,-0.011306092143058777,1778918701.2248151
anymal_c_flat,Episode_Reward/ang_vel_xy_l2,41,-0.012668068520724773,1778918702.3401873
anymal_c_flat,Episode_Reward/ang_vel_xy_l2,42,-0.012269845232367516,1778918703.453796
anymal_c_flat,Episode_Reward/ang_vel_xy_l2,43,-0.01165439561009407,1778918704.581335
anymal_c_flat,Episode_Reward/ang_vel_xy_l2,44,-0.01146903820335865,1778918705.7117856
anymal_c_flat,Episode_Reward/ang_vel_xy_l2,45,-0.010793767869472504,1778918706.8324869
anymal_c_flat,Episode_Reward/ang_vel_xy_l2,46,-0.01033392921090126,1778918707.957054
anymal_c_flat,Episode_Reward/ang_vel_xy_l2,47,-0.01145829539746046,1778918709.1861193
anymal_c_flat,Episode_Reward/ang_vel_xy_l2,48,-0.01152092032134533,1778918710.32026
anymal_c_flat,Episode_Reward/ang_vel_xy_l2,49,-0.00993751734495163,1778918711.4473722
anymal_c_flat,Episode_Reward/ang_vel_xy_l2,50,-0.01236607413738966,1778918712.5617776
anymal_c_flat,Episode_Reward/ang_vel_xy_l2,51,-0.013120605610311031,1778918713.6993132
anymal_c_flat,Episode_Reward/ang_vel_xy_l2,52,-0.01049274392426014,1778918714.8339746
anymal_c_flat,Episode_Reward/ang_vel_xy_l2,53,-0.011745135299861431,1778918715.9636264
anymal_c_flat,Episode_Reward/ang_vel_xy_l2,54,-0.011557227000594139,1778918717.1024146
anymal_c_flat,Episode_Reward/ang_vel_xy_l2,55,-0.011419378221035004,1778918718.2316482
anymal_c_flat,Episode_Reward/ang_vel_xy_l2,56,-0.011328979395329952,1778918719.375012
anymal_c_flat,Episode_Reward/ang_vel_xy_l2,57,-0.01110684685409069,1778918720.6109023
anymal_c_flat,Episode_Reward/ang_vel_xy_l2,58,-0.010913336649537086,1778918721.758136
anymal_c_flat,Episode_Reward/ang_vel_xy_l2,59,-0.01097840815782547,1778918722.9030485
anymal_c_flat,Episode_Reward/ang_vel_xy_l2,60,-0.010695586912333965,1778918724.0340486
anymal_c_flat,Episode_Reward/ang_vel_xy_l2,61,-0.011428038589656353,1778918725.211218
anymal_c_flat,Episode_Reward/ang_vel_xy_l2,62,-0.011605693958699703,1778918726.3376148
anymal_c_flat,Episode_Reward/ang_vel_xy_l2,63,-0.010229608975350857,1778918727.465365
anymal_c_flat,Episode_Reward/ang_vel_xy_l2,64,-0.010677389800548553,1778918728.5860636
anymal_c_flat,Episode_Reward/ang_vel_xy_l2,65,-0.011748595163226128,1778918729.7238193
anymal_c_flat,Episode_Reward/ang_vel_xy_l2,66,-0.011235436424612999,1778918730.9833357
anymal_c_flat,Episode_Reward/ang_vel_xy_l2,67,-0.011207918636500835,1778918732.1076663
anymal_c_flat,Episode_Reward/ang_vel_xy_l2,68,-0.00998607836663723,1778918733.249629
anymal_c_flat,Episode_Reward/ang_vel_xy_l2,69,-0.011573491618037224,1778918734.3780994
anymal_c_flat,Episode_Reward/ang_vel_xy_l2,70,-0.010934032499790192,1778918735.515387
anymal_c_flat,Episode_Reward/ang_vel_xy_l2,71,-0.010900470428168774,1778918736.6665184
anymal_c_flat,Episode_Reward/ang_vel_xy_l2,72,-0.011927111074328423,1778918737.7952926
anymal_c_flat,Episode_Reward/ang_vel_xy_l2,73,-0.011377906426787376,1778918738.917163
anymal_c_flat,Episode_Reward/ang_vel_xy_l2,74,-0.010266723111271858,1778918740.0473478
anymal_c_flat,Episode_Reward/ang_vel_xy_l2,75,-0.010944394394755363,1778918741.1852064
anymal_c_flat,Episode_Reward/ang_vel_xy_l2,76,-0.010730741545557976,1778918742.4700165
anymal_c_flat,Episode_Reward/ang_vel_xy_l2,77,-0.011538447812199593,1778918743.6152656
anymal_c_flat,Episode_Reward/ang_vel_xy_l2,78,-0.011185313574969769,1778918744.742646
anymal_c_flat,Episode_Reward/ang_vel_xy_l2,79,-0.010249536484479904,1778918745.889534
anymal_c_flat,Episode_Reward/ang_vel_xy_l2,80,-0.009837564080953598,1778918747.033279
anymal_c_flat,Episode_Reward/ang_vel_xy_l2,81,-0.011673932895064354,1778918748.1739566
anymal_c_flat,Episode_Reward/ang_vel_xy_l2,82,-0.01032092235982418,1778918749.310288
anymal_c_flat,Episode_Reward/ang_vel_xy_l2,83,-0.010257439687848091,1778918750.4504716
anymal_c_flat,Episode_Reward/ang_vel_xy_l2,84,-0.011130577884614468,1778918751.580377
anymal_c_flat,Episode_Reward/ang_vel_xy_l2,85,-0.011319572106003761,1778918752.885001
anymal_c_flat,Episode_Reward/ang_vel_xy_l2,86,-0.010088887065649033,1778918754.0404692
anymal_c_flat,Episode_Reward/ang_vel_xy_l2,87,-0.011122162453830242,1778918755.1702123
anymal_c_flat,Episode_Reward/ang_vel_xy_l2,88,-0.009777437895536423,1778918756.2871568
anymal_c_flat,Episode_Reward/ang_vel_xy_l2,89,-0.010572425089776516,1778918757.426839
anymal_c_flat,Episode_Reward/ang_vel_xy_l2,90,-0.010087058879435062,1778918758.5726717
anymal_c_flat,Episode_Reward/ang_vel_xy_l2,91,-0.010739253833889961,1778918759.7305236
anymal_c_flat,Episode_Reward/ang_vel_xy_l2,92,-0.010076556354761124,1778918760.8737273
anymal_c_flat,Episode_Reward/ang_vel_xy_l2,93,-0.010824183002114296,1778918762.0181317
anymal_c_flat,Episode_Reward/ang_vel_xy_l2,94,-0.010478648357093334,1778918763.1525316
anymal_c_flat,Episode_Reward/ang_vel_xy_l2,95,-0.010948791168630123,1778918764.3453276
anymal_c_flat,Episode_Reward/ang_vel_xy_l2,96,-0.011510672979056835,1778918765.4853325
anymal_c_flat,Episode_Reward/ang_vel_xy_l2,97,-0.00973932258784771,1778918766.6338813
anymal_c_flat,Episode_Reward/ang_vel_xy_l2,98,-0.01059697475284338,1778918767.7799044
anymal_c_flat,Episode_Reward/ang_vel_xy_l2,99,-0.01085405983030796,1778918768.9189103
anymal_c_flat,Episode_Reward/ang_vel_xy_l2,100,-0.010712342336773872,1778918770.0686116
anymal_c_flat,Episode_Reward/ang_vel_xy_l2,101,-0.009983524680137634,1778918771.2006981
anymal_c_flat,Episode_Reward/ang_vel_xy_l2,102,-0.011597282253205776,1778918772.3427444
anymal_c_flat,Episode_Reward/ang_vel_xy_l2,103,-0.01165768038481474,1778918773.478139
anymal_c_flat,Episode_Reward/ang_vel_xy_l2,104,-0.011596156284213066,1778918774.7331612
anymal_c_flat,Episode_Reward/ang_vel_xy_l2,105,-0.010805988684296608,1778918775.8624735
anymal_c_flat,Episode_Reward/ang_vel_xy_l2,106,-0.010500313714146614,1778918777.0052402
anymal_c_flat,Episode_Reward/ang_vel_xy_l2,107,-0.010480511002242565,1778918778.1391692
anymal_c_flat,Episode_Reward/ang_vel_xy_l2,108,-0.011045575141906738,1778918779.2760189
anymal_c_flat,Episode_Reward/ang_vel_xy_l2,109,-0.010141152888536453,1778918780.3984952
anymal_c_flat,Episode_Reward/ang_vel_xy_l2,110,-0.011316235177218914,1778918781.5400617
anymal_c_flat,Episode_Reward/ang_vel_xy_l2,111,-0.009422317147254944,1778918782.6623425
anymal_c_flat,Episode_Reward/ang_vel_xy_l2,112,-0.010107293725013733,1778918783.7898264
anymal_c_flat,Episode_Reward/ang_vel_xy_l2,113,-0.010131243616342545,1778918784.9406538
anymal_c_flat,Episode_Reward/ang_vel_xy_l2,114,-0.010424820706248283,1778918786.1997018
anymal_c_flat,Episode_Reward/ang_vel_xy_l2,115,-0.010951193049550056,1778918787.341058
anymal_c_flat,Episode_Reward/ang_vel_xy_l2,116,-0.01048065721988678,1778918788.4921992
anymal_c_flat,Episode_Reward/ang_vel_xy_l2,117,-0.010456672869622707,1778918789.630413
anymal_c_flat,Episode_Reward/ang_vel_xy_l2,118,-0.010485246777534485,1778918790.7913299
anymal_c_flat,Episode_Reward/ang_vel_xy_l2,119,-0.010844236239790916,1778918791.9398022
anymal_c_flat,Episode_Reward/ang_vel_xy_l2,120,-0.010337097570300102,1778918793.0879772
anymal_c_flat,Episode_Reward/ang_vel_xy_l2,121,-0.010910740122199059,1778918794.230604
anymal_c_flat,Episode_Reward/ang_vel_xy_l2,122,-0.010924993082880974,1778918795.3678193
anymal_c_flat,Episode_Reward/ang_vel_xy_l2,123,-0.009866192005574703,1778918796.6238334
anymal_c_flat,Episode_Reward/ang_vel_xy_l2,124,-0.009216438978910446,1778918797.7790387
anymal_c_flat,Episode_Reward/ang_vel_xy_l2,125,-0.009857390075922012,1778918798.8972733
anymal_c_flat,Episode_Reward/ang_vel_xy_l2,126,-0.009790029376745224,1778918800.0350275
anymal_c_flat,Episode_Reward/ang_vel_xy_l2,127,-0.00968371145427227,1778918801.172207
anymal_c_flat,Episode_Reward/ang_vel_xy_l2,128,-0.009174482896924019,1778918802.315854
anymal_c_flat,Episode_Reward/ang_vel_xy_l2,129,-0.009783342480659485,1778918803.4669282
anymal_c_flat,Episode_Reward/ang_vel_xy_l2,130,-0.010015124455094337,1778918804.5941455
anymal_c_flat,Episode_Reward/ang_vel_xy_l2,131,-0.009423578158020973,1778918805.7532408
anymal_c_flat,Episode_Reward/ang_vel_xy_l2,132,-0.010022135451436043,1778918806.9195666
anymal_c_flat,Episode_Reward/ang_vel_xy_l2,133,-0.010216540656983852,1778918808.0649197
anymal_c_flat,Episode_Reward/ang_vel_xy_l2,134,-0.00947218481451273,1778918809.1810262
anymal_c_flat,Episode_Reward/ang_vel_xy_l2,135,-0.010668146423995495,1778918810.3185444
anymal_c_flat,Episode_Reward/ang_vel_xy_l2,136,-0.009865596890449524,1778918811.4505246
anymal_c_flat,Episode_Reward/ang_vel_xy_l2,137,-0.010005581192672253,1778918812.5877314
anymal_c_flat,Episode_Reward/ang_vel_xy_l2,138,-0.009232953190803528,1778918813.742726
anymal_c_flat,Episode_Reward/ang_vel_xy_l2,139,-0.009229782968759537,1778918814.876753
anymal_c_flat,Episode_Reward/ang_vel_xy_l2,140,-0.010237096808850765,1778918815.9881985
anymal_c_flat,Episode_Reward/ang_vel_xy_l2,141,-0.010889659635722637,1778918817.1202214
anymal_c_flat,Episode_Reward/ang_vel_xy_l2,142,-0.008817149326205254,1778918818.3761275
anymal_c_flat,Episode_Reward/ang_vel_xy_l2,143,-0.009762048721313477,1778918819.5102382
anymal_c_flat,Episode_Reward/ang_vel_xy_l2,144,-0.00985595304518938,1778918820.6387625
anymal_c_flat,Episode_Reward/ang_vel_xy_l2,145,-0.009896351024508476,1778918821.7855625
anymal_c_flat,Episode_Reward/ang_vel_xy_l2,146,-0.009408703073859215,1778918822.9008384
anymal_c_flat,Episode_Reward/ang_vel_xy_l2,147,-0.009935872629284859,1778918824.050821
anymal_c_flat,Episode_Reward/ang_vel_xy_l2,148,-0.00979055929929018,1778918825.1934628
anymal_c_flat,Episode_Reward/ang_vel_xy_l2,149,-0.009278236888349056,1778918826.3158758
anymal_c_flat,Episode_Reward/ang_vel_xy_l2,150,-0.009390648454427719,1778918827.442472
anymal_c_flat,Episode_Reward/ang_vel_xy_l2,151,-0.009332442656159401,1778918828.596549
anymal_c_flat,Episode_Reward/ang_vel_xy_l2,152,-0.009366201236844063,1778918829.792738
anymal_c_flat,Episode_Reward/ang_vel_xy_l2,153,-0.010309054516255856,1778918830.9337113
anymal_c_flat,Episode_Reward/ang_vel_xy_l2,154,-0.009593787603080273,1778918832.0705624
anymal_c_flat,Episode_Reward/ang_vel_xy_l2,155,-0.008982472121715546,1778918833.2055526
anymal_c_flat,Episode_Reward/ang_vel_xy_l2,156,-0.009408729150891304,1778918834.335912
anymal_c_flat,Episode_Reward/ang_vel_xy_l2,157,-0.009504992514848709,1778918835.4621904
anymal_c_flat,Episode_Reward/ang_vel_xy_l2,158,-0.010137848556041718,1778918836.5885475
anymal_c_flat,Episode_Reward/ang_vel_xy_l2,159,-0.010189197026193142,1778918837.698428
anymal_c_flat,Episode_Reward/ang_vel_xy_l2,160,-0.009343670681118965,1778918838.839423
anymal_c_flat,Episode_Reward/ang_vel_xy_l2,161,-0.010112905874848366,1778918840.0363474
anymal_c_flat,Episode_Reward/ang_vel_xy_l2,162,-0.00973674189299345,1778918841.1775198
anymal_c_flat,Episode_Reward/ang_vel_xy_l2,163,-0.010081734508275986,1778918842.3216076
anymal_c_flat,Episode_Reward/ang_vel_xy_l2,164,-0.009182849898934364,1778918843.47371
anymal_c_flat,Episode_Reward/ang_vel_xy_l2,165,-0.01079713087528944,1778918844.6054933
anymal_c_flat,Episode_Reward/ang_vel_xy_l2,166,-0.010325510986149311,1778918845.7497334
anymal_c_flat,Episode_Reward/ang_vel_xy_l2,167,-0.008734279312193394,1778918846.8724453
anymal_c_flat,Episode_Reward/ang_vel_xy_l2,168,-0.009152893908321857,1778918848.011724
anymal_c_flat,Episode_Reward/ang_vel_xy_l2,169,-0.009935600683093071,1778918849.1310863
anymal_c_flat,Episode_Reward/ang_vel_xy_l2,170,-0.010604964569211006,1778918850.2839236
anymal_c_flat,Episode_Reward/ang_vel_xy_l2,171,-0.00857469066977501,1778918851.5087812
anymal_c_flat,Episode_Reward/ang_vel_xy_l2,172,-0.009348810650408268,1778918852.66192
anymal_c_flat,Episode_Reward/ang_vel_xy_l2,173,-0.009533120319247246,1778918853.8143032
anymal_c_flat,Episode_Reward/ang_vel_xy_l2,174,-0.009389362297952175,1778918854.9401612
anymal_c_flat,Episode_Reward/ang_vel_xy_l2,175,-0.011831877753138542,1778918856.0743544
anymal_c_flat,Episode_Reward/ang_vel_xy_l2,176,-0.01002631988376379,1778918857.2149978
anymal_c_flat,Episode_Reward/ang_vel_xy_l2,177,-0.009771628305315971,1778918858.348154
anymal_c_flat,Episode_Reward/ang_vel_xy_l2,178,-0.009673460386693478,1778918859.5016253
anymal_c_flat,Episode_Reward/ang_vel_xy_l2,179,-0.010054796002805233,1778918860.6326036
anymal_c_flat,Episode_Reward/ang_vel_xy_l2,180,-0.009858420118689537,1778918861.8393655
anymal_c_flat,Episode_Reward/ang_vel_xy_l2,181,-0.009468847885727882,1778918862.963632
anymal_c_flat,Episode_Reward/ang_vel_xy_l2,182,-0.009979790076613426,1778918864.1033914
anymal_c_flat,Episode_Reward/ang_vel_xy_l2,183,-0.01031271182000637,1778918865.2381113
anymal_c_flat,Episode_Reward/ang_vel_xy_l2,184,-0.010029230266809464,1778918866.3739636
anymal_c_flat,Episode_Reward/ang_vel_xy_l2,185,-0.009772229939699173,1778918867.5247223
anymal_c_flat,Episode_Reward/ang_vel_xy_l2,186,-0.010704293847084045,1778918868.6519237
anymal_c_flat,Episode_Reward/ang_vel_xy_l2,187,-0.008809341117739677,1778918869.791424
anymal_c_flat,Episode_Reward/ang_vel_xy_l2,188,-0.009275372140109539,1778918870.930433
anymal_c_flat,Episode_Reward/ang_vel_xy_l2,189,-0.009571383707225323,1778918872.0724711
anymal_c_flat,Episode_Reward/ang_vel_xy_l2,190,-0.010068688541650772,1778918873.2780561
anymal_c_flat,Episode_Reward/ang_vel_xy_l2,191,-0.010321288369596004,1778918874.3989282
anymal_c_flat,Episode_Reward/ang_vel_xy_l2,192,-0.01084008626639843,1778918875.5303338
anymal_c_flat,Episode_Reward/ang_vel_xy_l2,193,-0.00951290875673294,1778918876.6637514
anymal_c_flat,Episode_Reward/ang_vel_xy_l2,194,-0.009540125727653503,1778918877.8122854
anymal_c_flat,Episode_Reward/ang_vel_xy_l2,195,-0.010503783822059631,1778918878.957062
anymal_c_flat,Episode_Reward/ang_vel_xy_l2,196,-0.010849746875464916,1778918880.1146526
anymal_c_flat,Episode_Reward/ang_vel_xy_l2,197,-0.009462363086640835,1778918881.2732546
anymal_c_flat,Episode_Reward/ang_vel_xy_l2,198,-0.010365286841988564,1778918882.4118361
anymal_c_flat,Episode_Reward/ang_vel_xy_l2,199,-0.010198960080742836,1778918883.6844387
anymal_c_flat,Episode_Reward/ang_vel_xy_l2,200,-0.01059231162071228,1778918884.8209481
anymal_c_flat,Episode_Reward/ang_vel_xy_l2,201,-0.010632585734128952,1778918885.986103
anymal_c_flat,Episode_Reward/ang_vel_xy_l2,202,-0.009329739958047867,1778918887.1114085
anymal_c_flat,Episode_Reward/ang_vel_xy_l2,203,-0.010470772162079811,1778918888.256236
anymal_c_flat,Episode_Reward/ang_vel_xy_l2,204,-0.010079050436615944,1778918889.4121723
anymal_c_flat,Episode_Reward/ang_vel_xy_l2,205,-0.01039132196456194,1778918890.5430903
anymal_c_flat,Episode_Reward/ang_vel_xy_l2,206,-0.010595826432108879,1778918891.6816695
anymal_c_flat,Episode_Reward/ang_vel_xy_l2,207,-0.01057861652225256,1778918892.80159
anymal_c_flat,Episode_Reward/ang_vel_xy_l2,208,-0.011113369837403297,1778918893.9377697
anymal_c_flat,Episode_Reward/ang_vel_xy_l2,209,-0.010107085108757019,1778918895.185881
anymal_c_flat,Episode_Reward/ang_vel_xy_l2,210,-0.009589273482561111,1778918896.3201482
anymal_c_flat,Episode_Reward/ang_vel_xy_l2,211,-0.009718397632241249,1778918897.4473615
anymal_c_flat,Episode_Reward/ang_vel_xy_l2,212,-0.010349279269576073,1778918898.5880024
anymal_c_flat,Episode_Reward/ang_vel_xy_l2,213,-0.01068631187081337,1778918899.7288258
anymal_c_flat,Episode_Reward/ang_vel_xy_l2,214,-0.01112458761781454,1778918900.8682778
anymal_c_flat,Episode_Reward/ang_vel_xy_l2,215,-0.00960117019712925,1778918901.9901316
anymal_c_flat,Episode_Reward/ang_vel_xy_l2,216,-0.009639747440814972,1778918903.1342876
anymal_c_flat,Episode_Reward/ang_vel_xy_l2,217,-0.01087375171482563,1778918904.2597473
anymal_c_flat,Episode_Reward/ang_vel_xy_l2,218,-0.008929358795285225,1778918905.5337324
anymal_c_flat,Episode_Reward/ang_vel_xy_l2,219,-0.009860576130449772,1778918906.6640291
anymal_c_flat,Episode_Reward/ang_vel_xy_l2,220,-0.009656313806772232,1778918907.7988148
anymal_c_flat,Episode_Reward/ang_vel_xy_l2,221,-0.011081187054514885,1778918908.9183416
anymal_c_flat,Episode_Reward/ang_vel_xy_l2,222,-0.00954424124211073,1778918910.0770404
anymal_c_flat,Episode_Reward/ang_vel_xy_l2,223,-0.009929575957357883,1778918911.2109237
anymal_c_flat,Episode_Reward/ang_vel_xy_l2,224,-0.009477920830249786,1778918912.3547313
anymal_c_flat,Episode_Reward/ang_vel_xy_l2,225,-0.010290611535310745,1778918913.5047915
anymal_c_flat,Episode_Reward/ang_vel_xy_l2,226,-0.010356894694268703,1778918914.641869
anymal_c_flat,Episode_Reward/ang_vel_xy_l2,227,-0.009063592180609703,1778918915.7795486
anymal_c_flat,Episode_Reward/ang_vel_xy_l2,228,-0.009734752587974072,1778918917.0612016
anymal_c_flat,Episode_Reward/ang_vel_xy_l2,229,-0.010001031681895256,1778918918.1991022
anymal_c_flat,Episode_Reward/ang_vel_xy_l2,230,-0.009597746655344963,1778918919.3439856
anymal_c_flat,Episode_Reward/ang_vel_xy_l2,231,-0.009275486692786217,1778918920.4913304
anymal_c_flat,Episode_Reward/ang_vel_xy_l2,232,-0.009485959075391293,1778918921.6398737
anymal_c_flat,Episode_Reward/ang_vel_xy_l2,233,-0.008749904111027718,1778918922.7753017
anymal_c_flat,Episode_Reward/ang_vel_xy_l2,234,-0.009314305149018764,1778918923.9114785
anymal_c_flat,Episode_Reward/ang_vel_xy_l2,235,-0.008845724165439606,1778918925.0699518
anymal_c_flat,Episode_Reward/ang_vel_xy_l2,236,-0.010324941948056221,1778918926.201779
anymal_c_flat,Episode_Reward/ang_vel_xy_l2,237,-0.009831195697188377,1778918927.4523807
anymal_c_flat,Episode_Reward/ang_vel_xy_l2,238,-0.010024705901741982,1778918928.5916097
anymal_c_flat,Episode_Reward/ang_vel_xy_l2,239,-0.010967720299959183,1778918929.7274423
anymal_c_flat,Episode_Reward/ang_vel_xy_l2,240,-0.010007473640143871,1778918930.8729646
anymal_c_flat,Episode_Reward/ang_vel_xy_l2,241,-0.010911323130130768,1778918932.0144398
anymal_c_flat,Episode_Reward/ang_vel_xy_l2,242,-0.009127608500421047,1778918933.1564634
anymal_c_flat,Episode_Reward/ang_vel_xy_l2,243,-0.010466895997524261,1778918934.3018708
anymal_c_flat,Episode_Reward/ang_vel_xy_l2,244,-0.009207285940647125,1778918935.4261632
anymal_c_flat,Episode_Reward/ang_vel_xy_l2,245,-0.009598792530596256,1778918936.5602565
anymal_c_flat,Episode_Reward/ang_vel_xy_l2,246,-0.00995026994496584,1778918937.7083232
anymal_c_flat,Episode_Reward/ang_vel_xy_l2,247,-0.010049286298453808,1778918939.0006402
anymal_c_flat,Episode_Reward/ang_vel_xy_l2,248,-0.010222796350717545,1778918940.1357129
anymal_c_flat,Episode_Reward/ang_vel_xy_l2,249,-0.010530921630561352,1778918941.2693932
anymal_c_flat,Episode_Reward/ang_vel_xy_l2,250,-0.009070893749594688,1778918942.415532
anymal_c_flat,Episode_Reward/ang_vel_xy_l2,251,-0.009804131463170052,1778918943.561142
anymal_c_flat,Episode_Reward/ang_vel_xy_l2,252,-0.009573645889759064,1778918944.7007792
anymal_c_flat,Episode_Reward/ang_vel_xy_l2,253,-0.00940715242177248,1778918945.8373938
anymal_c_flat,Episode_Reward/ang_vel_xy_l2,254,-0.008420154452323914,1778918946.969712
anymal_c_flat,Episode_Reward/ang_vel_xy_l2,255,-0.009716302156448364,1778918948.099867
anymal_c_flat,Episode_Reward/ang_vel_xy_l2,256,-0.010120803490281105,1778918949.3820195
anymal_c_flat,Episode_Reward/ang_vel_xy_l2,257,-0.00971719529479742,1778918950.5255961
anymal_c_flat,Episode_Reward/ang_vel_xy_l2,258,-0.010579070076346397,1778918951.6656857
anymal_c_flat,Episode_Reward/ang_vel_xy_l2,259,-0.009206798858940601,1778918952.8059437
anymal_c_flat,Episode_Reward/ang_vel_xy_l2,260,-0.010436348617076874,1778918953.9534519
anymal_c_flat,Episode_Reward/ang_vel_xy_l2,261,-0.010836509987711906,1778918955.083749
anymal_c_flat,Episode_Reward/ang_vel_xy_l2,262,-0.010063879191875458,1778918956.22625
anymal_c_flat,Episode_Reward/ang_vel_xy_l2,263,-0.01040365919470787,1778918957.347617
anymal_c_flat,Episode_Reward/ang_vel_xy_l2,264,-0.009665613062679768,1778918958.4819443
anymal_c_flat,Episode_Reward/ang_vel_xy_l2,265,-0.009245003573596478,1778918959.6070223
anymal_c_flat,Episode_Reward/ang_vel_xy_l2,266,-0.010127337649464607,1778918960.8333893
anymal_c_flat,Episode_Reward/ang_vel_xy_l2,267,-0.010721709579229355,1778918961.9721644
anymal_c_flat,Episode_Reward/ang_vel_xy_l2,268,-0.009540276601910591,1778918963.113771
anymal_c_flat,Episode_Reward/ang_vel_xy_l2,269,-0.009950937703251839,1778918964.2474105
anymal_c_flat,Episode_Reward/ang_vel_xy_l2,270,-0.010325051844120026,1778918965.3817863
anymal_c_flat,Episode_Reward/ang_vel_xy_l2,271,-0.01008607167750597,1778918966.5091207
anymal_c_flat,Episode_Reward/ang_vel_xy_l2,272,-0.009049679152667522,1778918967.6424642
anymal_c_flat,Episode_Reward/ang_vel_xy_l2,273,-0.009585951454937458,1778918968.7758763
anymal_c_flat,Episode_Reward/ang_vel_xy_l2,274,-0.009874550625681877,1778918969.9152021
anymal_c_flat,Episode_Reward/ang_vel_xy_l2,275,-0.009637661278247833,1778918971.174647
anymal_c_flat,Episode_Reward/ang_vel_xy_l2,276,-0.009247729554772377,1778918972.3091779
anymal_c_flat,Episode_Reward/ang_vel_xy_l2,277,-0.009102447889745235,1778918973.4305258
anymal_c_flat,Episode_Reward/ang_vel_xy_l2,278,-0.00973214115947485,1778918974.5901299
anymal_c_flat,Episode_Reward/ang_vel_xy_l2,279,-0.008431895636022091,1778918975.7213438
anymal_c_flat,Episode_Reward/ang_vel_xy_l2,280,-0.009282417595386505,1778918976.8528283
anymal_c_flat,Episode_Reward/ang_vel_xy_l2,281,-0.008767031133174896,1778918978.001482
anymal_c_flat,Episode_Reward/ang_vel_xy_l2,282,-0.009133211337029934,1778918979.1344018
anymal_c_flat,Episode_Reward/ang_vel_xy_l2,283,-0.009474245831370354,1778918980.2841713
anymal_c_flat,Episode_Reward/ang_vel_xy_l2,284,-0.008904637768864632,1778918981.4345171
anymal_c_flat,Episode_Reward/ang_vel_xy_l2,285,-0.009175540879368782,1778918982.7270036
anymal_c_flat,Episode_Reward/ang_vel_xy_l2,286,-0.008449269458651543,1778918983.865859
anymal_c_flat,Episode_Reward/ang_vel_xy_l2,287,-0.0089090121909976,1778918985.0116026
anymal_c_flat,Episode_Reward/ang_vel_xy_l2,288,-0.008764617145061493,1778918986.153818
anymal_c_flat,Episode_Reward/ang_vel_xy_l2,289,-0.008384913206100464,1778918987.2904987
anymal_c_flat,Episode_Reward/ang_vel_xy_l2,290,-0.009789340198040009,1778918988.420974
anymal_c_flat,Episode_Reward/ang_vel_xy_l2,291,-0.009426180273294449,1778918989.5520866
anymal_c_flat,Episode_Reward/ang_vel_xy_l2,292,-0.008773108944296837,1778918990.6885693
anymal_c_flat,Episode_Reward/ang_vel_xy_l2,293,-0.009583400562405586,1778918991.8310554
anymal_c_flat,Episode_Reward/ang_vel_xy_l2,294,-0.008795518428087234,1778918993.092532
anymal_c_flat,Episode_Reward/ang_vel_xy_l2,295,-0.009502808563411236,1778918994.2483249
anymal_c_flat,Episode_Reward/ang_vel_xy_l2,296,-0.009237168356776237,1778918995.3975048
anymal_c_flat,Episode_Reward/ang_vel_xy_l2,297,-0.00929112546145916,1778918996.5191352
anymal_c_flat,Episode_Reward/ang_vel_xy_l2,298,-0.009948230348527431,1778918997.6440399
anymal_c_flat,Episode_Reward/ang_vel_xy_l2,299,-0.009428216144442558,1778918998.78743
anymal_c_flat,Episode_Reward/dof_torques_l2,0,0.0,1778918656.2245371
anymal_c_flat,Episode_Reward/dof_torques_l2,1,-0.004993716720491648,1778918657.3788097
anymal_c_flat,Episode_Reward/dof_torques_l2,2,-0.014981149695813656,1778918658.4588466
anymal_c_flat,Episode_Reward/dof_torques_l2,3,-0.014981149695813656,1778918659.542641
anymal_c_flat,Episode_Reward/dof_torques_l2,4,-0.014981149695813656,1778918660.6204963
anymal_c_flat,Episode_Reward/dof_torques_l2,5,-0.020285632461309433,1778918662.1347694
anymal_c_flat,Episode_Reward/dof_torques_l2,6,-0.05741700530052185,1778918663.2241113
anymal_c_flat,Episode_Reward/dof_torques_l2,7,-0.0625535175204277,1778918664.314206
anymal_c_flat,Episode_Reward/dof_torques_l2,8,-0.06426568329334259,1778918665.3850102
anymal_c_flat,Episode_Reward/dof_torques_l2,9,-0.06426568329334259,1778918666.44809
anymal_c_flat,Episode_Reward/dof_torques_l2,10,-0.08121262490749359,1778918667.5154366
anymal_c_flat,Episode_Reward/dof_torques_l2,11,-0.09331759065389633,1778918668.5822709
anymal_c_flat,Episode_Reward/dof_torques_l2,12,-0.09331759065389633,1778918669.652856
anymal_c_flat,Episode_Reward/dof_torques_l2,13,-0.10727425664663315,1778918670.7379005
anymal_c_flat,Episode_Reward/dof_torques_l2,14,-0.06490891426801682,1778918671.8284836
anymal_c_flat,Episode_Reward/dof_torques_l2,15,-0.06478942930698395,1778918672.9118986
anymal_c_flat,Episode_Reward/dof_torques_l2,16,-0.14728733897209167,1778918673.9995651
anymal_c_flat,Episode_Reward/dof_torques_l2,17,-0.15390554070472717,1778918675.074883
anymal_c_flat,Episode_Reward/dof_torques_l2,18,-0.12916059792041779,1778918676.1827402
anymal_c_flat,Episode_Reward/dof_torques_l2,19,-0.15926185250282288,1778918677.3637319
anymal_c_flat,Episode_Reward/dof_torques_l2,20,-0.116999052464962,1778918678.437784
anymal_c_flat,Episode_Reward/dof_torques_l2,21,-0.09519824385643005,1778918679.8707542
anymal_c_flat,Episode_Reward/dof_torques_l2,22,-0.11163534969091415,1778918680.9703503
anymal_c_flat,Episode_Reward/dof_torques_l2,23,-0.027332942932844162,1778918682.0840802
anymal_c_flat,Episode_Reward/dof_torques_l2,24,-0.02155444025993347,1778918683.1692994
anymal_c_flat,Episode_Reward/dof_torques_l2,25,-0.015687620267271996,1778918684.2681067
anymal_c_flat,Episode_Reward/dof_torques_l2,26,-0.03130985051393509,1778918685.36626
anymal_c_flat,Episode_Reward/dof_torques_l2,27,-0.015771716833114624,1778918686.4717934
anymal_c_flat,Episode_Reward/dof_torques_l2,28,-0.011880832724273205,1778918687.7059386
anymal_c_flat,Episode_Reward/dof_torques_l2,29,-0.012726835906505585,1778918688.8100255
anymal_c_flat,Episode_Reward/dof_torques_l2,30,-0.012300319969654083,1778918689.9371166
anymal_c_flat,Episode_Reward/dof_torques_l2,31,-0.012559670023620129,1778918691.0516129
anymal_c_flat,Episode_Reward/dof_torques_l2,32,-0.009727222844958305,1778918692.1532552
anymal_c_flat,Episode_Reward/dof_torques_l2,33,-0.012921283952891827,1778918693.2708838
anymal_c_flat,Episode_Reward/dof_torques_l2,34,-0.011517910286784172,1778918694.3804455
anymal_c_flat,Episode_Reward/dof_torques_l2,35,-0.012463453225791454,1778918695.4889529
anymal_c_flat,Episode_Reward/dof_torques_l2,36,-0.010586596094071865,1778918696.6293206
anymal_c_flat,Episode_Reward/dof_torques_l2,37,-0.011407620273530483,1778918697.7402732
anymal_c_flat,Episode_Reward/dof_torques_l2,38,-0.010373301804065704,1778918698.988708
anymal_c_flat,Episode_Reward/dof_torques_l2,39,-0.010736583732068539,1778918700.1055162
anymal_c_flat,Episode_Reward/dof_torques_l2,40,-0.007374112494289875,1778918701.2253468
anymal_c_flat,Episode_Reward/dof_torques_l2,41,-0.00791463628411293,1778918702.3407063
anymal_c_flat,Episode_Reward/dof_torques_l2,42,-0.008868484757840633,1778918703.4544282
anymal_c_flat,Episode_Reward/dof_torques_l2,43,-0.006797929760068655,1778918704.5818732
anymal_c_flat,Episode_Reward/dof_torques_l2,44,-0.00795670598745346,1778918705.7123873
anymal_c_flat,Episode_Reward/dof_torques_l2,45,-0.007790411822497845,1778918706.8330057
anymal_c_flat,Episode_Reward/dof_torques_l2,46,-0.006959668826311827,1778918707.9576473
anymal_c_flat,Episode_Reward/dof_torques_l2,47,-0.0074975877068936825,1778918709.1866279
anymal_c_flat,Episode_Reward/dof_torques_l2,48,-0.006036658771336079,1778918710.3208108
anymal_c_flat,Episode_Reward/dof_torques_l2,49,-0.005851521156728268,1778918711.4479117
anymal_c_flat,Episode_Reward/dof_torques_l2,50,-0.007070678286254406,1778918712.5623
anymal_c_flat,Episode_Reward/dof_torques_l2,51,-0.00632533710449934,1778918713.69984
anymal_c_flat,Episode_Reward/dof_torques_l2,52,-0.006799043156206608,1778918714.8346496
anymal_c_flat,Episode_Reward/dof_torques_l2,53,-0.0076410239562392235,1778918715.9641447
anymal_c_flat,Episode_Reward/dof_torques_l2,54,-0.0062062740325927734,1778918717.10293
anymal_c_flat,Episode_Reward/dof_torques_l2,55,-0.006124049425125122,1778918718.2321715
anymal_c_flat,Episode_Reward/dof_torques_l2,56,-0.005643295124173164,1778918719.3755305
anymal_c_flat,Episode_Reward/dof_torques_l2,57,-0.006379009690135717,1778918720.6114378
anymal_c_flat,Episode_Reward/dof_torques_l2,58,-0.00529209291562438,1778918721.758876
anymal_c_flat,Episode_Reward/dof_torques_l2,59,-0.005839770194143057,1778918722.903605
anymal_c_flat,Episode_Reward/dof_torques_l2,60,-0.006150337867438793,1778918724.0346437
anymal_c_flat,Episode_Reward/dof_torques_l2,61,-0.005503460764884949,1778918725.2119305
anymal_c_flat,Episode_Reward/dof_torques_l2,62,-0.0058677527122199535,1778918726.3381295
anymal_c_flat,Episode_Reward/dof_torques_l2,63,-0.005305928643792868,1778918727.4659305
anymal_c_flat,Episode_Reward/dof_torques_l2,64,-0.005927165038883686,1778918728.5866902
anymal_c_flat,Episode_Reward/dof_torques_l2,65,-0.005051600281149149,1778918729.7243316
anymal_c_flat,Episode_Reward/dof_torques_l2,66,-0.00546139245852828,1778918730.9838803
anymal_c_flat,Episode_Reward/dof_torques_l2,67,-0.005995618179440498,1778918732.1082017
anymal_c_flat,Episode_Reward/dof_torques_l2,68,-0.004991287365555763,1778918733.250174
anymal_c_flat,Episode_Reward/dof_torques_l2,69,-0.005267493426799774,1778918734.3787405
anymal_c_flat,Episode_Reward/dof_torques_l2,70,-0.005298723932355642,1778918735.5160234
anymal_c_flat,Episode_Reward/dof_torques_l2,71,-0.005769945681095123,1778918736.6670737
anymal_c_flat,Episode_Reward/dof_torques_l2,72,-0.005382703151553869,1778918737.795857
anymal_c_flat,Episode_Reward/dof_torques_l2,73,-0.004511352628469467,1778918738.917735
anymal_c_flat,Episode_Reward/dof_torques_l2,74,-0.006272084545344114,1778918740.0478945
anymal_c_flat,Episode_Reward/dof_torques_l2,75,-0.005191870965063572,1778918741.1857445
anymal_c_flat,Episode_Reward/dof_torques_l2,76,-0.005327449180185795,1778918742.4705994
anymal_c_flat,Episode_Reward/dof_torques_l2,77,-0.004647194407880306,1778918743.6159565
anymal_c_flat,Episode_Reward/dof_torques_l2,78,-0.004805193282663822,1778918744.7431746
anymal_c_flat,Episode_Reward/dof_torques_l2,79,-0.004754318855702877,1778918745.8901951
anymal_c_flat,Episode_Reward/dof_torques_l2,80,-0.006104740314185619,1778918747.033831
anymal_c_flat,Episode_Reward/dof_torques_l2,81,-0.005374958273023367,1778918748.1744683
anymal_c_flat,Episode_Reward/dof_torques_l2,82,-0.004770070780068636,1778918749.310873
anymal_c_flat,Episode_Reward/dof_torques_l2,83,-0.005058468319475651,1778918750.4510314
anymal_c_flat,Episode_Reward/dof_torques_l2,84,-0.0049148909747600555,1778918751.5809295
anymal_c_flat,Episode_Reward/dof_torques_l2,85,-0.004336114972829819,1778918752.8855345
anymal_c_flat,Episode_Reward/dof_torques_l2,86,-0.00531266164034605,1778918754.0411625
anymal_c_flat,Episode_Reward/dof_torques_l2,87,-0.005111708305776119,1778918755.1707463
anymal_c_flat,Episode_Reward/dof_torques_l2,88,-0.004672226496040821,1778918756.2877212
anymal_c_flat,Episode_Reward/dof_torques_l2,89,-0.0047803642228245735,1778918757.4274287
anymal_c_flat,Episode_Reward/dof_torques_l2,90,-0.004637209698557854,1778918758.5732074
anymal_c_flat,Episode_Reward/dof_torques_l2,91,-0.004724176600575447,1778918759.7310987
anymal_c_flat,Episode_Reward/dof_torques_l2,92,-0.004180534742772579,1778918760.8742633
anymal_c_flat,Episode_Reward/dof_torques_l2,93,-0.004664674401283264,1778918762.0187228
anymal_c_flat,Episode_Reward/dof_torques_l2,94,-0.004597422666847706,1778918763.153066
anymal_c_flat,Episode_Reward/dof_torques_l2,95,-0.004680638667196035,1778918764.3458478
anymal_c_flat,Episode_Reward/dof_torques_l2,96,-0.004946398548781872,1778918765.485964
anymal_c_flat,Episode_Reward/dof_torques_l2,97,-0.004511668346822262,1778918766.6344347
anymal_c_flat,Episode_Reward/dof_torques_l2,98,-0.004769100807607174,1778918767.7804966
anymal_c_flat,Episode_Reward/dof_torques_l2,99,-0.00503343902528286,1778918768.919434
anymal_c_flat,Episode_Reward/dof_torques_l2,100,-0.004874437116086483,1778918770.0691357
anymal_c_flat,Episode_Reward/dof_torques_l2,101,-0.004666334018111229,1778918771.2011764
anymal_c_flat,Episode_Reward/dof_torques_l2,102,-0.004678936675190926,1778918772.3433104
anymal_c_flat,Episode_Reward/dof_torques_l2,103,-0.004582165740430355,1778918773.4787328
anymal_c_flat,Episode_Reward/dof_torques_l2,104,-0.004802320152521133,1778918774.7337186
anymal_c_flat,Episode_Reward/dof_torques_l2,105,-0.0046479967422783375,1778918775.8630617
anymal_c_flat,Episode_Reward/dof_torques_l2,106,-0.004820633679628372,1778918777.0058985
anymal_c_flat,Episode_Reward/dof_torques_l2,107,-0.0049772923812270164,1778918778.139737
anymal_c_flat,Episode_Reward/dof_torques_l2,108,-0.004291688557714224,1778918779.2765167
anymal_c_flat,Episode_Reward/dof_torques_l2,109,-0.004777999594807625,1778918780.3990111
anymal_c_flat,Episode_Reward/dof_torques_l2,110,-0.005066639743745327,1778918781.5406291
anymal_c_flat,Episode_Reward/dof_torques_l2,111,-0.004690825939178467,1778918782.6629047
anymal_c_flat,Episode_Reward/dof_torques_l2,112,-0.004898362793028355,1778918783.7903993
anymal_c_flat,Episode_Reward/dof_torques_l2,113,-0.0050830719992518425,1778918784.9411683
anymal_c_flat,Episode_Reward/dof_torques_l2,114,-0.004866805858910084,1778918786.2002034
anymal_c_flat,Episode_Reward/dof_torques_l2,115,-0.004683139733970165,1778918787.341597
anymal_c_flat,Episode_Reward/dof_torques_l2,116,-0.004557122942060232,1778918788.4927707
anymal_c_flat,Episode_Reward/dof_torques_l2,117,-0.005362306721508503,1778918789.6309643
anymal_c_flat,Episode_Reward/dof_torques_l2,118,-0.004596865735948086,1778918790.7919524
anymal_c_flat,Episode_Reward/dof_torques_l2,119,-0.004840072710067034,1778918791.94053
anymal_c_flat,Episode_Reward/dof_torques_l2,120,-0.004262187983840704,1778918793.0886955
anymal_c_flat,Episode_Reward/dof_torques_l2,121,-0.00491681881248951,1778918794.231262
anymal_c_flat,Episode_Reward/dof_torques_l2,122,-0.005037553142756224,1778918795.3683088
anymal_c_flat,Episode_Reward/dof_torques_l2,123,-0.0048387181013822556,1778918796.6243443
anymal_c_flat,Episode_Reward/dof_torques_l2,124,-0.005331424996256828,1778918797.7796905
anymal_c_flat,Episode_Reward/dof_torques_l2,125,-0.004410398658365011,1778918798.897838
anymal_c_flat,Episode_Reward/dof_torques_l2,126,-0.0043225837871432304,1778918800.0355701
anymal_c_flat,Episode_Reward/dof_torques_l2,127,-0.004737501032650471,1778918801.1727724
anymal_c_flat,Episode_Reward/dof_torques_l2,128,-0.0045830863527953625,1778918802.316383
anymal_c_flat,Episode_Reward/dof_torques_l2,129,-0.0044174520298838615,1778918803.467446
anymal_c_flat,Episode_Reward/dof_torques_l2,130,-0.004284027963876724,1778918804.5947256
anymal_c_flat,Episode_Reward/dof_torques_l2,131,-0.004509304650127888,1778918805.753949
anymal_c_flat,Episode_Reward/dof_torques_l2,132,-0.004736615344882011,1778918806.9202785
anymal_c_flat,Episode_Reward/dof_torques_l2,133,-0.0046794237568974495,1778918808.0654495
anymal_c_flat,Episode_Reward/dof_torques_l2,134,-0.00403389660641551,1778918809.1815548
anymal_c_flat,Episode_Reward/dof_torques_l2,135,-0.0048301066271960735,1778918810.3191152
anymal_c_flat,Episode_Reward/dof_torques_l2,136,-0.004870478995144367,1778918811.4510832
anymal_c_flat,Episode_Reward/dof_torques_l2,137,-0.0051167430356144905,1778918812.5882256
anymal_c_flat,Episode_Reward/dof_torques_l2,138,-0.004192751832306385,1778918813.7432485
anymal_c_flat,Episode_Reward/dof_torques_l2,139,-0.00415601022541523,1778918814.877298
anymal_c_flat,Episode_Reward/dof_torques_l2,140,-0.0047476207837462425,1778918815.9887528
anymal_c_flat,Episode_Reward/dof_torques_l2,141,-0.004478855989873409,1778918817.1208189
anymal_c_flat,Episode_Reward/dof_torques_l2,142,-0.003892202628776431,1778918818.3766372
anymal_c_flat,Episode_Reward/dof_torques_l2,143,-0.004997567273676395,1778918819.5108125
anymal_c_flat,Episode_Reward/dof_torques_l2,144,-0.0048311674036085606,1778918820.6393118
anymal_c_flat,Episode_Reward/dof_torques_l2,145,-0.004017605446279049,1778918821.786104
anymal_c_flat,Episode_Reward/dof_torques_l2,146,-0.004650346003472805,1778918822.901326
anymal_c_flat,Episode_Reward/dof_torques_l2,147,-0.004719279706478119,1778918824.0513418
anymal_c_flat,Episode_Reward/dof_torques_l2,148,-0.0050017996691167355,1778918825.1939988
anymal_c_flat,Episode_Reward/dof_torques_l2,149,-0.004646992310881615,1778918826.3163917
anymal_c_flat,Episode_Reward/dof_torques_l2,150,-0.004794599022716284,1778918827.442963
anymal_c_flat,Episode_Reward/dof_torques_l2,151,-0.0042682671919465065,1778918828.5971081
anymal_c_flat,Episode_Reward/dof_torques_l2,152,-0.004789550788700581,1778918829.7932703
anymal_c_flat,Episode_Reward/dof_torques_l2,153,-0.004522990435361862,1778918830.934309
anymal_c_flat,Episode_Reward/dof_torques_l2,154,-0.004198543727397919,1778918832.071104
anymal_c_flat,Episode_Reward/dof_torques_l2,155,-0.0046520475298166275,1778918833.2061064
anymal_c_flat,Episode_Reward/dof_torques_l2,156,-0.004489341750741005,1778918834.3364246
anymal_c_flat,Episode_Reward/dof_torques_l2,157,-0.003989843651652336,1778918835.4627159
anymal_c_flat,Episode_Reward/dof_torques_l2,158,-0.004505645949393511,1778918836.5891385
anymal_c_flat,Episode_Reward/dof_torques_l2,159,-0.005338441580533981,1778918837.6989648
anymal_c_flat,Episode_Reward/dof_torques_l2,160,-0.00397862121462822,1778918838.840028
anymal_c_flat,Episode_Reward/dof_torques_l2,161,-0.004424409009516239,1778918840.036903
anymal_c_flat,Episode_Reward/dof_torques_l2,162,-0.004106228239834309,1778918841.1780798
anymal_c_flat,Episode_Reward/dof_torques_l2,163,-0.004111919552087784,1778918842.3220973
anymal_c_flat,Episode_Reward/dof_torques_l2,164,-0.003980216570198536,1778918843.4743042
anymal_c_flat,Episode_Reward/dof_torques_l2,165,-0.004755006171762943,1778918844.6060414
anymal_c_flat,Episode_Reward/dof_torques_l2,166,-0.004689040593802929,1778918845.750244
anymal_c_flat,Episode_Reward/dof_torques_l2,167,-0.004348632879555225,1778918846.8729682
anymal_c_flat,Episode_Reward/dof_torques_l2,168,-0.004419662989675999,1778918848.0122318
anymal_c_flat,Episode_Reward/dof_torques_l2,169,-0.0043761334381997585,1778918849.1315992
anymal_c_flat,Episode_Reward/dof_torques_l2,170,-0.004381571896374226,1778918850.2844508
anymal_c_flat,Episode_Reward/dof_torques_l2,171,-0.004099882207810879,1778918851.5092723
anymal_c_flat,Episode_Reward/dof_torques_l2,172,-0.004221255891025066,1778918852.6624212
anymal_c_flat,Episode_Reward/dof_torques_l2,173,-0.004102430306375027,1778918853.814844
anymal_c_flat,Episode_Reward/dof_torques_l2,174,-0.0043030790984630585,1778918854.940731
anymal_c_flat,Episode_Reward/dof_torques_l2,175,-0.005159633234143257,1778918856.0748806
anymal_c_flat,Episode_Reward/dof_torques_l2,176,-0.004333002958446741,1778918857.215499
anymal_c_flat,Episode_Reward/dof_torques_l2,177,-0.003888632170855999,1778918858.348726
anymal_c_flat,Episode_Reward/dof_torques_l2,178,-0.004154055379331112,1778918859.5021527
anymal_c_flat,Episode_Reward/dof_torques_l2,179,-0.004230143502354622,1778918860.6331315
anymal_c_flat,Episode_Reward/dof_torques_l2,180,-0.0041332971304655075,1778918861.8400106
anymal_c_flat,Episode_Reward/dof_torques_l2,181,-0.004661533050239086,1778918862.9641278
anymal_c_flat,Episode_Reward/dof_torques_l2,182,-0.004282446578145027,1778918864.1039221
anymal_c_flat,Episode_Reward/dof_torques_l2,183,-0.004125416278839111,1778918865.2386396
anymal_c_flat,Episode_Reward/dof_torques_l2,184,-0.004265937488526106,1778918866.3744967
anymal_c_flat,Episode_Reward/dof_torques_l2,185,-0.0039962949231266975,1778918867.5252712
anymal_c_flat,Episode_Reward/dof_torques_l2,186,-0.004365760367363691,1778918868.6524756
anymal_c_flat,Episode_Reward/dof_torques_l2,187,-0.004035903140902519,1778918869.791952
anymal_c_flat,Episode_Reward/dof_torques_l2,188,-0.004752010572701693,1778918870.93096
anymal_c_flat,Episode_Reward/dof_torques_l2,189,-0.004154964350163937,1778918872.0730162
anymal_c_flat,Episode_Reward/dof_torques_l2,190,-0.004137740470468998,1778918873.2786071
anymal_c_flat,Episode_Reward/dof_torques_l2,191,-0.0038992068730294704,1778918874.399446
anymal_c_flat,Episode_Reward/dof_torques_l2,192,-0.004711775109171867,1778918875.530889
anymal_c_flat,Episode_Reward/dof_torques_l2,193,-0.004048880189657211,1778918876.6643128
anymal_c_flat,Episode_Reward/dof_torques_l2,194,-0.004098896868526936,1778918877.8128614
anymal_c_flat,Episode_Reward/dof_torques_l2,195,-0.004553979262709618,1778918878.9577599
anymal_c_flat,Episode_Reward/dof_torques_l2,196,-0.004329136572778225,1778918880.1151843
anymal_c_flat,Episode_Reward/dof_torques_l2,197,-0.004410265013575554,1778918881.2738216
anymal_c_flat,Episode_Reward/dof_torques_l2,198,-0.003956204280257225,1778918882.4123235
anymal_c_flat,Episode_Reward/dof_torques_l2,199,-0.003630568739026785,1778918883.684986
anymal_c_flat,Episode_Reward/dof_torques_l2,200,-0.004065423738211393,1778918884.8214905
anymal_c_flat,Episode_Reward/dof_torques_l2,201,-0.0040764352306723595,1778918885.9867425
anymal_c_flat,Episode_Reward/dof_torques_l2,202,-0.004085776396095753,1778918887.1119556
anymal_c_flat,Episode_Reward/dof_torques_l2,203,-0.004077371209859848,1778918888.256768
anymal_c_flat,Episode_Reward/dof_torques_l2,204,-0.0039051249623298645,1778918889.4128802
anymal_c_flat,Episode_Reward/dof_torques_l2,205,-0.004353652708232403,1778918890.543621
anymal_c_flat,Episode_Reward/dof_torques_l2,206,-0.004836963955312967,1778918891.682179
anymal_c_flat,Episode_Reward/dof_torques_l2,207,-0.005052916239947081,1778918892.8021123
anymal_c_flat,Episode_Reward/dof_torques_l2,208,-0.004559066612273455,1778918893.938321
anymal_c_flat,Episode_Reward/dof_torques_l2,209,-0.003841255558654666,1778918895.1864295
anymal_c_flat,Episode_Reward/dof_torques_l2,210,-0.003965818788856268,1778918896.3206599
anymal_c_flat,Episode_Reward/dof_torques_l2,211,-0.0042788805440068245,1778918897.4478848
anymal_c_flat,Episode_Reward/dof_torques_l2,212,-0.004078298807144165,1778918898.5885432
anymal_c_flat,Episode_Reward/dof_torques_l2,213,-0.004673980642110109,1778918899.7293663
anymal_c_flat,Episode_Reward/dof_torques_l2,214,-0.004617354832589626,1778918900.868889
anymal_c_flat,Episode_Reward/dof_torques_l2,215,-0.004237553104758263,1778918901.9906828
anymal_c_flat,Episode_Reward/dof_torques_l2,216,-0.004471221007406712,1778918903.1348362
anymal_c_flat,Episode_Reward/dof_torques_l2,217,-0.004111896269023418,1778918904.2602806
anymal_c_flat,Episode_Reward/dof_torques_l2,218,-0.004348961636424065,1778918905.534352
anymal_c_flat,Episode_Reward/dof_torques_l2,219,-0.004081043880432844,1778918906.6645608
anymal_c_flat,Episode_Reward/dof_torques_l2,220,-0.0040637897327542305,1778918907.7993252
anymal_c_flat,Episode_Reward/dof_torques_l2,221,-0.004281678702682257,1778918908.918918
anymal_c_flat,Episode_Reward/dof_torques_l2,222,-0.00408539455384016,1778918910.0776935
anymal_c_flat,Episode_Reward/dof_torques_l2,223,-0.00429883599281311,1778918911.211478
anymal_c_flat,Episode_Reward/dof_torques_l2,224,-0.00394033920019865,1778918912.3552446
anymal_c_flat,Episode_Reward/dof_torques_l2,225,-0.004184763412922621,1778918913.5053353
anymal_c_flat,Episode_Reward/dof_torques_l2,226,-0.003932221792638302,1778918914.6424308
anymal_c_flat,Episode_Reward/dof_torques_l2,227,-0.004220312461256981,1778918915.7801251
anymal_c_flat,Episode_Reward/dof_torques_l2,228,-0.003914130851626396,1778918917.0617533
anymal_c_flat,Episode_Reward/dof_torques_l2,229,-0.004116250667721033,1778918918.1997592
anymal_c_flat,Episode_Reward/dof_torques_l2,230,-0.004182405769824982,1778918919.3445027
anymal_c_flat,Episode_Reward/dof_torques_l2,231,-0.003810108406469226,1778918920.4919305
anymal_c_flat,Episode_Reward/dof_torques_l2,232,-0.0037571843713521957,1778918921.6403883
anymal_c_flat,Episode_Reward/dof_torques_l2,233,-0.004290129989385605,1778918922.775879
anymal_c_flat,Episode_Reward/dof_torques_l2,234,-0.003924592398107052,1778918923.912015
anymal_c_flat,Episode_Reward/dof_torques_l2,235,-0.003731244709342718,1778918925.0706737
anymal_c_flat,Episode_Reward/dof_torques_l2,236,-0.004115873947739601,1778918926.2023127
anymal_c_flat,Episode_Reward/dof_torques_l2,237,-0.004023024346679449,1778918927.452905
anymal_c_flat,Episode_Reward/dof_torques_l2,238,-0.003853494068607688,1778918928.5921364
anymal_c_flat,Episode_Reward/dof_torques_l2,239,-0.004284631460905075,1778918929.7280078
anymal_c_flat,Episode_Reward/dof_torques_l2,240,-0.0042257243767380714,1778918930.873483
anymal_c_flat,Episode_Reward/dof_torques_l2,241,-0.004027716349810362,1778918932.0149891
anymal_c_flat,Episode_Reward/dof_torques_l2,242,-0.004094884265214205,1778918933.1570342
anymal_c_flat,Episode_Reward/dof_torques_l2,243,-0.004211442079395056,1778918934.3023818
anymal_c_flat,Episode_Reward/dof_torques_l2,244,-0.004464035853743553,1778918935.4267821
anymal_c_flat,Episode_Reward/dof_torques_l2,245,-0.004274087958037853,1778918936.5608182
anymal_c_flat,Episode_Reward/dof_torques_l2,246,-0.004222841467708349,1778918937.7088869
anymal_c_flat,Episode_Reward/dof_torques_l2,247,-0.003909045830368996,1778918939.0011837
anymal_c_flat,Episode_Reward/dof_torques_l2,248,-0.004151591099798679,1778918940.1362562
anymal_c_flat,Episode_Reward/dof_torques_l2,249,-0.003757227212190628,1778918941.2699628
anymal_c_flat,Episode_Reward/dof_torques_l2,250,-0.003654679050669074,1778918942.4160616
anymal_c_flat,Episode_Reward/dof_torques_l2,251,-0.004013150464743376,1778918943.5616837
anymal_c_flat,Episode_Reward/dof_torques_l2,252,-0.004215034656226635,1778918944.7012773
anymal_c_flat,Episode_Reward/dof_torques_l2,253,-0.0037493999116122723,1778918945.8379233
anymal_c_flat,Episode_Reward/dof_torques_l2,254,-0.0037376084364950657,1778918946.9702652
anymal_c_flat,Episode_Reward/dof_torques_l2,255,-0.004215296357870102,1778918948.100409
anymal_c_flat,Episode_Reward/dof_torques_l2,256,-0.004477576352655888,1778918949.3825684
anymal_c_flat,Episode_Reward/dof_torques_l2,257,-0.003948374651372433,1778918950.526093
anymal_c_flat,Episode_Reward/dof_torques_l2,258,-0.003808769164606929,1778918951.6662781
anymal_c_flat,Episode_Reward/dof_torques_l2,259,-0.003692285856232047,1778918952.80648
anymal_c_flat,Episode_Reward/dof_torques_l2,260,-0.004018060397356749,1778918953.9539948
anymal_c_flat,Episode_Reward/dof_torques_l2,261,-0.0037909499369561672,1778918955.0842655
anymal_c_flat,Episode_Reward/dof_torques_l2,262,-0.003966955002397299,1778918956.2268062
anymal_c_flat,Episode_Reward/dof_torques_l2,263,-0.0039018343668431044,1778918957.3481236
anymal_c_flat,Episode_Reward/dof_torques_l2,264,-0.0039422111585736275,1778918958.482498
anymal_c_flat,Episode_Reward/dof_torques_l2,265,-0.0037103593349456787,1778918959.607568
anymal_c_flat,Episode_Reward/dof_torques_l2,266,-0.003840405261144042,1778918960.8339543
anymal_c_flat,Episode_Reward/dof_torques_l2,267,-0.004105002619326115,1778918961.9726987
anymal_c_flat,Episode_Reward/dof_torques_l2,268,-0.003722963621839881,1778918963.1142888
anymal_c_flat,Episode_Reward/dof_torques_l2,269,-0.0038620783016085625,1778918964.2480536
anymal_c_flat,Episode_Reward/dof_torques_l2,270,-0.003880744334310293,1778918965.3823419
anymal_c_flat,Episode_Reward/dof_torques_l2,271,-0.003988145850598812,1778918966.5096426
anymal_c_flat,Episode_Reward/dof_torques_l2,272,-0.004000697284936905,1778918967.6431177
anymal_c_flat,Episode_Reward/dof_torques_l2,273,-0.0037679276429116726,1778918968.7763937
anymal_c_flat,Episode_Reward/dof_torques_l2,274,-0.004357603378593922,1778918969.9157372
anymal_c_flat,Episode_Reward/dof_torques_l2,275,-0.004182927310466766,1778918971.1752048
anymal_c_flat,Episode_Reward/dof_torques_l2,276,-0.0037283054552972317,1778918972.3098178
anymal_c_flat,Episode_Reward/dof_torques_l2,277,-0.003919668961316347,1778918973.4311197
anymal_c_flat,Episode_Reward/dof_torques_l2,278,-0.0040646689012646675,1778918974.590843
anymal_c_flat,Episode_Reward/dof_torques_l2,279,-0.003510720795020461,1778918975.7218866
anymal_c_flat,Episode_Reward/dof_torques_l2,280,-0.004113344941288233,1778918976.8533182
anymal_c_flat,Episode_Reward/dof_torques_l2,281,-0.003769822418689728,1778918978.002102
anymal_c_flat,Episode_Reward/dof_torques_l2,282,-0.003829350695014,1778918979.1349285
anymal_c_flat,Episode_Reward/dof_torques_l2,283,-0.004303223453462124,1778918980.2847004
anymal_c_flat,Episode_Reward/dof_torques_l2,284,-0.0040776608511805534,1778918981.4350505
anymal_c_flat,Episode_Reward/dof_torques_l2,285,-0.004182162694633007,1778918982.7275178
anymal_c_flat,Episode_Reward/dof_torques_l2,286,-0.003997744061052799,1778918983.8664057
anymal_c_flat,Episode_Reward/dof_torques_l2,287,-0.0035823273938149214,1778918985.0121477
anymal_c_flat,Episode_Reward/dof_torques_l2,288,-0.003959575667977333,1778918986.1543498
anymal_c_flat,Episode_Reward/dof_torques_l2,289,-0.0036453120410442352,1778918987.291044
anymal_c_flat,Episode_Reward/dof_torques_l2,290,-0.0049338070675730705,1778918988.4214652
anymal_c_flat,Episode_Reward/dof_torques_l2,291,-0.004402332007884979,1778918989.5526438
anymal_c_flat,Episode_Reward/dof_torques_l2,292,-0.004125189036130905,1778918990.68912
anymal_c_flat,Episode_Reward/dof_torques_l2,293,-0.004003737587481737,1778918991.8315563
anymal_c_flat,Episode_Reward/dof_torques_l2,294,-0.0037597548216581345,1778918993.0930672
anymal_c_flat,Episode_Reward/dof_torques_l2,295,-0.003713221987709403,1778918994.2489488
anymal_c_flat,Episode_Reward/dof_torques_l2,296,-0.0038389635737985373,1778918995.398037
anymal_c_flat,Episode_Reward/dof_torques_l2,297,-0.003765096655115485,1778918996.5196755
anymal_c_flat,Episode_Reward/dof_torques_l2,298,-0.004031673073768616,1778918997.644775
anymal_c_flat,Episode_Reward/dof_torques_l2,299,-0.003890441730618477,1778918998.7879663
anymal_c_flat,Episode_Reward/dof_acc_l2,0,0.0,1778918656.2250588
anymal_c_flat,Episode_Reward/dof_acc_l2,1,-0.007006151136010885,1778918657.3793519
anymal_c_flat,Episode_Reward/dof_acc_l2,2,-0.02101845294237137,1778918658.459313
anymal_c_flat,Episode_Reward/dof_acc_l2,3,-0.02101845294237137,1778918659.5432463
anymal_c_flat,Episode_Reward/dof_acc_l2,4,-0.02101845294237137,1778918660.6210096
anymal_c_flat,Episode_Reward/dof_acc_l2,5,-0.024072758853435516,1778918662.1352274
anymal_c_flat,Episode_Reward/dof_acc_l2,6,-0.04545290395617485,1778918663.2246044
anymal_c_flat,Episode_Reward/dof_acc_l2,7,-0.055610910058021545,1778918664.3146973
anymal_c_flat,Episode_Reward/dof_acc_l2,8,-0.05899691581726074,1778918665.3854706
anymal_c_flat,Episode_Reward/dof_acc_l2,9,-0.05899691581726074,1778918666.448596
anymal_c_flat,Episode_Reward/dof_acc_l2,10,-0.07316309213638306,1778918667.5159545
anymal_c_flat,Episode_Reward/dof_acc_l2,11,-0.08328177779912949,1778918668.582774
anymal_c_flat,Episode_Reward/dof_acc_l2,12,-0.08328177779912949,1778918669.6534433
anymal_c_flat,Episode_Reward/dof_acc_l2,13,-0.10534319281578064,1778918670.7384255
anymal_c_flat,Episode_Reward/dof_acc_l2,14,-0.06657972931861877,1778918671.8290286
anymal_c_flat,Episode_Reward/dof_acc_l2,15,-0.06951035559177399,1778918672.9123695
anymal_c_flat,Episode_Reward/dof_acc_l2,16,-0.1554884910583496,1778918674.0001943
anymal_c_flat,Episode_Reward/dof_acc_l2,17,-0.1493624895811081,1778918675.0753963
anymal_c_flat,Episode_Reward/dof_acc_l2,18,-0.1144021674990654,1778918676.183261
anymal_c_flat,Episode_Reward/dof_acc_l2,19,-0.1482270061969757,1778918677.364195
anymal_c_flat,Episode_Reward/dof_acc_l2,20,-0.1403428614139557,1778918678.4382918
anymal_c_flat,Episode_Reward/dof_acc_l2,21,-0.09852433204650879,1778918679.8712409
anymal_c_flat,Episode_Reward/dof_acc_l2,22,-0.12477976083755493,1778918680.9708815
anymal_c_flat,Episode_Reward/dof_acc_l2,23,-0.04777894541621208,1778918682.0846262
anymal_c_flat,Episode_Reward/dof_acc_l2,24,-0.04033995792269707,1778918683.1698008
anymal_c_flat,Episode_Reward/dof_acc_l2,25,-0.028474844992160797,1778918684.268603
anymal_c_flat,Episode_Reward/dof_acc_l2,26,-0.05086873471736908,1778918685.3667774
anymal_c_flat,Episode_Reward/dof_acc_l2,27,-0.038119010627269745,1778918686.4722922
anymal_c_flat,Episode_Reward/dof_acc_l2,28,-0.029176171869039536,1778918687.7065656
anymal_c_flat,Episode_Reward/dof_acc_l2,29,-0.028799204155802727,1778918688.8105245
anymal_c_flat,Episode_Reward/dof_acc_l2,30,-0.03308553248643875,1778918689.9376178
anymal_c_flat,Episode_Reward/dof_acc_l2,31,-0.026325887069106102,1778918691.0521176
anymal_c_flat,Episode_Reward/dof_acc_l2,32,-0.023372486233711243,1778918692.1537516
anymal_c_flat,Episode_Reward/dof_acc_l2,33,-0.03056555986404419,1778918693.2714233
anymal_c_flat,Episode_Reward/dof_acc_l2,34,-0.026741376146674156,1778918694.3809803
anymal_c_flat,Episode_Reward/dof_acc_l2,35,-0.026532277464866638,1778918695.48959
anymal_c_flat,Episode_Reward/dof_acc_l2,36,-0.02333582006394863,1778918696.6298308
anymal_c_flat,Episode_Reward/dof_acc_l2,37,-0.028192568570375443,1778918697.7408307
anymal_c_flat,Episode_Reward/dof_acc_l2,38,-0.023462839424610138,1778918698.9892273
anymal_c_flat,Episode_Reward/dof_acc_l2,39,-0.028546860441565514,1778918700.106038
anymal_c_flat,Episode_Reward/dof_acc_l2,40,-0.02160043641924858,1778918701.2259085
anymal_c_flat,Episode_Reward/dof_acc_l2,41,-0.02676880918443203,1778918702.341208
anymal_c_flat,Episode_Reward/dof_acc_l2,42,-0.02495516836643219,1778918703.4549985
anymal_c_flat,Episode_Reward/dof_acc_l2,43,-0.017463751137256622,1778918704.5824156
anymal_c_flat,Episode_Reward/dof_acc_l2,44,-0.022866850718855858,1778918705.7130156
anymal_c_flat,Episode_Reward/dof_acc_l2,45,-0.022544292733073235,1778918706.8335323
anymal_c_flat,Episode_Reward/dof_acc_l2,46,-0.019453665241599083,1778918707.958226
anymal_c_flat,Episode_Reward/dof_acc_l2,47,-0.020416032522916794,1778918709.1871266
anymal_c_flat,Episode_Reward/dof_acc_l2,48,-0.01996001973748207,1778918710.3213005
anymal_c_flat,Episode_Reward/dof_acc_l2,49,-0.018636515364050865,1778918711.4484324
anymal_c_flat,Episode_Reward/dof_acc_l2,50,-0.019365951418876648,1778918712.5628135
anymal_c_flat,Episode_Reward/dof_acc_l2,51,-0.018446944653987885,1778918713.700316
anymal_c_flat,Episode_Reward/dof_acc_l2,52,-0.01863374561071396,1778918714.835298
anymal_c_flat,Episode_Reward/dof_acc_l2,53,-0.025506502017378807,1778918715.9646943
anymal_c_flat,Episode_Reward/dof_acc_l2,54,-0.019817424938082695,1778918717.1034377
anymal_c_flat,Episode_Reward/dof_acc_l2,55,-0.017048535868525505,1778918718.2327201
anymal_c_flat,Episode_Reward/dof_acc_l2,56,-0.016042014583945274,1778918719.3760846
anymal_c_flat,Episode_Reward/dof_acc_l2,57,-0.018384074792265892,1778918720.6120164
anymal_c_flat,Episode_Reward/dof_acc_l2,58,-0.01687266118824482,1778918721.759524
anymal_c_flat,Episode_Reward/dof_acc_l2,59,-0.014253219589591026,1778918722.904097
anymal_c_flat,Episode_Reward/dof_acc_l2,60,-0.01796352118253708,1778918724.0351877
anymal_c_flat,Episode_Reward/dof_acc_l2,61,-0.016544092446565628,1778918725.212645
anymal_c_flat,Episode_Reward/dof_acc_l2,62,-0.02189353108406067,1778918726.3386762
anymal_c_flat,Episode_Reward/dof_acc_l2,63,-0.016246173530817032,1778918727.4664927
anymal_c_flat,Episode_Reward/dof_acc_l2,64,-0.020307179540395737,1778918728.5872462
anymal_c_flat,Episode_Reward/dof_acc_l2,65,-0.017224274575710297,1778918729.7249107
anymal_c_flat,Episode_Reward/dof_acc_l2,66,-0.016149120405316353,1778918730.9844081
anymal_c_flat,Episode_Reward/dof_acc_l2,67,-0.02002759277820587,1778918732.1087675
anymal_c_flat,Episode_Reward/dof_acc_l2,68,-0.014984801411628723,1778918733.2507606
anymal_c_flat,Episode_Reward/dof_acc_l2,69,-0.017867974936962128,1778918734.3792305
anymal_c_flat,Episode_Reward/dof_acc_l2,70,-0.021406710147857666,1778918735.516639
anymal_c_flat,Episode_Reward/dof_acc_l2,71,-0.014961066655814648,1778918736.6675925
anymal_c_flat,Episode_Reward/dof_acc_l2,72,-0.016056498512625694,1778918737.7963903
anymal_c_flat,Episode_Reward/dof_acc_l2,73,-0.016772888600826263,1778918738.9182034
anymal_c_flat,Episode_Reward/dof_acc_l2,74,-0.017037976533174515,1778918740.0484352
anymal_c_flat,Episode_Reward/dof_acc_l2,75,-0.016519274562597275,1778918741.1862507
anymal_c_flat,Episode_Reward/dof_acc_l2,76,-0.016433199867606163,1778918742.4711428
anymal_c_flat,Episode_Reward/dof_acc_l2,77,-0.015810830518603325,1778918743.6166415
anymal_c_flat,Episode_Reward/dof_acc_l2,78,-0.015379819087684155,1778918744.743721
anymal_c_flat,Episode_Reward/dof_acc_l2,79,-0.014466730877757072,1778918745.8908942
anymal_c_flat,Episode_Reward/dof_acc_l2,80,-0.019233398139476776,1778918747.0343373
anymal_c_flat,Episode_Reward/dof_acc_l2,81,-0.016510222107172012,1778918748.1749911
anymal_c_flat,Episode_Reward/dof_acc_l2,82,-0.01401902362704277,1778918749.3114288
anymal_c_flat,Episode_Reward/dof_acc_l2,83,-0.01732921600341797,1778918750.4516356
anymal_c_flat,Episode_Reward/dof_acc_l2,84,-0.018018944188952446,1778918751.5814543
anymal_c_flat,Episode_Reward/dof_acc_l2,85,-0.01226898469030857,1778918752.8861058
anymal_c_flat,Episode_Reward/dof_acc_l2,86,-0.01637846790254116,1778918754.0418603
anymal_c_flat,Episode_Reward/dof_acc_l2,87,-0.015770599246025085,1778918755.17125
anymal_c_flat,Episode_Reward/dof_acc_l2,88,-0.013284632936120033,1778918756.288251
anymal_c_flat,Episode_Reward/dof_acc_l2,89,-0.01326085440814495,1778918757.4280508
anymal_c_flat,Episode_Reward/dof_acc_l2,90,-0.015568731352686882,1778918758.5737665
anymal_c_flat,Episode_Reward/dof_acc_l2,91,-0.014775390736758709,1778918759.731668
anymal_c_flat,Episode_Reward/dof_acc_l2,92,-0.012400983832776546,1778918760.874787
anymal_c_flat,Episode_Reward/dof_acc_l2,93,-0.014439328573644161,1778918762.0192778
anymal_c_flat,Episode_Reward/dof_acc_l2,94,-0.015199363231658936,1778918763.1535554
anymal_c_flat,Episode_Reward/dof_acc_l2,95,-0.013378527015447617,1778918764.3464487
anymal_c_flat,Episode_Reward/dof_acc_l2,96,-0.015614348463714123,1778918765.4866128
anymal_c_flat,Episode_Reward/dof_acc_l2,97,-0.012338092550635338,1778918766.6350083
anymal_c_flat,Episode_Reward/dof_acc_l2,98,-0.013810520991683006,1778918767.7811105
anymal_c_flat,Episode_Reward/dof_acc_l2,99,-0.016383353620767593,1778918768.9199657
anymal_c_flat,Episode_Reward/dof_acc_l2,100,-0.016522139310836792,1778918770.069668
anymal_c_flat,Episode_Reward/dof_acc_l2,101,-0.013988877646625042,1778918771.2017043
anymal_c_flat,Episode_Reward/dof_acc_l2,102,-0.01145925372838974,1778918772.3438468
anymal_c_flat,Episode_Reward/dof_acc_l2,103,-0.01390758715569973,1778918773.4792967
anymal_c_flat,Episode_Reward/dof_acc_l2,104,-0.014368771575391293,1778918774.7343228
anymal_c_flat,Episode_Reward/dof_acc_l2,105,-0.015194367617368698,1778918775.8636901
anymal_c_flat,Episode_Reward/dof_acc_l2,106,-0.012940171174705029,1778918777.0065682
anymal_c_flat,Episode_Reward/dof_acc_l2,107,-0.0176108218729496,1778918778.1402757
anymal_c_flat,Episode_Reward/dof_acc_l2,108,-0.014872295781970024,1778918779.2770536
anymal_c_flat,Episode_Reward/dof_acc_l2,109,-0.015228006057441235,1778918780.3994756
anymal_c_flat,Episode_Reward/dof_acc_l2,110,-0.013291602954268456,1778918781.5411446
anymal_c_flat,Episode_Reward/dof_acc_l2,111,-0.014396837912499905,1778918782.6634192
anymal_c_flat,Episode_Reward/dof_acc_l2,112,-0.015797926113009453,1778918783.790947
anymal_c_flat,Episode_Reward/dof_acc_l2,113,-0.01727338507771492,1778918784.9417138
anymal_c_flat,Episode_Reward/dof_acc_l2,114,-0.013405347242951393,1778918786.2007198
anymal_c_flat,Episode_Reward/dof_acc_l2,115,-0.015940748155117035,1778918787.342155
anymal_c_flat,Episode_Reward/dof_acc_l2,116,-0.014440638944506645,1778918788.4932857
anymal_c_flat,Episode_Reward/dof_acc_l2,117,-0.01737266033887863,1778918789.6315174
anymal_c_flat,Episode_Reward/dof_acc_l2,118,-0.012140391394495964,1778918790.7925458
anymal_c_flat,Episode_Reward/dof_acc_l2,119,-0.0163267869502306,1778918791.941244
anymal_c_flat,Episode_Reward/dof_acc_l2,120,-0.011048082262277603,1778918793.0893779
anymal_c_flat,Episode_Reward/dof_acc_l2,121,-0.015782635658979416,1778918794.231918
anymal_c_flat,Episode_Reward/dof_acc_l2,122,-0.01372941117733717,1778918795.368834
anymal_c_flat,Episode_Reward/dof_acc_l2,123,-0.012189581990242004,1778918796.6248913
anymal_c_flat,Episode_Reward/dof_acc_l2,124,-0.014561551623046398,1778918797.7802958
anymal_c_flat,Episode_Reward/dof_acc_l2,125,-0.015247166156768799,1778918798.8983393
anymal_c_flat,Episode_Reward/dof_acc_l2,126,-0.011954634450376034,1778918800.036166
anymal_c_flat,Episode_Reward/dof_acc_l2,127,-0.01112161111086607,1778918801.1733189
anymal_c_flat,Episode_Reward/dof_acc_l2,128,-0.01499327551573515,1778918802.3169432
anymal_c_flat,Episode_Reward/dof_acc_l2,129,-0.016573788598179817,1778918803.467995
anymal_c_flat,Episode_Reward/dof_acc_l2,130,-0.013366920873522758,1778918804.5952694
anymal_c_flat,Episode_Reward/dof_acc_l2,131,-0.015617568045854568,1778918805.7546432
anymal_c_flat,Episode_Reward/dof_acc_l2,132,-0.01257021352648735,1778918806.9209752
anymal_c_flat,Episode_Reward/dof_acc_l2,133,-0.015713635832071304,1778918808.0660434
anymal_c_flat,Episode_Reward/dof_acc_l2,134,-0.01437097042798996,1778918809.182086
anymal_c_flat,Episode_Reward/dof_acc_l2,135,-0.012956647202372551,1778918810.3196907
anymal_c_flat,Episode_Reward/dof_acc_l2,136,-0.013754505664110184,1778918811.451605
anymal_c_flat,Episode_Reward/dof_acc_l2,137,-0.01489267498254776,1778918812.5887914
anymal_c_flat,Episode_Reward/dof_acc_l2,138,-0.011316679418087006,1778918813.743784
anymal_c_flat,Episode_Reward/dof_acc_l2,139,-0.01335647702217102,1778918814.8778725
anymal_c_flat,Episode_Reward/dof_acc_l2,140,-0.01712505891919136,1778918815.9892287
anymal_c_flat,Episode_Reward/dof_acc_l2,141,-0.013362661004066467,1778918817.1213632
anymal_c_flat,Episode_Reward/dof_acc_l2,142,-0.010957377962768078,1778918818.3771224
anymal_c_flat,Episode_Reward/dof_acc_l2,143,-0.0160645954310894,1778918819.5113032
anymal_c_flat,Episode_Reward/dof_acc_l2,144,-0.014091521501541138,1778918820.639868
anymal_c_flat,Episode_Reward/dof_acc_l2,145,-0.012457593344151974,1778918821.7866476
anymal_c_flat,Episode_Reward/dof_acc_l2,146,-0.014566699042916298,1778918822.901878
anymal_c_flat,Episode_Reward/dof_acc_l2,147,-0.014060309156775475,1778918824.0519006
anymal_c_flat,Episode_Reward/dof_acc_l2,148,-0.01388993114233017,1778918825.194517
anymal_c_flat,Episode_Reward/dof_acc_l2,149,-0.014732680283486843,1778918826.3169188
anymal_c_flat,Episode_Reward/dof_acc_l2,150,-0.015159908682107925,1778918827.4434729
anymal_c_flat,Episode_Reward/dof_acc_l2,151,-0.014321252703666687,1778918828.5976593
anymal_c_flat,Episode_Reward/dof_acc_l2,152,-0.01577461138367653,1778918829.7938116
anymal_c_flat,Episode_Reward/dof_acc_l2,153,-0.013713113963603973,1778918830.9348905
anymal_c_flat,Episode_Reward/dof_acc_l2,154,-0.011524411849677563,1778918832.071628
anymal_c_flat,Episode_Reward/dof_acc_l2,155,-0.013644643127918243,1778918833.2066417
anymal_c_flat,Episode_Reward/dof_acc_l2,156,-0.01473225187510252,1778918834.3370147
anymal_c_flat,Episode_Reward/dof_acc_l2,157,-0.011216777376830578,1778918835.4632165
anymal_c_flat,Episode_Reward/dof_acc_l2,158,-0.013619691133499146,1778918836.5897055
anymal_c_flat,Episode_Reward/dof_acc_l2,159,-0.01649380289018154,1778918837.699458
anymal_c_flat,Episode_Reward/dof_acc_l2,160,-0.01199821662157774,1778918838.8405406
anymal_c_flat,Episode_Reward/dof_acc_l2,161,-0.013320504687726498,1778918840.0374384
anymal_c_flat,Episode_Reward/dof_acc_l2,162,-0.013273471966385841,1778918841.178738
anymal_c_flat,Episode_Reward/dof_acc_l2,163,-0.011891854926943779,1778918842.3226216
anymal_c_flat,Episode_Reward/dof_acc_l2,164,-0.012278657406568527,1778918843.4748764
anymal_c_flat,Episode_Reward/dof_acc_l2,165,-0.01343320868909359,1778918844.6066222
anymal_c_flat,Episode_Reward/dof_acc_l2,166,-0.013252269476652145,1778918845.7507892
anymal_c_flat,Episode_Reward/dof_acc_l2,167,-0.011968165636062622,1778918846.8734996
anymal_c_flat,Episode_Reward/dof_acc_l2,168,-0.013127749785780907,1778918848.0127714
anymal_c_flat,Episode_Reward/dof_acc_l2,169,-0.012577923946082592,1778918849.132119
anymal_c_flat,Episode_Reward/dof_acc_l2,170,-0.014407727867364883,1778918850.2850122
anymal_c_flat,Episode_Reward/dof_acc_l2,171,-0.013717537745833397,1778918851.5097888
anymal_c_flat,Episode_Reward/dof_acc_l2,172,-0.013423144817352295,1778918852.6629488
anymal_c_flat,Episode_Reward/dof_acc_l2,173,-0.013109022751450539,1778918853.8153567
anymal_c_flat,Episode_Reward/dof_acc_l2,174,-0.012729900889098644,1778918854.941254
anymal_c_flat,Episode_Reward/dof_acc_l2,175,-0.015823012217879295,1778918856.0754015
anymal_c_flat,Episode_Reward/dof_acc_l2,176,-0.012803151272237301,1778918857.2160275
anymal_c_flat,Episode_Reward/dof_acc_l2,177,-0.011405451223254204,1778918858.3492713
anymal_c_flat,Episode_Reward/dof_acc_l2,178,-0.013366444036364555,1778918859.5027483
anymal_c_flat,Episode_Reward/dof_acc_l2,179,-0.013808593153953552,1778918860.6336524
anymal_c_flat,Episode_Reward/dof_acc_l2,180,-0.011543864384293556,1778918861.8406417
anymal_c_flat,Episode_Reward/dof_acc_l2,181,-0.013908199965953827,1778918862.964674
anymal_c_flat,Episode_Reward/dof_acc_l2,182,-0.013797941617667675,1778918864.1044424
anymal_c_flat,Episode_Reward/dof_acc_l2,183,-0.01317312940955162,1778918865.2391598
anymal_c_flat,Episode_Reward/dof_acc_l2,184,-0.012617471627891064,1778918866.375058
anymal_c_flat,Episode_Reward/dof_acc_l2,185,-0.013111717067658901,1778918867.525819
anymal_c_flat,Episode_Reward/dof_acc_l2,186,-0.013934317044913769,1778918868.6529799
anymal_c_flat,Episode_Reward/dof_acc_l2,187,-0.011638547293841839,1778918869.7924335
anymal_c_flat,Episode_Reward/dof_acc_l2,188,-0.01315280795097351,1778918870.9314587
anymal_c_flat,Episode_Reward/dof_acc_l2,189,-0.010604768991470337,1778918872.0735283
anymal_c_flat,Episode_Reward/dof_acc_l2,190,-0.01002271007746458,1778918873.2790961
anymal_c_flat,Episode_Reward/dof_acc_l2,191,-0.01123533584177494,1778918874.3999622
anymal_c_flat,Episode_Reward/dof_acc_l2,192,-0.011006025597453117,1778918875.5314062
anymal_c_flat,Episode_Reward/dof_acc_l2,193,-0.011871051043272018,1778918876.6649368
anymal_c_flat,Episode_Reward/dof_acc_l2,194,-0.010259365662932396,1778918877.813419
anymal_c_flat,Episode_Reward/dof_acc_l2,195,-0.012647724710404873,1778918878.9583883
anymal_c_flat,Episode_Reward/dof_acc_l2,196,-0.01064209919422865,1778918880.115747
anymal_c_flat,Episode_Reward/dof_acc_l2,197,-0.010834373533725739,1778918881.2743115
anymal_c_flat,Episode_Reward/dof_acc_l2,198,-0.01087241992354393,1778918882.4128428
anymal_c_flat,Episode_Reward/dof_acc_l2,199,-0.011589503847062588,1778918883.6855195
anymal_c_flat,Episode_Reward/dof_acc_l2,200,-0.010918359272181988,1778918884.822004
anymal_c_flat,Episode_Reward/dof_acc_l2,201,-0.011955092661082745,1778918885.987265
anymal_c_flat,Episode_Reward/dof_acc_l2,202,-0.01161232404410839,1778918887.1124477
anymal_c_flat,Episode_Reward/dof_acc_l2,203,-0.010535033419728279,1778918888.257424
anymal_c_flat,Episode_Reward/dof_acc_l2,204,-0.011290322057902813,1778918889.4135535
anymal_c_flat,Episode_Reward/dof_acc_l2,205,-0.013647837564349174,1778918890.544119
anymal_c_flat,Episode_Reward/dof_acc_l2,206,-0.012633847072720528,1778918891.6827579
anymal_c_flat,Episode_Reward/dof_acc_l2,207,-0.013546264730393887,1778918892.8026469
anymal_c_flat,Episode_Reward/dof_acc_l2,208,-0.013906395062804222,1778918893.9388866
anymal_c_flat,Episode_Reward/dof_acc_l2,209,-0.010290844365954399,1778918895.18703
anymal_c_flat,Episode_Reward/dof_acc_l2,210,-0.009540093131363392,1778918896.3211386
anymal_c_flat,Episode_Reward/dof_acc_l2,211,-0.012268077582120895,1778918897.4483707
anymal_c_flat,Episode_Reward/dof_acc_l2,212,-0.013220074586570263,1778918898.589076
anymal_c_flat,Episode_Reward/dof_acc_l2,213,-0.011797146871685982,1778918899.7299225
anymal_c_flat,Episode_Reward/dof_acc_l2,214,-0.011798955500125885,1778918900.869452
anymal_c_flat,Episode_Reward/dof_acc_l2,215,-0.013950459659099579,1778918901.9912195
anymal_c_flat,Episode_Reward/dof_acc_l2,216,-0.013860638253390789,1778918903.1353507
anymal_c_flat,Episode_Reward/dof_acc_l2,217,-0.012822452001273632,1778918904.2608464
anymal_c_flat,Episode_Reward/dof_acc_l2,218,-0.01227546762675047,1778918905.5349736
anymal_c_flat,Episode_Reward/dof_acc_l2,219,-0.011275963857769966,1778918906.6651242
anymal_c_flat,Episode_Reward/dof_acc_l2,220,-0.012589817866683006,1778918907.7998781
anymal_c_flat,Episode_Reward/dof_acc_l2,221,-0.013072572648525238,1778918908.9194343
anymal_c_flat,Episode_Reward/dof_acc_l2,222,-0.011878885328769684,1778918910.0783455
anymal_c_flat,Episode_Reward/dof_acc_l2,223,-0.011614828370511532,1778918911.2120395
anymal_c_flat,Episode_Reward/dof_acc_l2,224,-0.01084655337035656,1778918912.3557723
anymal_c_flat,Episode_Reward/dof_acc_l2,225,-0.009723681956529617,1778918913.505948
anymal_c_flat,Episode_Reward/dof_acc_l2,226,-0.012796131893992424,1778918914.6429756
anymal_c_flat,Episode_Reward/dof_acc_l2,227,-0.010933712124824524,1778918915.780724
anymal_c_flat,Episode_Reward/dof_acc_l2,228,-0.009275516495108604,1778918917.062285
anymal_c_flat,Episode_Reward/dof_acc_l2,229,-0.012103105895221233,1778918918.2003686
anymal_c_flat,Episode_Reward/dof_acc_l2,230,-0.011190464720129967,1778918919.3450286
anymal_c_flat,Episode_Reward/dof_acc_l2,231,-0.01162675954401493,1778918920.4924617
anymal_c_flat,Episode_Reward/dof_acc_l2,232,-0.01087396964430809,1778918921.640915
anymal_c_flat,Episode_Reward/dof_acc_l2,233,-0.010988621972501278,1778918922.7764015
anymal_c_flat,Episode_Reward/dof_acc_l2,234,-0.010964900255203247,1778918923.9125562
anymal_c_flat,Episode_Reward/dof_acc_l2,235,-0.010767621919512749,1778918925.0713482
anymal_c_flat,Episode_Reward/dof_acc_l2,236,-0.011068776249885559,1778918926.2028897
anymal_c_flat,Episode_Reward/dof_acc_l2,237,-0.011023822240531445,1778918927.4534144
anymal_c_flat,Episode_Reward/dof_acc_l2,238,-0.010571449063718319,1778918928.5927033
anymal_c_flat,Episode_Reward/dof_acc_l2,239,-0.012562423013150692,1778918929.7285192
anymal_c_flat,Episode_Reward/dof_acc_l2,240,-0.011439358815550804,1778918930.8740416
anymal_c_flat,Episode_Reward/dof_acc_l2,241,-0.009430533275008202,1778918932.015517
anymal_c_flat,Episode_Reward/dof_acc_l2,242,-0.009485374204814434,1778918933.1575978
anymal_c_flat,Episode_Reward/dof_acc_l2,243,-0.011710574850440025,1778918934.3029163
anymal_c_flat,Episode_Reward/dof_acc_l2,244,-0.00984180811792612,1778918935.427403
anymal_c_flat,Episode_Reward/dof_acc_l2,245,-0.009934240952134132,1778918936.5613322
anymal_c_flat,Episode_Reward/dof_acc_l2,246,-0.010673344135284424,1778918937.7094028
anymal_c_flat,Episode_Reward/dof_acc_l2,247,-0.010121267288923264,1778918939.0017512
anymal_c_flat,Episode_Reward/dof_acc_l2,248,-0.010480943135917187,1778918940.1367764
anymal_c_flat,Episode_Reward/dof_acc_l2,249,-0.012108005583286285,1778918941.2705157
anymal_c_flat,Episode_Reward/dof_acc_l2,250,-0.010347859002649784,1778918942.4165435
anymal_c_flat,Episode_Reward/dof_acc_l2,251,-0.010399069637060165,1778918943.5622087
anymal_c_flat,Episode_Reward/dof_acc_l2,252,-0.01041730772703886,1778918944.7018044
anymal_c_flat,Episode_Reward/dof_acc_l2,253,-0.009888797998428345,1778918945.8385174
anymal_c_flat,Episode_Reward/dof_acc_l2,254,-0.009145848453044891,1778918946.9708393
anymal_c_flat,Episode_Reward/dof_acc_l2,255,-0.009923342615365982,1778918948.100944
anymal_c_flat,Episode_Reward/dof_acc_l2,256,-0.01038940530270338,1778918949.383112
anymal_c_flat,Episode_Reward/dof_acc_l2,257,-0.010150851681828499,1778918950.5266185
anymal_c_flat,Episode_Reward/dof_acc_l2,258,-0.01184733584523201,1778918951.6669025
anymal_c_flat,Episode_Reward/dof_acc_l2,259,-0.009236511774361134,1778918952.8070397
anymal_c_flat,Episode_Reward/dof_acc_l2,260,-0.010439453646540642,1778918953.9544847
anymal_c_flat,Episode_Reward/dof_acc_l2,261,-0.010289343073964119,1778918955.0848253
anymal_c_flat,Episode_Reward/dof_acc_l2,262,-0.010338760912418365,1778918956.2273335
anymal_c_flat,Episode_Reward/dof_acc_l2,263,-0.009898805059492588,1778918957.348632
anymal_c_flat,Episode_Reward/dof_acc_l2,264,-0.010524848476052284,1778918958.4830415
anymal_c_flat,Episode_Reward/dof_acc_l2,265,-0.010906125418841839,1778918959.6081433
anymal_c_flat,Episode_Reward/dof_acc_l2,266,-0.010640598833560944,1778918960.834509
anymal_c_flat,Episode_Reward/dof_acc_l2,267,-0.012602432630956173,1778918961.9732168
anymal_c_flat,Episode_Reward/dof_acc_l2,268,-0.010100866667926311,1778918963.1148562
anymal_c_flat,Episode_Reward/dof_acc_l2,269,-0.0117372190579772,1778918964.2486231
anymal_c_flat,Episode_Reward/dof_acc_l2,270,-0.010516732931137085,1778918965.3829002
anymal_c_flat,Episode_Reward/dof_acc_l2,271,-0.01039602980017662,1778918966.5101256
anymal_c_flat,Episode_Reward/dof_acc_l2,272,-0.010279960930347443,1778918967.6437407
anymal_c_flat,Episode_Reward/dof_acc_l2,273,-0.009598048403859138,1778918968.7769556
anymal_c_flat,Episode_Reward/dof_acc_l2,274,-0.01073632575571537,1778918969.9162495
anymal_c_flat,Episode_Reward/dof_acc_l2,275,-0.01191483624279499,1778918971.1757464
anymal_c_flat,Episode_Reward/dof_acc_l2,276,-0.009338200092315674,1778918972.3104336
anymal_c_flat,Episode_Reward/dof_acc_l2,277,-0.009930508211255074,1778918973.4317386
anymal_c_flat,Episode_Reward/dof_acc_l2,278,-0.009867015294730663,1778918974.5915246
anymal_c_flat,Episode_Reward/dof_acc_l2,279,-0.010503804311156273,1778918975.7224216
anymal_c_flat,Episode_Reward/dof_acc_l2,280,-0.011523591354489326,1778918976.8538501
anymal_c_flat,Episode_Reward/dof_acc_l2,281,-0.010646840557456017,1778918978.0027559
anymal_c_flat,Episode_Reward/dof_acc_l2,282,-0.011389820836484432,1778918979.1354535
anymal_c_flat,Episode_Reward/dof_acc_l2,283,-0.010565238073468208,1778918980.2852378
anymal_c_flat,Episode_Reward/dof_acc_l2,284,-0.010092491284012794,1778918981.435603
anymal_c_flat,Episode_Reward/dof_acc_l2,285,-0.011336401104927063,1778918982.7280412
anymal_c_flat,Episode_Reward/dof_acc_l2,286,-0.009965498000383377,1778918983.8669577
anymal_c_flat,Episode_Reward/dof_acc_l2,287,-0.011667998507618904,1778918985.0126815
anymal_c_flat,Episode_Reward/dof_acc_l2,288,-0.009644588455557823,1778918986.1549304
anymal_c_flat,Episode_Reward/dof_acc_l2,289,-0.009715456515550613,1778918987.2915518
anymal_c_flat,Episode_Reward/dof_acc_l2,290,-0.012381287291646004,1778918988.422009
anymal_c_flat,Episode_Reward/dof_acc_l2,291,-0.012215869501233101,1778918989.5531778
anymal_c_flat,Episode_Reward/dof_acc_l2,292,-0.011266815476119518,1778918990.6896453
anymal_c_flat,Episode_Reward/dof_acc_l2,293,-0.012407347559928894,1778918991.8321116
anymal_c_flat,Episode_Reward/dof_acc_l2,294,-0.00992152001708746,1778918993.0935652
anymal_c_flat,Episode_Reward/dof_acc_l2,295,-0.009628623723983765,1778918994.249555
anymal_c_flat,Episode_Reward/dof_acc_l2,296,-0.008421726524829865,1778918995.3985963
anymal_c_flat,Episode_Reward/dof_acc_l2,297,-0.009015053510665894,1778918996.5201988
anymal_c_flat,Episode_Reward/dof_acc_l2,298,-0.012005230411887169,1778918997.6454494
anymal_c_flat,Episode_Reward/dof_acc_l2,299,-0.009984854608774185,1778918998.7885494
anymal_c_flat,Episode_Reward/action_rate_l2,0,0.0,1778918656.2255604
anymal_c_flat,Episode_Reward/action_rate_l2,1,-0.003355439519509673,1778918657.3799005
anymal_c_flat,Episode_Reward/action_rate_l2,2,-0.010066318325698376,1778918658.4598272
anymal_c_flat,Episode_Reward/action_rate_l2,3,-0.010066318325698376,1778918659.543885
anymal_c_flat,Episode_Reward/action_rate_l2,4,-0.010066318325698376,1778918660.6215274
anymal_c_flat,Episode_Reward/action_rate_l2,5,-0.013026127591729164,1778918662.135717
anymal_c_flat,Episode_Reward/action_rate_l2,6,-0.03374478220939636,1778918663.225073
anymal_c_flat,Episode_Reward/action_rate_l2,7,-0.040761515498161316,1778918664.3151534
anymal_c_flat,Episode_Reward/action_rate_l2,8,-0.04310042783617973,1778918665.3859613
anymal_c_flat,Episode_Reward/action_rate_l2,9,-0.04310042783617973,1778918666.4490888
anymal_c_flat,Episode_Reward/action_rate_l2,10,-0.053318899124860764,1778918667.5164165
anymal_c_flat,Episode_Reward/action_rate_l2,11,-0.06061781570315361,1778918668.583252
anymal_c_flat,Episode_Reward/action_rate_l2,12,-0.06061781570315361,1778918669.6539536
anymal_c_flat,Episode_Reward/action_rate_l2,13,-0.07237853109836578,1778918670.7389746
anymal_c_flat,Episode_Reward/action_rate_l2,14,-0.04657786712050438,1778918671.8295226
anymal_c_flat,Episode_Reward/action_rate_l2,15,-0.04358114302158356,1778918672.9128616
anymal_c_flat,Episode_Reward/action_rate_l2,16,-0.09193636476993561,1778918674.0008252
anymal_c_flat,Episode_Reward/action_rate_l2,17,-0.1004612073302269,1778918675.0759075
anymal_c_flat,Episode_Reward/action_rate_l2,18,-0.07658743113279343,1778918676.183813
anymal_c_flat,Episode_Reward/action_rate_l2,19,-0.10161666572093964,1778918677.3647027
anymal_c_flat,Episode_Reward/action_rate_l2,20,-0.082992784678936,1778918678.4387915
anymal_c_flat,Episode_Reward/action_rate_l2,21,-0.058869507163763046,1778918679.8717752
anymal_c_flat,Episode_Reward/action_rate_l2,22,-0.07137563824653625,1778918680.9713707
anymal_c_flat,Episode_Reward/action_rate_l2,23,-0.019813457503914833,1778918682.0851812
anymal_c_flat,Episode_Reward/action_rate_l2,24,-0.01840975694358349,1778918683.1702864
anymal_c_flat,Episode_Reward/action_rate_l2,25,-0.013184687122702599,1778918684.2691123
anymal_c_flat,Episode_Reward/action_rate_l2,26,-0.023939959704875946,1778918685.3672538
anymal_c_flat,Episode_Reward/action_rate_l2,27,-0.014120509847998619,1778918686.4728405
anymal_c_flat,Episode_Reward/action_rate_l2,28,-0.009738780558109283,1778918687.7070577
anymal_c_flat,Episode_Reward/action_rate_l2,29,-0.01051561813801527,1778918688.811052
anymal_c_flat,Episode_Reward/action_rate_l2,30,-0.010690076276659966,1778918689.9381073
anymal_c_flat,Episode_Reward/action_rate_l2,31,-0.010355941951274872,1778918691.052616
anymal_c_flat,Episode_Reward/action_rate_l2,32,-0.008850252255797386,1778918692.154272
anymal_c_flat,Episode_Reward/action_rate_l2,33,-0.011278139427304268,1778918693.2719593
anymal_c_flat,Episode_Reward/action_rate_l2,34,-0.010025318711996078,1778918694.381474
anymal_c_flat,Episode_Reward/action_rate_l2,35,-0.010883382521569729,1778918695.490262
anymal_c_flat,Episode_Reward/action_rate_l2,36,-0.008601970039308071,1778918696.6303573
anymal_c_flat,Episode_Reward/action_rate_l2,37,-0.009353257715702057,1778918697.7413123
anymal_c_flat,Episode_Reward/action_rate_l2,38,-0.0089576356112957,1778918698.989759
anymal_c_flat,Episode_Reward/action_rate_l2,39,-0.009345286525785923,1778918700.1065333
anymal_c_flat,Episode_Reward/action_rate_l2,40,-0.006741344928741455,1778918701.2264276
anymal_c_flat,Episode_Reward/action_rate_l2,41,-0.007961280643939972,1778918702.3417335
anymal_c_flat,Episode_Reward/action_rate_l2,42,-0.007661944255232811,1778918703.4556005
anymal_c_flat,Episode_Reward/action_rate_l2,43,-0.0060239145532250404,1778918704.582931
anymal_c_flat,Episode_Reward/action_rate_l2,44,-0.007370568811893463,1778918705.7136257
anymal_c_flat,Episode_Reward/action_rate_l2,45,-0.00727949570864439,1778918706.8340533
anymal_c_flat,Episode_Reward/action_rate_l2,46,-0.0062282877042889595,1778918707.9588475
anymal_c_flat,Episode_Reward/action_rate_l2,47,-0.0066506462171673775,1778918709.1876483
anymal_c_flat,Episode_Reward/action_rate_l2,48,-0.006072001066058874,1778918710.3218205
anymal_c_flat,Episode_Reward/action_rate_l2,49,-0.005571951158344746,1778918711.4489596
anymal_c_flat,Episode_Reward/action_rate_l2,50,-0.0066459206864237785,1778918712.5633235
anymal_c_flat,Episode_Reward/action_rate_l2,51,-0.0053182123228907585,1778918713.700817
anymal_c_flat,Episode_Reward/action_rate_l2,52,-0.006342565640807152,1778918714.8359344
anymal_c_flat,Episode_Reward/action_rate_l2,53,-0.007348659448325634,1778918715.9652083
anymal_c_flat,Episode_Reward/action_rate_l2,54,-0.006076980382204056,1778918717.1039536
anymal_c_flat,Episode_Reward/action_rate_l2,55,-0.005878272466361523,1778918718.233268
anymal_c_flat,Episode_Reward/action_rate_l2,56,-0.00564389955252409,1778918719.376569
anymal_c_flat,Episode_Reward/action_rate_l2,57,-0.005534512456506491,1778918720.6125648
anymal_c_flat,Episode_Reward/action_rate_l2,58,-0.005062674172222614,1778918721.7602546
anymal_c_flat,Episode_Reward/action_rate_l2,59,-0.005513329058885574,1778918722.9046357
anymal_c_flat,Episode_Reward/action_rate_l2,60,-0.005839593708515167,1778918724.0356922
anymal_c_flat,Episode_Reward/action_rate_l2,61,-0.005117946304380894,1778918725.2133083
anymal_c_flat,Episode_Reward/action_rate_l2,62,-0.005808479618281126,1778918726.339186
anymal_c_flat,Episode_Reward/action_rate_l2,63,-0.005329278763383627,1778918727.4670503
anymal_c_flat,Episode_Reward/action_rate_l2,64,-0.005281630903482437,1778918728.5878422
anymal_c_flat,Episode_Reward/action_rate_l2,65,-0.004804205149412155,1778918729.7254343
anymal_c_flat,Episode_Reward/action_rate_l2,66,-0.005118973087519407,1778918730.9849346
anymal_c_flat,Episode_Reward/action_rate_l2,67,-0.005488844122737646,1778918732.1092687
anymal_c_flat,Episode_Reward/action_rate_l2,68,-0.004735235124826431,1778918733.251308
anymal_c_flat,Episode_Reward/action_rate_l2,69,-0.005100131034851074,1778918734.3797672
anymal_c_flat,Episode_Reward/action_rate_l2,70,-0.005327767692506313,1778918735.5172305
anymal_c_flat,Episode_Reward/action_rate_l2,71,-0.005344187840819359,1778918736.6681116
anymal_c_flat,Episode_Reward/action_rate_l2,72,-0.005220451857894659,1778918737.7969358
anymal_c_flat,Episode_Reward/action_rate_l2,73,-0.0043444521725177765,1778918738.91874
anymal_c_flat,Episode_Reward/action_rate_l2,74,-0.005893695633858442,1778918740.048995
anymal_c_flat,Episode_Reward/action_rate_l2,75,-0.005112210288643837,1778918741.1867871
anymal_c_flat,Episode_Reward/action_rate_l2,76,-0.004888795781880617,1778918742.4716992
anymal_c_flat,Episode_Reward/action_rate_l2,77,-0.0046235499903559685,1778918743.6172812
anymal_c_flat,Episode_Reward/action_rate_l2,78,-0.0042878407984972,1778918744.744226
anymal_c_flat,Episode_Reward/action_rate_l2,79,-0.005001327954232693,1778918745.8915899
anymal_c_flat,Episode_Reward/action_rate_l2,80,-0.005726766772568226,1778918747.0348713
anymal_c_flat,Episode_Reward/action_rate_l2,81,-0.004998031072318554,1778918748.1754968
anymal_c_flat,Episode_Reward/action_rate_l2,82,-0.0046785264275968075,1778918749.3119693
anymal_c_flat,Episode_Reward/action_rate_l2,83,-0.004680857062339783,1778918750.4521756
anymal_c_flat,Episode_Reward/action_rate_l2,84,-0.0047227200120687485,1778918751.5819836
anymal_c_flat,Episode_Reward/action_rate_l2,85,-0.00392652302980423,1778918752.8866804
anymal_c_flat,Episode_Reward/action_rate_l2,86,-0.004933824297040701,1778918754.042561
anymal_c_flat,Episode_Reward/action_rate_l2,87,-0.004627342335879803,1778918755.1717768
anymal_c_flat,Episode_Reward/action_rate_l2,88,-0.004594271071255207,1778918756.288785
anymal_c_flat,Episode_Reward/action_rate_l2,89,-0.0045034741051495075,1778918757.4286962
anymal_c_flat,Episode_Reward/action_rate_l2,90,-0.0044891489669680595,1778918758.5742831
anymal_c_flat,Episode_Reward/action_rate_l2,91,-0.004809272475540638,1778918759.7322018
anymal_c_flat,Episode_Reward/action_rate_l2,92,-0.0042501711286604404,1778918760.875272
anymal_c_flat,Episode_Reward/action_rate_l2,93,-0.004632925149053335,1778918762.0198164
anymal_c_flat,Episode_Reward/action_rate_l2,94,-0.004747181199491024,1778918763.1540916
anymal_c_flat,Episode_Reward/action_rate_l2,95,-0.004232295788824558,1778918764.3469791
anymal_c_flat,Episode_Reward/action_rate_l2,96,-0.004994256421923637,1778918765.4872415
anymal_c_flat,Episode_Reward/action_rate_l2,97,-0.004513019695878029,1778918766.6355405
anymal_c_flat,Episode_Reward/action_rate_l2,98,-0.0043897079303860664,1778918767.7817187
anymal_c_flat,Episode_Reward/action_rate_l2,99,-0.004941229242831469,1778918768.9204624
anymal_c_flat,Episode_Reward/action_rate_l2,100,-0.004484857898205519,1778918770.0701416
anymal_c_flat,Episode_Reward/action_rate_l2,101,-0.00474314671009779,1778918771.202208
anymal_c_flat,Episode_Reward/action_rate_l2,102,-0.004514203406870365,1778918772.3443637
anymal_c_flat,Episode_Reward/action_rate_l2,103,-0.004785246215760708,1778918773.4798305
anymal_c_flat,Episode_Reward/action_rate_l2,104,-0.004693854600191116,1778918774.7348716
anymal_c_flat,Episode_Reward/action_rate_l2,105,-0.004643576219677925,1778918775.8642745
anymal_c_flat,Episode_Reward/action_rate_l2,106,-0.004380548372864723,1778918777.007256
anymal_c_flat,Episode_Reward/action_rate_l2,107,-0.004700028337538242,1778918778.1408668
anymal_c_flat,Episode_Reward/action_rate_l2,108,-0.004529044963419437,1778918779.2775683
anymal_c_flat,Episode_Reward/action_rate_l2,109,-0.004979089833796024,1778918780.4000225
anymal_c_flat,Episode_Reward/action_rate_l2,110,-0.004558544140309095,1778918781.5416734
anymal_c_flat,Episode_Reward/action_rate_l2,111,-0.00475420244038105,1778918782.6639986
anymal_c_flat,Episode_Reward/action_rate_l2,112,-0.004692028276622295,1778918783.791455
anymal_c_flat,Episode_Reward/action_rate_l2,113,-0.004820086061954498,1778918784.942233
anymal_c_flat,Episode_Reward/action_rate_l2,114,-0.004715993069112301,1778918786.2012074
anymal_c_flat,Episode_Reward/action_rate_l2,115,-0.004436543211340904,1778918787.3427508
anymal_c_flat,Episode_Reward/action_rate_l2,116,-0.004268285818397999,1778918788.4938512
anymal_c_flat,Episode_Reward/action_rate_l2,117,-0.004965146537870169,1778918789.632065
anymal_c_flat,Episode_Reward/action_rate_l2,118,-0.0046022809110581875,1778918790.7931578
anymal_c_flat,Episode_Reward/action_rate_l2,119,-0.0047269100323319435,1778918791.94196
anymal_c_flat,Episode_Reward/action_rate_l2,120,-0.004209237638860941,1778918793.0901296
anymal_c_flat,Episode_Reward/action_rate_l2,121,-0.004947149194777012,1778918794.2326233
anymal_c_flat,Episode_Reward/action_rate_l2,122,-0.0046781557612121105,1778918795.3693745
anymal_c_flat,Episode_Reward/action_rate_l2,123,-0.004494336433708668,1778918796.6254098
anymal_c_flat,Episode_Reward/action_rate_l2,124,-0.0049843862652778625,1778918797.7809095
anymal_c_flat,Episode_Reward/action_rate_l2,125,-0.004395561292767525,1778918798.8989081
anymal_c_flat,Episode_Reward/action_rate_l2,126,-0.004123478662222624,1778918800.0367012
anymal_c_flat,Episode_Reward/action_rate_l2,127,-0.004069937393069267,1778918801.173902
anymal_c_flat,Episode_Reward/action_rate_l2,128,-0.004255118779838085,1778918802.3175051
anymal_c_flat,Episode_Reward/action_rate_l2,129,-0.004496011883020401,1778918803.468519
anymal_c_flat,Episode_Reward/action_rate_l2,130,-0.0043789977207779884,1778918804.5958161
anymal_c_flat,Episode_Reward/action_rate_l2,131,-0.004331284202635288,1778918805.755325
anymal_c_flat,Episode_Reward/action_rate_l2,132,-0.0044435299932956696,1778918806.9216418
anymal_c_flat,Episode_Reward/action_rate_l2,133,-0.004350794013589621,1778918808.0666037
anymal_c_flat,Episode_Reward/action_rate_l2,134,-0.004065496381372213,1778918809.1826153
anymal_c_flat,Episode_Reward/action_rate_l2,135,-0.0044494676403701305,1778918810.3202345
anymal_c_flat,Episode_Reward/action_rate_l2,136,-0.00490033533424139,1778918811.452098
anymal_c_flat,Episode_Reward/action_rate_l2,137,-0.00431045051664114,1778918812.5893064
anymal_c_flat,Episode_Reward/action_rate_l2,138,-0.0039318096823990345,1778918813.7443156
anymal_c_flat,Episode_Reward/action_rate_l2,139,-0.0040977164171636105,1778918814.878433
anymal_c_flat,Episode_Reward/action_rate_l2,140,-0.0048097167164087296,1778918815.9897308
anymal_c_flat,Episode_Reward/action_rate_l2,141,-0.004463579971343279,1778918817.1219153
anymal_c_flat,Episode_Reward/action_rate_l2,142,-0.003777929348871112,1778918818.3776593
anymal_c_flat,Episode_Reward/action_rate_l2,143,-0.00494468305259943,1778918819.5118103
anymal_c_flat,Episode_Reward/action_rate_l2,144,-0.004638143815100193,1778918820.6403778
anymal_c_flat,Episode_Reward/action_rate_l2,145,-0.003995911683887243,1778918821.7871444
anymal_c_flat,Episode_Reward/action_rate_l2,146,-0.004429230000823736,1778918822.9024
anymal_c_flat,Episode_Reward/action_rate_l2,147,-0.0047600846737623215,1778918824.0524173
anymal_c_flat,Episode_Reward/action_rate_l2,148,-0.004766747355461121,1778918825.1950393
anymal_c_flat,Episode_Reward/action_rate_l2,149,-0.004450954031199217,1778918826.3173978
anymal_c_flat,Episode_Reward/action_rate_l2,150,-0.00449781958013773,1778918827.4439678
anymal_c_flat,Episode_Reward/action_rate_l2,151,-0.004516607150435448,1778918828.5981483
anymal_c_flat,Episode_Reward/action_rate_l2,152,-0.004715650342404842,1778918829.794337
anymal_c_flat,Episode_Reward/action_rate_l2,153,-0.004432521760463715,1778918830.9354587
anymal_c_flat,Episode_Reward/action_rate_l2,154,-0.0040149991400539875,1778918832.0721285
anymal_c_flat,Episode_Reward/action_rate_l2,155,-0.004674907773733139,1778918833.207149
anymal_c_flat,Episode_Reward/action_rate_l2,156,-0.00432242127135396,1778918834.337558
anymal_c_flat,Episode_Reward/action_rate_l2,157,-0.003892822889611125,1778918835.4637206
anymal_c_flat,Episode_Reward/action_rate_l2,158,-0.004326920956373215,1778918836.590238
anymal_c_flat,Episode_Reward/action_rate_l2,159,-0.005242298357188702,1778918837.6999855
anymal_c_flat,Episode_Reward/action_rate_l2,160,-0.003965682815760374,1778918838.8410861
anymal_c_flat,Episode_Reward/action_rate_l2,161,-0.0040667494758963585,1778918840.0380008
anymal_c_flat,Episode_Reward/action_rate_l2,162,-0.004290553741157055,1778918841.1792657
anymal_c_flat,Episode_Reward/action_rate_l2,163,-0.0038001544307917356,1778918842.323099
anymal_c_flat,Episode_Reward/action_rate_l2,164,-0.003914283122867346,1778918843.475405
anymal_c_flat,Episode_Reward/action_rate_l2,165,-0.0045412941835820675,1778918844.6071558
anymal_c_flat,Episode_Reward/action_rate_l2,166,-0.004495017230510712,1778918845.751311
anymal_c_flat,Episode_Reward/action_rate_l2,167,-0.004198871087282896,1778918846.8740344
anymal_c_flat,Episode_Reward/action_rate_l2,168,-0.004338985774666071,1778918848.0132828
anymal_c_flat,Episode_Reward/action_rate_l2,169,-0.004026756621897221,1778918849.1326427
anymal_c_flat,Episode_Reward/action_rate_l2,170,-0.004311622120440006,1778918850.285525
anymal_c_flat,Episode_Reward/action_rate_l2,171,-0.004104995168745518,1778918851.5103135
anymal_c_flat,Episode_Reward/action_rate_l2,172,-0.0040076314471662045,1778918852.6634526
anymal_c_flat,Episode_Reward/action_rate_l2,173,-0.0041322833858430386,1778918853.8159246
anymal_c_flat,Episode_Reward/action_rate_l2,174,-0.004068799316883087,1778918854.941828
anymal_c_flat,Episode_Reward/action_rate_l2,175,-0.004752630367875099,1778918856.0759344
anymal_c_flat,Episode_Reward/action_rate_l2,176,-0.004087091889232397,1778918857.2165105
anymal_c_flat,Episode_Reward/action_rate_l2,177,-0.003832233138382435,1778918858.349812
anymal_c_flat,Episode_Reward/action_rate_l2,178,-0.003821676131337881,1778918859.5032501
anymal_c_flat,Episode_Reward/action_rate_l2,179,-0.004143142607063055,1778918860.6341715
anymal_c_flat,Episode_Reward/action_rate_l2,180,-0.004115325398743153,1778918861.8412375
anymal_c_flat,Episode_Reward/action_rate_l2,181,-0.004387993365526199,1778918862.9651735
anymal_c_flat,Episode_Reward/action_rate_l2,182,-0.0043060313910245895,1778918864.1049306
anymal_c_flat,Episode_Reward/action_rate_l2,183,-0.004003360867500305,1778918865.2396865
anymal_c_flat,Episode_Reward/action_rate_l2,184,-0.00432253535836935,1778918866.3755481
anymal_c_flat,Episode_Reward/action_rate_l2,185,-0.0038767473306506872,1778918867.52635
anymal_c_flat,Episode_Reward/action_rate_l2,186,-0.004047780763357878,1778918868.6535132
anymal_c_flat,Episode_Reward/action_rate_l2,187,-0.004030808340758085,1778918869.792931
anymal_c_flat,Episode_Reward/action_rate_l2,188,-0.004346436820924282,1778918870.931974
anymal_c_flat,Episode_Reward/action_rate_l2,189,-0.0038789729587733746,1778918872.0740635
anymal_c_flat,Episode_Reward/action_rate_l2,190,-0.003750088158994913,1778918873.2796166
anymal_c_flat,Episode_Reward/action_rate_l2,191,-0.0038460195064544678,1778918874.4004686
anymal_c_flat,Episode_Reward/action_rate_l2,192,-0.004232214763760567,1778918875.5319223
anymal_c_flat,Episode_Reward/action_rate_l2,193,-0.003958770539611578,1778918876.6654902
anymal_c_flat,Episode_Reward/action_rate_l2,194,-0.003866972401738167,1778918877.8139722
anymal_c_flat,Episode_Reward/action_rate_l2,195,-0.004225148819386959,1778918878.9590764
anymal_c_flat,Episode_Reward/action_rate_l2,196,-0.003955970983952284,1778918880.1162865
anymal_c_flat,Episode_Reward/action_rate_l2,197,-0.003947975113987923,1778918881.274921
anymal_c_flat,Episode_Reward/action_rate_l2,198,-0.0037151318974792957,1778918882.4133892
anymal_c_flat,Episode_Reward/action_rate_l2,199,-0.003583981189876795,1778918883.6860483
anymal_c_flat,Episode_Reward/action_rate_l2,200,-0.003590037813410163,1778918884.8225174
anymal_c_flat,Episode_Reward/action_rate_l2,201,-0.003932700492441654,1778918885.9878578
anymal_c_flat,Episode_Reward/action_rate_l2,202,-0.003801418002694845,1778918887.1129858
anymal_c_flat,Episode_Reward/action_rate_l2,203,-0.00398715166375041,1778918888.2580612
anymal_c_flat,Episode_Reward/action_rate_l2,204,-0.003615470603108406,1778918889.414279
anymal_c_flat,Episode_Reward/action_rate_l2,205,-0.003994266968220472,1778918890.54463
anymal_c_flat,Episode_Reward/action_rate_l2,206,-0.004421878606081009,1778918891.6832922
anymal_c_flat,Episode_Reward/action_rate_l2,207,-0.0043082209303975105,1778918892.8031647
anymal_c_flat,Episode_Reward/action_rate_l2,208,-0.004056734498590231,1778918893.9393651
anymal_c_flat,Episode_Reward/action_rate_l2,209,-0.0036823449190706015,1778918895.1875665
anymal_c_flat,Episode_Reward/action_rate_l2,210,-0.0036249475087970495,1778918896.3216581
anymal_c_flat,Episode_Reward/action_rate_l2,211,-0.0038037272170186043,1778918897.44891
anymal_c_flat,Episode_Reward/action_rate_l2,212,-0.003803086234256625,1778918898.58963
anymal_c_flat,Episode_Reward/action_rate_l2,213,-0.0043245418928563595,1778918899.7304697
anymal_c_flat,Episode_Reward/action_rate_l2,214,-0.003923414275050163,1778918900.8699672
anymal_c_flat,Episode_Reward/action_rate_l2,215,-0.004105185158550739,1778918901.9917698
anymal_c_flat,Episode_Reward/action_rate_l2,216,-0.003954301588237286,1778918903.135902
anymal_c_flat,Episode_Reward/action_rate_l2,217,-0.004108333960175514,1778918904.2613828
anymal_c_flat,Episode_Reward/action_rate_l2,218,-0.003938755020499229,1778918905.5355515
anymal_c_flat,Episode_Reward/action_rate_l2,219,-0.003693136852234602,1778918906.665647
anymal_c_flat,Episode_Reward/action_rate_l2,220,-0.004019040614366531,1778918907.8003666
anymal_c_flat,Episode_Reward/action_rate_l2,221,-0.004129167180508375,1778918908.9199412
anymal_c_flat,Episode_Reward/action_rate_l2,222,-0.0038491326849907637,1778918910.0790064
anymal_c_flat,Episode_Reward/action_rate_l2,223,-0.003810370806604624,1778918911.2125647
anymal_c_flat,Episode_Reward/action_rate_l2,224,-0.0036540990695357323,1778918912.3562517
anymal_c_flat,Episode_Reward/action_rate_l2,225,-0.004015795420855284,1778918913.5064561
anymal_c_flat,Episode_Reward/action_rate_l2,226,-0.003835180541500449,1778918914.6435297
anymal_c_flat,Episode_Reward/action_rate_l2,227,-0.0039142160676419735,1778918915.781257
anymal_c_flat,Episode_Reward/action_rate_l2,228,-0.0035531248431652784,1778918917.062843
anymal_c_flat,Episode_Reward/action_rate_l2,229,-0.0037172846496105194,1778918918.2010067
anymal_c_flat,Episode_Reward/action_rate_l2,230,-0.0037025250494480133,1778918919.3455257
anymal_c_flat,Episode_Reward/action_rate_l2,231,-0.0037288139574229717,1778918920.493028
anymal_c_flat,Episode_Reward/action_rate_l2,232,-0.003640624461695552,1778918921.6414573
anymal_c_flat,Episode_Reward/action_rate_l2,233,-0.0038795466534793377,1778918922.776962
anymal_c_flat,Episode_Reward/action_rate_l2,234,-0.0037189896684139967,1778918923.9131017
anymal_c_flat,Episode_Reward/action_rate_l2,235,-0.003520200029015541,1778918925.0720189
anymal_c_flat,Episode_Reward/action_rate_l2,236,-0.0036846939474344254,1778918926.2034383
anymal_c_flat,Episode_Reward/action_rate_l2,237,-0.003766541136428714,1778918927.4539182
anymal_c_flat,Episode_Reward/action_rate_l2,238,-0.0037296682130545378,1778918928.593214
anymal_c_flat,Episode_Reward/action_rate_l2,239,-0.0037562395446002483,1778918929.7290678
anymal_c_flat,Episode_Reward/action_rate_l2,240,-0.0038804090581834316,1778918930.8746254
anymal_c_flat,Episode_Reward/action_rate_l2,241,-0.0037325522862374783,1778918932.0160637
anymal_c_flat,Episode_Reward/action_rate_l2,242,-0.0035366592928767204,1778918933.1581137
anymal_c_flat,Episode_Reward/action_rate_l2,243,-0.003721050452440977,1778918934.3034003
anymal_c_flat,Episode_Reward/action_rate_l2,244,-0.0037930295802652836,1778918935.4280057
anymal_c_flat,Episode_Reward/action_rate_l2,245,-0.003914567641913891,1778918936.5618844
anymal_c_flat,Episode_Reward/action_rate_l2,246,-0.0037096021696925163,1778918937.7099333
anymal_c_flat,Episode_Reward/action_rate_l2,247,-0.0037783016450703144,1778918939.0022945
anymal_c_flat,Episode_Reward/action_rate_l2,248,-0.0036729886196553707,1778918940.1373029
anymal_c_flat,Episode_Reward/action_rate_l2,249,-0.0034935795702040195,1778918941.2710433
anymal_c_flat,Episode_Reward/action_rate_l2,250,-0.003590348642319441,1778918942.4170635
anymal_c_flat,Episode_Reward/action_rate_l2,251,-0.0036925137974321842,1778918943.562803
anymal_c_flat,Episode_Reward/action_rate_l2,252,-0.0037801871076226234,1778918944.7023087
anymal_c_flat,Episode_Reward/action_rate_l2,253,-0.003391990438103676,1778918945.839058
anymal_c_flat,Episode_Reward/action_rate_l2,254,-0.003334029344841838,1778918946.9713635
anymal_c_flat,Episode_Reward/action_rate_l2,255,-0.003561581252142787,1778918948.1014643
anymal_c_flat,Episode_Reward/action_rate_l2,256,-0.003908330108970404,1778918949.3836203
anymal_c_flat,Episode_Reward/action_rate_l2,257,-0.003777290228754282,1778918950.5271275
anymal_c_flat,Episode_Reward/action_rate_l2,258,-0.0037310528568923473,1778918951.6674984
anymal_c_flat,Episode_Reward/action_rate_l2,259,-0.003536140313372016,1778918952.8075507
anymal_c_flat,Episode_Reward/action_rate_l2,260,-0.0037579727359116077,1778918953.9550307
anymal_c_flat,Episode_Reward/action_rate_l2,261,-0.00342734158039093,1778918955.0853453
anymal_c_flat,Episode_Reward/action_rate_l2,262,-0.0035286005586385727,1778918956.227889
anymal_c_flat,Episode_Reward/action_rate_l2,263,-0.0036897684913128614,1778918957.3491144
anymal_c_flat,Episode_Reward/action_rate_l2,264,-0.0035233478993177414,1778918958.483556
anymal_c_flat,Episode_Reward/action_rate_l2,265,-0.0036285535898059607,1778918959.60871
anymal_c_flat,Episode_Reward/action_rate_l2,266,-0.003506263718008995,1778918960.83504
anymal_c_flat,Episode_Reward/action_rate_l2,267,-0.00358535535633564,1778918961.9737623
anymal_c_flat,Episode_Reward/action_rate_l2,268,-0.0036195358261466026,1778918963.1153362
anymal_c_flat,Episode_Reward/action_rate_l2,269,-0.0036606001667678356,1778918964.2491403
anymal_c_flat,Episode_Reward/action_rate_l2,270,-0.0038670841604471207,1778918965.3834288
anymal_c_flat,Episode_Reward/action_rate_l2,271,-0.003655174747109413,1778918966.510664
anymal_c_flat,Episode_Reward/action_rate_l2,272,-0.0038377512246370316,1778918967.644332
anymal_c_flat,Episode_Reward/action_rate_l2,273,-0.0035004790406674147,1778918968.777454
anymal_c_flat,Episode_Reward/action_rate_l2,274,-0.0037347532343119383,1778918969.9167798
anymal_c_flat,Episode_Reward/action_rate_l2,275,-0.0037986612878739834,1778918971.1762595
anymal_c_flat,Episode_Reward/action_rate_l2,276,-0.0036247894167900085,1778918972.310983
anymal_c_flat,Episode_Reward/action_rate_l2,277,-0.0038262945599853992,1778918973.4323187
anymal_c_flat,Episode_Reward/action_rate_l2,278,-0.0038133086636662483,1778918974.5921972
anymal_c_flat,Episode_Reward/action_rate_l2,279,-0.003367966040968895,1778918975.7230153
anymal_c_flat,Episode_Reward/action_rate_l2,280,-0.0040259892120957375,1778918976.854389
anymal_c_flat,Episode_Reward/action_rate_l2,281,-0.003695990424603224,1778918978.0033603
anymal_c_flat,Episode_Reward/action_rate_l2,282,-0.0035859837662428617,1778918979.1359568
anymal_c_flat,Episode_Reward/action_rate_l2,283,-0.0037210541777312756,1778918980.2858005
anymal_c_flat,Episode_Reward/action_rate_l2,284,-0.003940914757549763,1778918981.4361036
anymal_c_flat,Episode_Reward/action_rate_l2,285,-0.003948591649532318,1778918982.7285435
anymal_c_flat,Episode_Reward/action_rate_l2,286,-0.003722125431522727,1778918983.867477
anymal_c_flat,Episode_Reward/action_rate_l2,287,-0.0036032935604453087,1778918985.0131695
anymal_c_flat,Episode_Reward/action_rate_l2,288,-0.003673512488603592,1778918986.15547
anymal_c_flat,Episode_Reward/action_rate_l2,289,-0.0035089270677417517,1778918987.2921073
anymal_c_flat,Episode_Reward/action_rate_l2,290,-0.004223434254527092,1778918988.422527
anymal_c_flat,Episode_Reward/action_rate_l2,291,-0.0038083288818597794,1778918989.5537028
anymal_c_flat,Episode_Reward/action_rate_l2,292,-0.004007046110928059,1778918990.6901379
anymal_c_flat,Episode_Reward/action_rate_l2,293,-0.0036605563946068287,1778918991.8326168
anymal_c_flat,Episode_Reward/action_rate_l2,294,-0.0033744233660399914,1778918993.0940907
anymal_c_flat,Episode_Reward/action_rate_l2,295,-0.003429134376347065,1778918994.250214
anymal_c_flat,Episode_Reward/action_rate_l2,296,-0.0035496745258569717,1778918995.399133
anymal_c_flat,Episode_Reward/action_rate_l2,297,-0.0034420546144247055,1778918996.5207694
anymal_c_flat,Episode_Reward/action_rate_l2,298,-0.003766512032598257,1778918997.6460927
anymal_c_flat,Episode_Reward/action_rate_l2,299,-0.003761226311326027,1778918998.789131
anymal_c_flat,Episode_Reward/feet_air_time,0,0.0,1778918656.226084
anymal_c_flat,Episode_Reward/feet_air_time,1,-0.0015300000086426735,1778918657.380393
anymal_c_flat,Episode_Reward/feet_air_time,2,-0.0045900000259280205,1778918658.4602854
anymal_c_flat,Episode_Reward/feet_air_time,3,-0.0045900000259280205,1778918659.544512
anymal_c_flat,Episode_Reward/feet_air_time,4,-0.0045900000259280205,1778918660.6220047
anymal_c_flat,Episode_Reward/feet_air_time,5,-0.005483437329530716,1778918662.1362026
anymal_c_flat,Episode_Reward/feet_air_time,6,-0.01173749752342701,1778918663.2255995
anymal_c_flat,Episode_Reward/feet_air_time,7,-0.016252491623163223,1778918664.3156817
anymal_c_flat,Episode_Reward/feet_air_time,8,-0.017757490277290344,1778918665.386452
anymal_c_flat,Episode_Reward/feet_air_time,9,-0.017757490277290344,1778918666.4496026
anymal_c_flat,Episode_Reward/feet_air_time,10,-0.02191665582358837,1778918667.5169327
anymal_c_flat,Episode_Reward/feet_air_time,11,-0.024887491017580032,1778918668.5837767
anymal_c_flat,Episode_Reward/feet_air_time,12,-0.024887491017580032,1778918669.6544445
anymal_c_flat,Episode_Reward/feet_air_time,13,-0.029318727552890778,1778918670.7394722
anymal_c_flat,Episode_Reward/feet_air_time,14,-0.01777123659849167,1778918671.8300529
anymal_c_flat,Episode_Reward/feet_air_time,15,-0.01587550714612007,1778918672.9133244
anymal_c_flat,Episode_Reward/feet_air_time,16,-0.03472244367003441,1778918674.0014544
anymal_c_flat,Episode_Reward/feet_air_time,17,-0.0392245315015316,1778918675.0764213
anymal_c_flat,Episode_Reward/feet_air_time,18,-0.027167942374944687,1778918676.1843426
anymal_c_flat,Episode_Reward/feet_air_time,19,-0.03956661373376846,1778918677.365193
anymal_c_flat,Episode_Reward/feet_air_time,20,-0.03716890886425972,1778918678.4392545
anymal_c_flat,Episode_Reward/feet_air_time,21,-0.021819043904542923,1778918679.872239
anymal_c_flat,Episode_Reward/feet_air_time,22,-0.028797781094908714,1778918680.9718885
anymal_c_flat,Episode_Reward/feet_air_time,23,-0.003915624227374792,1778918682.085744
anymal_c_flat,Episode_Reward/feet_air_time,24,-0.01002020575106144,1778918683.1707957
anymal_c_flat,Episode_Reward/feet_air_time,25,-0.007140313275158405,1778918684.2696414
anymal_c_flat,Episode_Reward/feet_air_time,26,-0.011191090568900108,1778918685.3677666
anymal_c_flat,Episode_Reward/feet_air_time,27,-0.007725677452981472,1778918686.4733374
anymal_c_flat,Episode_Reward/feet_air_time,28,-0.004487813450396061,1778918687.707543
anymal_c_flat,Episode_Reward/feet_air_time,29,-0.004518125671893358,1778918688.8115492
anymal_c_flat,Episode_Reward/feet_air_time,30,-0.00587218813598156,1778918689.938633
anymal_c_flat,Episode_Reward/feet_air_time,31,-0.005276302807033062,1778918691.0530963
anymal_c_flat,Episode_Reward/feet_air_time,32,-0.003415833692997694,1778918692.1548278
anymal_c_flat,Episode_Reward/feet_air_time,33,-0.005344687961041927,1778918693.2724726
anymal_c_flat,Episode_Reward/feet_air_time,34,-0.004765660502016544,1778918694.3819478
anymal_c_flat,Episode_Reward/feet_air_time,35,-0.004659861791878939,1778918695.4909396
anymal_c_flat,Episode_Reward/feet_air_time,36,-0.003989583812654018,1778918696.6308994
anymal_c_flat,Episode_Reward/feet_air_time,37,-0.0039004168938845396,1778918697.7418177
anymal_c_flat,Episode_Reward/feet_air_time,38,-0.0035958511289209127,1778918698.9903078
anymal_c_flat,Episode_Reward/feet_air_time,39,-0.0038439584895968437,1778918700.107038
anymal_c_flat,Episode_Reward/feet_air_time,40,-0.002285486552864313,1778918701.2269564
anymal_c_flat,Episode_Reward/feet_air_time,41,-0.0030770315788686275,1778918702.3422606
anymal_c_flat,Episode_Reward/feet_air_time,42,-0.0031568408012390137,1778918703.4561703
anymal_c_flat,Episode_Reward/feet_air_time,43,-0.0024216582532972097,1778918704.583451
anymal_c_flat,Episode_Reward/feet_air_time,44,-0.0029668230563402176,1778918705.7142322
anymal_c_flat,Episode_Reward/feet_air_time,45,-0.003042500000447035,1778918706.8345902
anymal_c_flat,Episode_Reward/feet_air_time,46,-0.002507344353944063,1778918707.9595704
anymal_c_flat,Episode_Reward/feet_air_time,47,-0.0025599482469260693,1778918709.1882792
anymal_c_flat,Episode_Reward/feet_air_time,48,-0.0019144534599035978,1778918710.3223226
anymal_c_flat,Episode_Reward/feet_air_time,49,-0.0019778127316385508,1778918711.4495006
anymal_c_flat,Episode_Reward/feet_air_time,50,-0.002419323194772005,1778918712.5638607
anymal_c_flat,Episode_Reward/feet_air_time,51,-0.0020401044748723507,1778918713.7013075
anymal_c_flat,Episode_Reward/feet_air_time,52,-0.00239041680470109,1778918714.8366115
anymal_c_flat,Episode_Reward/feet_air_time,53,-0.0031035421416163445,1778918715.9657466
anymal_c_flat,Episode_Reward/feet_air_time,54,-0.002003889298066497,1778918717.1044369
anymal_c_flat,Episode_Reward/feet_air_time,55,-0.00189178844448179,1778918718.2338214
anymal_c_flat,Episode_Reward/feet_air_time,56,-0.0015905385371297598,1778918719.377113
anymal_c_flat,Episode_Reward/feet_air_time,57,-0.0019296876853331923,1778918720.6130893
anymal_c_flat,Episode_Reward/feet_air_time,58,-0.001654461957514286,1778918721.7609613
anymal_c_flat,Episode_Reward/feet_air_time,59,-0.001989948097616434,1778918722.9051065
anymal_c_flat,Episode_Reward/feet_air_time,60,-0.0021696356125175953,1778918724.0362105
anymal_c_flat,Episode_Reward/feet_air_time,61,-0.001603628508746624,1778918725.2140088
anymal_c_flat,Episode_Reward/feet_air_time,62,-0.0021988372318446636,1778918726.3397143
anymal_c_flat,Episode_Reward/feet_air_time,63,-0.0016811982495710254,1778918727.4676194
anymal_c_flat,Episode_Reward/feet_air_time,64,-0.0017354516312479973,1778918728.5884845
anymal_c_flat,Episode_Reward/feet_air_time,65,-0.0015717883361503482,1778918729.7259707
anymal_c_flat,Episode_Reward/feet_air_time,66,-0.0016220314428210258,1778918730.98544
anymal_c_flat,Episode_Reward/feet_air_time,67,-0.0018525522900745273,1778918732.1098113
anymal_c_flat,Episode_Reward/feet_air_time,68,-0.0014330557314679027,1778918733.2518585
anymal_c_flat,Episode_Reward/feet_air_time,69,-0.0014773700386285782,1778918734.3803046
anymal_c_flat,Episode_Reward/feet_air_time,70,-0.001849896041676402,1778918735.5178635
anymal_c_flat,Episode_Reward/feet_air_time,71,-0.0016210939502343535,1778918736.6686323
anymal_c_flat,Episode_Reward/feet_air_time,72,-0.001519670244306326,1778918737.7974632
anymal_c_flat,Episode_Reward/feet_air_time,73,-0.001351753599010408,1778918738.9192326
anymal_c_flat,Episode_Reward/feet_air_time,74,-0.0018384030554443598,1778918740.049498
anymal_c_flat,Episode_Reward/feet_air_time,75,-0.0017684375634416938,1778918741.187317
anymal_c_flat,Episode_Reward/feet_air_time,76,-0.0015165627701207995,1778918742.4722133
anymal_c_flat,Episode_Reward/feet_air_time,77,-0.0011473959311842918,1778918743.6179655
anymal_c_flat,Episode_Reward/feet_air_time,78,-0.0013027259847149253,1778918744.7447603
anymal_c_flat,Episode_Reward/feet_air_time,79,-0.00146361137740314,1778918745.8922389
anymal_c_flat,Episode_Reward/feet_air_time,80,-0.0016345835756510496,1778918747.0353947
anymal_c_flat,Episode_Reward/feet_air_time,81,-0.0014171007787808776,1778918748.1759913
anymal_c_flat,Episode_Reward/feet_air_time,82,-0.001368541968986392,1778918749.3125317
anymal_c_flat,Episode_Reward/feet_air_time,83,-0.001458958606235683,1778918750.452754
anymal_c_flat,Episode_Reward/feet_air_time,84,-0.001553559210151434,1778918751.5825138
anymal_c_flat,Episode_Reward/feet_air_time,85,-0.001011267420835793,1778918752.8871906
anymal_c_flat,Episode_Reward/feet_air_time,86,-0.001239132136106491,1778918754.04326
anymal_c_flat,Episode_Reward/feet_air_time,87,-0.0012840104755014181,1778918755.1722808
anymal_c_flat,Episode_Reward/feet_air_time,88,-0.0010480210185050964,1778918756.2893357
anymal_c_flat,Episode_Reward/feet_air_time,89,-0.0012465453473851085,1778918757.4292922
anymal_c_flat,Episode_Reward/feet_air_time,90,-0.0013296182733029127,1778918758.5748456
anymal_c_flat,Episode_Reward/feet_air_time,91,-0.0014033680781722069,1778918759.7327526
anymal_c_flat,Episode_Reward/feet_air_time,92,-0.0013508856063708663,1778918760.8757799
anymal_c_flat,Episode_Reward/feet_air_time,93,-0.0013185765128582716,1778918762.0203514
anymal_c_flat,Episode_Reward/feet_air_time,94,-0.0009655209141783416,1778918763.1546743
anymal_c_flat,Episode_Reward/feet_air_time,95,-0.0011291321134194732,1778918764.3474586
anymal_c_flat,Episode_Reward/feet_air_time,96,-0.0014828993007540703,1778918765.487862
anymal_c_flat,Episode_Reward/feet_air_time,97,-0.0013213021447882056,1778918766.6361196
anymal_c_flat,Episode_Reward/feet_air_time,98,-0.0011376563925296068,1778918767.7822883
anymal_c_flat,Episode_Reward/feet_air_time,99,-0.001203593797981739,1778918768.9210362
anymal_c_flat,Episode_Reward/feet_air_time,100,-0.001154514029622078,1778918770.070665
anymal_c_flat,Episode_Reward/feet_air_time,101,-0.0012440973659977317,1778918771.2027707
anymal_c_flat,Episode_Reward/feet_air_time,102,-0.001352204941213131,1778918772.344927
anymal_c_flat,Episode_Reward/feet_air_time,103,-0.0014444272965192795,1778918773.480329
anymal_c_flat,Episode_Reward/feet_air_time,104,-0.0011749480618163943,1778918774.735376
anymal_c_flat,Episode_Reward/feet_air_time,105,-0.0011693229898810387,1778918775.864856
anymal_c_flat,Episode_Reward/feet_air_time,106,-0.001396475825458765,1778918777.0079553
anymal_c_flat,Episode_Reward/feet_air_time,107,-0.0013356077251955867,1778918778.1413727
anymal_c_flat,Episode_Reward/feet_air_time,108,-0.0011237154249101877,1778918779.2780883
anymal_c_flat,Episode_Reward/feet_air_time,109,-0.001438177190721035,1778918780.4005415
anymal_c_flat,Episode_Reward/feet_air_time,110,-0.001307586906477809,1778918781.5422187
anymal_c_flat,Episode_Reward/feet_air_time,111,-0.001640000264160335,1778918782.664531
anymal_c_flat,Episode_Reward/feet_air_time,112,-0.0015500349691137671,1778918783.7920125
anymal_c_flat,Episode_Reward/feet_air_time,113,-0.0017076563090085983,1778918784.9427702
anymal_c_flat,Episode_Reward/feet_air_time,114,-0.001553062698803842,1778918786.2017431
anymal_c_flat,Episode_Reward/feet_air_time,115,-0.001380451489239931,1778918787.3432927
anymal_c_flat,Episode_Reward/feet_air_time,116,-0.0010903647635132074,1778918788.4943576
anymal_c_flat,Episode_Reward/feet_air_time,117,-0.0014818230411037803,1778918789.632622
anymal_c_flat,Episode_Reward/feet_air_time,118,-0.001208715490065515,1778918790.7937999
anymal_c_flat,Episode_Reward/feet_air_time,119,-0.001406041905283928,1778918791.942723
anymal_c_flat,Episode_Reward/feet_air_time,120,-0.0009775522630661726,1778918793.0908532
anymal_c_flat,Episode_Reward/feet_air_time,121,-0.0015244794776663184,1778918794.2331607
anymal_c_flat,Episode_Reward/feet_air_time,122,-0.0011761980131268501,1778918795.369921
anymal_c_flat,Episode_Reward/feet_air_time,123,-0.0014568751212209463,1778918796.6259356
anymal_c_flat,Episode_Reward/feet_air_time,124,-0.0018570314859971404,1778918797.7815006
anymal_c_flat,Episode_Reward/feet_air_time,125,-0.0011876823846250772,1778918798.899446
anymal_c_flat,Episode_Reward/feet_air_time,126,-0.0012676911428570747,1778918800.0371995
anymal_c_flat,Episode_Reward/feet_air_time,127,-0.0008851216407492757,1778918801.1744363
anymal_c_flat,Episode_Reward/feet_air_time,128,-0.0012928126379847527,1778918802.3180628
anymal_c_flat,Episode_Reward/feet_air_time,129,-0.0012305905111134052,1778918803.4690464
anymal_c_flat,Episode_Reward/feet_air_time,130,-0.0011884028790518641,1778918804.5963202
anymal_c_flat,Episode_Reward/feet_air_time,131,-0.0011746007949113846,1778918805.7560303
anymal_c_flat,Episode_Reward/feet_air_time,132,-0.0012016147375106812,1778918806.9223106
anymal_c_flat,Episode_Reward/feet_air_time,133,-0.001254236325621605,1778918808.0671456
anymal_c_flat,Episode_Reward/feet_air_time,134,-0.0010708682239055634,1778918809.1831312
anymal_c_flat,Episode_Reward/feet_air_time,135,-0.0012018491979688406,1778918810.3207939
anymal_c_flat,Episode_Reward/feet_air_time,136,-0.001307882135733962,1778918811.452606
anymal_c_flat,Episode_Reward/feet_air_time,137,-0.001160069601610303,1778918812.5898185
anymal_c_flat,Episode_Reward/feet_air_time,138,-0.0010038369800895452,1778918813.7449045
anymal_c_flat,Episode_Reward/feet_air_time,139,-0.0007809376693330705,1778918814.8789818
anymal_c_flat,Episode_Reward/feet_air_time,140,-0.0011489324970170856,1778918815.990197
anymal_c_flat,Episode_Reward/feet_air_time,141,-0.001221371814608574,1778918817.1224928
anymal_c_flat,Episode_Reward/feet_air_time,142,-0.0009847397450357676,1778918818.378156
anymal_c_flat,Episode_Reward/feet_air_time,143,-0.0014855212066322565,1778918819.5123055
anymal_c_flat,Episode_Reward/feet_air_time,144,-0.0015882899751886725,1778918820.640898
anymal_c_flat,Episode_Reward/feet_air_time,145,-0.0011543751461431384,1778918821.7877042
anymal_c_flat,Episode_Reward/feet_air_time,146,-0.0017322025960311294,1778918822.9029427
anymal_c_flat,Episode_Reward/feet_air_time,147,-0.0012460417347028852,1778918824.0529423
anymal_c_flat,Episode_Reward/feet_air_time,148,-0.001226823078468442,1778918825.1955192
anymal_c_flat,Episode_Reward/feet_air_time,149,-0.0012162502389401197,1778918826.317895
anymal_c_flat,Episode_Reward/feet_air_time,150,-0.001167083508335054,1778918827.4444811
anymal_c_flat,Episode_Reward/feet_air_time,151,-0.0009642015211284161,1778918828.5987444
anymal_c_flat,Episode_Reward/feet_air_time,152,-0.0014781772624701262,1778918829.794862
anymal_c_flat,Episode_Reward/feet_air_time,153,-0.0012471356894820929,1778918830.9359906
anymal_c_flat,Episode_Reward/feet_air_time,154,-0.001159427221864462,1778918832.072668
anymal_c_flat,Episode_Reward/feet_air_time,155,-0.001391944708302617,1778918833.2076614
anymal_c_flat,Episode_Reward/feet_air_time,156,-0.0012883334420621395,1778918834.33812
anymal_c_flat,Episode_Reward/feet_air_time,157,-0.0010328907519578934,1778918835.4642153
anymal_c_flat,Episode_Reward/feet_air_time,158,-0.0011005643755197525,1778918836.5908191
anymal_c_flat,Episode_Reward/feet_air_time,159,-0.0016430731629952788,1778918837.7005188
anymal_c_flat,Episode_Reward/feet_air_time,160,-0.0009527604561299086,1778918838.8416505
anymal_c_flat,Episode_Reward/feet_air_time,161,-0.0012267015408724546,1778918840.0385509
anymal_c_flat,Episode_Reward/feet_air_time,162,-0.0011809896677732468,1778918841.1798265
anymal_c_flat,Episode_Reward/feet_air_time,163,-0.0010868750978261232,1778918842.3235981
anymal_c_flat,Episode_Reward/feet_air_time,164,-0.0010817188303917646,1778918843.475961
anymal_c_flat,Episode_Reward/feet_air_time,165,-0.001151527976617217,1778918844.6076906
anymal_c_flat,Episode_Reward/feet_air_time,166,-0.0012397051323205233,1778918845.7518578
anymal_c_flat,Episode_Reward/feet_air_time,167,-0.0014262500917539,1778918846.8745997
anymal_c_flat,Episode_Reward/feet_air_time,168,-0.0014272917760536075,1778918848.0138433
anymal_c_flat,Episode_Reward/feet_air_time,169,-0.0011596702970564365,1778918849.1331534
anymal_c_flat,Episode_Reward/feet_air_time,170,-0.001436380436643958,1778918850.2860668
anymal_c_flat,Episode_Reward/feet_air_time,171,-0.0013781078159809113,1778918851.5108147
anymal_c_flat,Episode_Reward/feet_air_time,172,-0.001499132253229618,1778918852.6639888
anymal_c_flat,Episode_Reward/feet_air_time,173,-0.0013322745217010379,1778918853.8164434
anymal_c_flat,Episode_Reward/feet_air_time,174,-0.0010540626244619489,1778918854.9423892
anymal_c_flat,Episode_Reward/feet_air_time,175,-0.0017954481299966574,1778918856.076444
anymal_c_flat,Episode_Reward/feet_air_time,176,-0.0012758768862113357,1778918857.21704
anymal_c_flat,Episode_Reward/feet_air_time,177,-0.0011972570791840553,1778918858.350338
anymal_c_flat,Episode_Reward/feet_air_time,178,-0.0013128994032740593,1778918859.503774
anymal_c_flat,Episode_Reward/feet_air_time,179,-0.001290399581193924,1778918860.6347032
anymal_c_flat,Episode_Reward/feet_air_time,180,-0.00117583351675421,1778918861.8418658
anymal_c_flat,Episode_Reward/feet_air_time,181,-0.0015431077918037772,1778918862.965705
anymal_c_flat,Episode_Reward/feet_air_time,182,-0.001051996718160808,1778918864.1054273
anymal_c_flat,Episode_Reward/feet_air_time,183,-0.001087395939975977,1778918865.240196
anymal_c_flat,Episode_Reward/feet_air_time,184,-0.001069635502062738,1778918866.376108
anymal_c_flat,Episode_Reward/feet_air_time,185,-0.0012360939290374517,1778918867.5268998
anymal_c_flat,Episode_Reward/feet_air_time,186,-0.001069757156074047,1778918868.6541636
anymal_c_flat,Episode_Reward/feet_air_time,187,-0.0013291321229189634,1778918869.7934194
anymal_c_flat,Episode_Reward/feet_air_time,188,-0.0014059897512197495,1778918870.932471
anymal_c_flat,Episode_Reward/feet_air_time,189,-0.0011910939356312156,1778918872.0746078
anymal_c_flat,Episode_Reward/feet_air_time,190,-0.0010265973396599293,1778918873.2800987
anymal_c_flat,Episode_Reward/feet_air_time,191,-0.001146041788160801,1778918874.4009895
anymal_c_flat,Episode_Reward/feet_air_time,192,-0.0013207120355218649,1778918875.5324154
anymal_c_flat,Episode_Reward/feet_air_time,193,-0.0009439584682695568,1778918876.6660495
anymal_c_flat,Episode_Reward/feet_air_time,194,-0.001026284764520824,1778918877.8145282
anymal_c_flat,Episode_Reward/feet_air_time,195,-0.0010457814205437899,1778918878.959758
anymal_c_flat,Episode_Reward/feet_air_time,196,-0.0010197223164141178,1778918880.116846
anymal_c_flat,Episode_Reward/feet_air_time,197,-0.0010703647276386619,1778918881.2754524
anymal_c_flat,Episode_Reward/feet_air_time,198,-0.0010809897212311625,1778918882.4139073
anymal_c_flat,Episode_Reward/feet_air_time,199,-0.0010919966734945774,1778918883.6866293
anymal_c_flat,Episode_Reward/feet_air_time,200,-0.0008889063610695302,1778918884.8230512
anymal_c_flat,Episode_Reward/feet_air_time,201,-0.0011930036125704646,1778918885.9883573
anymal_c_flat,Episode_Reward/feet_air_time,202,-0.001131562632508576,1778918887.1134746
anymal_c_flat,Episode_Reward/feet_air_time,203,-0.0009243577951565385,1778918888.2586205
anymal_c_flat,Episode_Reward/feet_air_time,204,-0.0010334723629057407,1778918889.4149678
anymal_c_flat,Episode_Reward/feet_air_time,205,-0.0011011980241164565,1778918890.5451312
anymal_c_flat,Episode_Reward/feet_air_time,206,-0.0011409897124394774,1778918891.6838443
anymal_c_flat,Episode_Reward/feet_air_time,207,-0.0014516494702547789,1778918892.803666
anymal_c_flat,Episode_Reward/feet_air_time,208,-0.0011749480618163943,1778918893.939883
anymal_c_flat,Episode_Reward/feet_air_time,209,-0.0009846441680565476,1778918895.1881337
anymal_c_flat,Episode_Reward/feet_air_time,210,-0.0013355383416637778,1778918896.3221607
anymal_c_flat,Episode_Reward/feet_air_time,211,-0.0009651737636886537,1778918897.4494207
anymal_c_flat,Episode_Reward/feet_air_time,212,-0.0009907814674079418,1778918898.590145
anymal_c_flat,Episode_Reward/feet_air_time,213,-0.00113520841114223,1778918899.7310326
anymal_c_flat,Episode_Reward/feet_air_time,214,-0.0010525000980123878,1778918900.8705034
anymal_c_flat,Episode_Reward/feet_air_time,215,-0.0013229515170678496,1778918901.992283
anymal_c_flat,Episode_Reward/feet_air_time,216,-0.0012448092456907034,1778918903.1364012
anymal_c_flat,Episode_Reward/feet_air_time,217,-0.0011158855631947517,1778918904.2619438
anymal_c_flat,Episode_Reward/feet_air_time,218,-0.0011755209416151047,1778918905.536172
anymal_c_flat,Episode_Reward/feet_air_time,219,-0.0012346876319497824,1778918906.6661897
anymal_c_flat,Episode_Reward/feet_air_time,220,-0.0013628819724544883,1778918907.800897
anymal_c_flat,Episode_Reward/feet_air_time,221,-0.001012639026157558,1778918908.9204345
anymal_c_flat,Episode_Reward/feet_air_time,222,-0.0011280991602689028,1778918910.0796657
anymal_c_flat,Episode_Reward/feet_air_time,223,-0.0007863716455176473,1778918911.2131069
anymal_c_flat,Episode_Reward/feet_air_time,224,-0.0009333855705335736,1778918912.3567805
anymal_c_flat,Episode_Reward/feet_air_time,225,-0.0012297050561755896,1778918913.5070226
anymal_c_flat,Episode_Reward/feet_air_time,226,-0.0008047916926443577,1778918914.64409
anymal_c_flat,Episode_Reward/feet_air_time,227,-0.0011252604890614748,1778918915.781828
anymal_c_flat,Episode_Reward/feet_air_time,228,-0.0011113457148894668,1778918917.0633273
anymal_c_flat,Episode_Reward/feet_air_time,229,-0.001100885565392673,1778918918.2016602
anymal_c_flat,Episode_Reward/feet_air_time,230,-0.0012197396717965603,1778918919.3460429
anymal_c_flat,Episode_Reward/feet_air_time,231,-0.0010081598302349448,1778918920.4935443
anymal_c_flat,Episode_Reward/feet_air_time,232,-0.0008165973122231662,1778918921.6420019
anymal_c_flat,Episode_Reward/feet_air_time,233,-0.0012497224379330873,1778918922.7774928
anymal_c_flat,Episode_Reward/feet_air_time,234,-0.0009719619411043823,1778918923.913633
anymal_c_flat,Episode_Reward/feet_air_time,235,-0.0011060591787099838,1778918925.0727365
anymal_c_flat,Episode_Reward/feet_air_time,236,-0.000982040073722601,1778918926.2039886
anymal_c_flat,Episode_Reward/feet_air_time,237,-0.001134027843363583,1778918927.4544404
anymal_c_flat,Episode_Reward/feet_air_time,238,-0.0010846008080989122,1778918928.593753
anymal_c_flat,Episode_Reward/feet_air_time,239,-0.0010369967203587294,1778918929.7296033
anymal_c_flat,Episode_Reward/feet_air_time,240,-0.0010842501651495695,1778918930.8751144
anymal_c_flat,Episode_Reward/feet_air_time,241,-0.0009786461014300585,1778918932.016613
anymal_c_flat,Episode_Reward/feet_air_time,242,-0.0008901216788217425,1778918933.1586602
anymal_c_flat,Episode_Reward/feet_air_time,243,-0.0009482639725320041,1778918934.303928
anymal_c_flat,Episode_Reward/feet_air_time,244,-0.001126762363128364,1778918935.4286072
anymal_c_flat,Episode_Reward/feet_air_time,245,-0.0009113716660067439,1778918936.5624146
anymal_c_flat,Episode_Reward/feet_air_time,246,-0.0014046356081962585,1778918937.710455
anymal_c_flat,Episode_Reward/feet_air_time,247,-0.0009547396330162883,1778918939.0028517
anymal_c_flat,Episode_Reward/feet_air_time,248,-0.00098604173399508,1778918940.1378884
anymal_c_flat,Episode_Reward/feet_air_time,249,-0.0008087153546512127,1778918941.2715423
anymal_c_flat,Episode_Reward/feet_air_time,250,-0.001006909878924489,1778918942.4176958
anymal_c_flat,Episode_Reward/feet_air_time,251,-0.001144670182839036,1778918943.5632958
anymal_c_flat,Episode_Reward/feet_air_time,252,-0.0009840105194598436,1778918944.7028372
anymal_c_flat,Episode_Reward/feet_air_time,253,-0.0008816320332698524,1778918945.8395486
anymal_c_flat,Episode_Reward/feet_air_time,254,-0.0010064931120723486,1778918946.9719067
anymal_c_flat,Episode_Reward/feet_air_time,255,-0.0009396529640071094,1778918948.102009
anymal_c_flat,Episode_Reward/feet_air_time,256,-0.0011340798810124397,1778918949.3841467
anymal_c_flat,Episode_Reward/feet_air_time,257,-0.0009514063131064177,1778918950.5276766
anymal_c_flat,Episode_Reward/feet_air_time,258,-0.0008989584166556597,1778918951.6681032
anymal_c_flat,Episode_Reward/feet_air_time,259,-0.000863645866047591,1778918952.8080816
anymal_c_flat,Episode_Reward/feet_air_time,260,-0.0008958855178207159,1778918953.9555635
anymal_c_flat,Episode_Reward/feet_air_time,261,-0.0008162152953445911,1778918955.0858996
anymal_c_flat,Episode_Reward/feet_air_time,262,-0.0008289932156912982,1778918956.2284267
anymal_c_flat,Episode_Reward/feet_air_time,263,-0.0007314584217965603,1778918957.3496149
anymal_c_flat,Episode_Reward/feet_air_time,264,-0.0008017536019906402,1778918958.4840786
anymal_c_flat,Episode_Reward/feet_air_time,265,-0.0009574306895956397,1778918959.6092186
anymal_c_flat,Episode_Reward/feet_air_time,266,-0.000951354275457561,1778918960.835625
anymal_c_flat,Episode_Reward/feet_air_time,267,-0.0009555557044222951,1778918961.9742708
anymal_c_flat,Episode_Reward/feet_air_time,268,-0.0009255208424292505,1778918963.1158555
anymal_c_flat,Episode_Reward/feet_air_time,269,-0.001007812563329935,1778918964.2496557
anymal_c_flat,Episode_Reward/feet_air_time,270,-0.0011229341616854072,1778918965.3839383
anymal_c_flat,Episode_Reward/feet_air_time,271,-0.0009739324450492859,1778918966.5111766
anymal_c_flat,Episode_Reward/feet_air_time,272,-0.0012409028131514788,1778918967.644942
anymal_c_flat,Episode_Reward/feet_air_time,273,-0.0009443403105251491,1778918968.7779574
anymal_c_flat,Episode_Reward/feet_air_time,274,-0.0011384550016373396,1778918969.9173176
anymal_c_flat,Episode_Reward/feet_air_time,275,-0.001055729342624545,1778918971.176793
anymal_c_flat,Episode_Reward/feet_air_time,276,-0.0008934375364333391,1778918972.311523
anymal_c_flat,Episode_Reward/feet_air_time,277,-0.0008930903859436512,1778918973.4329293
anymal_c_flat,Episode_Reward/feet_air_time,278,-0.0010819098679348826,1778918974.5928571
anymal_c_flat,Episode_Reward/feet_air_time,279,-0.0011124307056888938,1778918975.7235317
anymal_c_flat,Episode_Reward/feet_air_time,280,-0.0010067102266475558,1778918976.8548923
anymal_c_flat,Episode_Reward/feet_air_time,281,-0.0009032293455675244,1778918978.003947
anymal_c_flat,Episode_Reward/feet_air_time,282,-0.0010219619143754244,1778918979.1364322
anymal_c_flat,Episode_Reward/feet_air_time,283,-0.0011371875880286098,1778918980.2863545
anymal_c_flat,Episode_Reward/feet_air_time,284,-0.0011590626090765,1778918981.4366615
anymal_c_flat,Episode_Reward/feet_air_time,285,-0.001118350774049759,1778918982.7290635
anymal_c_flat,Episode_Reward/feet_air_time,286,-0.0010814584093168378,1778918983.8679757
anymal_c_flat,Episode_Reward/feet_air_time,287,-0.0012212501605972648,1778918985.0137095
anymal_c_flat,Episode_Reward/feet_air_time,288,-0.001082500210031867,1778918986.156065
anymal_c_flat,Episode_Reward/feet_air_time,289,-0.0010023091454058886,1778918987.292628
anymal_c_flat,Episode_Reward/feet_air_time,290,-0.0014136460376903415,1778918988.423073
anymal_c_flat,Episode_Reward/feet_air_time,291,-0.0011997397523373365,1778918989.554203
anymal_c_flat,Episode_Reward/feet_air_time,292,-0.00124541693367064,1778918990.690682
anymal_c_flat,Episode_Reward/feet_air_time,293,-0.0009872918017208576,1778918991.8331172
anymal_c_flat,Episode_Reward/feet_air_time,294,-0.0008779688505455852,1778918993.0946386
anymal_c_flat,Episode_Reward/feet_air_time,295,-0.000877135549671948,1778918994.2508485
anymal_c_flat,Episode_Reward/feet_air_time,296,-0.0008993577212095261,1778918995.3996959
anymal_c_flat,Episode_Reward/feet_air_time,297,-0.0008126736502163112,1778918996.521282
anymal_c_flat,Episode_Reward/feet_air_time,298,-0.0007131076417863369,1778918997.6468198
anymal_c_flat,Episode_Reward/feet_air_time,299,-0.0008504341240040958,1778918998.789678
anymal_c_flat,Episode_Reward/undesired_contacts,0,0.0,1778918656.226568
anymal_c_flat,Episode_Reward/undesired_contacts,1,-0.0060000005178153515,1778918657.380909
anymal_c_flat,Episode_Reward/undesired_contacts,2,-0.018000002950429916,1778918658.4608166
anymal_c_flat,Episode_Reward/undesired_contacts,3,-0.018000002950429916,1778918659.5451593
anymal_c_flat,Episode_Reward/undesired_contacts,4,-0.018000002950429916,1778918660.622607
anymal_c_flat,Episode_Reward/undesired_contacts,5,-0.024124998599290848,1778918662.1367161
anymal_c_flat,Episode_Reward/undesired_contacts,6,-0.06699998676776886,1778918663.2260807
anymal_c_flat,Episode_Reward/undesired_contacts,7,-0.07149996608495712,1778918664.3161712
anymal_c_flat,Episode_Reward/undesired_contacts,8,-0.072999969124794,1778918665.386953
anymal_c_flat,Episode_Reward/undesired_contacts,9,-0.072999969124794,1778918666.4500828
anymal_c_flat,Episode_Reward/undesired_contacts,10,-0.10216661542654037,1778918667.517397
anymal_c_flat,Episode_Reward/undesired_contacts,11,-0.12299992889165878,1778918668.5842874
anymal_c_flat,Episode_Reward/undesired_contacts,12,-0.12299992889165878,1778918669.654949
anymal_c_flat,Episode_Reward/undesired_contacts,13,-0.11012493073940277,1778918670.7399948
anymal_c_flat,Episode_Reward/undesired_contacts,14,-0.03024998866021633,1778918671.8305323
anymal_c_flat,Episode_Reward/undesired_contacts,15,-0.024333324283361435,1778918672.9138803
anymal_c_flat,Episode_Reward/undesired_contacts,16,-0.080999955534935,1778918674.0020885
anymal_c_flat,Episode_Reward/undesired_contacts,17,-0.09516661614179611,1778918675.076912
anymal_c_flat,Episode_Reward/undesired_contacts,18,-0.09999994933605194,1778918676.1848712
anymal_c_flat,Episode_Reward/undesired_contacts,19,-0.14833325147628784,1778918677.3656833
anymal_c_flat,Episode_Reward/undesired_contacts,20,-0.07291662693023682,1778918678.439755
anymal_c_flat,Episode_Reward/undesired_contacts,21,-0.0797916129231453,1778918679.8727455
anymal_c_flat,Episode_Reward/undesired_contacts,22,-0.0574583038687706,1778918680.972395
anymal_c_flat,Episode_Reward/undesired_contacts,23,-0.0012083332985639572,1778918682.086304
anymal_c_flat,Episode_Reward/undesired_contacts,24,-0.0012499999720603228,1778918683.1712732
anymal_c_flat,Episode_Reward/undesired_contacts,25,0.0,1778918684.2701273
anymal_c_flat,Episode_Reward/undesired_contacts,26,-0.003958333749324083,1778918685.3682187
anymal_c_flat,Episode_Reward/undesired_contacts,27,-0.0002916666853707284,1778918686.4738617
anymal_c_flat,Episode_Reward/undesired_contacts,28,0.0,1778918687.708052
anymal_c_flat,Episode_Reward/undesired_contacts,29,-0.0009999999310821295,1778918688.8120623
anymal_c_flat,Episode_Reward/undesired_contacts,30,-0.0003333333588670939,1778918689.9391396
anymal_c_flat,Episode_Reward/undesired_contacts,31,-0.0001250000059371814,1778918691.0535636
anymal_c_flat,Episode_Reward/undesired_contacts,32,-2.083333492919337e-05,1778918692.1553247
anymal_c_flat,Episode_Reward/undesired_contacts,33,-4.166666985838674e-05,1778918693.2729635
anymal_c_flat,Episode_Reward/undesired_contacts,34,-0.00011111111962236464,1778918694.3824656
anymal_c_flat,Episode_Reward/undesired_contacts,35,-0.0002569444477558136,1778918695.4915698
anymal_c_flat,Episode_Reward/undesired_contacts,36,-0.00012500002048909664,1778918696.631433
anymal_c_flat,Episode_Reward/undesired_contacts,37,-0.0006041667074896395,1778918697.742314
anymal_c_flat,Episode_Reward/undesired_contacts,38,0.0,1778918698.9908884
anymal_c_flat,Episode_Reward/undesired_contacts,39,-4.166666985838674e-05,1778918700.1075006
anymal_c_flat,Episode_Reward/undesired_contacts,40,-0.0001250000059371814,1778918701.2274737
anymal_c_flat,Episode_Reward/undesired_contacts,41,-0.00020833333837799728,1778918702.3427904
anymal_c_flat,Episode_Reward/undesired_contacts,42,-0.00031250002211891115,1778918703.4567504
anymal_c_flat,Episode_Reward/undesired_contacts,43,-1.388888995279558e-05,1778918704.5839326
anymal_c_flat,Episode_Reward/undesired_contacts,44,-0.00022916667512618005,1778918705.714859
anymal_c_flat,Episode_Reward/undesired_contacts,45,-0.0006458333227783442,1778918706.8350995
anymal_c_flat,Episode_Reward/undesired_contacts,46,0.0,1778918707.9601467
anymal_c_flat,Episode_Reward/undesired_contacts,47,-4.166666985838674e-05,1778918709.1888971
anymal_c_flat,Episode_Reward/undesired_contacts,48,-6.25000029685907e-05,1778918710.3228776
anymal_c_flat,Episode_Reward/undesired_contacts,49,-9.722223330754787e-05,1778918711.4500504
anymal_c_flat,Episode_Reward/undesired_contacts,50,-0.0003229166613891721,1778918712.5643957
anymal_c_flat,Episode_Reward/undesired_contacts,51,-0.0002916666853707284,1778918713.7018118
anymal_c_flat,Episode_Reward/undesired_contacts,52,-0.00015277776401489973,1778918714.8372183
anymal_c_flat,Episode_Reward/undesired_contacts,53,-0.0008541666902601719,1778918715.9662116
anymal_c_flat,Episode_Reward/undesired_contacts,54,-0.0004444444493856281,1778918717.1049535
anymal_c_flat,Episode_Reward/undesired_contacts,55,-0.000416666705859825,1778918718.2343621
anymal_c_flat,Episode_Reward/undesired_contacts,56,-6.944445340195671e-05,1778918719.3776505
anymal_c_flat,Episode_Reward/undesired_contacts,57,-0.00010416667646495625,1778918720.6136272
anymal_c_flat,Episode_Reward/undesired_contacts,58,-8.333333971677348e-05,1778918721.76168
anymal_c_flat,Episode_Reward/undesired_contacts,59,-8.333333971677348e-05,1778918722.9056435
anymal_c_flat,Episode_Reward/undesired_contacts,60,0.0,1778918724.0367494
anymal_c_flat,Episode_Reward/undesired_contacts,61,-0.00019444443751126528,1778918725.2146914
anymal_c_flat,Episode_Reward/undesired_contacts,62,-0.000402777804993093,1778918726.340183
anymal_c_flat,Episode_Reward/undesired_contacts,63,-2.083333492919337e-05,1778918727.4681873
anymal_c_flat,Episode_Reward/undesired_contacts,64,-0.0004583333502523601,1778918728.589062
anymal_c_flat,Episode_Reward/undesired_contacts,65,-0.00010416666918899864,1778918729.7265143
anymal_c_flat,Episode_Reward/undesired_contacts,66,-0.00016666667943354696,1778918730.9859846
anymal_c_flat,Episode_Reward/undesired_contacts,67,-0.0002500000118743628,1778918732.1103468
anymal_c_flat,Episode_Reward/undesired_contacts,68,-0.0001250000059371814,1778918733.2523744
anymal_c_flat,Episode_Reward/undesired_contacts,69,-0.0001250000059371814,1778918734.3808324
anymal_c_flat,Episode_Reward/undesired_contacts,70,-4.166666985838674e-05,1778918735.5184822
anymal_c_flat,Episode_Reward/undesired_contacts,71,-0.00010416666918899864,1778918736.6691346
anymal_c_flat,Episode_Reward/undesired_contacts,72,0.0,1778918737.7979817
anymal_c_flat,Episode_Reward/undesired_contacts,73,-0.0002708333486225456,1778918738.9197748
anymal_c_flat,Episode_Reward/undesired_contacts,74,0.0,1778918740.0500398
anymal_c_flat,Episode_Reward/undesired_contacts,75,0.0,1778918741.1878355
anymal_c_flat,Episode_Reward/undesired_contacts,76,-2.777777990559116e-05,1778918742.472766
anymal_c_flat,Episode_Reward/undesired_contacts,77,0.0,1778918743.6186712
anymal_c_flat,Episode_Reward/undesired_contacts,78,0.0,1778918744.7452493
anymal_c_flat,Episode_Reward/undesired_contacts,79,-5.555555981118232e-05,1778918745.89296
anymal_c_flat,Episode_Reward/undesired_contacts,80,-0.00016666667943354696,1778918747.0359166
anymal_c_flat,Episode_Reward/undesired_contacts,81,0.0,1778918748.1764922
anymal_c_flat,Episode_Reward/undesired_contacts,82,-0.00016666667943354696,1778918749.3130493
anymal_c_flat,Episode_Reward/undesired_contacts,83,-4.166666985838674e-05,1778918750.4532938
anymal_c_flat,Episode_Reward/undesired_contacts,84,0.0,1778918751.5830357
anymal_c_flat,Episode_Reward/undesired_contacts,85,0.0,1778918752.8877268
anymal_c_flat,Episode_Reward/undesired_contacts,86,-0.00010416667646495625,1778918754.043989
anymal_c_flat,Episode_Reward/undesired_contacts,87,-0.00016666667943354696,1778918755.1728158
anymal_c_flat,Episode_Reward/undesired_contacts,88,-1.388888995279558e-05,1778918756.289912
anymal_c_flat,Episode_Reward/undesired_contacts,89,-5.555555981118232e-05,1778918757.4298687
anymal_c_flat,Episode_Reward/undesired_contacts,90,-6.25000029685907e-05,1778918758.5753436
anymal_c_flat,Episode_Reward/undesired_contacts,91,0.0,1778918759.7332652
anymal_c_flat,Episode_Reward/undesired_contacts,92,0.0,1778918760.876311
anymal_c_flat,Episode_Reward/undesired_contacts,93,-7.63888965593651e-05,1778918762.0209055
anymal_c_flat,Episode_Reward/undesired_contacts,94,-2.083333492919337e-05,1778918763.1552448
anymal_c_flat,Episode_Reward/undesired_contacts,95,-0.0002152778033632785,1778918764.3479779
anymal_c_flat,Episode_Reward/undesired_contacts,96,-0.00041666667675599456,1778918765.488463
anymal_c_flat,Episode_Reward/undesired_contacts,97,-0.0001250000059371814,1778918766.6367033
anymal_c_flat,Episode_Reward/undesired_contacts,98,-0.00016666667943354696,1778918767.7828918
anymal_c_flat,Episode_Reward/undesired_contacts,99,-0.0001527777931187302,1778918768.9215355
anymal_c_flat,Episode_Reward/undesired_contacts,100,-0.00013194445637054741,1778918770.0711644
anymal_c_flat,Episode_Reward/undesired_contacts,101,-0.0001875000016298145,1778918771.2032807
anymal_c_flat,Episode_Reward/undesired_contacts,102,0.0,1778918772.3454866
anymal_c_flat,Episode_Reward/undesired_contacts,103,-0.0001250000059371814,1778918773.4808767
anymal_c_flat,Episode_Reward/undesired_contacts,104,-1.0416667464596685e-05,1778918774.7359095
anymal_c_flat,Episode_Reward/undesired_contacts,105,0.0,1778918775.8654385
anymal_c_flat,Episode_Reward/undesired_contacts,106,0.0,1778918777.0086212
anymal_c_flat,Episode_Reward/undesired_contacts,107,-4.166666985838674e-05,1778918778.1419
anymal_c_flat,Episode_Reward/undesired_contacts,108,-6.25000029685907e-05,1778918779.2786217
anymal_c_flat,Episode_Reward/undesired_contacts,109,0.0,1778918780.4011078
anymal_c_flat,Episode_Reward/undesired_contacts,110,-2.083333492919337e-05,1778918781.5428152
anymal_c_flat,Episode_Reward/undesired_contacts,111,-8.333333971677348e-05,1778918782.665084
anymal_c_flat,Episode_Reward/undesired_contacts,112,-6.944444612599909e-05,1778918783.7925148
anymal_c_flat,Episode_Reward/undesired_contacts,113,-4.166666985838674e-05,1778918784.94331
anymal_c_flat,Episode_Reward/undesired_contacts,114,-4.166666985838674e-05,1778918786.2022643
anymal_c_flat,Episode_Reward/undesired_contacts,115,-0.0001250000059371814,1778918787.3438485
anymal_c_flat,Episode_Reward/undesired_contacts,116,-0.0001250000059371814,1778918788.4948773
anymal_c_flat,Episode_Reward/undesired_contacts,117,-0.0001250000059371814,1778918789.6331718
anymal_c_flat,Episode_Reward/undesired_contacts,118,-4.166666985838674e-05,1778918790.7944245
anymal_c_flat,Episode_Reward/undesired_contacts,119,-4.166666985838674e-05,1778918791.9434092
anymal_c_flat,Episode_Reward/undesired_contacts,120,-2.083333492919337e-05,1778918793.0915492
anymal_c_flat,Episode_Reward/undesired_contacts,121,-0.0002708333486225456,1778918794.233721
anymal_c_flat,Episode_Reward/undesired_contacts,122,-6.25000029685907e-05,1778918795.3704245
anymal_c_flat,Episode_Reward/undesired_contacts,123,-0.0005000000237487257,1778918796.6264505
anymal_c_flat,Episode_Reward/undesired_contacts,124,-0.00022916667512618005,1778918797.7821066
anymal_c_flat,Episode_Reward/undesired_contacts,125,-0.00022222222469281405,1778918798.8999882
anymal_c_flat,Episode_Reward/undesired_contacts,126,-8.333333971677348e-05,1778918800.0377038
anymal_c_flat,Episode_Reward/undesired_contacts,127,-2.083333492919337e-05,1778918801.174978
anymal_c_flat,Episode_Reward/undesired_contacts,128,-8.333333971677348e-05,1778918802.3186445
anymal_c_flat,Episode_Reward/undesired_contacts,129,-0.00018750001618172973,1778918803.469536
anymal_c_flat,Episode_Reward/undesired_contacts,130,0.0,1778918804.5968428
anymal_c_flat,Episode_Reward/undesired_contacts,131,-5.555555981118232e-05,1778918805.7567425
anymal_c_flat,Episode_Reward/undesired_contacts,132,-1.388888995279558e-05,1778918806.9230359
anymal_c_flat,Episode_Reward/undesired_contacts,133,-8.333333971677348e-05,1778918808.0676997
anymal_c_flat,Episode_Reward/undesired_contacts,134,0.0,1778918809.183678
anymal_c_flat,Episode_Reward/undesired_contacts,135,-5.9027777751907706e-05,1778918810.3213003
anymal_c_flat,Episode_Reward/undesired_contacts,136,0.0,1778918811.453083
anymal_c_flat,Episode_Reward/undesired_contacts,137,-0.00047222222201526165,1778918812.590349
anymal_c_flat,Episode_Reward/undesired_contacts,138,-0.00010416667646495625,1778918813.7454562
anymal_c_flat,Episode_Reward/undesired_contacts,139,0.0,1778918814.879524
anymal_c_flat,Episode_Reward/undesired_contacts,140,0.0,1778918815.990727
anymal_c_flat,Episode_Reward/undesired_contacts,141,0.0,1778918817.1230438
anymal_c_flat,Episode_Reward/undesired_contacts,142,0.0,1778918818.3786852
anymal_c_flat,Episode_Reward/undesired_contacts,143,-0.00016666667943354696,1778918819.512819
anymal_c_flat,Episode_Reward/undesired_contacts,144,-1.0416667464596685e-05,1778918820.6414027
anymal_c_flat,Episode_Reward/undesired_contacts,145,-4.166666985838674e-05,1778918821.7882092
anymal_c_flat,Episode_Reward/undesired_contacts,146,-0.00020833333837799728,1778918822.9034288
anymal_c_flat,Episode_Reward/undesired_contacts,147,-2.083333492919337e-05,1778918824.0534627
anymal_c_flat,Episode_Reward/undesired_contacts,148,-4.166666985838674e-05,1778918825.196051
anymal_c_flat,Episode_Reward/undesired_contacts,149,-0.00010416666918899864,1778918826.3184016
anymal_c_flat,Episode_Reward/undesired_contacts,150,-0.0002916666853707284,1778918827.445003
anymal_c_flat,Episode_Reward/undesired_contacts,151,-0.00012500002048909664,1778918828.5992763
anymal_c_flat,Episode_Reward/undesired_contacts,152,-4.166666985838674e-05,1778918829.795364
anymal_c_flat,Episode_Reward/undesired_contacts,153,-3.125000148429535e-05,1778918830.936522
anymal_c_flat,Episode_Reward/undesired_contacts,154,-0.0001250000059371814,1778918832.0731673
anymal_c_flat,Episode_Reward/undesired_contacts,155,-8.333333971677348e-05,1778918833.2081568
anymal_c_flat,Episode_Reward/undesired_contacts,156,-0.0003541666956152767,1778918834.3386755
anymal_c_flat,Episode_Reward/undesired_contacts,157,-4.166666985838674e-05,1778918835.4647336
anymal_c_flat,Episode_Reward/undesired_contacts,158,-3.125000148429535e-05,1778918836.5913436
anymal_c_flat,Episode_Reward/undesired_contacts,159,-0.0001250000059371814,1778918837.7010396
anymal_c_flat,Episode_Reward/undesired_contacts,160,-8.333333971677348e-05,1778918838.842158
anymal_c_flat,Episode_Reward/undesired_contacts,161,-0.000416666705859825,1778918840.03911
anymal_c_flat,Episode_Reward/undesired_contacts,162,-0.0004583333502523601,1778918841.1803517
anymal_c_flat,Episode_Reward/undesired_contacts,163,-4.166666985838674e-05,1778918842.3241644
anymal_c_flat,Episode_Reward/undesired_contacts,164,-0.00010416666918899864,1778918843.4764624
anymal_c_flat,Episode_Reward/undesired_contacts,165,-0.0002500000118743628,1778918844.6082165
anymal_c_flat,Episode_Reward/undesired_contacts,166,-8.333333971677348e-05,1778918845.7523608
anymal_c_flat,Episode_Reward/undesired_contacts,167,-0.00016666667943354696,1778918846.875101
anymal_c_flat,Episode_Reward/undesired_contacts,168,-4.166666985838674e-05,1778918848.0143857
anymal_c_flat,Episode_Reward/undesired_contacts,169,-0.0002847222494892776,1778918849.1336935
anymal_c_flat,Episode_Reward/undesired_contacts,170,-4.166666985838674e-05,1778918850.286631
anymal_c_flat,Episode_Reward/undesired_contacts,171,-1.388888995279558e-05,1778918851.5112927
anymal_c_flat,Episode_Reward/undesired_contacts,172,-0.0001875000016298145,1778918852.6644983
anymal_c_flat,Episode_Reward/undesired_contacts,173,-0.0001458333426853642,1778918853.8169522
anymal_c_flat,Episode_Reward/undesired_contacts,174,0.0,1778918854.9429586
anymal_c_flat,Episode_Reward/undesired_contacts,175,-0.00041666667675599456,1778918856.07696
anymal_c_flat,Episode_Reward/undesired_contacts,176,-0.00022916667512618005,1778918857.2175398
anymal_c_flat,Episode_Reward/undesired_contacts,177,-0.0001250000059371814,1778918858.3508947
anymal_c_flat,Episode_Reward/undesired_contacts,178,0.0,1778918859.5042737
anymal_c_flat,Episode_Reward/undesired_contacts,179,-3.4722223062999547e-05,1778918860.6352243
anymal_c_flat,Episode_Reward/undesired_contacts,180,-2.083333492919337e-05,1778918861.842475
anymal_c_flat,Episode_Reward/undesired_contacts,181,-0.0002083333529299125,1778918862.966194
anymal_c_flat,Episode_Reward/undesired_contacts,182,-9.722223330754787e-05,1778918864.1059444
anymal_c_flat,Episode_Reward/undesired_contacts,183,-4.166666985838674e-05,1778918865.2407167
anymal_c_flat,Episode_Reward/undesired_contacts,184,-6.25000029685907e-05,1778918866.376656
anymal_c_flat,Episode_Reward/undesired_contacts,185,-0.0001250000059371814,1778918867.5296052
anymal_c_flat,Episode_Reward/undesired_contacts,186,-8.333333971677348e-05,1778918868.6547656
anymal_c_flat,Episode_Reward/undesired_contacts,187,-0.0003055555862374604,1778918869.7939658
anymal_c_flat,Episode_Reward/undesired_contacts,188,-0.00018750001618172973,1778918870.9330986
anymal_c_flat,Episode_Reward/undesired_contacts,189,-2.083333492919337e-05,1778918872.0752187
anymal_c_flat,Episode_Reward/undesired_contacts,190,-8.333333971677348e-05,1778918873.2806349
anymal_c_flat,Episode_Reward/undesired_contacts,191,-0.00020833333837799728,1778918874.4014697
anymal_c_flat,Episode_Reward/undesired_contacts,192,-4.166666985838674e-05,1778918875.532907
anymal_c_flat,Episode_Reward/undesired_contacts,193,0.0,1778918876.6666353
anymal_c_flat,Episode_Reward/undesired_contacts,194,-0.00010416667646495625,1778918877.8150892
anymal_c_flat,Episode_Reward/undesired_contacts,195,0.0,1778918878.9604056
anymal_c_flat,Episode_Reward/undesired_contacts,196,0.0,1778918880.117344
anymal_c_flat,Episode_Reward/undesired_contacts,197,-6.25000029685907e-05,1778918881.2759733
anymal_c_flat,Episode_Reward/undesired_contacts,198,0.0,1778918882.414591
anymal_c_flat,Episode_Reward/undesired_contacts,199,0.0,1778918883.6871731
anymal_c_flat,Episode_Reward/undesired_contacts,200,-2.083333492919337e-05,1778918884.823598
anymal_c_flat,Episode_Reward/undesired_contacts,201,-2.083333492919337e-05,1778918885.9889038
anymal_c_flat,Episode_Reward/undesired_contacts,202,0.0,1778918887.1139693
anymal_c_flat,Episode_Reward/undesired_contacts,203,-4.166666985838674e-05,1778918888.2591245
anymal_c_flat,Episode_Reward/undesired_contacts,204,-9.722223330754787e-05,1778918889.415694
anymal_c_flat,Episode_Reward/undesired_contacts,205,-4.166666985838674e-05,1778918890.5456533
anymal_c_flat,Episode_Reward/undesired_contacts,206,-0.001041666604578495,1778918891.6843536
anymal_c_flat,Episode_Reward/undesired_contacts,207,-0.00012708333088085055,1778918892.8041484
anymal_c_flat,Episode_Reward/undesired_contacts,208,-0.0001250000059371814,1778918893.9404008
anymal_c_flat,Episode_Reward/undesired_contacts,209,-4.166666985838674e-05,1778918895.188635
anymal_c_flat,Episode_Reward/undesired_contacts,210,-2.083333492919337e-05,1778918896.3226976
anymal_c_flat,Episode_Reward/undesired_contacts,211,-0.00038194446824491024,1778918897.449942
anymal_c_flat,Episode_Reward/undesired_contacts,212,-0.00011805555550381541,1778918898.5907195
anymal_c_flat,Episode_Reward/undesired_contacts,213,-0.0002500000118743628,1778918899.7315638
anymal_c_flat,Episode_Reward/undesired_contacts,214,-0.0001458333426853642,1778918900.8710392
anymal_c_flat,Episode_Reward/undesired_contacts,215,-0.00039583336911164224,1778918901.992788
anymal_c_flat,Episode_Reward/undesired_contacts,216,-0.00040277777588926256,1778918903.136926
anymal_c_flat,Episode_Reward/undesired_contacts,217,-0.00019444446661509573,1778918904.26249
anymal_c_flat,Episode_Reward/undesired_contacts,218,-0.00027083337772637606,1778918905.536801
anymal_c_flat,Episode_Reward/undesired_contacts,219,-0.00011111111234640703,1778918906.6667404
anymal_c_flat,Episode_Reward/undesired_contacts,220,-6.944444612599909e-05,1778918907.8013885
anymal_c_flat,Episode_Reward/undesired_contacts,221,-8.333333971677348e-05,1778918908.920972
anymal_c_flat,Episode_Reward/undesired_contacts,222,-0.0002500000118743628,1778918910.0802867
anymal_c_flat,Episode_Reward/undesired_contacts,223,-0.00016666667943354696,1778918911.2136652
anymal_c_flat,Episode_Reward/undesired_contacts,224,-0.0001875000016298145,1778918912.357258
anymal_c_flat,Episode_Reward/undesired_contacts,225,-0.0004305555485188961,1778918913.5075598
anymal_c_flat,Episode_Reward/undesired_contacts,226,-7.29166713426821e-05,1778918914.6446474
anymal_c_flat,Episode_Reward/undesired_contacts,227,-0.00028819445287808776,1778918915.7824016
anymal_c_flat,Episode_Reward/undesired_contacts,228,-0.00017708334780763835,1778918917.0638418
anymal_c_flat,Episode_Reward/undesired_contacts,229,-0.0006076389690861106,1778918918.202324
anymal_c_flat,Episode_Reward/undesired_contacts,230,-0.0002500000409781933,1778918919.3465576
anymal_c_flat,Episode_Reward/undesired_contacts,231,-4.166666985838674e-05,1778918920.494072
anymal_c_flat,Episode_Reward/undesired_contacts,232,-0.0003055555862374604,1778918921.642508
anymal_c_flat,Episode_Reward/undesired_contacts,233,-8.333333971677348e-05,1778918922.778039
anymal_c_flat,Episode_Reward/undesired_contacts,234,-0.00011111111234640703,1778918923.914146
anymal_c_flat,Episode_Reward/undesired_contacts,235,-0.0001527777931187302,1778918925.073423
anymal_c_flat,Episode_Reward/undesired_contacts,236,-0.0002500000118743628,1778918926.2045414
anymal_c_flat,Episode_Reward/undesired_contacts,237,-0.00020833333837799728,1778918927.4549813
anymal_c_flat,Episode_Reward/undesired_contacts,238,-0.0001250000059371814,1778918928.5942714
anymal_c_flat,Episode_Reward/undesired_contacts,239,-0.0004583333502523601,1778918929.7301342
anymal_c_flat,Episode_Reward/undesired_contacts,240,-0.0002500000118743628,1778918930.8756518
anymal_c_flat,Episode_Reward/undesired_contacts,241,-0.00011805555550381541,1778918932.0171218
anymal_c_flat,Episode_Reward/undesired_contacts,242,-0.00019444446661509573,1778918933.1591818
anymal_c_flat,Episode_Reward/undesired_contacts,243,-9.722223330754787e-05,1778918934.3044143
anymal_c_flat,Episode_Reward/undesired_contacts,244,-0.00014930556062608957,1778918935.4292111
anymal_c_flat,Episode_Reward/undesired_contacts,245,-0.00011111111962236464,1778918936.5629272
anymal_c_flat,Episode_Reward/undesired_contacts,246,-0.00016666667943354696,1778918937.7110045
anymal_c_flat,Episode_Reward/undesired_contacts,247,-0.00035416666651144624,1778918939.0033786
anymal_c_flat,Episode_Reward/undesired_contacts,248,-0.0001458333426853642,1778918940.138454
anymal_c_flat,Episode_Reward/undesired_contacts,249,-0.00016666667943354696,1778918941.2720714
anymal_c_flat,Episode_Reward/undesired_contacts,250,-0.00016666667943354696,1778918942.4182444
anymal_c_flat,Episode_Reward/undesired_contacts,251,-0.00022222222469281405,1778918943.5638602
anymal_c_flat,Episode_Reward/undesired_contacts,252,-0.0001875000016298145,1778918944.7033365
anymal_c_flat,Episode_Reward/undesired_contacts,253,-0.00010416666918899864,1778918945.840114
anymal_c_flat,Episode_Reward/undesired_contacts,254,-0.0001527777931187302,1778918946.972502
anymal_c_flat,Episode_Reward/undesired_contacts,255,-2.083333492919337e-05,1778918948.1025949
anymal_c_flat,Episode_Reward/undesired_contacts,256,-0.00023611114011146128,1778918949.3846579
anymal_c_flat,Episode_Reward/undesired_contacts,257,-0.00022222223924472928,1778918950.5281966
anymal_c_flat,Episode_Reward/undesired_contacts,258,-0.00012500002048909664,1778918951.6687129
anymal_c_flat,Episode_Reward/undesired_contacts,259,-0.0001250000059371814,1778918952.8085613
anymal_c_flat,Episode_Reward/undesired_contacts,260,-4.166666985838674e-05,1778918953.9560912
anymal_c_flat,Episode_Reward/undesired_contacts,261,0.0,1778918955.0864713
anymal_c_flat,Episode_Reward/undesired_contacts,262,-0.00022222222469281405,1778918956.2289624
anymal_c_flat,Episode_Reward/undesired_contacts,263,-0.0001458333426853642,1778918957.3501217
anymal_c_flat,Episode_Reward/undesired_contacts,264,-0.0001250000059371814,1778918958.4846194
anymal_c_flat,Episode_Reward/undesired_contacts,265,-2.777777990559116e-05,1778918959.6097713
anymal_c_flat,Episode_Reward/undesired_contacts,266,-0.0001354166743112728,1778918960.836156
anymal_c_flat,Episode_Reward/undesired_contacts,267,-0.0003749999450519681,1778918961.9748323
anymal_c_flat,Episode_Reward/undesired_contacts,268,-0.0002847222494892776,1778918963.1166575
anymal_c_flat,Episode_Reward/undesired_contacts,269,-4.166666985838674e-05,1778918964.2501564
anymal_c_flat,Episode_Reward/undesired_contacts,270,-0.00038888893323019147,1778918965.3844187
anymal_c_flat,Episode_Reward/undesired_contacts,271,-0.00014930556062608957,1778918966.5116959
anymal_c_flat,Episode_Reward/undesired_contacts,272,-9.375000809086487e-05,1778918967.6455278
anymal_c_flat,Episode_Reward/undesired_contacts,273,-0.0002083333529299125,1778918968.778476
anymal_c_flat,Episode_Reward/undesired_contacts,274,-0.00010416666918899864,1778918969.9178467
anymal_c_flat,Episode_Reward/undesired_contacts,275,-0.0001354166743112728,1778918971.177303
anymal_c_flat,Episode_Reward/undesired_contacts,276,-0.00027083337772637606,1778918972.312059
anymal_c_flat,Episode_Reward/undesired_contacts,277,-0.0003055555862374604,1778918973.4334867
anymal_c_flat,Episode_Reward/undesired_contacts,278,-4.166666985838674e-05,1778918974.5935278
anymal_c_flat,Episode_Reward/undesired_contacts,279,-0.00015972222900018096,1778918975.7240841
anymal_c_flat,Episode_Reward/undesired_contacts,280,-0.00025347224436700344,1778918976.8554204
anymal_c_flat,Episode_Reward/undesired_contacts,281,-0.00036111113149672747,1778918978.004515
anymal_c_flat,Episode_Reward/undesired_contacts,282,-0.0003194444580003619,1778918979.1369069
anymal_c_flat,Episode_Reward/undesired_contacts,283,-0.000402777804993093,1778918980.2869127
anymal_c_flat,Episode_Reward/undesired_contacts,284,-0.00016666667943354696,1778918981.4371526
anymal_c_flat,Episode_Reward/undesired_contacts,285,-0.00013194445637054741,1778918982.7295587
anymal_c_flat,Episode_Reward/undesired_contacts,286,-0.0003402777947485447,1778918983.868462
anymal_c_flat,Episode_Reward/undesired_contacts,287,-0.00022222223924472928,1778918985.0142002
anymal_c_flat,Episode_Reward/undesired_contacts,288,-0.0006666667177341878,1778918986.156624
anymal_c_flat,Episode_Reward/undesired_contacts,289,-0.0003854166716337204,1778918987.2931356
anymal_c_flat,Episode_Reward/undesired_contacts,290,-0.00033333332976326346,1778918988.4236002
anymal_c_flat,Episode_Reward/undesired_contacts,291,-0.0006041666492819786,1778918989.5547903
anymal_c_flat,Episode_Reward/undesired_contacts,292,-0.0006527778459712863,1778918990.6911893
anymal_c_flat,Episode_Reward/undesired_contacts,293,-0.0007500000647269189,1778918991.8336403
anymal_c_flat,Episode_Reward/undesired_contacts,294,-6.25000029685907e-05,1778918993.0951858
anymal_c_flat,Episode_Reward/undesired_contacts,295,-0.00022916667512618005,1778918994.2514489
anymal_c_flat,Episode_Reward/undesired_contacts,296,-0.00019444446661509573,1778918995.4002316
anymal_c_flat,Episode_Reward/undesired_contacts,297,-6.25000029685907e-05,1778918996.521815
anymal_c_flat,Episode_Reward/undesired_contacts,298,-0.00026388891274109483,1778918997.647499
anymal_c_flat,Episode_Reward/undesired_contacts,299,-0.0002500000118743628,1778918998.7902331
anymal_c_flat,Episode_Reward/flat_orientation_l2,0,0.0,1778918656.2271228
anymal_c_flat,Episode_Reward/flat_orientation_l2,1,-0.0022420408204197884,1778918657.3814287
anymal_c_flat,Episode_Reward/flat_orientation_l2,2,-0.006726122461259365,1778918658.461294
anymal_c_flat,Episode_Reward/flat_orientation_l2,3,-0.006726122461259365,1778918659.5458186
anymal_c_flat,Episode_Reward/flat_orientation_l2,4,-0.006726122461259365,1778918660.623148
anymal_c_flat,Episode_Reward/flat_orientation_l2,5,-0.006856023799628019,1778918662.1371753
anymal_c_flat,Episode_Reward/flat_orientation_l2,6,-0.007765335496515036,1778918663.2265697
anymal_c_flat,Episode_Reward/flat_orientation_l2,7,-0.012247512117028236,1778918664.3166826
anymal_c_flat,Episode_Reward/flat_orientation_l2,8,-0.01374157052487135,1778918665.3874176
anymal_c_flat,Episode_Reward/flat_orientation_l2,9,-0.01374157052487135,1778918666.4506035
anymal_c_flat,Episode_Reward/flat_orientation_l2,10,-0.015131868422031403,1778918667.5178967
anymal_c_flat,Episode_Reward/flat_orientation_l2,11,-0.016124939545989037,1778918668.5847964
anymal_c_flat,Episode_Reward/flat_orientation_l2,12,-0.016124939545989037,1778918669.6554215
anymal_c_flat,Episode_Reward/flat_orientation_l2,13,-0.026758676394820213,1778918670.740475
anymal_c_flat,Episode_Reward/flat_orientation_l2,14,-0.072899729013443,1778918671.8310432
anymal_c_flat,Episode_Reward/flat_orientation_l2,15,-0.07764522731304169,1778918672.914377
anymal_c_flat,Episode_Reward/flat_orientation_l2,16,-0.039827145636081696,1778918674.0027163
anymal_c_flat,Episode_Reward/flat_orientation_l2,17,-0.04796139523386955,1778918675.077403
anymal_c_flat,Episode_Reward/flat_orientation_l2,18,-0.035072386264801025,1778918676.185419
anymal_c_flat,Episode_Reward/flat_orientation_l2,19,-0.04584745690226555,1778918677.3661635
anymal_c_flat,Episode_Reward/flat_orientation_l2,20,-0.04545101523399353,1778918678.4402514
anymal_c_flat,Episode_Reward/flat_orientation_l2,21,-0.04753510653972626,1778918679.8732357
anymal_c_flat,Episode_Reward/flat_orientation_l2,22,-0.04708930477499962,1778918680.972912
anymal_c_flat,Episode_Reward/flat_orientation_l2,23,-0.02169773355126381,1778918682.0868301
anymal_c_flat,Episode_Reward/flat_orientation_l2,24,-0.018635984510183334,1778918683.171765
anymal_c_flat,Episode_Reward/flat_orientation_l2,25,-0.012397190555930138,1778918684.2706578
anymal_c_flat,Episode_Reward/flat_orientation_l2,26,-0.03514578193426132,1778918685.3687363
anymal_c_flat,Episode_Reward/flat_orientation_l2,27,-0.020771106705069542,1778918686.4743874
anymal_c_flat,Episode_Reward/flat_orientation_l2,28,-0.014208628796041012,1778918687.708531
anymal_c_flat,Episode_Reward/flat_orientation_l2,29,-0.020649192854762077,1778918688.8125584
anymal_c_flat,Episode_Reward/flat_orientation_l2,30,-0.01531737856566906,1778918689.9396436
anymal_c_flat,Episode_Reward/flat_orientation_l2,31,-0.017273344099521637,1778918691.0540586
anymal_c_flat,Episode_Reward/flat_orientation_l2,32,-0.027389992028474808,1778918692.1558332
anymal_c_flat,Episode_Reward/flat_orientation_l2,33,-0.01929023116827011,1778918693.2734737
anymal_c_flat,Episode_Reward/flat_orientation_l2,34,-0.016242392361164093,1778918694.3829753
anymal_c_flat,Episode_Reward/flat_orientation_l2,35,-0.03111354075372219,1778918695.492254
anymal_c_flat,Episode_Reward/flat_orientation_l2,36,-0.015493020415306091,1778918696.6319268
anymal_c_flat,Episode_Reward/flat_orientation_l2,37,-0.01984906569123268,1778918697.7428112
anymal_c_flat,Episode_Reward/flat_orientation_l2,38,-0.01902548223733902,1778918698.9913738
anymal_c_flat,Episode_Reward/flat_orientation_l2,39,-0.01592150330543518,1778918700.1080306
anymal_c_flat,Episode_Reward/flat_orientation_l2,40,-0.014524410478770733,1778918701.2279963
anymal_c_flat,Episode_Reward/flat_orientation_l2,41,-0.01414123922586441,1778918702.343328
anymal_c_flat,Episode_Reward/flat_orientation_l2,42,-0.014870959334075451,1778918703.457312
anymal_c_flat,Episode_Reward/flat_orientation_l2,43,-0.01327323168516159,1778918704.5844376
anymal_c_flat,Episode_Reward/flat_orientation_l2,44,-0.017066312953829765,1778918705.715455
anymal_c_flat,Episode_Reward/flat_orientation_l2,45,-0.015685580670833588,1778918706.8356042
anymal_c_flat,Episode_Reward/flat_orientation_l2,46,-0.01218434702605009,1778918707.9607549
anymal_c_flat,Episode_Reward/flat_orientation_l2,47,-0.015701234340667725,1778918709.1895332
anymal_c_flat,Episode_Reward/flat_orientation_l2,48,-0.015447726473212242,1778918710.3234026
anymal_c_flat,Episode_Reward/flat_orientation_l2,49,-0.01337132602930069,1778918711.4505634
anymal_c_flat,Episode_Reward/flat_orientation_l2,50,-0.01703130640089512,1778918712.5649087
anymal_c_flat,Episode_Reward/flat_orientation_l2,51,-0.015826480463147163,1778918713.702294
anymal_c_flat,Episode_Reward/flat_orientation_l2,52,-0.01679643616080284,1778918714.8379047
anymal_c_flat,Episode_Reward/flat_orientation_l2,53,-0.021182065829634666,1778918715.9667392
anymal_c_flat,Episode_Reward/flat_orientation_l2,54,-0.0180852971971035,1778918717.1054962
anymal_c_flat,Episode_Reward/flat_orientation_l2,55,-0.013992401771247387,1778918718.2348769
anymal_c_flat,Episode_Reward/flat_orientation_l2,56,-0.014072729274630547,1778918719.3781884
anymal_c_flat,Episode_Reward/flat_orientation_l2,57,-0.015382565557956696,1778918720.6141708
anymal_c_flat,Episode_Reward/flat_orientation_l2,58,-0.013991579413414001,1778918721.7624116
anymal_c_flat,Episode_Reward/flat_orientation_l2,59,-0.014646383933722973,1778918722.9061303
anymal_c_flat,Episode_Reward/flat_orientation_l2,60,-0.013769406825304031,1778918724.0372758
anymal_c_flat,Episode_Reward/flat_orientation_l2,61,-0.016158200800418854,1778918725.2153656
anymal_c_flat,Episode_Reward/flat_orientation_l2,62,-0.016664769500494003,1778918726.3407319
anymal_c_flat,Episode_Reward/flat_orientation_l2,63,-0.01416833233088255,1778918727.4687538
anymal_c_flat,Episode_Reward/flat_orientation_l2,64,-0.015642620623111725,1778918728.5896642
anymal_c_flat,Episode_Reward/flat_orientation_l2,65,-0.013818919658660889,1778918729.7270398
anymal_c_flat,Episode_Reward/flat_orientation_l2,66,-0.014260604977607727,1778918730.9864745
anymal_c_flat,Episode_Reward/flat_orientation_l2,67,-0.016513891518115997,1778918732.1108954
anymal_c_flat,Episode_Reward/flat_orientation_l2,68,-0.014926109462976456,1778918733.2529504
anymal_c_flat,Episode_Reward/flat_orientation_l2,69,-0.014278112910687923,1778918734.3813674
anymal_c_flat,Episode_Reward/flat_orientation_l2,70,-0.014200389385223389,1778918735.5190527
anymal_c_flat,Episode_Reward/flat_orientation_l2,71,-0.013339417986571789,1778918736.669636
anymal_c_flat,Episode_Reward/flat_orientation_l2,72,-0.014287705533206463,1778918737.7985084
anymal_c_flat,Episode_Reward/flat_orientation_l2,73,-0.01532665640115738,1778918738.9202936
anymal_c_flat,Episode_Reward/flat_orientation_l2,74,-0.014137746766209602,1778918740.0505445
anymal_c_flat,Episode_Reward/flat_orientation_l2,75,-0.013451765291392803,1778918741.1883695
anymal_c_flat,Episode_Reward/flat_orientation_l2,76,-0.013959063217043877,1778918742.47328
anymal_c_flat,Episode_Reward/flat_orientation_l2,77,-0.014094486832618713,1778918743.6193435
anymal_c_flat,Episode_Reward/flat_orientation_l2,78,-0.014955101534724236,1778918744.7457588
anymal_c_flat,Episode_Reward/flat_orientation_l2,79,-0.014202903024852276,1778918745.8936381
anymal_c_flat,Episode_Reward/flat_orientation_l2,80,-0.014734147116541862,1778918747.0364034
anymal_c_flat,Episode_Reward/flat_orientation_l2,81,-0.017521534115076065,1778918748.1769853
anymal_c_flat,Episode_Reward/flat_orientation_l2,82,-0.014244901947677135,1778918749.313548
anymal_c_flat,Episode_Reward/flat_orientation_l2,83,-0.016351183876395226,1778918750.4538703
anymal_c_flat,Episode_Reward/flat_orientation_l2,84,-0.014018839225172997,1778918751.5835268
anymal_c_flat,Episode_Reward/flat_orientation_l2,85,-0.014300423674285412,1778918752.88822
anymal_c_flat,Episode_Reward/flat_orientation_l2,86,-0.012974528595805168,1778918754.044687
anymal_c_flat,Episode_Reward/flat_orientation_l2,87,-0.013235745951533318,1778918755.1733298
anymal_c_flat,Episode_Reward/flat_orientation_l2,88,-0.013296197168529034,1778918756.2904627
anymal_c_flat,Episode_Reward/flat_orientation_l2,89,-0.013582495972514153,1778918757.4304762
anymal_c_flat,Episode_Reward/flat_orientation_l2,90,-0.013108424842357635,1778918758.575871
anymal_c_flat,Episode_Reward/flat_orientation_l2,91,-0.013454399071633816,1778918759.7338057
anymal_c_flat,Episode_Reward/flat_orientation_l2,92,-0.012886231765151024,1778918760.8768544
anymal_c_flat,Episode_Reward/flat_orientation_l2,93,-0.015105897560715675,1778918762.0214083
anymal_c_flat,Episode_Reward/flat_orientation_l2,94,-0.01520448736846447,1778918763.1557724
anymal_c_flat,Episode_Reward/flat_orientation_l2,95,-0.014733899384737015,1778918764.34849
anymal_c_flat,Episode_Reward/flat_orientation_l2,96,-0.01675228402018547,1778918765.4890924
anymal_c_flat,Episode_Reward/flat_orientation_l2,97,-0.013109207153320312,1778918766.6372395
anymal_c_flat,Episode_Reward/flat_orientation_l2,98,-0.014656349085271358,1778918767.783621
anymal_c_flat,Episode_Reward/flat_orientation_l2,99,-0.01626802608370781,1778918768.9221294
anymal_c_flat,Episode_Reward/flat_orientation_l2,100,-0.015220428816974163,1778918770.0716848
anymal_c_flat,Episode_Reward/flat_orientation_l2,101,-0.014492413960397243,1778918771.2038293
anymal_c_flat,Episode_Reward/flat_orientation_l2,102,-0.01533990167081356,1778918772.3460913
anymal_c_flat,Episode_Reward/flat_orientation_l2,103,-0.016780808568000793,1778918773.4813771
anymal_c_flat,Episode_Reward/flat_orientation_l2,104,-0.014499126002192497,1778918774.736417
anymal_c_flat,Episode_Reward/flat_orientation_l2,105,-0.013641184195876122,1778918775.866036
anymal_c_flat,Episode_Reward/flat_orientation_l2,106,-0.01588789001107216,1778918777.0092824
anymal_c_flat,Episode_Reward/flat_orientation_l2,107,-0.014264705590903759,1778918778.1424232
anymal_c_flat,Episode_Reward/flat_orientation_l2,108,-0.014113565906882286,1778918779.279143
anymal_c_flat,Episode_Reward/flat_orientation_l2,109,-0.015018949285149574,1778918780.4016182
anymal_c_flat,Episode_Reward/flat_orientation_l2,110,-0.014734579250216484,1778918781.5433497
anymal_c_flat,Episode_Reward/flat_orientation_l2,111,-0.015530956909060478,1778918782.6655946
anymal_c_flat,Episode_Reward/flat_orientation_l2,112,-0.014650233089923859,1778918783.7930584
anymal_c_flat,Episode_Reward/flat_orientation_l2,113,-0.0151970898732543,1778918784.9438744
anymal_c_flat,Episode_Reward/flat_orientation_l2,114,-0.014216474257409573,1778918786.202809
anymal_c_flat,Episode_Reward/flat_orientation_l2,115,-0.01359043549746275,1778918787.344384
anymal_c_flat,Episode_Reward/flat_orientation_l2,116,-0.014600466005504131,1778918788.4953883
anymal_c_flat,Episode_Reward/flat_orientation_l2,117,-0.013946804217994213,1778918789.6337264
anymal_c_flat,Episode_Reward/flat_orientation_l2,118,-0.013985678553581238,1778918790.7950568
anymal_c_flat,Episode_Reward/flat_orientation_l2,119,-0.013976704329252243,1778918791.9441035
anymal_c_flat,Episode_Reward/flat_orientation_l2,120,-0.013487721793353558,1778918793.0922418
anymal_c_flat,Episode_Reward/flat_orientation_l2,121,-0.013311854563653469,1778918794.2342374
anymal_c_flat,Episode_Reward/flat_orientation_l2,122,-0.014416168443858624,1778918795.3709576
anymal_c_flat,Episode_Reward/flat_orientation_l2,123,-0.012486602179706097,1778918796.6269732
anymal_c_flat,Episode_Reward/flat_orientation_l2,124,-0.012738652527332306,1778918797.7827346
anymal_c_flat,Episode_Reward/flat_orientation_l2,125,-0.014399956911802292,1778918798.900491
anymal_c_flat,Episode_Reward/flat_orientation_l2,126,-0.01212986372411251,1778918800.0382388
anymal_c_flat,Episode_Reward/flat_orientation_l2,127,-0.0141777154058218,1778918801.1755292
anymal_c_flat,Episode_Reward/flat_orientation_l2,128,-0.014117766171693802,1778918802.319206
anymal_c_flat,Episode_Reward/flat_orientation_l2,129,-0.014592017978429794,1778918803.4700792
anymal_c_flat,Episode_Reward/flat_orientation_l2,130,-0.014073717407882214,1778918804.5973148
anymal_c_flat,Episode_Reward/flat_orientation_l2,131,-0.013496872037649155,1778918805.7573977
anymal_c_flat,Episode_Reward/flat_orientation_l2,132,-0.013411236926913261,1778918806.9237673
anymal_c_flat,Episode_Reward/flat_orientation_l2,133,-0.01454894058406353,1778918808.0682318
anymal_c_flat,Episode_Reward/flat_orientation_l2,134,-0.012462843209505081,1778918809.1841745
anymal_c_flat,Episode_Reward/flat_orientation_l2,135,-0.015820764005184174,1778918810.3218355
anymal_c_flat,Episode_Reward/flat_orientation_l2,136,-0.01294937264174223,1778918811.453643
anymal_c_flat,Episode_Reward/flat_orientation_l2,137,-0.013254139572381973,1778918812.590903
anymal_c_flat,Episode_Reward/flat_orientation_l2,138,-0.014220057055354118,1778918813.7460103
anymal_c_flat,Episode_Reward/flat_orientation_l2,139,-0.012701621279120445,1778918814.880096
anymal_c_flat,Episode_Reward/flat_orientation_l2,140,-0.014742969535291195,1778918815.991238
anymal_c_flat,Episode_Reward/flat_orientation_l2,141,-0.014014488086104393,1778918817.1235583
anymal_c_flat,Episode_Reward/flat_orientation_l2,142,-0.011497299186885357,1778918818.3791873
anymal_c_flat,Episode_Reward/flat_orientation_l2,143,-0.013322579674422741,1778918819.5133245
anymal_c_flat,Episode_Reward/flat_orientation_l2,144,-0.012516219168901443,1778918820.6419191
anymal_c_flat,Episode_Reward/flat_orientation_l2,145,-0.01360989362001419,1778918821.788735
anymal_c_flat,Episode_Reward/flat_orientation_l2,146,-0.012752421200275421,1778918822.9039361
anymal_c_flat,Episode_Reward/flat_orientation_l2,147,-0.013540293090045452,1778918824.0540464
anymal_c_flat,Episode_Reward/flat_orientation_l2,148,-0.012355479411780834,1778918825.1965408
anymal_c_flat,Episode_Reward/flat_orientation_l2,149,-0.012099909596145153,1778918826.3189094
anymal_c_flat,Episode_Reward/flat_orientation_l2,150,-0.01403489988297224,1778918827.4455101
anymal_c_flat,Episode_Reward/flat_orientation_l2,151,-0.013848002068698406,1778918828.5998356
anymal_c_flat,Episode_Reward/flat_orientation_l2,152,-0.01318714302033186,1778918829.7959003
anymal_c_flat,Episode_Reward/flat_orientation_l2,153,-0.01270652562379837,1778918830.9370577
anymal_c_flat,Episode_Reward/flat_orientation_l2,154,-0.012253986671566963,1778918832.0736682
anymal_c_flat,Episode_Reward/flat_orientation_l2,155,-0.013025728985667229,1778918833.2086775
anymal_c_flat,Episode_Reward/flat_orientation_l2,156,-0.013342306017875671,1778918834.3391953
anymal_c_flat,Episode_Reward/flat_orientation_l2,157,-0.011778119951486588,1778918835.465237
anymal_c_flat,Episode_Reward/flat_orientation_l2,158,-0.014706447720527649,1778918836.5918589
anymal_c_flat,Episode_Reward/flat_orientation_l2,159,-0.013628153130412102,1778918837.701554
anymal_c_flat,Episode_Reward/flat_orientation_l2,160,-0.013862418942153454,1778918838.8427305
anymal_c_flat,Episode_Reward/flat_orientation_l2,161,-0.013430874794721603,1778918840.0396855
anymal_c_flat,Episode_Reward/flat_orientation_l2,162,-0.014147661626338959,1778918841.1808674
anymal_c_flat,Episode_Reward/flat_orientation_l2,163,-0.014001019299030304,1778918842.3247042
anymal_c_flat,Episode_Reward/flat_orientation_l2,164,-0.013378417119383812,1778918843.4770052
anymal_c_flat,Episode_Reward/flat_orientation_l2,165,-0.011949190869927406,1778918844.608775
anymal_c_flat,Episode_Reward/flat_orientation_l2,166,-0.013669177889823914,1778918845.752903
anymal_c_flat,Episode_Reward/flat_orientation_l2,167,-0.012574992142617702,1778918846.875629
anymal_c_flat,Episode_Reward/flat_orientation_l2,168,-0.014996673911809921,1778918848.014912
anymal_c_flat,Episode_Reward/flat_orientation_l2,169,-0.013196010142564774,1778918849.1341608
anymal_c_flat,Episode_Reward/flat_orientation_l2,170,-0.013719750568270683,1778918850.2871594
anymal_c_flat,Episode_Reward/flat_orientation_l2,171,-0.0136331245303154,1778918851.5118113
anymal_c_flat,Episode_Reward/flat_orientation_l2,172,-0.013493543490767479,1778918852.6650355
anymal_c_flat,Episode_Reward/flat_orientation_l2,173,-0.014801166951656342,1778918853.81744
anymal_c_flat,Episode_Reward/flat_orientation_l2,174,-0.012148070149123669,1778918854.9435425
anymal_c_flat,Episode_Reward/flat_orientation_l2,175,-0.016447333618998528,1778918856.0774632
anymal_c_flat,Episode_Reward/flat_orientation_l2,176,-0.014787783846259117,1778918857.218071
anymal_c_flat,Episode_Reward/flat_orientation_l2,177,-0.01359698735177517,1778918858.351419
anymal_c_flat,Episode_Reward/flat_orientation_l2,178,-0.013958360999822617,1778918859.5047872
anymal_c_flat,Episode_Reward/flat_orientation_l2,179,-0.015089097432792187,1778918860.6358173
anymal_c_flat,Episode_Reward/flat_orientation_l2,180,-0.014249440282583237,1778918861.843115
anymal_c_flat,Episode_Reward/flat_orientation_l2,181,-0.01408712100237608,1778918862.9667554
anymal_c_flat,Episode_Reward/flat_orientation_l2,182,-0.015734238550066948,1778918864.1064334
anymal_c_flat,Episode_Reward/flat_orientation_l2,183,-0.013976196758449078,1778918865.2412057
anymal_c_flat,Episode_Reward/flat_orientation_l2,184,-0.015403887256979942,1778918866.3771908
anymal_c_flat,Episode_Reward/flat_orientation_l2,185,-0.013475398533046246,1778918867.5301516
anymal_c_flat,Episode_Reward/flat_orientation_l2,186,-0.015072344802320004,1778918868.6553044
anymal_c_flat,Episode_Reward/flat_orientation_l2,187,-0.012688545510172844,1778918869.7944834
anymal_c_flat,Episode_Reward/flat_orientation_l2,188,-0.01191770564764738,1778918870.9336052
anymal_c_flat,Episode_Reward/flat_orientation_l2,189,-0.013326374813914299,1778918872.075754
anymal_c_flat,Episode_Reward/flat_orientation_l2,190,-0.012704434804618359,1778918873.2811522
anymal_c_flat,Episode_Reward/flat_orientation_l2,191,-0.014041958376765251,1778918874.4019623
anymal_c_flat,Episode_Reward/flat_orientation_l2,192,-0.014483223669230938,1778918875.5333955
anymal_c_flat,Episode_Reward/flat_orientation_l2,193,-0.01247817650437355,1778918876.6671631
anymal_c_flat,Episode_Reward/flat_orientation_l2,194,-0.014404689893126488,1778918877.8156402
anymal_c_flat,Episode_Reward/flat_orientation_l2,195,-0.01574087142944336,1778918878.961064
anymal_c_flat,Episode_Reward/flat_orientation_l2,196,-0.014795514754951,1778918880.1179004
anymal_c_flat,Episode_Reward/flat_orientation_l2,197,-0.014016611501574516,1778918881.276479
anymal_c_flat,Episode_Reward/flat_orientation_l2,198,-0.014118648134171963,1778918882.415099
anymal_c_flat,Episode_Reward/flat_orientation_l2,199,-0.012629258446395397,1778918883.687705
anymal_c_flat,Episode_Reward/flat_orientation_l2,200,-0.012966296635568142,1778918884.8241055
anymal_c_flat,Episode_Reward/flat_orientation_l2,201,-0.012683626264333725,1778918885.9894009
anymal_c_flat,Episode_Reward/flat_orientation_l2,202,-0.013392402790486813,1778918887.1144598
anymal_c_flat,Episode_Reward/flat_orientation_l2,203,-0.014254158362746239,1778918888.2597072
anymal_c_flat,Episode_Reward/flat_orientation_l2,204,-0.013143235817551613,1778918889.4163687
anymal_c_flat,Episode_Reward/flat_orientation_l2,205,-0.014169512316584587,1778918890.5461645
anymal_c_flat,Episode_Reward/flat_orientation_l2,206,-0.015466872602701187,1778918891.6848717
anymal_c_flat,Episode_Reward/flat_orientation_l2,207,-0.014814558438956738,1778918892.8046956
anymal_c_flat,Episode_Reward/flat_orientation_l2,208,-0.016234271228313446,1778918893.9409401
anymal_c_flat,Episode_Reward/flat_orientation_l2,209,-0.014179530553519726,1778918895.1891427
anymal_c_flat,Episode_Reward/flat_orientation_l2,210,-0.012657277286052704,1778918896.3231874
anymal_c_flat,Episode_Reward/flat_orientation_l2,211,-0.015101643279194832,1778918897.4504676
anymal_c_flat,Episode_Reward/flat_orientation_l2,212,-0.015615304931998253,1778918898.5912316
anymal_c_flat,Episode_Reward/flat_orientation_l2,213,-0.015747487545013428,1778918899.7321253
anymal_c_flat,Episode_Reward/flat_orientation_l2,214,-0.013768157921731472,1778918900.8715496
anymal_c_flat,Episode_Reward/flat_orientation_l2,215,-0.013911172747612,1778918901.9932492
anymal_c_flat,Episode_Reward/flat_orientation_l2,216,-0.013828292489051819,1778918903.1374362
anymal_c_flat,Episode_Reward/flat_orientation_l2,217,-0.013997536152601242,1778918904.263025
anymal_c_flat,Episode_Reward/flat_orientation_l2,218,-0.013564265333116055,1778918905.5373673
anymal_c_flat,Episode_Reward/flat_orientation_l2,219,-0.013244787231087685,1778918906.6672244
anymal_c_flat,Episode_Reward/flat_orientation_l2,220,-0.013677842915058136,1778918907.801896
anymal_c_flat,Episode_Reward/flat_orientation_l2,221,-0.015618125908076763,1778918908.9214938
anymal_c_flat,Episode_Reward/flat_orientation_l2,222,-0.012730191461741924,1778918910.080929
anymal_c_flat,Episode_Reward/flat_orientation_l2,223,-0.013974906876683235,1778918911.2141736
anymal_c_flat,Episode_Reward/flat_orientation_l2,224,-0.013557594269514084,1778918912.3577616
anymal_c_flat,Episode_Reward/flat_orientation_l2,225,-0.013676653616130352,1778918913.5081024
anymal_c_flat,Episode_Reward/flat_orientation_l2,226,-0.014257127419114113,1778918914.6451664
anymal_c_flat,Episode_Reward/flat_orientation_l2,227,-0.012921343557536602,1778918915.782976
anymal_c_flat,Episode_Reward/flat_orientation_l2,228,-0.012656711041927338,1778918917.0643485
anymal_c_flat,Episode_Reward/flat_orientation_l2,229,-0.014992190524935722,1778918918.20296
anymal_c_flat,Episode_Reward/flat_orientation_l2,230,-0.013994075357913971,1778918919.3471003
anymal_c_flat,Episode_Reward/flat_orientation_l2,231,-0.012944413349032402,1778918920.49459
anymal_c_flat,Episode_Reward/flat_orientation_l2,232,-0.013796372339129448,1778918921.6430354
anymal_c_flat,Episode_Reward/flat_orientation_l2,233,-0.01375330425798893,1778918922.778542
anymal_c_flat,Episode_Reward/flat_orientation_l2,234,-0.01364126242697239,1778918923.9147031
anymal_c_flat,Episode_Reward/flat_orientation_l2,235,-0.013444401323795319,1778918925.0741343
anymal_c_flat,Episode_Reward/flat_orientation_l2,236,-0.014154097065329552,1778918926.205073
anymal_c_flat,Episode_Reward/flat_orientation_l2,237,-0.01441137120127678,1778918927.4555144
anymal_c_flat,Episode_Reward/flat_orientation_l2,238,-0.013797606341540813,1778918928.594804
anymal_c_flat,Episode_Reward/flat_orientation_l2,239,-0.015205907635390759,1778918929.7307029
anymal_c_flat,Episode_Reward/flat_orientation_l2,240,-0.013407653197646141,1778918930.8761837
anymal_c_flat,Episode_Reward/flat_orientation_l2,241,-0.013925451785326004,1778918932.0176716
anymal_c_flat,Episode_Reward/flat_orientation_l2,242,-0.013261301442980766,1778918933.1597505
anymal_c_flat,Episode_Reward/flat_orientation_l2,243,-0.013648382388055325,1778918934.3049083
anymal_c_flat,Episode_Reward/flat_orientation_l2,244,-0.012150084599852562,1778918935.429846
anymal_c_flat,Episode_Reward/flat_orientation_l2,245,-0.012742566876113415,1778918936.563449
anymal_c_flat,Episode_Reward/flat_orientation_l2,246,-0.012893455103039742,1778918937.7115228
anymal_c_flat,Episode_Reward/flat_orientation_l2,247,-0.014315834268927574,1778918939.003905
anymal_c_flat,Episode_Reward/flat_orientation_l2,248,-0.013294096104800701,1778918940.1390228
anymal_c_flat,Episode_Reward/flat_orientation_l2,249,-0.013469642028212547,1778918941.272567
anymal_c_flat,Episode_Reward/flat_orientation_l2,250,-0.012430819682776928,1778918942.418809
anymal_c_flat,Episode_Reward/flat_orientation_l2,251,-0.013520196080207825,1778918943.5643706
anymal_c_flat,Episode_Reward/flat_orientation_l2,252,-0.013003820553421974,1778918944.7038746
anymal_c_flat,Episode_Reward/flat_orientation_l2,253,-0.01275467686355114,1778918945.8406894
anymal_c_flat,Episode_Reward/flat_orientation_l2,254,-0.011426659300923347,1778918946.9730556
anymal_c_flat,Episode_Reward/flat_orientation_l2,255,-0.013846037909388542,1778918948.1031373
anymal_c_flat,Episode_Reward/flat_orientation_l2,256,-0.014717133715748787,1778918949.3851776
anymal_c_flat,Episode_Reward/flat_orientation_l2,257,-0.01531497947871685,1778918950.5287418
anymal_c_flat,Episode_Reward/flat_orientation_l2,258,-0.013324754312634468,1778918951.6693013
anymal_c_flat,Episode_Reward/flat_orientation_l2,259,-0.011438585817813873,1778918952.8090675
anymal_c_flat,Episode_Reward/flat_orientation_l2,260,-0.014646641910076141,1778918953.9566255
anymal_c_flat,Episode_Reward/flat_orientation_l2,261,-0.014194441959261894,1778918955.0870237
anymal_c_flat,Episode_Reward/flat_orientation_l2,262,-0.013341065496206284,1778918956.2294886
anymal_c_flat,Episode_Reward/flat_orientation_l2,263,-0.013857199810445309,1778918957.3506584
anymal_c_flat,Episode_Reward/flat_orientation_l2,264,-0.014240503311157227,1778918958.485114
anymal_c_flat,Episode_Reward/flat_orientation_l2,265,-0.0137824397534132,1778918959.610278
anymal_c_flat,Episode_Reward/flat_orientation_l2,266,-0.014643624424934387,1778918960.8367033
anymal_c_flat,Episode_Reward/flat_orientation_l2,267,-0.015233244746923447,1778918961.9753652
anymal_c_flat,Episode_Reward/flat_orientation_l2,268,-0.013475085608661175,1778918963.1174881
anymal_c_flat,Episode_Reward/flat_orientation_l2,269,-0.014736630022525787,1778918964.2506998
anymal_c_flat,Episode_Reward/flat_orientation_l2,270,-0.014182797633111477,1778918965.3849301
anymal_c_flat,Episode_Reward/flat_orientation_l2,271,-0.013894758187234402,1778918966.5122068
anymal_c_flat,Episode_Reward/flat_orientation_l2,272,-0.012456498108804226,1778918967.6461265
anymal_c_flat,Episode_Reward/flat_orientation_l2,273,-0.012614781968295574,1778918968.779022
anymal_c_flat,Episode_Reward/flat_orientation_l2,274,-0.012016858905553818,1778918969.9183726
anymal_c_flat,Episode_Reward/flat_orientation_l2,275,-0.01381550170481205,1778918971.17785
anymal_c_flat,Episode_Reward/flat_orientation_l2,276,-0.01261526346206665,1778918972.3126056
anymal_c_flat,Episode_Reward/flat_orientation_l2,277,-0.013797642663121223,1778918973.4340618
anymal_c_flat,Episode_Reward/flat_orientation_l2,278,-0.013370688073337078,1778918974.5940993
anymal_c_flat,Episode_Reward/flat_orientation_l2,279,-0.014093879610300064,1778918975.724607
anymal_c_flat,Episode_Reward/flat_orientation_l2,280,-0.013249864801764488,1778918976.85597
anymal_c_flat,Episode_Reward/flat_orientation_l2,281,-0.012081628665328026,1778918978.0051267
anymal_c_flat,Episode_Reward/flat_orientation_l2,282,-0.011909378692507744,1778918979.1373723
anymal_c_flat,Episode_Reward/flat_orientation_l2,283,-0.013444910757243633,1778918980.28741
anymal_c_flat,Episode_Reward/flat_orientation_l2,284,-0.013318809680640697,1778918981.4377115
anymal_c_flat,Episode_Reward/flat_orientation_l2,285,-0.013078874908387661,1778918982.730106
anymal_c_flat,Episode_Reward/flat_orientation_l2,286,-0.012105345726013184,1778918983.868994
anymal_c_flat,Episode_Reward/flat_orientation_l2,287,-0.013296492397785187,1778918985.0147226
anymal_c_flat,Episode_Reward/flat_orientation_l2,288,-0.012536903843283653,1778918986.1571474
anymal_c_flat,Episode_Reward/flat_orientation_l2,289,-0.011458737775683403,1778918987.293659
anymal_c_flat,Episode_Reward/flat_orientation_l2,290,-0.014493321999907494,1778918988.424102
anymal_c_flat,Episode_Reward/flat_orientation_l2,291,-0.013132899068295956,1778918989.5552866
anymal_c_flat,Episode_Reward/flat_orientation_l2,292,-0.014010167680680752,1778918990.691711
anymal_c_flat,Episode_Reward/flat_orientation_l2,293,-0.013475213199853897,1778918991.8341758
anymal_c_flat,Episode_Reward/flat_orientation_l2,294,-0.012625718489289284,1778918993.0957344
anymal_c_flat,Episode_Reward/flat_orientation_l2,295,-0.012483141385018826,1778918994.2520838
anymal_c_flat,Episode_Reward/flat_orientation_l2,296,-0.013078393414616585,1778918995.4007897
anymal_c_flat,Episode_Reward/flat_orientation_l2,297,-0.013185370713472366,1778918996.5223243
anymal_c_flat,Episode_Reward/flat_orientation_l2,298,-0.013958202674984932,1778918997.6482038
anymal_c_flat,Episode_Reward/flat_orientation_l2,299,-0.01379399560391903,1778918998.7908032
anymal_c_flat,Episode_Reward/dof_pos_limits,0,0.0,1778918656.2276723
anymal_c_flat,Episode_Reward/dof_pos_limits,1,0.0,1778918657.381983
anymal_c_flat,Episode_Reward/dof_pos_limits,2,0.0,1778918658.4618177
anymal_c_flat,Episode_Reward/dof_pos_limits,3,0.0,1778918659.5464272
anymal_c_flat,Episode_Reward/dof_pos_limits,4,0.0,1778918660.623663
anymal_c_flat,Episode_Reward/dof_pos_limits,5,0.0,1778918662.1376712
anymal_c_flat,Episode_Reward/dof_pos_limits,6,0.0,1778918663.2270408
anymal_c_flat,Episode_Reward/dof_pos_limits,7,0.0,1778918664.3171856
anymal_c_flat,Episode_Reward/dof_pos_limits,8,0.0,1778918665.3879225
anymal_c_flat,Episode_Reward/dof_pos_limits,9,0.0,1778918666.4510663
anymal_c_flat,Episode_Reward/dof_pos_limits,10,0.0,1778918667.5184164
anymal_c_flat,Episode_Reward/dof_pos_limits,11,0.0,1778918668.5852716
anymal_c_flat,Episode_Reward/dof_pos_limits,12,0.0,1778918669.6559012
anymal_c_flat,Episode_Reward/dof_pos_limits,13,0.0,1778918670.7409925
anymal_c_flat,Episode_Reward/dof_pos_limits,14,0.0,1778918671.831535
anymal_c_flat,Episode_Reward/dof_pos_limits,15,0.0,1778918672.9148993
anymal_c_flat,Episode_Reward/dof_pos_limits,16,0.0,1778918674.0032887
anymal_c_flat,Episode_Reward/dof_pos_limits,17,0.0,1778918675.0779226
anymal_c_flat,Episode_Reward/dof_pos_limits,18,0.0,1778918676.1859572
anymal_c_flat,Episode_Reward/dof_pos_limits,19,0.0,1778918677.3666642
anymal_c_flat,Episode_Reward/dof_pos_limits,20,0.0,1778918678.4407873
anymal_c_flat,Episode_Reward/dof_pos_limits,21,0.0,1778918679.8737507
anymal_c_flat,Episode_Reward/dof_pos_limits,22,0.0,1778918680.973392
anymal_c_flat,Episode_Reward/dof_pos_limits,23,0.0,1778918682.0873477
anymal_c_flat,Episode_Reward/dof_pos_limits,24,0.0,1778918683.1722605
anymal_c_flat,Episode_Reward/dof_pos_limits,25,0.0,1778918684.2711587
anymal_c_flat,Episode_Reward/dof_pos_limits,26,0.0,1778918685.3692057
anymal_c_flat,Episode_Reward/dof_pos_limits,27,0.0,1778918686.4749155
anymal_c_flat,Episode_Reward/dof_pos_limits,28,0.0,1778918687.7090228
anymal_c_flat,Episode_Reward/dof_pos_limits,29,0.0,1778918688.8130476
anymal_c_flat,Episode_Reward/dof_pos_limits,30,0.0,1778918689.9401245
anymal_c_flat,Episode_Reward/dof_pos_limits,31,0.0,1778918691.0545537
anymal_c_flat,Episode_Reward/dof_pos_limits,32,0.0,1778918692.1562965
anymal_c_flat,Episode_Reward/dof_pos_limits,33,0.0,1778918693.2739844
anymal_c_flat,Episode_Reward/dof_pos_limits,34,0.0,1778918694.3835113
anymal_c_flat,Episode_Reward/dof_pos_limits,35,0.0,1778918695.4929228
anymal_c_flat,Episode_Reward/dof_pos_limits,36,0.0,1778918696.6324377
anymal_c_flat,Episode_Reward/dof_pos_limits,37,0.0,1778918697.7432973
anymal_c_flat,Episode_Reward/dof_pos_limits,38,0.0,1778918698.9919038
anymal_c_flat,Episode_Reward/dof_pos_limits,39,0.0,1778918700.1085043
anymal_c_flat,Episode_Reward/dof_pos_limits,40,0.0,1778918701.228493
anymal_c_flat,Episode_Reward/dof_pos_limits,41,0.0,1778918702.3438873
anymal_c_flat,Episode_Reward/dof_pos_limits,42,0.0,1778918703.4579415
anymal_c_flat,Episode_Reward/dof_pos_limits,43,0.0,1778918704.5849617
anymal_c_flat,Episode_Reward/dof_pos_limits,44,0.0,1778918705.7160594
anymal_c_flat,Episode_Reward/dof_pos_limits,45,0.0,1778918706.836107
anymal_c_flat,Episode_Reward/dof_pos_limits,46,0.0,1778918707.9613101
anymal_c_flat,Episode_Reward/dof_pos_limits,47,0.0,1778918709.1902163
anymal_c_flat,Episode_Reward/dof_pos_limits,48,0.0,1778918710.323949
anymal_c_flat,Episode_Reward/dof_pos_limits,49,0.0,1778918711.4510992
anymal_c_flat,Episode_Reward/dof_pos_limits,50,0.0,1778918712.5654156
anymal_c_flat,Episode_Reward/dof_pos_limits,51,0.0,1778918713.7028193
anymal_c_flat,Episode_Reward/dof_pos_limits,52,0.0,1778918714.8385386
anymal_c_flat,Episode_Reward/dof_pos_limits,53,0.0,1778918715.9672034
anymal_c_flat,Episode_Reward/dof_pos_limits,54,0.0,1778918717.1059844
anymal_c_flat,Episode_Reward/dof_pos_limits,55,0.0,1778918718.2353992
anymal_c_flat,Episode_Reward/dof_pos_limits,56,0.0,1778918719.3787708
anymal_c_flat,Episode_Reward/dof_pos_limits,57,0.0,1778918720.6147273
anymal_c_flat,Episode_Reward/dof_pos_limits,58,0.0,1778918721.7631335
anymal_c_flat,Episode_Reward/dof_pos_limits,59,0.0,1778918722.906644
anymal_c_flat,Episode_Reward/dof_pos_limits,60,0.0,1778918724.0378253
anymal_c_flat,Episode_Reward/dof_pos_limits,61,0.0,1778918725.2160718
anymal_c_flat,Episode_Reward/dof_pos_limits,62,0.0,1778918726.3412464
anymal_c_flat,Episode_Reward/dof_pos_limits,63,0.0,1778918727.4692848
anymal_c_flat,Episode_Reward/dof_pos_limits,64,0.0,1778918728.5902483
anymal_c_flat,Episode_Reward/dof_pos_limits,65,0.0,1778918729.727601
anymal_c_flat,Episode_Reward/dof_pos_limits,66,0.0,1778918730.986978
anymal_c_flat,Episode_Reward/dof_pos_limits,67,0.0,1778918732.111388
anymal_c_flat,Episode_Reward/dof_pos_limits,68,0.0,1778918733.2534516
anymal_c_flat,Episode_Reward/dof_pos_limits,69,0.0,1778918734.3819005
anymal_c_flat,Episode_Reward/dof_pos_limits,70,0.0,1778918735.5196512
anymal_c_flat,Episode_Reward/dof_pos_limits,71,0.0,1778918736.6701264
anymal_c_flat,Episode_Reward/dof_pos_limits,72,0.0,1778918737.7990115
anymal_c_flat,Episode_Reward/dof_pos_limits,73,0.0,1778918738.9208512
anymal_c_flat,Episode_Reward/dof_pos_limits,74,0.0,1778918740.0510733
anymal_c_flat,Episode_Reward/dof_pos_limits,75,0.0,1778918741.1889086
anymal_c_flat,Episode_Reward/dof_pos_limits,76,0.0,1778918742.4738178
anymal_c_flat,Episode_Reward/dof_pos_limits,77,0.0,1778918743.6199813
anymal_c_flat,Episode_Reward/dof_pos_limits,78,0.0,1778918744.7462783
anymal_c_flat,Episode_Reward/dof_pos_limits,79,0.0,1778918745.8943453
anymal_c_flat,Episode_Reward/dof_pos_limits,80,0.0,1778918747.0369098
anymal_c_flat,Episode_Reward/dof_pos_limits,81,0.0,1778918748.1775088
anymal_c_flat,Episode_Reward/dof_pos_limits,82,0.0,1778918749.3140876
anymal_c_flat,Episode_Reward/dof_pos_limits,83,0.0,1778918750.4544318
anymal_c_flat,Episode_Reward/dof_pos_limits,84,0.0,1778918751.584037
anymal_c_flat,Episode_Reward/dof_pos_limits,85,0.0,1778918752.888771
anymal_c_flat,Episode_Reward/dof_pos_limits,86,0.0,1778918754.0453637
anymal_c_flat,Episode_Reward/dof_pos_limits,87,0.0,1778918755.1739075
anymal_c_flat,Episode_Reward/dof_pos_limits,88,0.0,1778918756.2910087
anymal_c_flat,Episode_Reward/dof_pos_limits,89,0.0,1778918757.4310868
anymal_c_flat,Episode_Reward/dof_pos_limits,90,0.0,1778918758.5763662
anymal_c_flat,Episode_Reward/dof_pos_limits,91,0.0,1778918759.734305
anymal_c_flat,Episode_Reward/dof_pos_limits,92,0.0,1778918760.8773274
anymal_c_flat,Episode_Reward/dof_pos_limits,93,0.0,1778918762.0219312
anymal_c_flat,Episode_Reward/dof_pos_limits,94,0.0,1778918763.1562686
anymal_c_flat,Episode_Reward/dof_pos_limits,95,0.0,1778918764.3490307
anymal_c_flat,Episode_Reward/dof_pos_limits,96,0.0,1778918765.4897087
anymal_c_flat,Episode_Reward/dof_pos_limits,97,0.0,1778918766.6377902
anymal_c_flat,Episode_Reward/dof_pos_limits,98,0.0,1778918767.7841828
anymal_c_flat,Episode_Reward/dof_pos_limits,99,0.0,1778918768.9226322
anymal_c_flat,Episode_Reward/dof_pos_limits,100,0.0,1778918770.072163
anymal_c_flat,Episode_Reward/dof_pos_limits,101,0.0,1778918771.2043154
anymal_c_flat,Episode_Reward/dof_pos_limits,102,0.0,1778918772.3466861
anymal_c_flat,Episode_Reward/dof_pos_limits,103,0.0,1778918773.4819534
anymal_c_flat,Episode_Reward/dof_pos_limits,104,0.0,1778918774.736937
anymal_c_flat,Episode_Reward/dof_pos_limits,105,0.0,1778918775.8666322
anymal_c_flat,Episode_Reward/dof_pos_limits,106,0.0,1778918777.0100014
anymal_c_flat,Episode_Reward/dof_pos_limits,107,0.0,1778918778.1429725
anymal_c_flat,Episode_Reward/dof_pos_limits,108,0.0,1778918779.2796938
anymal_c_flat,Episode_Reward/dof_pos_limits,109,0.0,1778918780.4021294
anymal_c_flat,Episode_Reward/dof_pos_limits,110,0.0,1778918781.5439444
anymal_c_flat,Episode_Reward/dof_pos_limits,111,0.0,1778918782.6661148
anymal_c_flat,Episode_Reward/dof_pos_limits,112,0.0,1778918783.7935553
anymal_c_flat,Episode_Reward/dof_pos_limits,113,0.0,1778918784.94439
anymal_c_flat,Episode_Reward/dof_pos_limits,114,0.0,1778918786.2033062
anymal_c_flat,Episode_Reward/dof_pos_limits,115,0.0,1778918787.3449576
anymal_c_flat,Episode_Reward/dof_pos_limits,116,0.0,1778918788.49592
anymal_c_flat,Episode_Reward/dof_pos_limits,117,0.0,1778918789.634229
anymal_c_flat,Episode_Reward/dof_pos_limits,118,0.0,1778918790.7956853
anymal_c_flat,Episode_Reward/dof_pos_limits,119,0.0,1778918791.9448044
anymal_c_flat,Episode_Reward/dof_pos_limits,120,0.0,1778918793.0929477
anymal_c_flat,Episode_Reward/dof_pos_limits,121,0.0,1778918794.2348144
anymal_c_flat,Episode_Reward/dof_pos_limits,122,0.0,1778918795.3714793
anymal_c_flat,Episode_Reward/dof_pos_limits,123,0.0,1778918796.6274698
anymal_c_flat,Episode_Reward/dof_pos_limits,124,0.0,1778918797.7833238
anymal_c_flat,Episode_Reward/dof_pos_limits,125,0.0,1778918798.9009922
anymal_c_flat,Episode_Reward/dof_pos_limits,126,0.0,1778918800.0388005
anymal_c_flat,Episode_Reward/dof_pos_limits,127,0.0,1778918801.1761026
anymal_c_flat,Episode_Reward/dof_pos_limits,128,0.0,1778918802.3197873
anymal_c_flat,Episode_Reward/dof_pos_limits,129,0.0,1778918803.4706326
anymal_c_flat,Episode_Reward/dof_pos_limits,130,0.0,1778918804.5978444
anymal_c_flat,Episode_Reward/dof_pos_limits,131,0.0,1778918805.7580905
anymal_c_flat,Episode_Reward/dof_pos_limits,132,0.0,1778918806.9244425
anymal_c_flat,Episode_Reward/dof_pos_limits,133,0.0,1778918808.0687943
anymal_c_flat,Episode_Reward/dof_pos_limits,134,0.0,1778918809.1847036
anymal_c_flat,Episode_Reward/dof_pos_limits,135,0.0,1778918810.3223844
anymal_c_flat,Episode_Reward/dof_pos_limits,136,0.0,1778918811.4541624
anymal_c_flat,Episode_Reward/dof_pos_limits,137,0.0,1778918812.5914376
anymal_c_flat,Episode_Reward/dof_pos_limits,138,0.0,1778918813.7465963
anymal_c_flat,Episode_Reward/dof_pos_limits,139,0.0,1778918814.8806598
anymal_c_flat,Episode_Reward/dof_pos_limits,140,0.0,1778918815.9917593
anymal_c_flat,Episode_Reward/dof_pos_limits,141,0.0,1778918817.124127
anymal_c_flat,Episode_Reward/dof_pos_limits,142,0.0,1778918818.379689
anymal_c_flat,Episode_Reward/dof_pos_limits,143,0.0,1778918819.51388
anymal_c_flat,Episode_Reward/dof_pos_limits,144,0.0,1778918820.6424842
anymal_c_flat,Episode_Reward/dof_pos_limits,145,0.0,1778918821.7892404
anymal_c_flat,Episode_Reward/dof_pos_limits,146,0.0,1778918822.9044046
anymal_c_flat,Episode_Reward/dof_pos_limits,147,0.0,1778918824.0545673
anymal_c_flat,Episode_Reward/dof_pos_limits,148,0.0,1778918825.1970294
anymal_c_flat,Episode_Reward/dof_pos_limits,149,0.0,1778918826.319389
anymal_c_flat,Episode_Reward/dof_pos_limits,150,0.0,1778918827.446029
anymal_c_flat,Episode_Reward/dof_pos_limits,151,0.0,1778918828.6003556
anymal_c_flat,Episode_Reward/dof_pos_limits,152,0.0,1778918829.7964113
anymal_c_flat,Episode_Reward/dof_pos_limits,153,0.0,1778918830.9376247
anymal_c_flat,Episode_Reward/dof_pos_limits,154,0.0,1778918832.0741632
anymal_c_flat,Episode_Reward/dof_pos_limits,155,0.0,1778918833.2092073
anymal_c_flat,Episode_Reward/dof_pos_limits,156,0.0,1778918834.3397048
anymal_c_flat,Episode_Reward/dof_pos_limits,157,0.0,1778918835.4657435
anymal_c_flat,Episode_Reward/dof_pos_limits,158,0.0,1778918836.592353
anymal_c_flat,Episode_Reward/dof_pos_limits,159,0.0,1778918837.7021043
anymal_c_flat,Episode_Reward/dof_pos_limits,160,0.0,1778918838.8432324
anymal_c_flat,Episode_Reward/dof_pos_limits,161,0.0,1778918840.0401998
anymal_c_flat,Episode_Reward/dof_pos_limits,162,0.0,1778918841.1813693
anymal_c_flat,Episode_Reward/dof_pos_limits,163,0.0,1778918842.3252196
anymal_c_flat,Episode_Reward/dof_pos_limits,164,0.0,1778918843.4775276
anymal_c_flat,Episode_Reward/dof_pos_limits,165,0.0,1778918844.6093237
anymal_c_flat,Episode_Reward/dof_pos_limits,166,0.0,1778918845.7534742
anymal_c_flat,Episode_Reward/dof_pos_limits,167,0.0,1778918846.8761744
anymal_c_flat,Episode_Reward/dof_pos_limits,168,0.0,1778918848.0154321
anymal_c_flat,Episode_Reward/dof_pos_limits,169,0.0,1778918849.134657
anymal_c_flat,Episode_Reward/dof_pos_limits,170,0.0,1778918850.2877123
anymal_c_flat,Episode_Reward/dof_pos_limits,171,0.0,1778918851.5123174
anymal_c_flat,Episode_Reward/dof_pos_limits,172,0.0,1778918852.6655664
anymal_c_flat,Episode_Reward/dof_pos_limits,173,0.0,1778918853.81798
anymal_c_flat,Episode_Reward/dof_pos_limits,174,0.0,1778918854.944125
anymal_c_flat,Episode_Reward/dof_pos_limits,175,0.0,1778918856.0779424
anymal_c_flat,Episode_Reward/dof_pos_limits,176,0.0,1778918857.2186291
anymal_c_flat,Episode_Reward/dof_pos_limits,177,0.0,1778918858.3519661
anymal_c_flat,Episode_Reward/dof_pos_limits,178,0.0,1778918859.5052974
anymal_c_flat,Episode_Reward/dof_pos_limits,179,0.0,1778918860.636371
anymal_c_flat,Episode_Reward/dof_pos_limits,180,0.0,1778918861.8437555
anymal_c_flat,Episode_Reward/dof_pos_limits,181,0.0,1778918862.967246
anymal_c_flat,Episode_Reward/dof_pos_limits,182,0.0,1778918864.1069653
anymal_c_flat,Episode_Reward/dof_pos_limits,183,0.0,1778918865.2417297
anymal_c_flat,Episode_Reward/dof_pos_limits,184,0.0,1778918866.377761
anymal_c_flat,Episode_Reward/dof_pos_limits,185,0.0,1778918867.5307417
anymal_c_flat,Episode_Reward/dof_pos_limits,186,0.0,1778918868.6559057
anymal_c_flat,Episode_Reward/dof_pos_limits,187,0.0,1778918869.7949831
anymal_c_flat,Episode_Reward/dof_pos_limits,188,0.0,1778918870.934069
anymal_c_flat,Episode_Reward/dof_pos_limits,189,0.0,1778918872.0762904
anymal_c_flat,Episode_Reward/dof_pos_limits,190,0.0,1778918873.2816784
anymal_c_flat,Episode_Reward/dof_pos_limits,191,0.0,1778918874.4024599
anymal_c_flat,Episode_Reward/dof_pos_limits,192,0.0,1778918875.5339425
anymal_c_flat,Episode_Reward/dof_pos_limits,193,0.0,1778918876.6677194
anymal_c_flat,Episode_Reward/dof_pos_limits,194,0.0,1778918877.8161664
anymal_c_flat,Episode_Reward/dof_pos_limits,195,0.0,1778918878.9617324
anymal_c_flat,Episode_Reward/dof_pos_limits,196,0.0,1778918880.1184218
anymal_c_flat,Episode_Reward/dof_pos_limits,197,0.0,1778918881.2769785
anymal_c_flat,Episode_Reward/dof_pos_limits,198,0.0,1778918882.4156203
anymal_c_flat,Episode_Reward/dof_pos_limits,199,0.0,1778918883.6882286
anymal_c_flat,Episode_Reward/dof_pos_limits,200,0.0,1778918884.8246174
anymal_c_flat,Episode_Reward/dof_pos_limits,201,0.0,1778918885.9899602
anymal_c_flat,Episode_Reward/dof_pos_limits,202,0.0,1778918887.1149795
anymal_c_flat,Episode_Reward/dof_pos_limits,203,0.0,1778918888.2602372
anymal_c_flat,Episode_Reward/dof_pos_limits,204,0.0,1778918889.4170702
anymal_c_flat,Episode_Reward/dof_pos_limits,205,0.0,1778918890.5467012
anymal_c_flat,Episode_Reward/dof_pos_limits,206,0.0,1778918891.6853936
anymal_c_flat,Episode_Reward/dof_pos_limits,207,0.0,1778918892.8052123
anymal_c_flat,Episode_Reward/dof_pos_limits,208,0.0,1778918893.9414515
anymal_c_flat,Episode_Reward/dof_pos_limits,209,0.0,1778918895.1896482
anymal_c_flat,Episode_Reward/dof_pos_limits,210,0.0,1778918896.3237145
anymal_c_flat,Episode_Reward/dof_pos_limits,211,0.0,1778918897.4509635
anymal_c_flat,Episode_Reward/dof_pos_limits,212,0.0,1778918898.5917108
anymal_c_flat,Episode_Reward/dof_pos_limits,213,0.0,1778918899.732691
anymal_c_flat,Episode_Reward/dof_pos_limits,214,0.0,1778918900.8720706
anymal_c_flat,Episode_Reward/dof_pos_limits,215,0.0,1778918901.9937768
anymal_c_flat,Episode_Reward/dof_pos_limits,216,0.0,1778918903.1379733
anymal_c_flat,Episode_Reward/dof_pos_limits,217,0.0,1778918904.2635455
anymal_c_flat,Episode_Reward/dof_pos_limits,218,0.0,1778918905.537975
anymal_c_flat,Episode_Reward/dof_pos_limits,219,0.0,1778918906.6677678
anymal_c_flat,Episode_Reward/dof_pos_limits,220,0.0,1778918907.802544
anymal_c_flat,Episode_Reward/dof_pos_limits,221,0.0,1778918908.9220235
anymal_c_flat,Episode_Reward/dof_pos_limits,222,0.0,1778918910.0815918
anymal_c_flat,Episode_Reward/dof_pos_limits,223,0.0,1778918911.2147121
anymal_c_flat,Episode_Reward/dof_pos_limits,224,0.0,1778918912.3582673
anymal_c_flat,Episode_Reward/dof_pos_limits,225,0.0,1778918913.5086799
anymal_c_flat,Episode_Reward/dof_pos_limits,226,0.0,1778918914.645746
anymal_c_flat,Episode_Reward/dof_pos_limits,227,0.0,1778918915.7835143
anymal_c_flat,Episode_Reward/dof_pos_limits,228,0.0,1778918917.0648909
anymal_c_flat,Episode_Reward/dof_pos_limits,229,0.0,1778918918.2036307
anymal_c_flat,Episode_Reward/dof_pos_limits,230,0.0,1778918919.3476615
anymal_c_flat,Episode_Reward/dof_pos_limits,231,0.0,1778918920.4951262
anymal_c_flat,Episode_Reward/dof_pos_limits,232,0.0,1778918921.6436014
anymal_c_flat,Episode_Reward/dof_pos_limits,233,0.0,1778918922.7790968
anymal_c_flat,Episode_Reward/dof_pos_limits,234,0.0,1778918923.9152448
anymal_c_flat,Episode_Reward/dof_pos_limits,235,0.0,1778918925.0748394
anymal_c_flat,Episode_Reward/dof_pos_limits,236,0.0,1778918926.2055624
anymal_c_flat,Episode_Reward/dof_pos_limits,237,0.0,1778918927.456033
anymal_c_flat,Episode_Reward/dof_pos_limits,238,0.0,1778918928.59531
anymal_c_flat,Episode_Reward/dof_pos_limits,239,0.0,1778918929.7312262
anymal_c_flat,Episode_Reward/dof_pos_limits,240,0.0,1778918930.8767428
anymal_c_flat,Episode_Reward/dof_pos_limits,241,0.0,1778918932.0181534
anymal_c_flat,Episode_Reward/dof_pos_limits,242,0.0,1778918933.1602833
anymal_c_flat,Episode_Reward/dof_pos_limits,243,0.0,1778918934.3053997
anymal_c_flat,Episode_Reward/dof_pos_limits,244,0.0,1778918935.4304295
anymal_c_flat,Episode_Reward/dof_pos_limits,245,0.0,1778918936.5639818
anymal_c_flat,Episode_Reward/dof_pos_limits,246,0.0,1778918937.712044
anymal_c_flat,Episode_Reward/dof_pos_limits,247,0.0,1778918939.004422
anymal_c_flat,Episode_Reward/dof_pos_limits,248,0.0,1778918940.139599
anymal_c_flat,Episode_Reward/dof_pos_limits,249,0.0,1778918941.2730916
anymal_c_flat,Episode_Reward/dof_pos_limits,250,0.0,1778918942.4193387
anymal_c_flat,Episode_Reward/dof_pos_limits,251,0.0,1778918943.5649085
anymal_c_flat,Episode_Reward/dof_pos_limits,252,0.0,1778918944.7043467
anymal_c_flat,Episode_Reward/dof_pos_limits,253,0.0,1778918945.8412275
anymal_c_flat,Episode_Reward/dof_pos_limits,254,0.0,1778918946.9736166
anymal_c_flat,Episode_Reward/dof_pos_limits,255,0.0,1778918948.1036956
anymal_c_flat,Episode_Reward/dof_pos_limits,256,0.0,1778918949.3857114
anymal_c_flat,Episode_Reward/dof_pos_limits,257,0.0,1778918950.5292861
anymal_c_flat,Episode_Reward/dof_pos_limits,258,0.0,1778918951.669906
anymal_c_flat,Episode_Reward/dof_pos_limits,259,0.0,1778918952.8095987
anymal_c_flat,Episode_Reward/dof_pos_limits,260,0.0,1778918953.9571228
anymal_c_flat,Episode_Reward/dof_pos_limits,261,0.0,1778918955.0877032
anymal_c_flat,Episode_Reward/dof_pos_limits,262,0.0,1778918956.2300465
anymal_c_flat,Episode_Reward/dof_pos_limits,263,0.0,1778918957.3511574
anymal_c_flat,Episode_Reward/dof_pos_limits,264,0.0,1778918958.485616
anymal_c_flat,Episode_Reward/dof_pos_limits,265,0.0,1778918959.6108441
anymal_c_flat,Episode_Reward/dof_pos_limits,266,0.0,1778918960.8372438
anymal_c_flat,Episode_Reward/dof_pos_limits,267,0.0,1778918961.9759107
anymal_c_flat,Episode_Reward/dof_pos_limits,268,0.0,1778918963.1182384
anymal_c_flat,Episode_Reward/dof_pos_limits,269,0.0,1778918964.2512374
anymal_c_flat,Episode_Reward/dof_pos_limits,270,0.0,1778918965.3854306
anymal_c_flat,Episode_Reward/dof_pos_limits,271,0.0,1778918966.5127637
anymal_c_flat,Episode_Reward/dof_pos_limits,272,0.0,1778918967.6467528
anymal_c_flat,Episode_Reward/dof_pos_limits,273,0.0,1778918968.7795377
anymal_c_flat,Episode_Reward/dof_pos_limits,274,0.0,1778918969.918938
anymal_c_flat,Episode_Reward/dof_pos_limits,275,0.0,1778918971.1784036
anymal_c_flat,Episode_Reward/dof_pos_limits,276,0.0,1778918972.3131578
anymal_c_flat,Episode_Reward/dof_pos_limits,277,0.0,1778918973.4346883
anymal_c_flat,Episode_Reward/dof_pos_limits,278,0.0,1778918974.5946522
anymal_c_flat,Episode_Reward/dof_pos_limits,279,0.0,1778918975.7250922
anymal_c_flat,Episode_Reward/dof_pos_limits,280,0.0,1778918976.8564675
anymal_c_flat,Episode_Reward/dof_pos_limits,281,0.0,1778918978.0057461
anymal_c_flat,Episode_Reward/dof_pos_limits,282,0.0,1778918979.137885
anymal_c_flat,Episode_Reward/dof_pos_limits,283,0.0,1778918980.2879517
anymal_c_flat,Episode_Reward/dof_pos_limits,284,0.0,1778918981.4382243
anymal_c_flat,Episode_Reward/dof_pos_limits,285,0.0,1778918982.73064
anymal_c_flat,Episode_Reward/dof_pos_limits,286,0.0,1778918983.8694892
anymal_c_flat,Episode_Reward/dof_pos_limits,287,0.0,1778918985.0152013
anymal_c_flat,Episode_Reward/dof_pos_limits,288,0.0,1778918986.1577137
anymal_c_flat,Episode_Reward/dof_pos_limits,289,0.0,1778918987.294185
anymal_c_flat,Episode_Reward/dof_pos_limits,290,0.0,1778918988.424681
anymal_c_flat,Episode_Reward/dof_pos_limits,291,0.0,1778918989.5558305
anymal_c_flat,Episode_Reward/dof_pos_limits,292,0.0,1778918990.692184
anymal_c_flat,Episode_Reward/dof_pos_limits,293,0.0,1778918991.834702
anymal_c_flat,Episode_Reward/dof_pos_limits,294,0.0,1778918993.0962882
anymal_c_flat,Episode_Reward/dof_pos_limits,295,0.0,1778918994.252707
anymal_c_flat,Episode_Reward/dof_pos_limits,296,0.0,1778918995.4013028
anymal_c_flat,Episode_Reward/dof_pos_limits,297,0.0,1778918996.522853
anymal_c_flat,Episode_Reward/dof_pos_limits,298,0.0,1778918997.6488895
anymal_c_flat,Episode_Reward/dof_pos_limits,299,0.0,1778918998.7913558
anymal_c_flat,Metrics/base_velocity/error_vel_xy,0,0.0,1778918656.228645
anymal_c_flat,Metrics/base_velocity/error_vel_xy,1,0.015554297715425491,1778918657.3829622
anymal_c_flat,Metrics/base_velocity/error_vel_xy,2,0.046662893146276474,1778918658.4627507
anymal_c_flat,Metrics/base_velocity/error_vel_xy,3,0.046662893146276474,1778918659.5477667
anymal_c_flat,Metrics/base_velocity/error_vel_xy,4,0.046662893146276474,1778918660.6245332
anymal_c_flat,Metrics/base_velocity/error_vel_xy,5,0.07169461250305176,1778918662.13862
anymal_c_flat,Metrics/base_velocity/error_vel_xy,6,0.24691659212112427,1778918663.227951
anymal_c_flat,Metrics/base_velocity/error_vel_xy,7,0.14490482211112976,1778918664.318154
anymal_c_flat,Metrics/base_velocity/error_vel_xy,8,0.1109008714556694,1778918665.3888059
anymal_c_flat,Metrics/base_velocity/error_vel_xy,9,0.1109008714556694,1778918666.4519618
anymal_c_flat,Metrics/base_velocity/error_vel_xy,10,0.2176753729581833,1778918667.5193946
anymal_c_flat,Metrics/base_velocity/error_vel_xy,11,0.2939428687095642,1778918668.5861864
anymal_c_flat,Metrics/base_velocity/error_vel_xy,12,0.2939428687095642,1778918669.6567798
anymal_c_flat,Metrics/base_velocity/error_vel_xy,13,0.28659218549728394,1778918670.7419605
anymal_c_flat,Metrics/base_velocity/error_vel_xy,14,0.252777099609375,1778918671.8324661
anymal_c_flat,Metrics/base_velocity/error_vel_xy,15,0.3074328303337097,1778918672.915871
anymal_c_flat,Metrics/base_velocity/error_vel_xy,16,0.36294659972190857,1778918674.00462
anymal_c_flat,Metrics/base_velocity/error_vel_xy,17,0.6957836151123047,1778918675.0789144
anymal_c_flat,Metrics/base_velocity/error_vel_xy,18,0.4321989417076111,1778918676.1869626
anymal_c_flat,Metrics/base_velocity/error_vel_xy,19,0.5621724128723145,1778918677.3676023
anymal_c_flat,Metrics/base_velocity/error_vel_xy,20,0.47564905881881714,1778918678.441754
anymal_c_flat,Metrics/base_velocity/error_vel_xy,21,0.2560042142868042,1778918679.8747268
anymal_c_flat,Metrics/base_velocity/error_vel_xy,22,0.42384785413742065,1778918680.974426
anymal_c_flat,Metrics/base_velocity/error_vel_xy,23,0.07808735966682434,1778918682.0883713
anymal_c_flat,Metrics/base_velocity/error_vel_xy,24,0.0829094797372818,1778918683.1732805
anymal_c_flat,Metrics/base_velocity/error_vel_xy,25,0.12790319323539734,1778918684.272157
anymal_c_flat,Metrics/base_velocity/error_vel_xy,26,0.16468888521194458,1778918685.3702128
anymal_c_flat,Metrics/base_velocity/error_vel_xy,27,0.11127885431051254,1778918686.4760265
anymal_c_flat,Metrics/base_velocity/error_vel_xy,28,0.07135801762342453,1778918687.710096
anymal_c_flat,Metrics/base_velocity/error_vel_xy,29,0.05610016733407974,1778918688.814117
anymal_c_flat,Metrics/base_velocity/error_vel_xy,30,0.06117498129606247,1778918689.94128
anymal_c_flat,Metrics/base_velocity/error_vel_xy,31,0.06125324219465256,1778918691.0556138
anymal_c_flat,Metrics/base_velocity/error_vel_xy,32,0.055767904967069626,1778918692.1572943
anymal_c_flat,Metrics/base_velocity/error_vel_xy,33,0.08679661154747009,1778918693.2750652
anymal_c_flat,Metrics/base_velocity/error_vel_xy,34,0.05682086944580078,1778918694.3845663
anymal_c_flat,Metrics/base_velocity/error_vel_xy,35,0.07477636635303497,1778918695.4943821
anymal_c_flat,Metrics/base_velocity/error_vel_xy,36,0.07309342175722122,1778918696.6335974
anymal_c_flat,Metrics/base_velocity/error_vel_xy,37,0.06266898661851883,1778918697.7443664
anymal_c_flat,Metrics/base_velocity/error_vel_xy,38,0.05451463907957077,1778918698.9929693
anymal_c_flat,Metrics/base_velocity/error_vel_xy,39,0.06069425493478775,1778918700.1095417
anymal_c_flat,Metrics/base_velocity/error_vel_xy,40,0.042257171124219894,1778918701.229544
anymal_c_flat,Metrics/base_velocity/error_vel_xy,41,0.050906505435705185,1778918702.3450084
anymal_c_flat,Metrics/base_velocity/error_vel_xy,42,0.06375037133693695,1778918703.459147
anymal_c_flat,Metrics/base_velocity/error_vel_xy,43,0.05451233312487602,1778918704.5860732
anymal_c_flat,Metrics/base_velocity/error_vel_xy,44,0.05959753319621086,1778918705.7172556
anymal_c_flat,Metrics/base_velocity/error_vel_xy,45,0.05727126821875572,1778918706.8372562
anymal_c_flat,Metrics/base_velocity/error_vel_xy,46,0.04853939265012741,1778918707.9625201
anymal_c_flat,Metrics/base_velocity/error_vel_xy,47,0.03874795138835907,1778918709.1917677
anymal_c_flat,Metrics/base_velocity/error_vel_xy,48,0.04118907451629639,1778918710.325106
anymal_c_flat,Metrics/base_velocity/error_vel_xy,49,0.03908297419548035,1778918711.4522786
anymal_c_flat,Metrics/base_velocity/error_vel_xy,50,0.045403771102428436,1778918712.5665472
anymal_c_flat,Metrics/base_velocity/error_vel_xy,51,0.04046866297721863,1778918713.7039068
anymal_c_flat,Metrics/base_velocity/error_vel_xy,52,0.05381659418344498,1778918714.840133
anymal_c_flat,Metrics/base_velocity/error_vel_xy,53,0.047501340508461,1778918715.9683647
anymal_c_flat,Metrics/base_velocity/error_vel_xy,54,0.04912713170051575,1778918717.1071246
anymal_c_flat,Metrics/base_velocity/error_vel_xy,55,0.03699859231710434,1778918718.2365396
anymal_c_flat,Metrics/base_velocity/error_vel_xy,56,0.042348138988018036,1778918719.3799496
anymal_c_flat,Metrics/base_velocity/error_vel_xy,57,0.03816177695989609,1778918720.6158955
anymal_c_flat,Metrics/base_velocity/error_vel_xy,58,0.03997219726443291,1778918721.7648304
anymal_c_flat,Metrics/base_velocity/error_vel_xy,59,0.04792196303606033,1778918722.907774
anymal_c_flat,Metrics/base_velocity/error_vel_xy,60,0.05241262912750244,1778918724.0389915
anymal_c_flat,Metrics/base_velocity/error_vel_xy,61,0.03896468132734299,1778918725.217702
anymal_c_flat,Metrics/base_velocity/error_vel_xy,62,0.03501301258802414,1778918726.3424096
anymal_c_flat,Metrics/base_velocity/error_vel_xy,63,0.0429791659116745,1778918727.470472
anymal_c_flat,Metrics/base_velocity/error_vel_xy,64,0.03890174999833107,1778918728.591505
anymal_c_flat,Metrics/base_velocity/error_vel_xy,65,0.0309758260846138,1778918729.7287552
anymal_c_flat,Metrics/base_velocity/error_vel_xy,66,0.03831203281879425,1778918730.9881108
anymal_c_flat,Metrics/base_velocity/error_vel_xy,67,0.04157013073563576,1778918732.112509
anymal_c_flat,Metrics/base_velocity/error_vel_xy,68,0.03119364008307457,1778918733.2546644
anymal_c_flat,Metrics/base_velocity/error_vel_xy,69,0.038947075605392456,1778918734.3830752
anymal_c_flat,Metrics/base_velocity/error_vel_xy,70,0.03810909762978554,1778918735.5209243
anymal_c_flat,Metrics/base_velocity/error_vel_xy,71,0.041063662618398666,1778918736.6713476
anymal_c_flat,Metrics/base_velocity/error_vel_xy,72,0.037882573902606964,1778918737.8001075
anymal_c_flat,Metrics/base_velocity/error_vel_xy,73,0.036005649715662,1778918738.9220011
anymal_c_flat,Metrics/base_velocity/error_vel_xy,74,0.04572463035583496,1778918740.052269
anymal_c_flat,Metrics/base_velocity/error_vel_xy,75,0.04479502886533737,1778918741.1901042
anymal_c_flat,Metrics/base_velocity/error_vel_xy,76,0.036210671067237854,1778918742.4750245
anymal_c_flat,Metrics/base_velocity/error_vel_xy,77,0.03616157919168472,1778918743.621496
anymal_c_flat,Metrics/base_velocity/error_vel_xy,78,0.0343954861164093,1778918744.7474382
anymal_c_flat,Metrics/base_velocity/error_vel_xy,79,0.03512987494468689,1778918745.8959713
anymal_c_flat,Metrics/base_velocity/error_vel_xy,80,0.050390418618917465,1778918747.0380657
anymal_c_flat,Metrics/base_velocity/error_vel_xy,81,0.036001987755298615,1778918748.1787057
anymal_c_flat,Metrics/base_velocity/error_vel_xy,82,0.04415508732199669,1778918749.3153005
anymal_c_flat,Metrics/base_velocity/error_vel_xy,83,0.03916442394256592,1778918750.4556859
anymal_c_flat,Metrics/base_velocity/error_vel_xy,84,0.03842940926551819,1778918751.5852406
anymal_c_flat,Metrics/base_velocity/error_vel_xy,85,0.0341508612036705,1778918752.889993
anymal_c_flat,Metrics/base_velocity/error_vel_xy,86,0.040432240813970566,1778918754.0471222
anymal_c_flat,Metrics/base_velocity/error_vel_xy,87,0.0379529744386673,1778918755.1750615
anymal_c_flat,Metrics/base_velocity/error_vel_xy,88,0.031317856162786484,1778918756.2921805
anymal_c_flat,Metrics/base_velocity/error_vel_xy,89,0.04005521163344383,1778918757.4323692
anymal_c_flat,Metrics/base_velocity/error_vel_xy,90,0.042283929884433746,1778918758.577606
anymal_c_flat,Metrics/base_velocity/error_vel_xy,91,0.033700015395879745,1778918759.7355108
anymal_c_flat,Metrics/base_velocity/error_vel_xy,92,0.03457408398389816,1778918760.8784325
anymal_c_flat,Metrics/base_velocity/error_vel_xy,93,0.033966563642024994,1778918762.0231113
anymal_c_flat,Metrics/base_velocity/error_vel_xy,94,0.03242703899741173,1778918763.1573744
anymal_c_flat,Metrics/base_velocity/error_vel_xy,95,0.03582683205604553,1778918764.3501728
anymal_c_flat,Metrics/base_velocity/error_vel_xy,96,0.04393225908279419,1778918765.4909818
anymal_c_flat,Metrics/base_velocity/error_vel_xy,97,0.03312325105071068,1778918766.6390452
anymal_c_flat,Metrics/base_velocity/error_vel_xy,98,0.036581940948963165,1778918767.785464
anymal_c_flat,Metrics/base_velocity/error_vel_xy,99,0.03522161394357681,1778918768.923734
anymal_c_flat,Metrics/base_velocity/error_vel_xy,100,0.04474734514951706,1778918770.0734022
anymal_c_flat,Metrics/base_velocity/error_vel_xy,101,0.030596967786550522,1778918771.205444
anymal_c_flat,Metrics/base_velocity/error_vel_xy,102,0.03585515543818474,1778918772.3478878
anymal_c_flat,Metrics/base_velocity/error_vel_xy,103,0.04355349391698837,1778918773.4832246
anymal_c_flat,Metrics/base_velocity/error_vel_xy,104,0.03945182263851166,1778918774.738043
anymal_c_flat,Metrics/base_velocity/error_vel_xy,105,0.03740159049630165,1778918775.8678584
anymal_c_flat,Metrics/base_velocity/error_vel_xy,106,0.04233817756175995,1778918777.0116203
anymal_c_flat,Metrics/base_velocity/error_vel_xy,107,0.0397426076233387,1778918778.1441536
anymal_c_flat,Metrics/base_velocity/error_vel_xy,108,0.03933587297797203,1778918779.2809033
anymal_c_flat,Metrics/base_velocity/error_vel_xy,109,0.03502944856882095,1778918780.4032705
anymal_c_flat,Metrics/base_velocity/error_vel_xy,110,0.038216084241867065,1778918781.5451186
anymal_c_flat,Metrics/base_velocity/error_vel_xy,111,0.041817557066679,1778918782.6672735
anymal_c_flat,Metrics/base_velocity/error_vel_xy,112,0.05014471337199211,1778918783.794781
anymal_c_flat,Metrics/base_velocity/error_vel_xy,113,0.03687964007258415,1778918784.9456382
anymal_c_flat,Metrics/base_velocity/error_vel_xy,114,0.035968318581581116,1778918786.2044077
anymal_c_flat,Metrics/base_velocity/error_vel_xy,115,0.03634298965334892,1778918787.3461711
anymal_c_flat,Metrics/base_velocity/error_vel_xy,116,0.034249525517225266,1778918788.4971073
anymal_c_flat,Metrics/base_velocity/error_vel_xy,117,0.04214853048324585,1778918789.6354394
anymal_c_flat,Metrics/base_velocity/error_vel_xy,118,0.03305191919207573,1778918790.7969613
anymal_c_flat,Metrics/base_velocity/error_vel_xy,119,0.04008074849843979,1778918791.9464383
anymal_c_flat,Metrics/base_velocity/error_vel_xy,120,0.03710159659385681,1778918793.0945864
anymal_c_flat,Metrics/base_velocity/error_vel_xy,121,0.04444197937846184,1778918794.235996
anymal_c_flat,Metrics/base_velocity/error_vel_xy,122,0.0398065447807312,1778918795.3727086
anymal_c_flat,Metrics/base_velocity/error_vel_xy,123,0.046607207506895065,1778918796.6286306
anymal_c_flat,Metrics/base_velocity/error_vel_xy,124,0.04403629153966904,1778918797.7846034
anymal_c_flat,Metrics/base_velocity/error_vel_xy,125,0.03724433481693268,1778918798.9021058
anymal_c_flat,Metrics/base_velocity/error_vel_xy,126,0.035164229571819305,1778918800.040045
anymal_c_flat,Metrics/base_velocity/error_vel_xy,127,0.03748925030231476,1778918801.1772926
anymal_c_flat,Metrics/base_velocity/error_vel_xy,128,0.04013057053089142,1778918802.3210201
anymal_c_flat,Metrics/base_velocity/error_vel_xy,129,0.036938078701496124,1778918803.4717665
anymal_c_flat,Metrics/base_velocity/error_vel_xy,130,0.039866670966148376,1778918804.5989916
anymal_c_flat,Metrics/base_velocity/error_vel_xy,131,0.047673117369413376,1778918805.7597547
anymal_c_flat,Metrics/base_velocity/error_vel_xy,132,0.03411572799086571,1778918806.9260798
anymal_c_flat,Metrics/base_velocity/error_vel_xy,133,0.03265593945980072,1778918808.0699632
anymal_c_flat,Metrics/base_velocity/error_vel_xy,134,0.0407998189330101,1778918809.1857955
anymal_c_flat,Metrics/base_velocity/error_vel_xy,135,0.034504689276218414,1778918810.3236134
anymal_c_flat,Metrics/base_velocity/error_vel_xy,136,0.04092206805944443,1778918811.4552968
anymal_c_flat,Metrics/base_velocity/error_vel_xy,137,0.048745449632406235,1778918812.5926049
anymal_c_flat,Metrics/base_velocity/error_vel_xy,138,0.03748775273561478,1778918813.74778
anymal_c_flat,Metrics/base_velocity/error_vel_xy,139,0.035195134580135345,1778918814.8818316
anymal_c_flat,Metrics/base_velocity/error_vel_xy,140,0.04142235592007637,1778918815.992896
anymal_c_flat,Metrics/base_velocity/error_vel_xy,141,0.044379737228155136,1778918817.125302
anymal_c_flat,Metrics/base_velocity/error_vel_xy,142,0.041329219937324524,1778918818.3808274
anymal_c_flat,Metrics/base_velocity/error_vel_xy,143,0.04507122561335564,1778918819.5151045
anymal_c_flat,Metrics/base_velocity/error_vel_xy,144,0.045701079070568085,1778918820.6436388
anymal_c_flat,Metrics/base_velocity/error_vel_xy,145,0.0355822890996933,1778918821.790468
anymal_c_flat,Metrics/base_velocity/error_vel_xy,146,0.0413396917283535,1778918822.9059515
anymal_c_flat,Metrics/base_velocity/error_vel_xy,147,0.03981808200478554,1778918824.0558243
anymal_c_flat,Metrics/base_velocity/error_vel_xy,148,0.041603751480579376,1778918825.1981592
anymal_c_flat,Metrics/base_velocity/error_vel_xy,149,0.03648264706134796,1778918826.3204918
anymal_c_flat,Metrics/base_velocity/error_vel_xy,150,0.032973065972328186,1778918827.4471967
anymal_c_flat,Metrics/base_velocity/error_vel_xy,151,0.03397494554519653,1778918828.601494
anymal_c_flat,Metrics/base_velocity/error_vel_xy,152,0.03732270002365112,1778918829.7976046
anymal_c_flat,Metrics/base_velocity/error_vel_xy,153,0.0392572358250618,1778918830.938837
anymal_c_flat,Metrics/base_velocity/error_vel_xy,154,0.04403181001543999,1778918832.0753577
anymal_c_flat,Metrics/base_velocity/error_vel_xy,155,0.0412541963160038,1778918833.2103744
anymal_c_flat,Metrics/base_velocity/error_vel_xy,156,0.030870404094457626,1778918834.340862
anymal_c_flat,Metrics/base_velocity/error_vel_xy,157,0.03686024248600006,1778918835.4668348
anymal_c_flat,Metrics/base_velocity/error_vel_xy,158,0.030990874394774437,1778918836.5934594
anymal_c_flat,Metrics/base_velocity/error_vel_xy,159,0.046865083277225494,1778918837.7032416
anymal_c_flat,Metrics/base_velocity/error_vel_xy,160,0.030659249052405357,1778918838.844412
anymal_c_flat,Metrics/base_velocity/error_vel_xy,161,0.04179396480321884,1778918840.0413644
anymal_c_flat,Metrics/base_velocity/error_vel_xy,162,0.04057841747999191,1778918841.1825027
anymal_c_flat,Metrics/base_velocity/error_vel_xy,163,0.0297772865742445,1778918842.3264308
anymal_c_flat,Metrics/base_velocity/error_vel_xy,164,0.0351286381483078,1778918843.47872
anymal_c_flat,Metrics/base_velocity/error_vel_xy,165,0.040937308222055435,1778918844.6105125
anymal_c_flat,Metrics/base_velocity/error_vel_xy,166,0.03939696401357651,1778918845.7547505
anymal_c_flat,Metrics/base_velocity/error_vel_xy,167,0.03180800750851631,1778918846.877341
anymal_c_flat,Metrics/base_velocity/error_vel_xy,168,0.04053623601794243,1778918848.0166173
anymal_c_flat,Metrics/base_velocity/error_vel_xy,169,0.036495551466941833,1778918849.1357224
anymal_c_flat,Metrics/base_velocity/error_vel_xy,170,0.0314413383603096,1778918850.288875
anymal_c_flat,Metrics/base_velocity/error_vel_xy,171,0.03270780295133591,1778918851.5134892
anymal_c_flat,Metrics/base_velocity/error_vel_xy,172,0.034584566950798035,1778918852.6667578
anymal_c_flat,Metrics/base_velocity/error_vel_xy,173,0.03687860816717148,1778918853.8192358
anymal_c_flat,Metrics/base_velocity/error_vel_xy,174,0.031528979539871216,1778918854.9453762
anymal_c_flat,Metrics/base_velocity/error_vel_xy,175,0.040533360093832016,1778918856.0790722
anymal_c_flat,Metrics/base_velocity/error_vel_xy,176,0.03393087536096573,1778918857.219833
anymal_c_flat,Metrics/base_velocity/error_vel_xy,177,0.029335282742977142,1778918858.3531194
anymal_c_flat,Metrics/base_velocity/error_vel_xy,178,0.041589342057704926,1778918859.506515
anymal_c_flat,Metrics/base_velocity/error_vel_xy,179,0.04019027203321457,1778918860.6375253
anymal_c_flat,Metrics/base_velocity/error_vel_xy,180,0.03960725665092468,1778918861.8450322
anymal_c_flat,Metrics/base_velocity/error_vel_xy,181,0.03999217599630356,1778918862.9683902
anymal_c_flat,Metrics/base_velocity/error_vel_xy,182,0.03762524574995041,1778918864.1081028
anymal_c_flat,Metrics/base_velocity/error_vel_xy,183,0.03323342651128769,1778918865.2428677
anymal_c_flat,Metrics/base_velocity/error_vel_xy,184,0.031133955344557762,1778918866.3789666
anymal_c_flat,Metrics/base_velocity/error_vel_xy,185,0.034717679023742676,1778918867.5320203
anymal_c_flat,Metrics/base_velocity/error_vel_xy,186,0.032980263233184814,1778918868.6570642
anymal_c_flat,Metrics/base_velocity/error_vel_xy,187,0.030337709933519363,1778918869.7964544
anymal_c_flat,Metrics/base_velocity/error_vel_xy,188,0.04322158545255661,1778918870.9352765
anymal_c_flat,Metrics/base_velocity/error_vel_xy,189,0.03715052455663681,1778918872.0774944
anymal_c_flat,Metrics/base_velocity/error_vel_xy,190,0.0341704897582531,1778918873.2828953
anymal_c_flat,Metrics/base_velocity/error_vel_xy,191,0.03550242632627487,1778918874.403607
anymal_c_flat,Metrics/base_velocity/error_vel_xy,192,0.03627801313996315,1778918875.5350976
anymal_c_flat,Metrics/base_velocity/error_vel_xy,193,0.03469965606927872,1778918876.6688747
anymal_c_flat,Metrics/base_velocity/error_vel_xy,194,0.03292398899793625,1778918877.8173747
anymal_c_flat,Metrics/base_velocity/error_vel_xy,195,0.04544704779982567,1778918878.9633043
anymal_c_flat,Metrics/base_velocity/error_vel_xy,196,0.032809533178806305,1778918880.1196477
anymal_c_flat,Metrics/base_velocity/error_vel_xy,197,0.03897017240524292,1778918881.2782032
anymal_c_flat,Metrics/base_velocity/error_vel_xy,198,0.036152906715869904,1778918882.4167426
anymal_c_flat,Metrics/base_velocity/error_vel_xy,199,0.03973095864057541,1778918883.6893845
anymal_c_flat,Metrics/base_velocity/error_vel_xy,200,0.03171468898653984,1778918884.825856
anymal_c_flat,Metrics/base_velocity/error_vel_xy,201,0.030021414160728455,1778918885.991202
anymal_c_flat,Metrics/base_velocity/error_vel_xy,202,0.034281082451343536,1778918887.1161067
anymal_c_flat,Metrics/base_velocity/error_vel_xy,203,0.034699052572250366,1778918888.261467
anymal_c_flat,Metrics/base_velocity/error_vel_xy,204,0.03084006905555725,1778918889.4187717
anymal_c_flat,Metrics/base_velocity/error_vel_xy,205,0.0389951728284359,1778918890.547894
anymal_c_flat,Metrics/base_velocity/error_vel_xy,206,0.04260013625025749,1778918891.686612
anymal_c_flat,Metrics/base_velocity/error_vel_xy,207,0.031523555517196655,1778918892.8063223
anymal_c_flat,Metrics/base_velocity/error_vel_xy,208,0.03527214750647545,1778918893.942668
anymal_c_flat,Metrics/base_velocity/error_vel_xy,209,0.035271331667900085,1778918895.190833
anymal_c_flat,Metrics/base_velocity/error_vel_xy,210,0.03469206392765045,1778918896.3248682
anymal_c_flat,Metrics/base_velocity/error_vel_xy,211,0.03758931905031204,1778918897.4520984
anymal_c_flat,Metrics/base_velocity/error_vel_xy,212,0.030467670410871506,1778918898.5928335
anymal_c_flat,Metrics/base_velocity/error_vel_xy,213,0.042088013142347336,1778918899.7338471
anymal_c_flat,Metrics/base_velocity/error_vel_xy,214,0.03485996648669243,1778918900.8732839
anymal_c_flat,Metrics/base_velocity/error_vel_xy,215,0.03206724300980568,1778918901.9949014
anymal_c_flat,Metrics/base_velocity/error_vel_xy,216,0.03253047913312912,1778918903.139272
anymal_c_flat,Metrics/base_velocity/error_vel_xy,217,0.034539856016635895,1778918904.2646964
anymal_c_flat,Metrics/base_velocity/error_vel_xy,218,0.04576442390680313,1778918905.5392547
anymal_c_flat,Metrics/base_velocity/error_vel_xy,219,0.0339236706495285,1778918906.6688924
anymal_c_flat,Metrics/base_velocity/error_vel_xy,220,0.04238108918070793,1778918907.8038228
anymal_c_flat,Metrics/base_velocity/error_vel_xy,221,0.03240015357732773,1778918908.9232473
anymal_c_flat,Metrics/base_velocity/error_vel_xy,222,0.03709341213107109,1778918910.0828726
anymal_c_flat,Metrics/base_velocity/error_vel_xy,223,0.033175915479660034,1778918911.2158444
anymal_c_flat,Metrics/base_velocity/error_vel_xy,224,0.035280585289001465,1778918912.3594446
anymal_c_flat,Metrics/base_velocity/error_vel_xy,225,0.036456555128097534,1778918913.5098863
anymal_c_flat,Metrics/base_velocity/error_vel_xy,226,0.029884546995162964,1778918914.6470141
anymal_c_flat,Metrics/base_velocity/error_vel_xy,227,0.03808639943599701,1778918915.7847247
anymal_c_flat,Metrics/base_velocity/error_vel_xy,228,0.031989313662052155,1778918917.0660517
anymal_c_flat,Metrics/base_velocity/error_vel_xy,229,0.04048580676317215,1778918918.204914
anymal_c_flat,Metrics/base_velocity/error_vel_xy,230,0.039135679602622986,1778918919.3488507
anymal_c_flat,Metrics/base_velocity/error_vel_xy,231,0.03312420845031738,1778918920.4963202
anymal_c_flat,Metrics/base_velocity/error_vel_xy,232,0.034910064190626144,1778918921.644789
anymal_c_flat,Metrics/base_velocity/error_vel_xy,233,0.04175078868865967,1778918922.780308
anymal_c_flat,Metrics/base_velocity/error_vel_xy,234,0.03469616547226906,1778918923.9164426
anymal_c_flat,Metrics/base_velocity/error_vel_xy,235,0.031479161232709885,1778918925.0764747
anymal_c_flat,Metrics/base_velocity/error_vel_xy,236,0.0371779128909111,1778918926.2068028
anymal_c_flat,Metrics/base_velocity/error_vel_xy,237,0.03226614370942116,1778918927.4572055
anymal_c_flat,Metrics/base_velocity/error_vel_xy,238,0.03835027664899826,1778918928.5964625
anymal_c_flat,Metrics/base_velocity/error_vel_xy,239,0.037744492292404175,1778918929.732382
anymal_c_flat,Metrics/base_velocity/error_vel_xy,240,0.03706405684351921,1778918930.8779898
anymal_c_flat,Metrics/base_velocity/error_vel_xy,241,0.0367082878947258,1778918932.0193372
anymal_c_flat,Metrics/base_velocity/error_vel_xy,242,0.038847677409648895,1778918933.1614978
anymal_c_flat,Metrics/base_velocity/error_vel_xy,243,0.035847172141075134,1778918934.306599
anymal_c_flat,Metrics/base_velocity/error_vel_xy,244,0.0408170223236084,1778918935.4317
anymal_c_flat,Metrics/base_velocity/error_vel_xy,245,0.035900138318538666,1778918936.5651507
anymal_c_flat,Metrics/base_velocity/error_vel_xy,246,0.035461414605379105,1778918937.7131934
anymal_c_flat,Metrics/base_velocity/error_vel_xy,247,0.033502787351608276,1778918939.0056765
anymal_c_flat,Metrics/base_velocity/error_vel_xy,248,0.0374940000474453,1778918940.140805
anymal_c_flat,Metrics/base_velocity/error_vel_xy,249,0.03984628617763519,1778918941.2742257
anymal_c_flat,Metrics/base_velocity/error_vel_xy,250,0.03551667928695679,1778918942.4206161
anymal_c_flat,Metrics/base_velocity/error_vel_xy,251,0.04150549694895744,1778918943.5660746
anymal_c_flat,Metrics/base_velocity/error_vel_xy,252,0.03921625390648842,1778918944.705527
anymal_c_flat,Metrics/base_velocity/error_vel_xy,253,0.03619838505983353,1778918945.8424528
anymal_c_flat,Metrics/base_velocity/error_vel_xy,254,0.0372854620218277,1778918946.9748068
anymal_c_flat,Metrics/base_velocity/error_vel_xy,255,0.03262341767549515,1778918948.1048708
anymal_c_flat,Metrics/base_velocity/error_vel_xy,256,0.035976555198431015,1778918949.3869572
anymal_c_flat,Metrics/base_velocity/error_vel_xy,257,0.037674494087696075,1778918950.5305276
anymal_c_flat,Metrics/base_velocity/error_vel_xy,258,0.035350050777196884,1778918951.6711922
anymal_c_flat,Metrics/base_velocity/error_vel_xy,259,0.04039369523525238,1778918952.8108628
anymal_c_flat,Metrics/base_velocity/error_vel_xy,260,0.03232169896364212,1778918953.9583683
anymal_c_flat,Metrics/base_velocity/error_vel_xy,261,0.030731556937098503,1778918955.0889323
anymal_c_flat,Metrics/base_velocity/error_vel_xy,262,0.03699609637260437,1778918956.231279
anymal_c_flat,Metrics/base_velocity/error_vel_xy,263,0.03492260351777077,1778918957.3523035
anymal_c_flat,Metrics/base_velocity/error_vel_xy,264,0.028133574873209,1778918958.4868102
anymal_c_flat,Metrics/base_velocity/error_vel_xy,265,0.03918377682566643,1778918959.6120265
anymal_c_flat,Metrics/base_velocity/error_vel_xy,266,0.038562461733818054,1778918960.8384676
anymal_c_flat,Metrics/base_velocity/error_vel_xy,267,0.033081769943237305,1778918961.9771073
anymal_c_flat,Metrics/base_velocity/error_vel_xy,268,0.03045162558555603,1778918963.119463
anymal_c_flat,Metrics/base_velocity/error_vel_xy,269,0.03242858499288559,1778918964.2524111
anymal_c_flat,Metrics/base_velocity/error_vel_xy,270,0.030858328565955162,1778918965.3866034
anymal_c_flat,Metrics/base_velocity/error_vel_xy,271,0.03385847061872482,1778918966.513924
anymal_c_flat,Metrics/base_velocity/error_vel_xy,272,0.043423570692539215,1778918967.6479902
anymal_c_flat,Metrics/base_velocity/error_vel_xy,273,0.040433369576931,1778918968.7807279
anymal_c_flat,Metrics/base_velocity/error_vel_xy,274,0.03686664626002312,1778918969.9200947
anymal_c_flat,Metrics/base_velocity/error_vel_xy,275,0.03775915130972862,1778918971.1796098
anymal_c_flat,Metrics/base_velocity/error_vel_xy,276,0.038578588515520096,1778918972.3143427
anymal_c_flat,Metrics/base_velocity/error_vel_xy,277,0.028511114418506622,1778918973.435899
anymal_c_flat,Metrics/base_velocity/error_vel_xy,278,0.03556447476148605,1778918974.5958369
anymal_c_flat,Metrics/base_velocity/error_vel_xy,279,0.034623850136995316,1778918975.7266712
anymal_c_flat,Metrics/base_velocity/error_vel_xy,280,0.03908538818359375,1778918976.8576198
anymal_c_flat,Metrics/base_velocity/error_vel_xy,281,0.039114195853471756,1778918978.007034
anymal_c_flat,Metrics/base_velocity/error_vel_xy,282,0.03954758122563362,1778918979.139031
anymal_c_flat,Metrics/base_velocity/error_vel_xy,283,0.03547170013189316,1778918980.289104
anymal_c_flat,Metrics/base_velocity/error_vel_xy,284,0.040457308292388916,1778918981.439392
anymal_c_flat,Metrics/base_velocity/error_vel_xy,285,0.034247756004333496,1778918982.7318234
anymal_c_flat,Metrics/base_velocity/error_vel_xy,286,0.04497656971216202,1778918983.8706806
anymal_c_flat,Metrics/base_velocity/error_vel_xy,287,0.03309553489089012,1778918985.0163991
anymal_c_flat,Metrics/base_velocity/error_vel_xy,288,0.033726729452610016,1778918986.1589189
anymal_c_flat,Metrics/base_velocity/error_vel_xy,289,0.04076453670859337,1778918987.295354
anymal_c_flat,Metrics/base_velocity/error_vel_xy,290,0.03470851108431816,1778918988.4258397
anymal_c_flat,Metrics/base_velocity/error_vel_xy,291,0.04403860494494438,1778918989.557006
anymal_c_flat,Metrics/base_velocity/error_vel_xy,292,0.03856538236141205,1778918990.6933637
anymal_c_flat,Metrics/base_velocity/error_vel_xy,293,0.04518745094537735,1778918991.8358996
anymal_c_flat,Metrics/base_velocity/error_vel_xy,294,0.034424975514411926,1778918993.0974402
anymal_c_flat,Metrics/base_velocity/error_vel_xy,295,0.037688326090574265,1778918994.2539983
anymal_c_flat,Metrics/base_velocity/error_vel_xy,296,0.030265577137470245,1778918995.4024794
anymal_c_flat,Metrics/base_velocity/error_vel_xy,297,0.03318111225962639,1778918996.523964
anymal_c_flat,Metrics/base_velocity/error_vel_xy,298,0.03882698342204094,1778918997.6504927
anymal_c_flat,Metrics/base_velocity/error_vel_xy,299,0.034610114991664886,1778918998.7925565
anymal_c_flat,Metrics/base_velocity/error_vel_yaw,0,0.0,1778918656.2296126
anymal_c_flat,Metrics/base_velocity/error_vel_yaw,1,0.024179905652999878,1778918657.3838623
anymal_c_flat,Metrics/base_velocity/error_vel_yaw,2,0.07253971695899963,1778918658.4637077
anymal_c_flat,Metrics/base_velocity/error_vel_yaw,3,0.07253971695899963,1778918659.549035
anymal_c_flat,Metrics/base_velocity/error_vel_yaw,4,0.07253971695899963,1778918660.6254973
anymal_c_flat,Metrics/base_velocity/error_vel_yaw,5,0.10006525367498398,1778918662.1395683
anymal_c_flat,Metrics/base_velocity/error_vel_yaw,6,0.292743980884552,1778918663.228882
anymal_c_flat,Metrics/base_velocity/error_vel_yaw,7,0.20560669898986816,1778918664.3190854
anymal_c_flat,Metrics/base_velocity/error_vel_yaw,8,0.17656096816062927,1778918665.3896666
anymal_c_flat,Metrics/base_velocity/error_vel_yaw,9,0.17656096816062927,1778918666.4529061
anymal_c_flat,Metrics/base_velocity/error_vel_yaw,10,0.26161688566207886,1778918667.520523
anymal_c_flat,Metrics/base_velocity/error_vel_yaw,11,0.32237112522125244,1778918668.5871058
anymal_c_flat,Metrics/base_velocity/error_vel_yaw,12,0.32237112522125244,1778918669.657712
anymal_c_flat,Metrics/base_velocity/error_vel_yaw,13,0.46806904673576355,1778918670.7429178
anymal_c_flat,Metrics/base_velocity/error_vel_yaw,14,0.35738977789878845,1778918671.8334086
anymal_c_flat,Metrics/base_velocity/error_vel_yaw,15,0.2312086522579193,1778918672.9168067
anymal_c_flat,Metrics/base_velocity/error_vel_yaw,16,0.45261263847351074,1778918674.0059192
anymal_c_flat,Metrics/base_velocity/error_vel_yaw,17,0.7679442763328552,1778918675.0798833
anymal_c_flat,Metrics/base_velocity/error_vel_yaw,18,0.552177369594574,1778918676.1880102
anymal_c_flat,Metrics/base_velocity/error_vel_yaw,19,0.5286960005760193,1778918677.3684635
anymal_c_flat,Metrics/base_velocity/error_vel_yaw,20,0.56256103515625,1778918678.4427636
anymal_c_flat,Metrics/base_velocity/error_vel_yaw,21,0.41993317008018494,1778918679.8756912
anymal_c_flat,Metrics/base_velocity/error_vel_yaw,22,0.5182743072509766,1778918680.9754274
anymal_c_flat,Metrics/base_velocity/error_vel_yaw,23,0.11639728397130966,1778918682.0893452
anymal_c_flat,Metrics/base_velocity/error_vel_yaw,24,0.12452346086502075,1778918683.174272
anymal_c_flat,Metrics/base_velocity/error_vel_yaw,25,0.11004563421010971,1778918684.2731442
anymal_c_flat,Metrics/base_velocity/error_vel_yaw,26,0.15199002623558044,1778918685.3712869
anymal_c_flat,Metrics/base_velocity/error_vel_yaw,27,0.08197854459285736,1778918686.4770505
anymal_c_flat,Metrics/base_velocity/error_vel_yaw,28,0.06297015398740768,1778918687.7111838
anymal_c_flat,Metrics/base_velocity/error_vel_yaw,29,0.07417328655719757,1778918688.8151731
anymal_c_flat,Metrics/base_velocity/error_vel_yaw,30,0.04717434570193291,1778918689.9423778
anymal_c_flat,Metrics/base_velocity/error_vel_yaw,31,0.0686117634177208,1778918691.0566869
anymal_c_flat,Metrics/base_velocity/error_vel_yaw,32,0.0723116397857666,1778918692.1582735
anymal_c_flat,Metrics/base_velocity/error_vel_yaw,33,0.06613095104694366,1778918693.27612
anymal_c_flat,Metrics/base_velocity/error_vel_yaw,34,0.05810459703207016,1778918694.3856595
anymal_c_flat,Metrics/base_velocity/error_vel_yaw,35,0.06209101527929306,1778918695.495847
anymal_c_flat,Metrics/base_velocity/error_vel_yaw,36,0.04687710851430893,1778918696.6347735
anymal_c_flat,Metrics/base_velocity/error_vel_yaw,37,0.05458643287420273,1778918697.7454677
anymal_c_flat,Metrics/base_velocity/error_vel_yaw,38,0.05928952246904373,1778918698.994068
anymal_c_flat,Metrics/base_velocity/error_vel_yaw,39,0.04432709142565727,1778918700.110618
anymal_c_flat,Metrics/base_velocity/error_vel_yaw,40,0.04148152843117714,1778918701.2306352
anymal_c_flat,Metrics/base_velocity/error_vel_yaw,41,0.03222045302391052,1778918702.3461192
anymal_c_flat,Metrics/base_velocity/error_vel_yaw,42,0.04319802671670914,1778918703.4603102
anymal_c_flat,Metrics/base_velocity/error_vel_yaw,43,0.03174121305346489,1778918704.5872416
anymal_c_flat,Metrics/base_velocity/error_vel_yaw,44,0.038225095719099045,1778918705.718527
anymal_c_flat,Metrics/base_velocity/error_vel_yaw,45,0.032956644892692566,1778918706.8383734
anymal_c_flat,Metrics/base_velocity/error_vel_yaw,46,0.0424281470477581,1778918707.9637861
anymal_c_flat,Metrics/base_velocity/error_vel_yaw,47,0.04465034604072571,1778918709.1933427
anymal_c_flat,Metrics/base_velocity/error_vel_yaw,48,0.026244966313242912,1778918710.3262653
anymal_c_flat,Metrics/base_velocity/error_vel_yaw,49,0.03211372718214989,1778918711.453405
anymal_c_flat,Metrics/base_velocity/error_vel_yaw,50,0.052723899483680725,1778918712.567668
anymal_c_flat,Metrics/base_velocity/error_vel_yaw,51,0.0383143275976181,1778918713.7049754
anymal_c_flat,Metrics/base_velocity/error_vel_yaw,52,0.03734011575579643,1778918714.8416886
anymal_c_flat,Metrics/base_velocity/error_vel_yaw,53,0.04870825260877609,1778918715.9695323
anymal_c_flat,Metrics/base_velocity/error_vel_yaw,54,0.024788204580545425,1778918717.108264
anymal_c_flat,Metrics/base_velocity/error_vel_yaw,55,0.0321834422647953,1778918718.2376888
anymal_c_flat,Metrics/base_velocity/error_vel_yaw,56,0.03075488470494747,1778918719.3811162
anymal_c_flat,Metrics/base_velocity/error_vel_yaw,57,0.02778979018330574,1778918720.6170342
anymal_c_flat,Metrics/base_velocity/error_vel_yaw,58,0.037237249314785004,1778918721.7664962
anymal_c_flat,Metrics/base_velocity/error_vel_yaw,59,0.03454485535621643,1778918722.9089437
anymal_c_flat,Metrics/base_velocity/error_vel_yaw,60,0.037072815001010895,1778918724.0402343
anymal_c_flat,Metrics/base_velocity/error_vel_yaw,61,0.047240860760211945,1778918725.2193098
anymal_c_flat,Metrics/base_velocity/error_vel_yaw,62,0.034649886190891266,1778918726.3435364
anymal_c_flat,Metrics/base_velocity/error_vel_yaw,63,0.029957961291074753,1778918727.471644
anymal_c_flat,Metrics/base_velocity/error_vel_yaw,64,0.03222388029098511,1778918728.5926983
anymal_c_flat,Metrics/base_velocity/error_vel_yaw,65,0.02879980020225048,1778918729.7299337
anymal_c_flat,Metrics/base_velocity/error_vel_yaw,66,0.039138711988925934,1778918730.9892275
anymal_c_flat,Metrics/base_velocity/error_vel_yaw,67,0.0364900603890419,1778918732.113645
anymal_c_flat,Metrics/base_velocity/error_vel_yaw,68,0.032003067433834076,1778918733.2558606
anymal_c_flat,Metrics/base_velocity/error_vel_yaw,69,0.02373560331761837,1778918734.3842041
anymal_c_flat,Metrics/base_velocity/error_vel_yaw,70,0.03214620053768158,1778918735.5222003
anymal_c_flat,Metrics/base_velocity/error_vel_yaw,71,0.03351656720042229,1778918736.6726148
anymal_c_flat,Metrics/base_velocity/error_vel_yaw,72,0.03180430084466934,1778918737.8012326
anymal_c_flat,Metrics/base_velocity/error_vel_yaw,73,0.027546655386686325,1778918738.9231563
anymal_c_flat,Metrics/base_velocity/error_vel_yaw,74,0.03521556407213211,1778918740.053438
anymal_c_flat,Metrics/base_velocity/error_vel_yaw,75,0.02969980239868164,1778918741.191285
anymal_c_flat,Metrics/base_velocity/error_vel_yaw,76,0.03241049870848656,1778918742.4762096
anymal_c_flat,Metrics/base_velocity/error_vel_yaw,77,0.027678651735186577,1778918743.6230078
anymal_c_flat,Metrics/base_velocity/error_vel_yaw,78,0.03110579214990139,1778918744.7486024
anymal_c_flat,Metrics/base_velocity/error_vel_yaw,79,0.021405300125479698,1778918745.8976269
anymal_c_flat,Metrics/base_velocity/error_vel_yaw,80,0.03966587781906128,1778918747.0392542
anymal_c_flat,Metrics/base_velocity/error_vel_yaw,81,0.03338699787855148,1778918748.1798537
anymal_c_flat,Metrics/base_velocity/error_vel_yaw,82,0.02912834845483303,1778918749.3165026
anymal_c_flat,Metrics/base_velocity/error_vel_yaw,83,0.02533172070980072,1778918750.4568887
anymal_c_flat,Metrics/base_velocity/error_vel_yaw,84,0.031287454068660736,1778918751.5864232
anymal_c_flat,Metrics/base_velocity/error_vel_yaw,85,0.02824678085744381,1778918752.891231
anymal_c_flat,Metrics/base_velocity/error_vel_yaw,86,0.03029586933553219,1778918754.0488195
anymal_c_flat,Metrics/base_velocity/error_vel_yaw,87,0.029035009443759918,1778918755.1762009
anymal_c_flat,Metrics/base_velocity/error_vel_yaw,88,0.03302052617073059,1778918756.2933242
anymal_c_flat,Metrics/base_velocity/error_vel_yaw,89,0.04045228660106659,1778918757.4336383
anymal_c_flat,Metrics/base_velocity/error_vel_yaw,90,0.024996979162096977,1778918758.57886
anymal_c_flat,Metrics/base_velocity/error_vel_yaw,91,0.023340243846178055,1778918759.7370307
anymal_c_flat,Metrics/base_velocity/error_vel_yaw,92,0.028561687096953392,1778918760.8795226
anymal_c_flat,Metrics/base_velocity/error_vel_yaw,93,0.02981989085674286,1778918762.0243218
anymal_c_flat,Metrics/base_velocity/error_vel_yaw,94,0.02601131796836853,1778918763.1585004
anymal_c_flat,Metrics/base_velocity/error_vel_yaw,95,0.024007081985473633,1778918764.3513405
anymal_c_flat,Metrics/base_velocity/error_vel_yaw,96,0.03501620143651962,1778918765.492269
anymal_c_flat,Metrics/base_velocity/error_vel_yaw,97,0.024236327037215233,1778918766.6402934
anymal_c_flat,Metrics/base_velocity/error_vel_yaw,98,0.026979273185133934,1778918767.7867668
anymal_c_flat,Metrics/base_velocity/error_vel_yaw,99,0.03016110323369503,1778918768.924834
anymal_c_flat,Metrics/base_velocity/error_vel_yaw,100,0.024835452437400818,1778918770.0746272
anymal_c_flat,Metrics/base_velocity/error_vel_yaw,101,0.025047561153769493,1778918771.2066562
anymal_c_flat,Metrics/base_velocity/error_vel_yaw,102,0.02611522190272808,1778918772.3490615
anymal_c_flat,Metrics/base_velocity/error_vel_yaw,103,0.032644860446453094,1778918773.4844081
anymal_c_flat,Metrics/base_velocity/error_vel_yaw,104,0.029908597469329834,1778918774.73919
anymal_c_flat,Metrics/base_velocity/error_vel_yaw,105,0.025132253766059875,1778918775.869102
anymal_c_flat,Metrics/base_velocity/error_vel_yaw,106,0.03796231746673584,1778918777.0131783
anymal_c_flat,Metrics/base_velocity/error_vel_yaw,107,0.03116730973124504,1778918778.1453393
anymal_c_flat,Metrics/base_velocity/error_vel_yaw,108,0.02469557523727417,1778918779.2820663
anymal_c_flat,Metrics/base_velocity/error_vel_yaw,109,0.028377851471304893,1778918780.4044235
anymal_c_flat,Metrics/base_velocity/error_vel_yaw,110,0.025162655860185623,1778918781.5462818
anymal_c_flat,Metrics/base_velocity/error_vel_yaw,111,0.03872354328632355,1778918782.6684208
anymal_c_flat,Metrics/base_velocity/error_vel_yaw,112,0.030978824943304062,1778918783.7959666
anymal_c_flat,Metrics/base_velocity/error_vel_yaw,113,0.03286660462617874,1778918784.9468317
anymal_c_flat,Metrics/base_velocity/error_vel_yaw,114,0.03638278692960739,1778918786.2055264
anymal_c_flat,Metrics/base_velocity/error_vel_yaw,115,0.031212203204631805,1778918787.3473766
anymal_c_flat,Metrics/base_velocity/error_vel_yaw,116,0.024258464574813843,1778918788.4982996
anymal_c_flat,Metrics/base_velocity/error_vel_yaw,117,0.030411437153816223,1778918789.636696
anymal_c_flat,Metrics/base_velocity/error_vel_yaw,118,0.03312007710337639,1778918790.7982845
anymal_c_flat,Metrics/base_velocity/error_vel_yaw,119,0.02778853289783001,1778918791.9479651
anymal_c_flat,Metrics/base_velocity/error_vel_yaw,120,0.02421511523425579,1778918793.0961695
anymal_c_flat,Metrics/base_velocity/error_vel_yaw,121,0.03406589850783348,1778918794.2371383
anymal_c_flat,Metrics/base_velocity/error_vel_yaw,122,0.028024181723594666,1778918795.373948
anymal_c_flat,Metrics/base_velocity/error_vel_yaw,123,0.03362943232059479,1778918796.6298444
anymal_c_flat,Metrics/base_velocity/error_vel_yaw,124,0.040588609874248505,1778918797.78588
anymal_c_flat,Metrics/base_velocity/error_vel_yaw,125,0.023296117782592773,1778918798.90324
anymal_c_flat,Metrics/base_velocity/error_vel_yaw,126,0.027016162872314453,1778918800.0412784
anymal_c_flat,Metrics/base_velocity/error_vel_yaw,127,0.02760988473892212,1778918801.178493
anymal_c_flat,Metrics/base_velocity/error_vel_yaw,128,0.03383702039718628,1778918802.3222034
anymal_c_flat,Metrics/base_velocity/error_vel_yaw,129,0.03313630819320679,1778918803.4729104
anymal_c_flat,Metrics/base_velocity/error_vel_yaw,130,0.02741648070514202,1778918804.600147
anymal_c_flat,Metrics/base_velocity/error_vel_yaw,131,0.029562566429376602,1778918805.7614186
anymal_c_flat,Metrics/base_velocity/error_vel_yaw,132,0.027109956368803978,1778918806.927755
anymal_c_flat,Metrics/base_velocity/error_vel_yaw,133,0.025054167956113815,1778918808.071148
anymal_c_flat,Metrics/base_velocity/error_vel_yaw,134,0.026061980053782463,1778918809.1869009
anymal_c_flat,Metrics/base_velocity/error_vel_yaw,135,0.025148261338472366,1778918810.3247674
anymal_c_flat,Metrics/base_velocity/error_vel_yaw,136,0.0184171125292778,1778918811.45642
anymal_c_flat,Metrics/base_velocity/error_vel_yaw,137,0.028011038899421692,1778918812.593742
anymal_c_flat,Metrics/base_velocity/error_vel_yaw,138,0.026005148887634277,1778918813.7489736
anymal_c_flat,Metrics/base_velocity/error_vel_yaw,139,0.022248525172472,1778918814.883052
anymal_c_flat,Metrics/base_velocity/error_vel_yaw,140,0.02604423463344574,1778918815.993931
anymal_c_flat,Metrics/base_velocity/error_vel_yaw,141,0.03188128396868706,1778918817.1264465
anymal_c_flat,Metrics/base_velocity/error_vel_yaw,142,0.025283407419919968,1778918818.3819728
anymal_c_flat,Metrics/base_velocity/error_vel_yaw,143,0.03853744640946388,1778918819.5163174
anymal_c_flat,Metrics/base_velocity/error_vel_yaw,144,0.02938718907535076,1778918820.6447704
anymal_c_flat,Metrics/base_velocity/error_vel_yaw,145,0.03259968012571335,1778918821.7916377
anymal_c_flat,Metrics/base_velocity/error_vel_yaw,146,0.03548721596598625,1778918822.90754
anymal_c_flat,Metrics/base_velocity/error_vel_yaw,147,0.026068126782774925,1778918824.0570157
anymal_c_flat,Metrics/base_velocity/error_vel_yaw,148,0.03123447299003601,1778918825.199339
anymal_c_flat,Metrics/base_velocity/error_vel_yaw,149,0.03689027577638626,1778918826.3216555
anymal_c_flat,Metrics/base_velocity/error_vel_yaw,150,0.027797570452094078,1778918827.4483628
anymal_c_flat,Metrics/base_velocity/error_vel_yaw,151,0.02134307287633419,1778918828.602631
anymal_c_flat,Metrics/base_velocity/error_vel_yaw,152,0.031837716698646545,1778918829.7988453
anymal_c_flat,Metrics/base_velocity/error_vel_yaw,153,0.030570626258850098,1778918830.940085
anymal_c_flat,Metrics/base_velocity/error_vel_yaw,154,0.029896926134824753,1778918832.0765052
anymal_c_flat,Metrics/base_velocity/error_vel_yaw,155,0.035485751926898956,1778918833.211506
anymal_c_flat,Metrics/base_velocity/error_vel_yaw,156,0.027269108220934868,1778918834.3421228
anymal_c_flat,Metrics/base_velocity/error_vel_yaw,157,0.0324723981320858,1778918835.4679787
anymal_c_flat,Metrics/base_velocity/error_vel_yaw,158,0.027286848053336143,1778918836.5946069
anymal_c_flat,Metrics/base_velocity/error_vel_yaw,159,0.0298137366771698,1778918837.7043653
anymal_c_flat,Metrics/base_velocity/error_vel_yaw,160,0.023723801597952843,1778918838.8455644
anymal_c_flat,Metrics/base_velocity/error_vel_yaw,161,0.029195351526141167,1778918840.0425088
anymal_c_flat,Metrics/base_velocity/error_vel_yaw,162,0.030688464641571045,1778918841.1835976
anymal_c_flat,Metrics/base_velocity/error_vel_yaw,163,0.032067012041807175,1778918842.3276262
anymal_c_flat,Metrics/base_velocity/error_vel_yaw,164,0.027552753686904907,1778918843.4799137
anymal_c_flat,Metrics/base_velocity/error_vel_yaw,165,0.026581790298223495,1778918844.6117573
anymal_c_flat,Metrics/base_velocity/error_vel_yaw,166,0.030170083045959473,1778918845.7559688
anymal_c_flat,Metrics/base_velocity/error_vel_yaw,167,0.02597922459244728,1778918846.8785172
anymal_c_flat,Metrics/base_velocity/error_vel_yaw,168,0.02810925617814064,1778918848.0178146
anymal_c_flat,Metrics/base_velocity/error_vel_yaw,169,0.026034092530608177,1778918849.1368256
anymal_c_flat,Metrics/base_velocity/error_vel_yaw,170,0.02959723398089409,1778918850.2900503
anymal_c_flat,Metrics/base_velocity/error_vel_yaw,171,0.02137153409421444,1778918851.5146616
anymal_c_flat,Metrics/base_velocity/error_vel_yaw,172,0.022844117134809494,1778918852.6679692
anymal_c_flat,Metrics/base_velocity/error_vel_yaw,173,0.028200726956129074,1778918853.820464
anymal_c_flat,Metrics/base_velocity/error_vel_yaw,174,0.023087134584784508,1778918854.9465253
anymal_c_flat,Metrics/base_velocity/error_vel_yaw,175,0.03417025879025459,1778918856.0802157
anymal_c_flat,Metrics/base_velocity/error_vel_yaw,176,0.030561693012714386,1778918857.2210586
anymal_c_flat,Metrics/base_velocity/error_vel_yaw,177,0.024071987718343735,1778918858.3543236
anymal_c_flat,Metrics/base_velocity/error_vel_yaw,178,0.025774843990802765,1778918859.5078158
anymal_c_flat,Metrics/base_velocity/error_vel_yaw,179,0.026312818750739098,1778918860.6386573
anymal_c_flat,Metrics/base_velocity/error_vel_yaw,180,0.026533883064985275,1778918861.846307
anymal_c_flat,Metrics/base_velocity/error_vel_yaw,181,0.03070240467786789,1778918862.9695184
anymal_c_flat,Metrics/base_velocity/error_vel_yaw,182,0.02105770632624626,1778918864.1092849
anymal_c_flat,Metrics/base_velocity/error_vel_yaw,183,0.028729712590575218,1778918865.2440286
anymal_c_flat,Metrics/base_velocity/error_vel_yaw,184,0.022392958402633667,1778918866.3802285
anymal_c_flat,Metrics/base_velocity/error_vel_yaw,185,0.02220287173986435,1778918867.5332532
anymal_c_flat,Metrics/base_velocity/error_vel_yaw,186,0.024513166397809982,1778918868.6582909
anymal_c_flat,Metrics/base_velocity/error_vel_yaw,187,0.02323363721370697,1778918869.7979064
anymal_c_flat,Metrics/base_velocity/error_vel_yaw,188,0.03102083131670952,1778918870.9365375
anymal_c_flat,Metrics/base_velocity/error_vel_yaw,189,0.02787785977125168,1778918872.0787063
anymal_c_flat,Metrics/base_velocity/error_vel_yaw,190,0.02772773616015911,1778918873.2840192
anymal_c_flat,Metrics/base_velocity/error_vel_yaw,191,0.023328302428126335,1778918874.4047701
anymal_c_flat,Metrics/base_velocity/error_vel_yaw,192,0.036373160779476166,1778918875.5362332
anymal_c_flat,Metrics/base_velocity/error_vel_yaw,193,0.028684549033641815,1778918876.6701179
anymal_c_flat,Metrics/base_velocity/error_vel_yaw,194,0.03258775174617767,1778918877.8185632
anymal_c_flat,Metrics/base_velocity/error_vel_yaw,195,0.020185640081763268,1778918878.9648976
anymal_c_flat,Metrics/base_velocity/error_vel_yaw,196,0.02283376269042492,1778918880.1208725
anymal_c_flat,Metrics/base_velocity/error_vel_yaw,197,0.03284259885549545,1778918881.2793539
anymal_c_flat,Metrics/base_velocity/error_vel_yaw,198,0.0235709547996521,1778918882.4178562
anymal_c_flat,Metrics/base_velocity/error_vel_yaw,199,0.021549418568611145,1778918883.6906173
anymal_c_flat,Metrics/base_velocity/error_vel_yaw,200,0.021432047709822655,1778918884.8270578
anymal_c_flat,Metrics/base_velocity/error_vel_yaw,201,0.0200878344476223,1778918885.9923804
anymal_c_flat,Metrics/base_velocity/error_vel_yaw,202,0.023201357573270798,1778918887.1172962
anymal_c_flat,Metrics/base_velocity/error_vel_yaw,203,0.02298075333237648,1778918888.2627711
anymal_c_flat,Metrics/base_velocity/error_vel_yaw,204,0.02349003031849861,1778918889.4204154
anymal_c_flat,Metrics/base_velocity/error_vel_yaw,205,0.02206786535680294,1778918890.5490904
anymal_c_flat,Metrics/base_velocity/error_vel_yaw,206,0.0298679880797863,1778918891.6878357
anymal_c_flat,Metrics/base_velocity/error_vel_yaw,207,0.03619043156504631,1778918892.8073926
anymal_c_flat,Metrics/base_velocity/error_vel_yaw,208,0.03529813513159752,1778918893.9438577
anymal_c_flat,Metrics/base_velocity/error_vel_yaw,209,0.02589328959584236,1778918895.191961
anymal_c_flat,Metrics/base_velocity/error_vel_yaw,210,0.020320896059274673,1778918896.325953
anymal_c_flat,Metrics/base_velocity/error_vel_yaw,211,0.02750142477452755,1778918897.4532313
anymal_c_flat,Metrics/base_velocity/error_vel_yaw,212,0.025372907519340515,1778918898.5939796
anymal_c_flat,Metrics/base_velocity/error_vel_yaw,213,0.03439178317785263,1778918899.7350428
anymal_c_flat,Metrics/base_velocity/error_vel_yaw,214,0.02350657247006893,1778918900.8745003
anymal_c_flat,Metrics/base_velocity/error_vel_yaw,215,0.023990347981452942,1778918901.9959965
anymal_c_flat,Metrics/base_velocity/error_vel_yaw,216,0.02382371388375759,1778918903.1405087
anymal_c_flat,Metrics/base_velocity/error_vel_yaw,217,0.029646486043930054,1778918904.2658765
anymal_c_flat,Metrics/base_velocity/error_vel_yaw,218,0.03606336563825607,1778918905.540473
anymal_c_flat,Metrics/base_velocity/error_vel_yaw,219,0.030789945274591446,1778918906.6699922
anymal_c_flat,Metrics/base_velocity/error_vel_yaw,220,0.028611216694116592,1778918907.8049748
anymal_c_flat,Metrics/base_velocity/error_vel_yaw,221,0.023259446024894714,1778918908.9243405
anymal_c_flat,Metrics/base_velocity/error_vel_yaw,222,0.022198539227247238,1778918910.0841432
anymal_c_flat,Metrics/base_velocity/error_vel_yaw,223,0.024151286110281944,1778918911.2169964
anymal_c_flat,Metrics/base_velocity/error_vel_yaw,224,0.023694640025496483,1778918912.3606107
anymal_c_flat,Metrics/base_velocity/error_vel_yaw,225,0.033445581793785095,1778918913.5111127
anymal_c_flat,Metrics/base_velocity/error_vel_yaw,226,0.02739698812365532,1778918914.6482005
anymal_c_flat,Metrics/base_velocity/error_vel_yaw,227,0.024541042745113373,1778918915.7859056
anymal_c_flat,Metrics/base_velocity/error_vel_yaw,228,0.027429213747382164,1778918917.067185
anymal_c_flat,Metrics/base_velocity/error_vel_yaw,229,0.02323179319500923,1778918918.2062643
anymal_c_flat,Metrics/base_velocity/error_vel_yaw,230,0.027399225160479546,1778918919.350055
anymal_c_flat,Metrics/base_velocity/error_vel_yaw,231,0.0224464014172554,1778918920.4974916
anymal_c_flat,Metrics/base_velocity/error_vel_yaw,232,0.021858561784029007,1778918921.6459904
anymal_c_flat,Metrics/base_velocity/error_vel_yaw,233,0.029586270451545715,1778918922.7815251
anymal_c_flat,Metrics/base_velocity/error_vel_yaw,234,0.02205915004014969,1778918923.9175518
anymal_c_flat,Metrics/base_velocity/error_vel_yaw,235,0.024137794971466064,1778918925.078141
anymal_c_flat,Metrics/base_velocity/error_vel_yaw,236,0.025906123220920563,1778918926.2080176
anymal_c_flat,Metrics/base_velocity/error_vel_yaw,237,0.023478126153349876,1778918927.4584215
anymal_c_flat,Metrics/base_velocity/error_vel_yaw,238,0.023907287046313286,1778918928.597634
anymal_c_flat,Metrics/base_velocity/error_vel_yaw,239,0.0239194855093956,1778918929.733532
anymal_c_flat,Metrics/base_velocity/error_vel_yaw,240,0.021207746118307114,1778918930.8791997
anymal_c_flat,Metrics/base_velocity/error_vel_yaw,241,0.027738701552152634,1778918932.020514
anymal_c_flat,Metrics/base_velocity/error_vel_yaw,242,0.029368840157985687,1778918933.1626816
anymal_c_flat,Metrics/base_velocity/error_vel_yaw,243,0.02489696815609932,1778918934.3077438
anymal_c_flat,Metrics/base_velocity/error_vel_yaw,244,0.03489965200424194,1778918935.4329112
anymal_c_flat,Metrics/base_velocity/error_vel_yaw,245,0.03165438026189804,1778918936.5663126
anymal_c_flat,Metrics/base_velocity/error_vel_yaw,246,0.029193084686994553,1778918937.714356
anymal_c_flat,Metrics/base_velocity/error_vel_yaw,247,0.02879633568227291,1778918939.0069191
anymal_c_flat,Metrics/base_velocity/error_vel_yaw,248,0.021192386746406555,1778918940.141973
anymal_c_flat,Metrics/base_velocity/error_vel_yaw,249,0.030873000621795654,1778918941.2753735
anymal_c_flat,Metrics/base_velocity/error_vel_yaw,250,0.025178952142596245,1778918942.4218369
anymal_c_flat,Metrics/base_velocity/error_vel_yaw,251,0.027458608150482178,1778918943.567291
anymal_c_flat,Metrics/base_velocity/error_vel_yaw,252,0.025664620101451874,1778918944.7067366
anymal_c_flat,Metrics/base_velocity/error_vel_yaw,253,0.019955091178417206,1778918945.8435678
anymal_c_flat,Metrics/base_velocity/error_vel_yaw,254,0.022023435682058334,1778918946.9759967
anymal_c_flat,Metrics/base_velocity/error_vel_yaw,255,0.028151091188192368,1778918948.106062
anymal_c_flat,Metrics/base_velocity/error_vel_yaw,256,0.026910817250609398,1778918949.3880937
anymal_c_flat,Metrics/base_velocity/error_vel_yaw,257,0.029388045892119408,1778918950.5317397
anymal_c_flat,Metrics/base_velocity/error_vel_yaw,258,0.02110276184976101,1778918951.6724074
anymal_c_flat,Metrics/base_velocity/error_vel_yaw,259,0.020101938396692276,1778918952.8120365
anymal_c_flat,Metrics/base_velocity/error_vel_yaw,260,0.028525590896606445,1778918953.9595494
anymal_c_flat,Metrics/base_velocity/error_vel_yaw,261,0.020662561058998108,1778918955.090091
anymal_c_flat,Metrics/base_velocity/error_vel_yaw,262,0.02975427359342575,1778918956.2324975
anymal_c_flat,Metrics/base_velocity/error_vel_yaw,263,0.030379246920347214,1778918957.3534315
anymal_c_flat,Metrics/base_velocity/error_vel_yaw,264,0.03207012638449669,1778918958.4879854
anymal_c_flat,Metrics/base_velocity/error_vel_yaw,265,0.01994357630610466,1778918959.6131577
anymal_c_flat,Metrics/base_velocity/error_vel_yaw,266,0.01858516037464142,1778918960.839676
anymal_c_flat,Metrics/base_velocity/error_vel_yaw,267,0.02285366877913475,1778918961.9782653
anymal_c_flat,Metrics/base_velocity/error_vel_yaw,268,0.02591201663017273,1778918963.1207354
anymal_c_flat,Metrics/base_velocity/error_vel_yaw,269,0.028471915051341057,1778918964.2535377
anymal_c_flat,Metrics/base_velocity/error_vel_yaw,270,0.022801343351602554,1778918965.387806
anymal_c_flat,Metrics/base_velocity/error_vel_yaw,271,0.023261986672878265,1778918966.5150309
anymal_c_flat,Metrics/base_velocity/error_vel_yaw,272,0.03515848517417908,1778918967.6492045
anymal_c_flat,Metrics/base_velocity/error_vel_yaw,273,0.02294018492102623,1778918968.781834
anymal_c_flat,Metrics/base_velocity/error_vel_yaw,274,0.025422383099794388,1778918969.9212532
anymal_c_flat,Metrics/base_velocity/error_vel_yaw,275,0.022670498117804527,1778918971.1808555
anymal_c_flat,Metrics/base_velocity/error_vel_yaw,276,0.02864292822778225,1778918972.3155005
anymal_c_flat,Metrics/base_velocity/error_vel_yaw,277,0.03274666517972946,1778918973.4371135
anymal_c_flat,Metrics/base_velocity/error_vel_yaw,278,0.02406841143965721,1778918974.5969748
anymal_c_flat,Metrics/base_velocity/error_vel_yaw,279,0.021821390837430954,1778918975.7282274
anymal_c_flat,Metrics/base_velocity/error_vel_yaw,280,0.02498919516801834,1778918976.8587615
anymal_c_flat,Metrics/base_velocity/error_vel_yaw,281,0.03332807868719101,1778918978.0083704
anymal_c_flat,Metrics/base_velocity/error_vel_yaw,282,0.023669101297855377,1778918979.1402438
anymal_c_flat,Metrics/base_velocity/error_vel_yaw,283,0.027463529258966446,1778918980.290288
anymal_c_flat,Metrics/base_velocity/error_vel_yaw,284,0.041162293404340744,1778918981.4405482
anymal_c_flat,Metrics/base_velocity/error_vel_yaw,285,0.03147164732217789,1778918982.7329683
anymal_c_flat,Metrics/base_velocity/error_vel_yaw,286,0.02596178650856018,1778918983.8718736
anymal_c_flat,Metrics/base_velocity/error_vel_yaw,287,0.02903718128800392,1778918985.0176203
anymal_c_flat,Metrics/base_velocity/error_vel_yaw,288,0.02827577292919159,1778918986.160149
anymal_c_flat,Metrics/base_velocity/error_vel_yaw,289,0.025339003652334213,1778918987.2965512
anymal_c_flat,Metrics/base_velocity/error_vel_yaw,290,0.04267111420631409,1778918988.4270394
anymal_c_flat,Metrics/base_velocity/error_vel_yaw,291,0.02863229438662529,1778918989.5582566
anymal_c_flat,Metrics/base_velocity/error_vel_yaw,292,0.02991596609354019,1778918990.6944923
anymal_c_flat,Metrics/base_velocity/error_vel_yaw,293,0.02820046991109848,1778918991.837096
anymal_c_flat,Metrics/base_velocity/error_vel_yaw,294,0.027329012751579285,1778918993.0986662
anymal_c_flat,Metrics/base_velocity/error_vel_yaw,295,0.021994318813085556,1778918994.2552793
anymal_c_flat,Metrics/base_velocity/error_vel_yaw,296,0.021831899881362915,1778918995.4037035
anymal_c_flat,Metrics/base_velocity/error_vel_yaw,297,0.026756420731544495,1778918996.525082
anymal_c_flat,Metrics/base_velocity/error_vel_yaw,298,0.022571101784706116,1778918997.6520882
anymal_c_flat,Metrics/base_velocity/error_vel_yaw,299,0.028963204473257065,1778918998.7937717
anymal_c_flat,Episode_Termination/time_out,0,0.0,1778918656.2305956
anymal_c_flat,Episode_Termination/time_out,1,0.02083333395421505,1778918657.384811
anymal_c_flat,Episode_Termination/time_out,2,0.0625,1778918658.4646392
anymal_c_flat,Episode_Termination/time_out,3,0.0625,1778918659.5503156
anymal_c_flat,Episode_Termination/time_out,4,0.0625,1778918660.6264603
anymal_c_flat,Episode_Termination/time_out,5,0.0703125,1778918662.140518
anymal_c_flat,Episode_Termination/time_out,6,0.125,1778918663.229809
anymal_c_flat,Episode_Termination/time_out,7,0.171875,1778918664.3200026
anymal_c_flat,Episode_Termination/time_out,8,0.1875,1778918665.3905237
anymal_c_flat,Episode_Termination/time_out,9,0.1875,1778918666.4538434
anymal_c_flat,Episode_Termination/time_out,10,0.2239583432674408,1778918667.5214484
anymal_c_flat,Episode_Termination/time_out,11,0.25,1778918668.588029
anymal_c_flat,Episode_Termination/time_out,12,0.25,1778918669.6586597
anymal_c_flat,Episode_Termination/time_out,13,0.28125,1778918670.743862
anymal_c_flat,Episode_Termination/time_out,14,0.2734375,1778918671.8343508
anymal_c_flat,Episode_Termination/time_out,15,0.25,1778918672.9177687
anymal_c_flat,Episode_Termination/time_out,16,0.25,1778918674.0068865
anymal_c_flat,Episode_Termination/time_out,17,0.25,1778918675.080882
anymal_c_flat,Episode_Termination/time_out,18,0.2604166865348816,1778918676.1890624
anymal_c_flat,Episode_Termination/time_out,19,0.25,1778918677.3693397
anymal_c_flat,Episode_Termination/time_out,20,0.25,1778918678.4437103
anymal_c_flat,Episode_Termination/time_out,21,0.2291666716337204,1778918679.8766189
anymal_c_flat,Episode_Termination/time_out,22,0.140625,1778918680.9764738
anymal_c_flat,Episode_Termination/time_out,23,0.0625,1778918682.0903847
anymal_c_flat,Episode_Termination/time_out,24,0.046875,1778918683.1752381
anymal_c_flat,Episode_Termination/time_out,25,0.0,1778918684.2741964
anymal_c_flat,Episode_Termination/time_out,26,0.0,1778918685.3723073
anymal_c_flat,Episode_Termination/time_out,27,0.0,1778918686.4780736
anymal_c_flat,Episode_Termination/time_out,28,0.0,1778918687.712266
anymal_c_flat,Episode_Termination/time_out,29,0.0,1778918688.8162298
anymal_c_flat,Episode_Termination/time_out,30,0.0,1778918689.9434307
anymal_c_flat,Episode_Termination/time_out,31,0.0,1778918691.0577824
anymal_c_flat,Episode_Termination/time_out,32,0.0,1778918692.1592946
anymal_c_flat,Episode_Termination/time_out,33,0.0,1778918693.2772532
anymal_c_flat,Episode_Termination/time_out,34,0.0,1778918694.3867946
anymal_c_flat,Episode_Termination/time_out,35,0.0,1778918695.497282
anymal_c_flat,Episode_Termination/time_out,36,0.0,1778918696.6359248
anymal_c_flat,Episode_Termination/time_out,37,0.0,1778918697.7465546
anymal_c_flat,Episode_Termination/time_out,38,0.0,1778918698.995155
anymal_c_flat,Episode_Termination/time_out,39,0.0,1778918700.1117277
anymal_c_flat,Episode_Termination/time_out,40,0.0,1778918701.2317505
anymal_c_flat,Episode_Termination/time_out,41,0.0,1778918702.347193
anymal_c_flat,Episode_Termination/time_out,42,0.0,1778918703.461463
anymal_c_flat,Episode_Termination/time_out,43,0.0,1778918704.5883663
anymal_c_flat,Episode_Termination/time_out,44,0.0,1778918705.71974
anymal_c_flat,Episode_Termination/time_out,45,0.0,1778918706.8394856
anymal_c_flat,Episode_Termination/time_out,46,0.0,1778918707.965037
anymal_c_flat,Episode_Termination/time_out,47,0.0,1778918709.1946983
anymal_c_flat,Episode_Termination/time_out,48,0.0,1778918710.3274088
anymal_c_flat,Episode_Termination/time_out,49,0.0,1778918711.4545681
anymal_c_flat,Episode_Termination/time_out,50,0.0,1778918712.5687335
anymal_c_flat,Episode_Termination/time_out,51,0.0,1778918713.7060585
anymal_c_flat,Episode_Termination/time_out,52,0.0,1778918714.8432841
anymal_c_flat,Episode_Termination/time_out,53,0.0,1778918715.9706936
anymal_c_flat,Episode_Termination/time_out,54,0.0,1778918717.1094475
anymal_c_flat,Episode_Termination/time_out,55,0.0,1778918718.2388475
anymal_c_flat,Episode_Termination/time_out,56,0.0,1778918719.3822248
anymal_c_flat,Episode_Termination/time_out,57,0.0,1778918720.618152
anymal_c_flat,Episode_Termination/time_out,58,0.0,1778918721.7681465
anymal_c_flat,Episode_Termination/time_out,59,0.0,1778918722.9100885
anymal_c_flat,Episode_Termination/time_out,60,0.0,1778918724.041399
anymal_c_flat,Episode_Termination/time_out,61,0.0,1778918725.2209165
anymal_c_flat,Episode_Termination/time_out,62,0.0,1778918726.344646
anymal_c_flat,Episode_Termination/time_out,63,0.0,1778918727.4728324
anymal_c_flat,Episode_Termination/time_out,64,0.0,1778918728.5938315
anymal_c_flat,Episode_Termination/time_out,65,0.0,1778918729.7311432
anymal_c_flat,Episode_Termination/time_out,66,0.0,1778918730.9903607
anymal_c_flat,Episode_Termination/time_out,67,0.0,1778918732.1147923
anymal_c_flat,Episode_Termination/time_out,68,0.0,1778918733.2570846
anymal_c_flat,Episode_Termination/time_out,69,0.0,1778918734.385337
anymal_c_flat,Episode_Termination/time_out,70,0.0,1778918735.5234792
anymal_c_flat,Episode_Termination/time_out,71,0.0,1778918736.6738
anymal_c_flat,Episode_Termination/time_out,72,0.0,1778918737.8024004
anymal_c_flat,Episode_Termination/time_out,73,0.0,1778918738.9243178
anymal_c_flat,Episode_Termination/time_out,74,0.0,1778918740.0546656
anymal_c_flat,Episode_Termination/time_out,75,0.0,1778918741.192443
anymal_c_flat,Episode_Termination/time_out,76,0.0,1778918742.4774928
anymal_c_flat,Episode_Termination/time_out,77,0.0,1778918743.6245413
anymal_c_flat,Episode_Termination/time_out,78,0.0,1778918744.749742
anymal_c_flat,Episode_Termination/time_out,79,0.0,1778918745.89925
anymal_c_flat,Episode_Termination/time_out,80,0.0,1778918747.040396
anymal_c_flat,Episode_Termination/time_out,81,0.0,1778918748.1809912
anymal_c_flat,Episode_Termination/time_out,82,0.0,1778918749.317727
anymal_c_flat,Episode_Termination/time_out,83,0.0,1778918750.458099
anymal_c_flat,Episode_Termination/time_out,84,0.0,1778918751.587655
anymal_c_flat,Episode_Termination/time_out,85,0.0,1778918752.8923671
anymal_c_flat,Episode_Termination/time_out,86,0.0,1778918754.0505261
anymal_c_flat,Episode_Termination/time_out,87,0.0,1778918755.177335
anymal_c_flat,Episode_Termination/time_out,88,0.0,1778918756.2944818
anymal_c_flat,Episode_Termination/time_out,89,0.0,1778918757.4348972
anymal_c_flat,Episode_Termination/time_out,90,0.0,1778918758.580111
anymal_c_flat,Episode_Termination/time_out,91,0.0,1778918759.7386496
anymal_c_flat,Episode_Termination/time_out,92,0.0,1778918760.8806503
anymal_c_flat,Episode_Termination/time_out,93,0.0,1778918762.025488
anymal_c_flat,Episode_Termination/time_out,94,0.0,1778918763.1596715
anymal_c_flat,Episode_Termination/time_out,95,0.0,1778918764.3524919
anymal_c_flat,Episode_Termination/time_out,96,0.0,1778918765.493518
anymal_c_flat,Episode_Termination/time_out,97,0.0,1778918766.6416535
anymal_c_flat,Episode_Termination/time_out,98,0.0,1778918767.7880075
anymal_c_flat,Episode_Termination/time_out,99,0.0,1778918768.9260464
anymal_c_flat,Episode_Termination/time_out,100,0.0,1778918770.0758402
anymal_c_flat,Episode_Termination/time_out,101,0.0,1778918771.207817
anymal_c_flat,Episode_Termination/time_out,102,0.0,1778918772.3502564
anymal_c_flat,Episode_Termination/time_out,103,0.0,1778918773.4855957
anymal_c_flat,Episode_Termination/time_out,104,0.0,1778918774.7403402
anymal_c_flat,Episode_Termination/time_out,105,0.0,1778918775.8703337
anymal_c_flat,Episode_Termination/time_out,106,0.0,1778918777.0148067
anymal_c_flat,Episode_Termination/time_out,107,0.0,1778918778.1465154
anymal_c_flat,Episode_Termination/time_out,108,0.0,1778918779.283215
anymal_c_flat,Episode_Termination/time_out,109,0.0,1778918780.4056
anymal_c_flat,Episode_Termination/time_out,110,0.0,1778918781.5474224
anymal_c_flat,Episode_Termination/time_out,111,0.0,1778918782.6695564
anymal_c_flat,Episode_Termination/time_out,112,0.0,1778918783.797123
anymal_c_flat,Episode_Termination/time_out,113,0.0,1778918784.9480374
anymal_c_flat,Episode_Termination/time_out,114,0.0,1778918786.2066276
anymal_c_flat,Episode_Termination/time_out,115,0.0,1778918787.3485606
anymal_c_flat,Episode_Termination/time_out,116,0.0,1778918788.4994564
anymal_c_flat,Episode_Termination/time_out,117,0.0,1778918789.6379037
anymal_c_flat,Episode_Termination/time_out,118,0.0,1778918790.7995903
anymal_c_flat,Episode_Termination/time_out,119,0.0,1778918791.9491715
anymal_c_flat,Episode_Termination/time_out,120,0.0,1778918793.0977914
anymal_c_flat,Episode_Termination/time_out,121,0.0,1778918794.238265
anymal_c_flat,Episode_Termination/time_out,122,0.0,1778918795.375235
anymal_c_flat,Episode_Termination/time_out,123,0.0,1778918796.6310556
anymal_c_flat,Episode_Termination/time_out,124,0.0,1778918797.787166
anymal_c_flat,Episode_Termination/time_out,125,0.0,1778918798.904317
anymal_c_flat,Episode_Termination/time_out,126,0.0,1778918800.042498
anymal_c_flat,Episode_Termination/time_out,127,0.0,1778918801.1797442
anymal_c_flat,Episode_Termination/time_out,128,0.0,1778918802.3234408
anymal_c_flat,Episode_Termination/time_out,129,0.0,1778918803.474061
anymal_c_flat,Episode_Termination/time_out,130,0.0,1778918804.6013088
anymal_c_flat,Episode_Termination/time_out,131,0.0,1778918805.7630904
anymal_c_flat,Episode_Termination/time_out,132,0.0,1778918806.9293973
anymal_c_flat,Episode_Termination/time_out,133,0.0,1778918808.072351
anymal_c_flat,Episode_Termination/time_out,134,0.0,1778918809.1880033
anymal_c_flat,Episode_Termination/time_out,135,0.0,1778918810.3259115
anymal_c_flat,Episode_Termination/time_out,136,0.0,1778918811.4574947
anymal_c_flat,Episode_Termination/time_out,137,0.0,1778918812.5948982
anymal_c_flat,Episode_Termination/time_out,138,0.0,1778918813.7501838
anymal_c_flat,Episode_Termination/time_out,139,0.0,1778918814.884238
anymal_c_flat,Episode_Termination/time_out,140,0.0,1778918815.9950256
anymal_c_flat,Episode_Termination/time_out,141,0.0,1778918817.1276126
anymal_c_flat,Episode_Termination/time_out,142,0.0,1778918818.3831885
anymal_c_flat,Episode_Termination/time_out,143,0.0,1778918819.5174348
anymal_c_flat,Episode_Termination/time_out,144,0.0,1778918820.6459289
anymal_c_flat,Episode_Termination/time_out,145,0.0,1778918821.792888
anymal_c_flat,Episode_Termination/time_out,146,0.0,1778918822.9091153
anymal_c_flat,Episode_Termination/time_out,147,0.0,1778918824.0581915
anymal_c_flat,Episode_Termination/time_out,148,0.0,1778918825.2005146
anymal_c_flat,Episode_Termination/time_out,149,0.0,1778918826.322775
anymal_c_flat,Episode_Termination/time_out,150,0.0,1778918827.4495378
anymal_c_flat,Episode_Termination/time_out,151,0.0,1778918828.6037674
anymal_c_flat,Episode_Termination/time_out,152,0.0,1778918829.8000953
anymal_c_flat,Episode_Termination/time_out,153,0.0,1778918830.941303
anymal_c_flat,Episode_Termination/time_out,154,0.0,1778918832.077623
anymal_c_flat,Episode_Termination/time_out,155,0.0,1778918833.2126296
anymal_c_flat,Episode_Termination/time_out,156,0.0,1778918834.3434625
anymal_c_flat,Episode_Termination/time_out,157,0.0,1778918835.4691098
anymal_c_flat,Episode_Termination/time_out,158,0.0,1778918836.5957491
anymal_c_flat,Episode_Termination/time_out,159,0.0,1778918837.7054772
anymal_c_flat,Episode_Termination/time_out,160,0.0,1778918838.846805
anymal_c_flat,Episode_Termination/time_out,161,0.0,1778918840.0437155
anymal_c_flat,Episode_Termination/time_out,162,0.0,1778918841.1847684
anymal_c_flat,Episode_Termination/time_out,163,0.0,1778918842.328839
anymal_c_flat,Episode_Termination/time_out,164,0.0,1778918843.4811783
anymal_c_flat,Episode_Termination/time_out,165,0.0,1778918844.612959
anymal_c_flat,Episode_Termination/time_out,166,0.0,1778918845.7572608
anymal_c_flat,Episode_Termination/time_out,167,0.0,1778918846.8796449
anymal_c_flat,Episode_Termination/time_out,168,0.0,1778918848.0189874
anymal_c_flat,Episode_Termination/time_out,169,0.0,1778918849.1379037
anymal_c_flat,Episode_Termination/time_out,170,0.0,1778918850.2912133
anymal_c_flat,Episode_Termination/time_out,171,0.0,1778918851.5158389
anymal_c_flat,Episode_Termination/time_out,172,0.0,1778918852.6691651
anymal_c_flat,Episode_Termination/time_out,173,0.0,1778918853.821711
anymal_c_flat,Episode_Termination/time_out,174,0.0,1778918854.9476843
anymal_c_flat,Episode_Termination/time_out,175,0.0,1778918856.0813599
anymal_c_flat,Episode_Termination/time_out,176,0.0,1778918857.2222645
anymal_c_flat,Episode_Termination/time_out,177,0.0,1778918858.355503
anymal_c_flat,Episode_Termination/time_out,178,0.0,1778918859.509478
anymal_c_flat,Episode_Termination/time_out,179,0.0,1778918860.6398191
anymal_c_flat,Episode_Termination/time_out,180,0.0,1778918861.8475924
anymal_c_flat,Episode_Termination/time_out,181,0.0,1778918862.9706964
anymal_c_flat,Episode_Termination/time_out,182,0.0,1778918864.110469
anymal_c_flat,Episode_Termination/time_out,183,0.0,1778918865.2451873
anymal_c_flat,Episode_Termination/time_out,184,0.0,1778918866.3814566
anymal_c_flat,Episode_Termination/time_out,185,0.0,1778918867.5345025
anymal_c_flat,Episode_Termination/time_out,186,0.0,1778918868.6595123
anymal_c_flat,Episode_Termination/time_out,187,0.0,1778918869.7993493
anymal_c_flat,Episode_Termination/time_out,188,0.0,1778918870.9377542
anymal_c_flat,Episode_Termination/time_out,189,0.0,1778918872.079949
anymal_c_flat,Episode_Termination/time_out,190,0.0,1778918873.2851834
anymal_c_flat,Episode_Termination/time_out,191,0.0,1778918874.405932
anymal_c_flat,Episode_Termination/time_out,192,0.0,1778918875.5374143
anymal_c_flat,Episode_Termination/time_out,193,0.0,1778918876.6713035
anymal_c_flat,Episode_Termination/time_out,194,0.0,1778918877.819794
anymal_c_flat,Episode_Termination/time_out,195,0.0,1778918878.9664943
anymal_c_flat,Episode_Termination/time_out,196,0.0,1778918880.1221201
anymal_c_flat,Episode_Termination/time_out,197,0.0,1778918881.2805219
anymal_c_flat,Episode_Termination/time_out,198,0.0,1778918882.4190419
anymal_c_flat,Episode_Termination/time_out,199,0.0,1778918883.6918154
anymal_c_flat,Episode_Termination/time_out,200,0.0,1778918884.828315
anymal_c_flat,Episode_Termination/time_out,201,0.0,1778918885.9935277
anymal_c_flat,Episode_Termination/time_out,202,0.0,1778918887.118425
anymal_c_flat,Episode_Termination/time_out,203,0.0,1778918888.2639651
anymal_c_flat,Episode_Termination/time_out,204,0.0,1778918889.4221
anymal_c_flat,Episode_Termination/time_out,205,0.0,1778918890.5503068
anymal_c_flat,Episode_Termination/time_out,206,0.0,1778918891.6890008
anymal_c_flat,Episode_Termination/time_out,207,0.0,1778918892.8084981
anymal_c_flat,Episode_Termination/time_out,208,0.0,1778918893.9450474
anymal_c_flat,Episode_Termination/time_out,209,0.0,1778918895.1931467
anymal_c_flat,Episode_Termination/time_out,210,0.0,1778918896.327073
anymal_c_flat,Episode_Termination/time_out,211,0.0,1778918897.4544225
anymal_c_flat,Episode_Termination/time_out,212,0.0,1778918898.595146
anymal_c_flat,Episode_Termination/time_out,213,0.0,1778918899.736175
anymal_c_flat,Episode_Termination/time_out,214,0.0,1778918900.875733
anymal_c_flat,Episode_Termination/time_out,215,0.0,1778918901.997091
anymal_c_flat,Episode_Termination/time_out,216,0.0,1778918903.1417115
anymal_c_flat,Episode_Termination/time_out,217,0.0,1778918904.2670798
anymal_c_flat,Episode_Termination/time_out,218,0.0,1778918905.541722
anymal_c_flat,Episode_Termination/time_out,219,0.0,1778918906.6711485
anymal_c_flat,Episode_Termination/time_out,220,0.0,1778918907.8061914
anymal_c_flat,Episode_Termination/time_out,221,0.0,1778918908.9255009
anymal_c_flat,Episode_Termination/time_out,222,0.0,1778918910.085446
anymal_c_flat,Episode_Termination/time_out,223,0.0,1778918911.2181833
anymal_c_flat,Episode_Termination/time_out,224,0.0,1778918912.36178
anymal_c_flat,Episode_Termination/time_out,225,0.0,1778918913.5123093
anymal_c_flat,Episode_Termination/time_out,226,0.0,1778918914.6494422
anymal_c_flat,Episode_Termination/time_out,227,0.0,1778918915.7871106
anymal_c_flat,Episode_Termination/time_out,228,0.0,1778918917.068289
anymal_c_flat,Episode_Termination/time_out,229,0.0,1778918918.2075691
anymal_c_flat,Episode_Termination/time_out,230,0.0,1778918919.3512542
anymal_c_flat,Episode_Termination/time_out,231,0.0,1778918920.498685
anymal_c_flat,Episode_Termination/time_out,232,0.0,1778918921.6471932
anymal_c_flat,Episode_Termination/time_out,233,0.0,1778918922.7827885
anymal_c_flat,Episode_Termination/time_out,234,0.0,1778918923.918779
anymal_c_flat,Episode_Termination/time_out,235,0.0,1778918925.0797884
anymal_c_flat,Episode_Termination/time_out,236,0.0,1778918926.209251
anymal_c_flat,Episode_Termination/time_out,237,0.0,1778918927.4596288
anymal_c_flat,Episode_Termination/time_out,238,0.0,1778918928.5988474
anymal_c_flat,Episode_Termination/time_out,239,0.0,1778918929.7347212
anymal_c_flat,Episode_Termination/time_out,240,0.0,1778918930.8803823
anymal_c_flat,Episode_Termination/time_out,241,0.0,1778918932.021723
anymal_c_flat,Episode_Termination/time_out,242,0.0,1778918933.163856
anymal_c_flat,Episode_Termination/time_out,243,0.0,1778918934.308957
anymal_c_flat,Episode_Termination/time_out,244,0.0,1778918935.4341087
anymal_c_flat,Episode_Termination/time_out,245,0.0,1778918936.5674527
anymal_c_flat,Episode_Termination/time_out,246,0.0,1778918937.7155404
anymal_c_flat,Episode_Termination/time_out,247,0.0,1778918939.0080953
anymal_c_flat,Episode_Termination/time_out,248,0.0,1778918940.1431537
anymal_c_flat,Episode_Termination/time_out,249,0.0,1778918941.2764902
anymal_c_flat,Episode_Termination/time_out,250,0.0,1778918942.423017
anymal_c_flat,Episode_Termination/time_out,251,0.0,1778918943.5684748
anymal_c_flat,Episode_Termination/time_out,252,0.0,1778918944.7079065
anymal_c_flat,Episode_Termination/time_out,253,0.0,1778918945.8447926
anymal_c_flat,Episode_Termination/time_out,254,0.0,1778918946.9771686
anymal_c_flat,Episode_Termination/time_out,255,0.0,1778918948.10726
anymal_c_flat,Episode_Termination/time_out,256,0.0,1778918949.3892424
anymal_c_flat,Episode_Termination/time_out,257,0.0,1778918950.5329268
anymal_c_flat,Episode_Termination/time_out,258,0.0,1778918951.673628
anymal_c_flat,Episode_Termination/time_out,259,0.0,1778918952.8132112
anymal_c_flat,Episode_Termination/time_out,260,0.0,1778918953.9608297
anymal_c_flat,Episode_Termination/time_out,261,0.0,1778918955.0912638
anymal_c_flat,Episode_Termination/time_out,262,0.0,1778918956.2337441
anymal_c_flat,Episode_Termination/time_out,263,0.0,1778918957.3546357
anymal_c_flat,Episode_Termination/time_out,264,0.0,1778918958.489141
anymal_c_flat,Episode_Termination/time_out,265,0.0,1778918959.6142876
anymal_c_flat,Episode_Termination/time_out,266,0.0,1778918960.8408637
anymal_c_flat,Episode_Termination/time_out,267,0.0,1778918961.979414
anymal_c_flat,Episode_Termination/time_out,268,0.0,1778918963.1220129
anymal_c_flat,Episode_Termination/time_out,269,0.0,1778918964.254702
anymal_c_flat,Episode_Termination/time_out,270,0.0,1778918965.3889904
anymal_c_flat,Episode_Termination/time_out,271,0.0,1778918966.5161214
anymal_c_flat,Episode_Termination/time_out,272,0.0,1778918967.6504893
anymal_c_flat,Episode_Termination/time_out,273,0.0,1778918968.7829752
anymal_c_flat,Episode_Termination/time_out,274,0.0,1778918969.9224422
anymal_c_flat,Episode_Termination/time_out,275,0.0,1778918971.1820483
anymal_c_flat,Episode_Termination/time_out,276,0.0,1778918972.3166964
anymal_c_flat,Episode_Termination/time_out,277,0.0,1778918973.4383738
anymal_c_flat,Episode_Termination/time_out,278,0.0,1778918974.5981722
anymal_c_flat,Episode_Termination/time_out,279,0.0,1778918975.7297914
anymal_c_flat,Episode_Termination/time_out,280,0.0,1778918976.8598793
anymal_c_flat,Episode_Termination/time_out,281,0.0,1778918978.009687
anymal_c_flat,Episode_Termination/time_out,282,0.0,1778918979.141449
anymal_c_flat,Episode_Termination/time_out,283,0.0,1778918980.2914565
anymal_c_flat,Episode_Termination/time_out,284,0.0,1778918981.4417455
anymal_c_flat,Episode_Termination/time_out,285,0.0,1778918982.734159
anymal_c_flat,Episode_Termination/time_out,286,0.0,1778918983.8730502
anymal_c_flat,Episode_Termination/time_out,287,0.0,1778918985.01881
anymal_c_flat,Episode_Termination/time_out,288,0.0,1778918986.1613514
anymal_c_flat,Episode_Termination/time_out,289,0.0,1778918987.2977695
anymal_c_flat,Episode_Termination/time_out,290,0.0,1778918988.4282272
anymal_c_flat,Episode_Termination/time_out,291,0.0,1778918989.559457
anymal_c_flat,Episode_Termination/time_out,292,0.0,1778918990.6956265
anymal_c_flat,Episode_Termination/time_out,293,0.0,1778918991.8382764
anymal_c_flat,Episode_Termination/time_out,294,0.0,1778918993.0997908
anymal_c_flat,Episode_Termination/time_out,295,0.0,1778918994.2565918
anymal_c_flat,Episode_Termination/time_out,296,0.0,1778918995.4048636
anymal_c_flat,Episode_Termination/time_out,297,0.0,1778918996.5262015
anymal_c_flat,Episode_Termination/time_out,298,0.0,1778918997.6536994
anymal_c_flat,Episode_Termination/time_out,299,0.0,1778918998.794941
anymal_c_flat,Episode_Termination/base_contact,0,0.0,1778918656.231533
anymal_c_flat,Episode_Termination/base_contact,1,0.0,1778918657.3857408
anymal_c_flat,Episode_Termination/base_contact,2,0.0,1778918658.465507
anymal_c_flat,Episode_Termination/base_contact,3,0.0,1778918659.5516324
anymal_c_flat,Episode_Termination/base_contact,4,0.0,1778918660.6273487
anymal_c_flat,Episode_Termination/base_contact,5,0.0,1778918662.1414504
anymal_c_flat,Episode_Termination/base_contact,6,0.0,1778918663.230779
anymal_c_flat,Episode_Termination/base_contact,7,0.0,1778918664.320927
anymal_c_flat,Episode_Termination/base_contact,8,0.0,1778918665.3913786
anymal_c_flat,Episode_Termination/base_contact,9,0.0,1778918666.4547875
anymal_c_flat,Episode_Termination/base_contact,10,0.0,1778918667.522409
anymal_c_flat,Episode_Termination/base_contact,11,0.0,1778918668.5889912
anymal_c_flat,Episode_Termination/base_contact,12,0.0,1778918669.6596045
anymal_c_flat,Episode_Termination/base_contact,13,0.0234375,1778918670.7448056
anymal_c_flat,Episode_Termination/base_contact,14,0.1015625,1778918671.8353078
anymal_c_flat,Episode_Termination/base_contact,15,0.1432291716337204,1778918672.918725
anymal_c_flat,Episode_Termination/base_contact,16,0.1875,1778918674.0078096
anymal_c_flat,Episode_Termination/base_contact,17,0.2395833432674408,1778918675.0818539
anymal_c_flat,Episode_Termination/base_contact,18,0.359375,1778918676.1900826
anymal_c_flat,Episode_Termination/base_contact,19,0.5208333730697632,1778918677.3702643
anymal_c_flat,Episode_Termination/base_contact,20,0.5755208730697632,1778918678.444626
anymal_c_flat,Episode_Termination/base_contact,21,0.6458333730697632,1778918679.8775125
anymal_c_flat,Episode_Termination/base_contact,22,0.8125,1778918680.97749
anymal_c_flat,Episode_Termination/base_contact,23,0.9375,1778918682.0913835
anymal_c_flat,Episode_Termination/base_contact,24,0.953125,1778918683.1762161
anymal_c_flat,Episode_Termination/base_contact,25,1.0,1778918684.2752087
anymal_c_flat,Episode_Termination/base_contact,26,1.0,1778918685.3734782
anymal_c_flat,Episode_Termination/base_contact,27,1.0,1778918686.4791574
anymal_c_flat,Episode_Termination/base_contact,28,1.0,1778918687.713326
anymal_c_flat,Episode_Termination/base_contact,29,1.0,1778918688.817305
anymal_c_flat,Episode_Termination/base_contact,30,1.0,1778918689.9444838
anymal_c_flat,Episode_Termination/base_contact,31,1.0,1778918691.0588946
anymal_c_flat,Episode_Termination/base_contact,32,1.0,1778918692.1603153
anymal_c_flat,Episode_Termination/base_contact,33,1.0,1778918693.2783341
anymal_c_flat,Episode_Termination/base_contact,34,1.0,1778918694.3878777
anymal_c_flat,Episode_Termination/base_contact,35,1.0,1778918695.4987526
anymal_c_flat,Episode_Termination/base_contact,36,1.0,1778918696.6370566
anymal_c_flat,Episode_Termination/base_contact,37,1.0,1778918697.7476692
anymal_c_flat,Episode_Termination/base_contact,38,1.0,1778918698.9962091
anymal_c_flat,Episode_Termination/base_contact,39,1.0,1778918700.112846
anymal_c_flat,Episode_Termination/base_contact,40,1.0,1778918701.2328246
anymal_c_flat,Episode_Termination/base_contact,41,1.0,1778918702.3482392
anymal_c_flat,Episode_Termination/base_contact,42,1.0,1778918703.4626288
anymal_c_flat,Episode_Termination/base_contact,43,1.0,1778918704.589487
anymal_c_flat,Episode_Termination/base_contact,44,1.0,1778918705.720961
anymal_c_flat,Episode_Termination/base_contact,45,1.0,1778918706.8406384
anymal_c_flat,Episode_Termination/base_contact,46,1.0,1778918707.9662857
anymal_c_flat,Episode_Termination/base_contact,47,1.0,1778918709.1958318
anymal_c_flat,Episode_Termination/base_contact,48,1.0,1778918710.3285205
anymal_c_flat,Episode_Termination/base_contact,49,1.0,1778918711.4556828
anymal_c_flat,Episode_Termination/base_contact,50,1.0,1778918712.5698109
anymal_c_flat,Episode_Termination/base_contact,51,1.0,1778918713.707235
anymal_c_flat,Episode_Termination/base_contact,52,1.0,1778918714.8449106
anymal_c_flat,Episode_Termination/base_contact,53,1.0,1778918715.9718304
anymal_c_flat,Episode_Termination/base_contact,54,1.0,1778918717.1106002
anymal_c_flat,Episode_Termination/base_contact,55,1.0,1778918718.2399344
anymal_c_flat,Episode_Termination/base_contact,56,1.0,1778918719.3834093
anymal_c_flat,Episode_Termination/base_contact,57,1.0,1778918720.619302
anymal_c_flat,Episode_Termination/base_contact,58,1.0,1778918721.7697995
anymal_c_flat,Episode_Termination/base_contact,59,1.0,1778918722.9112968
anymal_c_flat,Episode_Termination/base_contact,60,1.0,1778918724.0426304
anymal_c_flat,Episode_Termination/base_contact,61,1.0,1778918725.2225497
anymal_c_flat,Episode_Termination/base_contact,62,1.0,1778918726.3457463
anymal_c_flat,Episode_Termination/base_contact,63,1.0,1778918727.4739888
anymal_c_flat,Episode_Termination/base_contact,64,1.0,1778918728.594953
anymal_c_flat,Episode_Termination/base_contact,65,1.0,1778918729.7322817
anymal_c_flat,Episode_Termination/base_contact,66,1.0,1778918730.9915452
anymal_c_flat,Episode_Termination/base_contact,67,1.0,1778918732.1159286
anymal_c_flat,Episode_Termination/base_contact,68,1.0,1778918733.2583017
anymal_c_flat,Episode_Termination/base_contact,69,1.0,1778918734.386475
anymal_c_flat,Episode_Termination/base_contact,70,1.0,1778918735.5247536
anymal_c_flat,Episode_Termination/base_contact,71,1.0,1778918736.6750968
anymal_c_flat,Episode_Termination/base_contact,72,1.0,1778918737.8035445
anymal_c_flat,Episode_Termination/base_contact,73,1.0,1778918738.9254746
anymal_c_flat,Episode_Termination/base_contact,74,1.0,1778918740.0558758
anymal_c_flat,Episode_Termination/base_contact,75,1.0,1778918741.1936297
anymal_c_flat,Episode_Termination/base_contact,76,1.0,1778918742.4786663
anymal_c_flat,Episode_Termination/base_contact,77,1.0,1778918743.6260695
anymal_c_flat,Episode_Termination/base_contact,78,1.0,1778918744.7508638
anymal_c_flat,Episode_Termination/base_contact,79,1.0,1778918745.900901
anymal_c_flat,Episode_Termination/base_contact,80,1.0,1778918747.0415246
anymal_c_flat,Episode_Termination/base_contact,81,1.0,1778918748.1820827
anymal_c_flat,Episode_Termination/base_contact,82,1.0,1778918749.3189492
anymal_c_flat,Episode_Termination/base_contact,83,1.0,1778918750.4593651
anymal_c_flat,Episode_Termination/base_contact,84,1.0,1778918751.588863
anymal_c_flat,Episode_Termination/base_contact,85,1.0,1778918752.8935566
anymal_c_flat,Episode_Termination/base_contact,86,1.0,1778918754.0522714
anymal_c_flat,Episode_Termination/base_contact,87,1.0,1778918755.1784708
anymal_c_flat,Episode_Termination/base_contact,88,1.0,1778918756.295635
anymal_c_flat,Episode_Termination/base_contact,89,1.0,1778918757.436142
anymal_c_flat,Episode_Termination/base_contact,90,1.0,1778918758.581377
anymal_c_flat,Episode_Termination/base_contact,91,1.0,1778918759.739905
anymal_c_flat,Episode_Termination/base_contact,92,1.0,1778918760.8817976
anymal_c_flat,Episode_Termination/base_contact,93,1.0,1778918762.0266764
anymal_c_flat,Episode_Termination/base_contact,94,1.0,1778918763.160831
anymal_c_flat,Episode_Termination/base_contact,95,1.0,1778918764.353634
anymal_c_flat,Episode_Termination/base_contact,96,1.0,1778918765.494841
anymal_c_flat,Episode_Termination/base_contact,97,1.0,1778918766.642925
anymal_c_flat,Episode_Termination/base_contact,98,1.0,1778918767.7892547
anymal_c_flat,Episode_Termination/base_contact,99,1.0,1778918768.927214
anymal_c_flat,Episode_Termination/base_contact,100,1.0,1778918770.0770345
anymal_c_flat,Episode_Termination/base_contact,101,1.0,1778918771.2089589
anymal_c_flat,Episode_Termination/base_contact,102,1.0,1778918772.3514793
anymal_c_flat,Episode_Termination/base_contact,103,1.0,1778918773.486801
anymal_c_flat,Episode_Termination/base_contact,104,1.0,1778918774.7414694
anymal_c_flat,Episode_Termination/base_contact,105,1.0,1778918775.8715966
anymal_c_flat,Episode_Termination/base_contact,106,1.0,1778918777.0163877
anymal_c_flat,Episode_Termination/base_contact,107,1.0,1778918778.1477013
anymal_c_flat,Episode_Termination/base_contact,108,1.0,1778918779.284444
anymal_c_flat,Episode_Termination/base_contact,109,1.0,1778918780.4068794
anymal_c_flat,Episode_Termination/base_contact,110,1.0,1778918781.5486996
anymal_c_flat,Episode_Termination/base_contact,111,1.0,1778918782.670751
anymal_c_flat,Episode_Termination/base_contact,112,1.0,1778918783.7983005
anymal_c_flat,Episode_Termination/base_contact,113,1.0,1778918784.9492583
anymal_c_flat,Episode_Termination/base_contact,114,1.0,1778918786.2077217
anymal_c_flat,Episode_Termination/base_contact,115,1.0,1778918787.3497922
anymal_c_flat,Episode_Termination/base_contact,116,1.0,1778918788.5006337
anymal_c_flat,Episode_Termination/base_contact,117,1.0,1778918789.6391485
anymal_c_flat,Episode_Termination/base_contact,118,1.0,1778918790.8008645
anymal_c_flat,Episode_Termination/base_contact,119,1.0,1778918791.9503434
anymal_c_flat,Episode_Termination/base_contact,120,1.0,1778918793.0994024
anymal_c_flat,Episode_Termination/base_contact,121,1.0,1778918794.2394025
anymal_c_flat,Episode_Termination/base_contact,122,1.0,1778918795.3764474
anymal_c_flat,Episode_Termination/base_contact,123,1.0,1778918796.632295
anymal_c_flat,Episode_Termination/base_contact,124,1.0,1778918797.7884567
anymal_c_flat,Episode_Termination/base_contact,125,1.0,1778918798.905401
anymal_c_flat,Episode_Termination/base_contact,126,1.0,1778918800.0437279
anymal_c_flat,Episode_Termination/base_contact,127,1.0,1778918801.1809065
anymal_c_flat,Episode_Termination/base_contact,128,1.0,1778918802.3246844
anymal_c_flat,Episode_Termination/base_contact,129,1.0,1778918803.4753025
anymal_c_flat,Episode_Termination/base_contact,130,1.0,1778918804.6024837
anymal_c_flat,Episode_Termination/base_contact,131,1.0,1778918805.764738
anymal_c_flat,Episode_Termination/base_contact,132,1.0,1778918806.931084
anymal_c_flat,Episode_Termination/base_contact,133,1.0,1778918808.073537
anymal_c_flat,Episode_Termination/base_contact,134,1.0,1778918809.1890996
anymal_c_flat,Episode_Termination/base_contact,135,1.0,1778918810.3270772
anymal_c_flat,Episode_Termination/base_contact,136,1.0,1778918811.4586582
anymal_c_flat,Episode_Termination/base_contact,137,1.0,1778918812.5959933
anymal_c_flat,Episode_Termination/base_contact,138,1.0,1778918813.751409
anymal_c_flat,Episode_Termination/base_contact,139,1.0,1778918814.885449
anymal_c_flat,Episode_Termination/base_contact,140,1.0,1778918815.996054
anymal_c_flat,Episode_Termination/base_contact,141,1.0,1778918817.1288056
anymal_c_flat,Episode_Termination/base_contact,142,1.0,1778918818.3843517
anymal_c_flat,Episode_Termination/base_contact,143,1.0,1778918819.5185935
anymal_c_flat,Episode_Termination/base_contact,144,1.0,1778918820.6471667
anymal_c_flat,Episode_Termination/base_contact,145,1.0,1778918821.794024
anymal_c_flat,Episode_Termination/base_contact,146,1.0,1778918822.9106908
anymal_c_flat,Episode_Termination/base_contact,147,1.0,1778918824.059339
anymal_c_flat,Episode_Termination/base_contact,148,1.0,1778918825.2016497
anymal_c_flat,Episode_Termination/base_contact,149,1.0,1778918826.323913
anymal_c_flat,Episode_Termination/base_contact,150,1.0,1778918827.4507282
anymal_c_flat,Episode_Termination/base_contact,151,1.0,1778918828.6049285
anymal_c_flat,Episode_Termination/base_contact,152,1.0,1778918829.8012695
anymal_c_flat,Episode_Termination/base_contact,153,1.0,1778918830.9425256
anymal_c_flat,Episode_Termination/base_contact,154,1.0,1778918832.0787938
anymal_c_flat,Episode_Termination/base_contact,155,1.0,1778918833.2137556
anymal_c_flat,Episode_Termination/base_contact,156,1.0,1778918834.3446581
anymal_c_flat,Episode_Termination/base_contact,157,1.0,1778918835.4701862
anymal_c_flat,Episode_Termination/base_contact,158,1.0,1778918836.596903
anymal_c_flat,Episode_Termination/base_contact,159,1.0,1778918837.7066636
anymal_c_flat,Episode_Termination/base_contact,160,1.0,1778918838.8479862
anymal_c_flat,Episode_Termination/base_contact,161,1.0,1778918840.0448723
anymal_c_flat,Episode_Termination/base_contact,162,1.0,1778918841.1859586
anymal_c_flat,Episode_Termination/base_contact,163,1.0,1778918842.3300226
anymal_c_flat,Episode_Termination/base_contact,164,1.0,1778918843.482399
anymal_c_flat,Episode_Termination/base_contact,165,1.0,1778918844.6141777
anymal_c_flat,Episode_Termination/base_contact,166,1.0,1778918845.7585394
anymal_c_flat,Episode_Termination/base_contact,167,1.0,1778918846.8807828
anymal_c_flat,Episode_Termination/base_contact,168,1.0,1778918848.0202196
anymal_c_flat,Episode_Termination/base_contact,169,1.0,1778918849.1390047
anymal_c_flat,Episode_Termination/base_contact,170,1.0,1778918850.2923381
anymal_c_flat,Episode_Termination/base_contact,171,1.0,1778918851.517033
anymal_c_flat,Episode_Termination/base_contact,172,1.0,1778918852.6703851
anymal_c_flat,Episode_Termination/base_contact,173,1.0,1778918853.8229775
anymal_c_flat,Episode_Termination/base_contact,174,1.0,1778918854.9488547
anymal_c_flat,Episode_Termination/base_contact,175,1.0,1778918856.0825171
anymal_c_flat,Episode_Termination/base_contact,176,1.0,1778918857.2234747
anymal_c_flat,Episode_Termination/base_contact,177,1.0,1778918858.3566926
anymal_c_flat,Episode_Termination/base_contact,178,1.0,1778918859.5107753
anymal_c_flat,Episode_Termination/base_contact,179,1.0,1778918860.641009
anymal_c_flat,Episode_Termination/base_contact,180,1.0,1778918861.8489068
anymal_c_flat,Episode_Termination/base_contact,181,1.0,1778918862.9718573
anymal_c_flat,Episode_Termination/base_contact,182,1.0,1778918864.1116788
anymal_c_flat,Episode_Termination/base_contact,183,1.0,1778918865.2463834
anymal_c_flat,Episode_Termination/base_contact,184,1.0,1778918866.3827014
anymal_c_flat,Episode_Termination/base_contact,185,1.0,1778918867.535674
anymal_c_flat,Episode_Termination/base_contact,186,1.0,1778918868.6607387
anymal_c_flat,Episode_Termination/base_contact,187,1.0,1778918869.8008747
anymal_c_flat,Episode_Termination/base_contact,188,1.0,1778918870.9389758
anymal_c_flat,Episode_Termination/base_contact,189,1.0,1778918872.0812557
anymal_c_flat,Episode_Termination/base_contact,190,1.0,1778918873.286346
anymal_c_flat,Episode_Termination/base_contact,191,1.0,1778918874.4071145
anymal_c_flat,Episode_Termination/base_contact,192,1.0,1778918875.5385275
anymal_c_flat,Episode_Termination/base_contact,193,1.0,1778918876.6724508
anymal_c_flat,Episode_Termination/base_contact,194,1.0,1778918877.8210475
anymal_c_flat,Episode_Termination/base_contact,195,1.0,1778918878.9681063
anymal_c_flat,Episode_Termination/base_contact,196,1.0,1778918880.1233478
anymal_c_flat,Episode_Termination/base_contact,197,1.0,1778918881.2817903
anymal_c_flat,Episode_Termination/base_contact,198,1.0,1778918882.4201753
anymal_c_flat,Episode_Termination/base_contact,199,1.0,1778918883.6930234
anymal_c_flat,Episode_Termination/base_contact,200,1.0,1778918884.82956
anymal_c_flat,Episode_Termination/base_contact,201,1.0,1778918885.994775
anymal_c_flat,Episode_Termination/base_contact,202,1.0,1778918887.1196399
anymal_c_flat,Episode_Termination/base_contact,203,1.0,1778918888.2651684
anymal_c_flat,Episode_Termination/base_contact,204,1.0,1778918889.4238226
anymal_c_flat,Episode_Termination/base_contact,205,1.0,1778918890.551472
anymal_c_flat,Episode_Termination/base_contact,206,1.0,1778918891.690184
anymal_c_flat,Episode_Termination/base_contact,207,1.0,1778918892.8096461
anymal_c_flat,Episode_Termination/base_contact,208,1.0,1778918893.9461849
anymal_c_flat,Episode_Termination/base_contact,209,1.0,1778918895.19435
anymal_c_flat,Episode_Termination/base_contact,210,1.0,1778918896.328156
anymal_c_flat,Episode_Termination/base_contact,211,1.0,1778918897.4555948
anymal_c_flat,Episode_Termination/base_contact,212,1.0,1778918898.5962954
anymal_c_flat,Episode_Termination/base_contact,213,1.0,1778918899.7373545
anymal_c_flat,Episode_Termination/base_contact,214,1.0,1778918900.876939
anymal_c_flat,Episode_Termination/base_contact,215,1.0,1778918901.9982617
anymal_c_flat,Episode_Termination/base_contact,216,1.0,1778918903.14294
anymal_c_flat,Episode_Termination/base_contact,217,1.0,1778918904.2682552
anymal_c_flat,Episode_Termination/base_contact,218,1.0,1778918905.5429502
anymal_c_flat,Episode_Termination/base_contact,219,1.0,1778918906.6722543
anymal_c_flat,Episode_Termination/base_contact,220,1.0,1778918907.8073568
anymal_c_flat,Episode_Termination/base_contact,221,1.0,1778918908.9266396
anymal_c_flat,Episode_Termination/base_contact,222,1.0,1778918910.086747
anymal_c_flat,Episode_Termination/base_contact,223,1.0,1778918911.219329
anymal_c_flat,Episode_Termination/base_contact,224,1.0,1778918912.3630104
anymal_c_flat,Episode_Termination/base_contact,225,1.0,1778918913.5135324
anymal_c_flat,Episode_Termination/base_contact,226,1.0,1778918914.6506536
anymal_c_flat,Episode_Termination/base_contact,227,1.0,1778918915.7883165
anymal_c_flat,Episode_Termination/base_contact,228,1.0,1778918917.0693626
anymal_c_flat,Episode_Termination/base_contact,229,1.0,1778918918.2088754
anymal_c_flat,Episode_Termination/base_contact,230,1.0,1778918919.3525116
anymal_c_flat,Episode_Termination/base_contact,231,1.0,1778918920.4998703
anymal_c_flat,Episode_Termination/base_contact,232,1.0,1778918921.6484091
anymal_c_flat,Episode_Termination/base_contact,233,1.0,1778918922.78402
anymal_c_flat,Episode_Termination/base_contact,234,1.0,1778918923.9199364
anymal_c_flat,Episode_Termination/base_contact,235,1.0,1778918925.0814686
anymal_c_flat,Episode_Termination/base_contact,236,1.0,1778918926.2104626
anymal_c_flat,Episode_Termination/base_contact,237,1.0,1778918927.4608574
anymal_c_flat,Episode_Termination/base_contact,238,1.0,1778918928.599993
anymal_c_flat,Episode_Termination/base_contact,239,1.0,1778918929.7358732
anymal_c_flat,Episode_Termination/base_contact,240,1.0,1778918930.8815367
anymal_c_flat,Episode_Termination/base_contact,241,1.0,1778918932.0229442
anymal_c_flat,Episode_Termination/base_contact,242,1.0,1778918933.1650143
anymal_c_flat,Episode_Termination/base_contact,243,1.0,1778918934.3100932
anymal_c_flat,Episode_Termination/base_contact,244,1.0,1778918935.4353392
anymal_c_flat,Episode_Termination/base_contact,245,1.0,1778918936.5686762
anymal_c_flat,Episode_Termination/base_contact,246,1.0,1778918937.7167993
anymal_c_flat,Episode_Termination/base_contact,247,1.0,1778918939.0092921
anymal_c_flat,Episode_Termination/base_contact,248,1.0,1778918940.1443083
anymal_c_flat,Episode_Termination/base_contact,249,1.0,1778918941.2777069
anymal_c_flat,Episode_Termination/base_contact,250,1.0,1778918942.4242601
anymal_c_flat,Episode_Termination/base_contact,251,1.0,1778918943.5696776
anymal_c_flat,Episode_Termination/base_contact,252,1.0,1778918944.7091277
anymal_c_flat,Episode_Termination/base_contact,253,1.0,1778918945.8459544
anymal_c_flat,Episode_Termination/base_contact,254,1.0,1778918946.9783735
anymal_c_flat,Episode_Termination/base_contact,255,1.0,1778918948.1084187
anymal_c_flat,Episode_Termination/base_contact,256,1.0,1778918949.3904083
anymal_c_flat,Episode_Termination/base_contact,257,1.0,1778918950.5341735
anymal_c_flat,Episode_Termination/base_contact,258,1.0,1778918951.6748462
anymal_c_flat,Episode_Termination/base_contact,259,1.0,1778918952.8144634
anymal_c_flat,Episode_Termination/base_contact,260,1.0,1778918953.9620063
anymal_c_flat,Episode_Termination/base_contact,261,1.0,1778918955.0924041
anymal_c_flat,Episode_Termination/base_contact,262,1.0,1778918956.2350066
anymal_c_flat,Episode_Termination/base_contact,263,1.0,1778918957.3558013
anymal_c_flat,Episode_Termination/base_contact,264,1.0,1778918958.490336
anymal_c_flat,Episode_Termination/base_contact,265,1.0,1778918959.6154137
anymal_c_flat,Episode_Termination/base_contact,266,1.0,1778918960.8420687
anymal_c_flat,Episode_Termination/base_contact,267,1.0,1778918961.9805503
anymal_c_flat,Episode_Termination/base_contact,268,1.0,1778918963.1232448
anymal_c_flat,Episode_Termination/base_contact,269,1.0,1778918964.2559261
anymal_c_flat,Episode_Termination/base_contact,270,1.0,1778918965.390168
anymal_c_flat,Episode_Termination/base_contact,271,1.0,1778918966.5172296
anymal_c_flat,Episode_Termination/base_contact,272,1.0,1778918967.6521435
anymal_c_flat,Episode_Termination/base_contact,273,1.0,1778918968.7840798
anymal_c_flat,Episode_Termination/base_contact,274,1.0,1778918969.9235623
anymal_c_flat,Episode_Termination/base_contact,275,1.0,1778918971.1832845
anymal_c_flat,Episode_Termination/base_contact,276,1.0,1778918972.3179066
anymal_c_flat,Episode_Termination/base_contact,277,1.0,1778918973.4395492
anymal_c_flat,Episode_Termination/base_contact,278,1.0,1778918974.599324
anymal_c_flat,Episode_Termination/base_contact,279,1.0,1778918975.731395
anymal_c_flat,Episode_Termination/base_contact,280,1.0,1778918976.8609657
anymal_c_flat,Episode_Termination/base_contact,281,1.0,1778918978.011042
anymal_c_flat,Episode_Termination/base_contact,282,1.0,1778918979.1426334
anymal_c_flat,Episode_Termination/base_contact,283,1.0,1778918980.292634
anymal_c_flat,Episode_Termination/base_contact,284,1.0,1778918981.4429278
anymal_c_flat,Episode_Termination/base_contact,285,1.0,1778918982.7353766
anymal_c_flat,Episode_Termination/base_contact,286,1.0,1778918983.874255
anymal_c_flat,Episode_Termination/base_contact,287,1.0,1778918985.0200267
anymal_c_flat,Episode_Termination/base_contact,288,1.0,1778918986.1626282
anymal_c_flat,Episode_Termination/base_contact,289,1.0,1778918987.2989612
anymal_c_flat,Episode_Termination/base_contact,290,1.0,1778918988.4294417
anymal_c_flat,Episode_Termination/base_contact,291,1.0,1778918989.5606046
anymal_c_flat,Episode_Termination/base_contact,292,1.0,1778918990.696825
anymal_c_flat,Episode_Termination/base_contact,293,1.0,1778918991.839479
anymal_c_flat,Episode_Termination/base_contact,294,1.0,1778918993.1009767
anymal_c_flat,Episode_Termination/base_contact,295,1.0,1778918994.2578921
anymal_c_flat,Episode_Termination/base_contact,296,1.0,1778918995.4060705
anymal_c_flat,Episode_Termination/base_contact,297,1.0,1778918996.5273268
anymal_c_flat,Episode_Termination/base_contact,298,1.0,1778918997.655291
anymal_c_flat,Episode_Termination/base_contact,299,1.0,1778918998.796152
anymal_c_flat,Loss/value_function,0,0.09793020784854889,1778918656.2317321
anymal_c_flat,Loss/value_function,1,0.04565650224685669,1778918657.3859038
anymal_c_flat,Loss/value_function,2,0.05146877095103264,1778918658.465663
anymal_c_flat,Loss/value_function,3,0.0573190376162529,1778918659.5517957
anymal_c_flat,Loss/value_function,4,0.04880955070257187,1778918660.6275067
anymal_c_flat,Loss/value_function,5,0.04830252751708031,1778918662.1416457
anymal_c_flat,Loss/value_function,6,0.05589976906776428,1778918663.2309527
anymal_c_flat,Loss/value_function,7,0.04291157424449921,1778918664.3210704
anymal_c_flat,Loss/value_function,8,0.025539975613355637,1778918665.3915331
anymal_c_flat,Loss/value_function,9,0.024567559361457825,1778918666.4549448
anymal_c_flat,Loss/value_function,10,0.015621406026184559,1778918667.5225663
anymal_c_flat,Loss/value_function,11,0.023822283372282982,1778918668.5891485
anymal_c_flat,Loss/value_function,12,0.02147137001156807,1778918669.659756
anymal_c_flat,Loss/value_function,13,0.052801135927438736,1778918670.7449439
anymal_c_flat,Loss/value_function,14,0.03458497300744057,1778918671.8354692
anymal_c_flat,Loss/value_function,15,0.044280000030994415,1778918672.918894
anymal_c_flat,Loss/value_function,16,0.03311384096741676,1778918674.0079596
anymal_c_flat,Loss/value_function,17,0.042973145842552185,1778918675.0820096
anymal_c_flat,Loss/value_function,18,0.13469314575195312,1778918676.1902828
anymal_c_flat,Loss/value_function,19,0.05173482373356819,1778918677.3704374
anymal_c_flat,Loss/value_function,20,0.06391672790050507,1778918678.4447694
anymal_c_flat,Loss/value_function,21,0.1257806420326233,1778918679.8777082
anymal_c_flat,Loss/value_function,22,0.1443101167678833,1778918680.9776669
anymal_c_flat,Loss/value_function,23,0.12494067847728729,1778918682.0915499
anymal_c_flat,Loss/value_function,24,0.07159852981567383,1778918683.176374
anymal_c_flat,Loss/value_function,25,0.07435476034879684,1778918684.2753649
anymal_c_flat,Loss/value_function,26,0.05901565030217171,1778918685.3736584
anymal_c_flat,Loss/value_function,27,0.0661654993891716,1778918686.4793162
anymal_c_flat,Loss/value_function,28,0.06575118005275726,1778918687.7134843
anymal_c_flat,Loss/value_function,29,0.056911565363407135,1778918688.8174663
anymal_c_flat,Loss/value_function,30,0.03207460790872574,1778918689.9446933
anymal_c_flat,Loss/value_function,31,0.0555499866604805,1778918691.059053
anymal_c_flat,Loss/value_function,32,0.04436866194009781,1778918692.1605172
anymal_c_flat,Loss/value_function,33,0.045454785227775574,1778918693.278472
anymal_c_flat,Loss/value_function,34,0.09687976539134979,1778918694.3880398
anymal_c_flat,Loss/value_function,35,0.05567510426044464,1778918695.4989247
anymal_c_flat,Loss/value_function,36,0.042275141924619675,1778918696.6372137
anymal_c_flat,Loss/value_function,37,0.042447444051504135,1778918697.7478662
anymal_c_flat,Loss/value_function,38,0.02944432757794857,1778918698.9963615
anymal_c_flat,Loss/value_function,39,0.03199756145477295,1778918700.1129935
anymal_c_flat,Loss/value_function,40,0.04267226904630661,1778918701.2329655
anymal_c_flat,Loss/value_function,41,0.03658123314380646,1778918702.3483932
anymal_c_flat,Loss/value_function,42,0.02952227182686329,1778918703.4628413
anymal_c_flat,Loss/value_function,43,0.04641781747341156,1778918704.5896628
anymal_c_flat,Loss/value_function,44,0.03953815624117851,1778918705.7211618
anymal_c_flat,Loss/value_function,45,0.03915281966328621,1778918706.8408165
anymal_c_flat,Loss/value_function,46,0.030626211315393448,1778918707.9665282
anymal_c_flat,Loss/value_function,47,0.034935276955366135,1778918709.1959932
anymal_c_flat,Loss/value_function,48,0.049300212413072586,1778918710.3286958
anymal_c_flat,Loss/value_function,49,0.0702878087759018,1778918711.4558415
anymal_c_flat,Loss/value_function,50,0.05978124588727951,1778918712.5699487
anymal_c_flat,Loss/value_function,51,0.046907972544431686,1778918713.7073944
anymal_c_flat,Loss/value_function,52,0.06595232337713242,1778918714.8451083
anymal_c_flat,Loss/value_function,53,0.04205584526062012,1778918715.9719858
anymal_c_flat,Loss/value_function,54,0.03142998367547989,1778918717.1107616
anymal_c_flat,Loss/value_function,55,0.03668234869837761,1778918718.2401211
anymal_c_flat,Loss/value_function,56,0.027377717196941376,1778918719.3835695
anymal_c_flat,Loss/value_function,57,0.05933097377419472,1778918720.6194541
anymal_c_flat,Loss/value_function,58,0.02643769420683384,1778918721.7699916
anymal_c_flat,Loss/value_function,59,0.0255847480148077,1778918722.9114401
anymal_c_flat,Loss/value_function,60,0.06056120619177818,1778918724.0427876
anymal_c_flat,Loss/value_function,61,0.04884179309010506,1778918725.22275
anymal_c_flat,Loss/value_function,62,0.05267421156167984,1778918726.3459065
anymal_c_flat,Loss/value_function,63,0.025623511523008347,1778918727.4741492
anymal_c_flat,Loss/value_function,64,0.045448508113622665,1778918728.595113
anymal_c_flat,Loss/value_function,65,0.03358253836631775,1778918729.7324386
anymal_c_flat,Loss/value_function,66,0.030363736674189568,1778918730.9917326
anymal_c_flat,Loss/value_function,67,0.022763006389141083,1778918732.1160893
anymal_c_flat,Loss/value_function,68,0.02622291073203087,1778918733.2584867
anymal_c_flat,Loss/value_function,69,0.026716813445091248,1778918734.3866508
anymal_c_flat,Loss/value_function,70,0.023904718458652496,1778918735.5249774
anymal_c_flat,Loss/value_function,71,0.02269306778907776,1778918736.6752756
anymal_c_flat,Loss/value_function,72,0.03146950155496597,1778918737.8037474
anymal_c_flat,Loss/value_function,73,0.020585115998983383,1778918738.9256742
anymal_c_flat,Loss/value_function,74,0.015604614280164242,1778918740.0560532
anymal_c_flat,Loss/value_function,75,0.021945970132946968,1778918741.1938074
anymal_c_flat,Loss/value_function,76,0.02171294391155243,1778918742.4788036
anymal_c_flat,Loss/value_function,77,0.024791084229946136,1778918743.6262484
anymal_c_flat,Loss/value_function,78,0.029132220894098282,1778918744.751035
anymal_c_flat,Loss/value_function,79,0.01727815717458725,1778918745.901106
anymal_c_flat,Loss/value_function,80,0.024725938215851784,1778918747.041706
anymal_c_flat,Loss/value_function,81,0.038434963673353195,1778918748.1822221
anymal_c_flat,Loss/value_function,82,0.030518468469381332,1778918749.319117
anymal_c_flat,Loss/value_function,83,0.026826966553926468,1778918750.4595242
anymal_c_flat,Loss/value_function,84,0.0198683962225914,1778918751.589037
anymal_c_flat,Loss/value_function,85,0.022920848801732063,1778918752.8937366
anymal_c_flat,Loss/value_function,86,0.02319091372191906,1778918754.0524487
anymal_c_flat,Loss/value_function,87,0.024714237079024315,1778918755.1786466
anymal_c_flat,Loss/value_function,88,0.022516172379255295,1778918756.295793
anymal_c_flat,Loss/value_function,89,0.017973903566598892,1778918757.4363472
anymal_c_flat,Loss/value_function,90,0.031675614416599274,1778918758.5815325
anymal_c_flat,Loss/value_function,91,0.022262096405029297,1778918759.7400894
anymal_c_flat,Loss/value_function,92,0.017169253900647163,1778918760.8819575
anymal_c_flat,Loss/value_function,93,0.013332989998161793,1778918762.0268157
anymal_c_flat,Loss/value_function,94,0.019667839631438255,1778918763.160983
anymal_c_flat,Loss/value_function,95,0.01841069385409355,1778918764.3537683
anymal_c_flat,Loss/value_function,96,0.01923530362546444,1778918765.4950461
anymal_c_flat,Loss/value_function,97,0.018386924639344215,1778918766.6430905
anymal_c_flat,Loss/value_function,98,0.015278087928891182,1778918767.7894592
anymal_c_flat,Loss/value_function,99,0.022880805656313896,1778918768.927408
anymal_c_flat,Loss/value_function,100,0.019677704200148582,1778918770.0772047
anymal_c_flat,Loss/value_function,101,0.02027425728738308,1778918771.2091122
anymal_c_flat,Loss/value_function,102,0.01035747118294239,1778918772.3517525
anymal_c_flat,Loss/value_function,103,0.014677462168037891,1778918773.486962
anymal_c_flat,Loss/value_function,104,0.019580040127038956,1778918774.7416425
anymal_c_flat,Loss/value_function,105,0.02298741415143013,1778918775.8718011
anymal_c_flat,Loss/value_function,106,0.019771108403801918,1778918777.0165591
anymal_c_flat,Loss/value_function,107,0.0199655219912529,1778918778.1478667
anymal_c_flat,Loss/value_function,108,0.019777867943048477,1778918779.2846658
anymal_c_flat,Loss/value_function,109,0.011608953587710857,1778918780.4070897
anymal_c_flat,Loss/value_function,110,0.01488119550049305,1778918781.5488431
anymal_c_flat,Loss/value_function,111,0.014307047240436077,1778918782.670909
anymal_c_flat,Loss/value_function,112,0.022829903289675713,1778918783.7984629
anymal_c_flat,Loss/value_function,113,0.027259094640612602,1778918784.9494143
anymal_c_flat,Loss/value_function,114,0.026246048510074615,1778918786.207877
anymal_c_flat,Loss/value_function,115,0.012862054631114006,1778918787.3499503
anymal_c_flat,Loss/value_function,116,0.01154264435172081,1778918788.5007946
anymal_c_flat,Loss/value_function,117,0.026237834244966507,1778918789.6393473
anymal_c_flat,Loss/value_function,118,0.012577393092215061,1778918790.8011045
anymal_c_flat,Loss/value_function,119,0.01025940477848053,1778918791.950503
anymal_c_flat,Loss/value_function,120,0.013738339766860008,1778918793.0995882
anymal_c_flat,Loss/value_function,121,0.014657916501164436,1778918794.239562
anymal_c_flat,Loss/value_function,122,0.013600184582173824,1778918795.3766387
anymal_c_flat,Loss/value_function,123,0.01511106826364994,1778918796.6324604
anymal_c_flat,Loss/value_function,124,0.017635829746723175,1778918797.7887363
anymal_c_flat,Loss/value_function,125,0.020766884088516235,1778918798.9055572
anymal_c_flat,Loss/value_function,126,0.01547205913811922,1778918800.043936
anymal_c_flat,Loss/value_function,127,0.016399158164858818,1778918801.181068
anymal_c_flat,Loss/value_function,128,0.014009580947458744,1778918802.3248577
anymal_c_flat,Loss/value_function,129,0.021113116294145584,1778918803.4755075
anymal_c_flat,Loss/value_function,130,0.011963443830609322,1778918804.6026783
anymal_c_flat,Loss/value_function,131,0.01738140732049942,1778918805.7649157
anymal_c_flat,Loss/value_function,132,0.0159895196557045,1778918806.9312544
anymal_c_flat,Loss/value_function,133,0.013731323182582855,1778918808.0737145
anymal_c_flat,Loss/value_function,134,0.013165920972824097,1778918809.1892564
anymal_c_flat,Loss/value_function,135,0.016965003684163094,1778918810.3272483
anymal_c_flat,Loss/value_function,136,0.022070126608014107,1778918811.458836
anymal_c_flat,Loss/value_function,137,0.015223841182887554,1778918812.5961628
anymal_c_flat,Loss/value_function,138,0.016904981806874275,1778918813.751565
anymal_c_flat,Loss/value_function,139,0.013655640184879303,1778918814.8856108
anymal_c_flat,Loss/value_function,140,0.01662777177989483,1778918815.9962363
anymal_c_flat,Loss/value_function,141,0.019434615969657898,1778918817.1289642
anymal_c_flat,Loss/value_function,142,0.014334600418806076,1778918818.3845196
anymal_c_flat,Loss/value_function,143,0.01873938925564289,1778918819.5187562
anymal_c_flat,Loss/value_function,144,0.013804586604237556,1778918820.647337
anymal_c_flat,Loss/value_function,145,0.013515699654817581,1778918821.79417
anymal_c_flat,Loss/value_function,146,0.02517220750451088,1778918822.9108768
anymal_c_flat,Loss/value_function,147,0.018338670954108238,1778918824.0594854
anymal_c_flat,Loss/value_function,148,0.012171521782875061,1778918825.2017841
anymal_c_flat,Loss/value_function,149,0.018210137262940407,1778918826.3240483
anymal_c_flat,Loss/value_function,150,0.01189381629228592,1778918827.4508731
anymal_c_flat,Loss/value_function,151,0.01642841473221779,1778918828.6051223
anymal_c_flat,Loss/value_function,152,0.013484887778759003,1778918829.8014364
anymal_c_flat,Loss/value_function,153,0.011280267499387264,1778918830.942728
anymal_c_flat,Loss/value_function,154,0.011922691948711872,1778918832.0789769
anymal_c_flat,Loss/value_function,155,0.013507151044905186,1778918833.213902
anymal_c_flat,Loss/value_function,156,0.011282767169177532,1778918834.3448038
anymal_c_flat,Loss/value_function,157,0.014933120459318161,1778918835.47036
anymal_c_flat,Loss/value_function,158,0.010137815959751606,1778918836.5970798
anymal_c_flat,Loss/value_function,159,0.012086075730621815,1778918837.7068121
anymal_c_flat,Loss/value_function,160,0.011118538677692413,1778918838.848144
anymal_c_flat,Loss/value_function,161,0.014677557162940502,1778918840.0450313
anymal_c_flat,Loss/value_function,162,0.013395773246884346,1778918841.1861422
anymal_c_flat,Loss/value_function,163,0.013928916305303574,1778918842.3301663
anymal_c_flat,Loss/value_function,164,0.011929936707019806,1778918843.4825366
anymal_c_flat,Loss/value_function,165,0.012297132983803749,1778918844.614355
anymal_c_flat,Loss/value_function,166,0.01349110808223486,1778918845.75872
anymal_c_flat,Loss/value_function,167,0.009928222745656967,1778918846.8809474
anymal_c_flat,Loss/value_function,168,0.016071194782853127,1778918848.0203772
anymal_c_flat,Loss/value_function,169,0.010879290290176868,1778918849.139166
anymal_c_flat,Loss/value_function,170,0.014732694253325462,1778918850.2925248
anymal_c_flat,Loss/value_function,171,0.012494985945522785,1778918851.5172095
anymal_c_flat,Loss/value_function,172,0.011232147924602032,1778918852.6705694
anymal_c_flat,Loss/value_function,173,0.0852251648902893,1778918853.8231478
anymal_c_flat,Loss/value_function,174,0.017232824116945267,1778918854.9490004
anymal_c_flat,Loss/value_function,175,0.025294043123722076,1778918856.0826957
anymal_c_flat,Loss/value_function,176,0.018917400389909744,1778918857.2236745
anymal_c_flat,Loss/value_function,177,0.011613150127232075,1778918858.3568397
anymal_c_flat,Loss/value_function,178,0.013248602859675884,1778918859.5109339
anymal_c_flat,Loss/value_function,179,0.0217878520488739,1778918860.6411934
anymal_c_flat,Loss/value_function,180,0.01486976258456707,1778918861.8491092
anymal_c_flat,Loss/value_function,181,0.014366548508405685,1778918862.9720042
anymal_c_flat,Loss/value_function,182,0.0176249872893095,1778918864.1118183
anymal_c_flat,Loss/value_function,183,0.017354529350996017,1778918865.2465327
anymal_c_flat,Loss/value_function,184,0.019098319113254547,1778918866.382865
anymal_c_flat,Loss/value_function,185,0.016857996582984924,1778918867.5358124
anymal_c_flat,Loss/value_function,186,0.017474165186285973,1778918868.6608922
anymal_c_flat,Loss/value_function,187,0.012932089157402515,1778918869.8010492
anymal_c_flat,Loss/value_function,188,0.01422436535358429,1778918870.939134
anymal_c_flat,Loss/value_function,189,0.009097928181290627,1778918872.0814216
anymal_c_flat,Loss/value_function,190,0.010310802608728409,1778918873.286509
anymal_c_flat,Loss/value_function,191,0.04638351872563362,1778918874.4072948
anymal_c_flat,Loss/value_function,192,0.02135397307574749,1778918875.538698
anymal_c_flat,Loss/value_function,193,0.013263174332678318,1778918876.6726627
anymal_c_flat,Loss/value_function,194,0.017697731032967567,1778918877.8212423
anymal_c_flat,Loss/value_function,195,0.013896478340029716,1778918878.968273
anymal_c_flat,Loss/value_function,196,0.010810625739395618,1778918880.1234958
anymal_c_flat,Loss/value_function,197,0.013536028563976288,1778918881.2819378
anymal_c_flat,Loss/value_function,198,0.0071515897288918495,1778918882.420338
anymal_c_flat,Loss/value_function,199,0.01096267905086279,1778918883.6931987
anymal_c_flat,Loss/value_function,200,0.015458592213690281,1778918884.8297431
anymal_c_flat,Loss/value_function,201,0.011393479071557522,1778918885.9949453
anymal_c_flat,Loss/value_function,202,0.010141612030565739,1778918887.1198018
anymal_c_flat,Loss/value_function,203,0.009503374807536602,1778918888.2653308
anymal_c_flat,Loss/value_function,204,0.010774891823530197,1778918889.4240048
anymal_c_flat,Loss/value_function,205,0.012346121482551098,1778918890.5516672
anymal_c_flat,Loss/value_function,206,0.025629837065935135,1778918891.6903715
anymal_c_flat,Loss/value_function,207,0.023553671315312386,1778918892.809787
anymal_c_flat,Loss/value_function,208,0.01451136078685522,1778918893.9463356
anymal_c_flat,Loss/value_function,209,0.00851614959537983,1778918895.19451
anymal_c_flat,Loss/value_function,210,0.01052085217088461,1778918896.3282914
anymal_c_flat,Loss/value_function,211,0.013339472934603691,1778918897.4557838
anymal_c_flat,Loss/value_function,212,0.010870388709008694,1778918898.5964532
anymal_c_flat,Loss/value_function,213,0.019859908148646355,1778918899.7375119
anymal_c_flat,Loss/value_function,214,0.01348208636045456,1778918900.8770986
anymal_c_flat,Loss/value_function,215,0.013357877731323242,1778918901.9984038
anymal_c_flat,Loss/value_function,216,0.012196267955005169,1778918903.1431189
anymal_c_flat,Loss/value_function,217,0.013364451006054878,1778918904.2684245
anymal_c_flat,Loss/value_function,218,0.01450938917696476,1778918905.5431561
anymal_c_flat,Loss/value_function,219,0.011573174968361855,1778918906.6724086
anymal_c_flat,Loss/value_function,220,0.010997763834893703,1778918907.8075087
anymal_c_flat,Loss/value_function,221,0.01436000969260931,1778918908.9268
anymal_c_flat,Loss/value_function,222,0.010278504341840744,1778918910.0869534
anymal_c_flat,Loss/value_function,223,0.010637516155838966,1778918911.2194684
anymal_c_flat,Loss/value_function,224,0.01609979383647442,1778918912.3631947
anymal_c_flat,Loss/value_function,225,0.011942357756197453,1778918913.5137057
anymal_c_flat,Loss/value_function,226,0.010817821137607098,1778918914.6508152
anymal_c_flat,Loss/value_function,227,0.008898057043552399,1778918915.7884786
anymal_c_flat,Loss/value_function,228,0.017052555456757545,1778918917.0695217
anymal_c_flat,Loss/value_function,229,0.011758459731936455,1778918918.2091024
anymal_c_flat,Loss/value_function,230,0.007456150837242603,1778918919.3526816
anymal_c_flat,Loss/value_function,231,0.0071844798512756824,1778918920.500032
anymal_c_flat,Loss/value_function,232,0.010673918761312962,1778918921.6485639
anymal_c_flat,Loss/value_function,233,0.011350263841450214,1778918922.784178
anymal_c_flat,Loss/value_function,234,0.01563066430389881,1778918923.9201198
anymal_c_flat,Loss/value_function,235,0.008851311169564724,1778918925.0816786
anymal_c_flat,Loss/value_function,236,0.012213439680635929,1778918926.2106397
anymal_c_flat,Loss/value_function,237,0.011571264825761318,1778918927.4609945
anymal_c_flat,Loss/value_function,238,0.009882108308374882,1778918928.6001556
anymal_c_flat,Loss/value_function,239,0.014866692945361137,1778918929.7360175
anymal_c_flat,Loss/value_function,240,0.009135065600275993,1778918930.8817413
anymal_c_flat,Loss/value_function,241,0.008721286430954933,1778918932.0231082
anymal_c_flat,Loss/value_function,242,0.010332106612622738,1778918933.1651506
anymal_c_flat,Loss/value_function,243,0.007138936314731836,1778918934.3102682
anymal_c_flat,Loss/value_function,244,0.009083288721740246,1778918935.435542
anymal_c_flat,Loss/value_function,245,0.014132482931017876,1778918936.5688357
anymal_c_flat,Loss/value_function,246,0.011882904917001724,1778918937.7169518
anymal_c_flat,Loss/value_function,247,0.010093078948557377,1778918939.0094411
anymal_c_flat,Loss/value_function,248,0.011025122366845608,1778918940.144457
anymal_c_flat,Loss/value_function,249,0.008334514684975147,1778918941.2778609
anymal_c_flat,Loss/value_function,250,0.006068517919629812,1778918942.4244158
anymal_c_flat,Loss/value_function,251,0.009973007254302502,1778918943.5698574
anymal_c_flat,Loss/value_function,252,0.011066517792642117,1778918944.7092955
anymal_c_flat,Loss/value_function,253,0.009568579494953156,1778918945.8461137
anymal_c_flat,Loss/value_function,254,0.011804286390542984,1778918946.9785342
anymal_c_flat,Loss/value_function,255,0.009109621867537498,1778918948.108649
anymal_c_flat,Loss/value_function,256,0.009278527460992336,1778918949.3906095
anymal_c_flat,Loss/value_function,257,0.014017602428793907,1778918950.534352
anymal_c_flat,Loss/value_function,258,0.007463451474905014,1778918951.675054
anymal_c_flat,Loss/value_function,259,0.006905212998390198,1778918952.8146703
anymal_c_flat,Loss/value_function,260,0.010795440524816513,1778918953.9621465
anymal_c_flat,Loss/value_function,261,0.008383460342884064,1778918955.0925412
anymal_c_flat,Loss/value_function,262,0.008276989683508873,1778918956.2351642
anymal_c_flat,Loss/value_function,263,0.01134683471173048,1778918957.3559413
anymal_c_flat,Loss/value_function,264,0.011721081100404263,1778918958.4904752
anymal_c_flat,Loss/value_function,265,0.007684395182877779,1778918959.6155899
anymal_c_flat,Loss/value_function,266,0.009060277603566647,1778918960.842237
anymal_c_flat,Loss/value_function,267,0.032684326171875,1778918961.980753
anymal_c_flat,Loss/value_function,268,0.014070010744035244,1778918963.1234095
anymal_c_flat,Loss/value_function,269,0.009837919846177101,1778918964.2560837
anymal_c_flat,Loss/value_function,270,0.01195092499256134,1778918965.3903284
anymal_c_flat,Loss/value_function,271,0.013292339630424976,1778918966.517389
anymal_c_flat,Loss/value_function,272,0.0082843704149127,1778918967.652345
anymal_c_flat,Loss/value_function,273,0.009004452265799046,1778918968.7842364
anymal_c_flat,Loss/value_function,274,0.011420470662415028,1778918969.9237525
anymal_c_flat,Loss/value_function,275,0.009870101697742939,1778918971.1834676
anymal_c_flat,Loss/value_function,276,0.008465338498353958,1778918972.3181036
anymal_c_flat,Loss/value_function,277,0.010122587904334068,1778918973.4397786
anymal_c_flat,Loss/value_function,278,0.007938500493764877,1778918974.5994608
anymal_c_flat,Loss/value_function,279,0.008717026561498642,1778918975.731552
anymal_c_flat,Loss/value_function,280,0.007723384536802769,1778918976.8611295
anymal_c_flat,Loss/value_function,281,0.006895287893712521,1778918978.0112562
anymal_c_flat,Loss/value_function,282,0.008707149885594845,1778918979.1427774
anymal_c_flat,Loss/value_function,283,0.008548564277589321,1778918980.2928128
anymal_c_flat,Loss/value_function,284,0.009252870455384254,1778918981.4431515
anymal_c_flat,Loss/value_function,285,0.008661397732794285,1778918982.7355373
anymal_c_flat,Loss/value_function,286,0.010014469735324383,1778918983.8744113
anymal_c_flat,Loss/value_function,287,0.008088074624538422,1778918985.0201814
anymal_c_flat,Loss/value_function,288,0.009979148395359516,1778918986.1627853
anymal_c_flat,Loss/value_function,289,0.012206529267132282,1778918987.299121
anymal_c_flat,Loss/value_function,290,0.008445823565125465,1778918988.4296396
anymal_c_flat,Loss/value_function,291,0.010228079743683338,1778918989.5607634
anymal_c_flat,Loss/value_function,292,0.008275564759969711,1778918990.6969855
anymal_c_flat,Loss/value_function,293,0.010546919889748096,1778918991.8396544
anymal_c_flat,Loss/value_function,294,0.006500789429992437,1778918993.101149
anymal_c_flat,Loss/value_function,295,0.009616700932383537,1778918994.2581325
anymal_c_flat,Loss/value_function,296,0.006598094943910837,1778918995.4062326
anymal_c_flat,Loss/value_function,297,0.0150754414498806,1778918996.5275269
anymal_c_flat,Loss/value_function,298,0.006029415410012007,1778918997.6554966
anymal_c_flat,Loss/value_function,299,0.010987821966409683,1778918998.7962918
anymal_c_flat,Loss/surrogate,0,-0.037239063531160355,1778918656.2317636
anymal_c_flat,Loss/surrogate,1,-0.04326441138982773,1778918657.38593
anymal_c_flat,Loss/surrogate,2,-0.04061372950673103,1778918658.4656863
anymal_c_flat,Loss/surrogate,3,-0.04595239832997322,1778918659.5518208
anymal_c_flat,Loss/surrogate,4,-0.04247236251831055,1778918660.6275318
anymal_c_flat,Loss/surrogate,5,-0.039350371807813644,1778918662.1416771
anymal_c_flat,Loss/surrogate,6,-0.04358498007059097,1778918663.2309756
anymal_c_flat,Loss/surrogate,7,-0.04335026443004608,1778918664.3210945
anymal_c_flat,Loss/surrogate,8,-0.04254493862390518,1778918665.3915558
anymal_c_flat,Loss/surrogate,9,-0.04103168100118637,1778918666.4549687
anymal_c_flat,Loss/surrogate,10,-0.04267580807209015,1778918667.5226178
anymal_c_flat,Loss/surrogate,11,-0.04003216698765755,1778918668.5891724
anymal_c_flat,Loss/surrogate,12,-0.04645228385925293,1778918669.659779
anymal_c_flat,Loss/surrogate,13,-0.03606171905994415,1778918670.7449677
anymal_c_flat,Loss/surrogate,14,-0.04139772057533264,1778918671.8354933
anymal_c_flat,Loss/surrogate,15,-0.04177500307559967,1778918672.9189174
anymal_c_flat,Loss/surrogate,16,-0.03999389708042145,1778918674.0079832
anymal_c_flat,Loss/surrogate,17,-0.04080167040228844,1778918675.082033
anymal_c_flat,Loss/surrogate,18,-0.03879683092236519,1778918676.1903145
anymal_c_flat,Loss/surrogate,19,-0.038082387298345566,1778918677.3704684
anymal_c_flat,Loss/surrogate,20,-0.03890203312039375,1778918678.4447935
anymal_c_flat,Loss/surrogate,21,-0.04259184002876282,1778918679.8777392
anymal_c_flat,Loss/surrogate,22,-0.03846018388867378,1778918680.9777067
anymal_c_flat,Loss/surrogate,23,-0.03960840404033661,1778918682.0916002
anymal_c_flat,Loss/surrogate,24,-0.04573199525475502,1778918683.1763983
anymal_c_flat,Loss/surrogate,25,-0.04034902900457382,1778918684.2753885
anymal_c_flat,Loss/surrogate,26,-0.038982417434453964,1778918685.373683
anymal_c_flat,Loss/surrogate,27,-0.03714626282453537,1778918686.4793396
anymal_c_flat,Loss/surrogate,28,-0.03564370051026344,1778918687.7135077
anymal_c_flat,Loss/surrogate,29,-0.0333101861178875,1778918688.8174899
anymal_c_flat,Loss/surrogate,30,-0.046674277633428574,1778918689.9447262
anymal_c_flat,Loss/surrogate,31,-0.038898807018995285,1778918691.059076
anymal_c_flat,Loss/surrogate,32,-0.041087325662374496,1778918692.1605494
anymal_c_flat,Loss/surrogate,33,-0.041343819350004196,1778918693.278495
anymal_c_flat,Loss/surrogate,34,-0.03667118027806282,1778918694.3880634
anymal_c_flat,Loss/surrogate,35,-0.03775624930858612,1778918695.4989614
anymal_c_flat,Loss/surrogate,36,-0.041492924094200134,1778918696.637237
anymal_c_flat,Loss/surrogate,37,-0.03641587868332863,1778918697.7478971
anymal_c_flat,Loss/surrogate,38,-0.03847683221101761,1778918698.996385
anymal_c_flat,Loss/surrogate,39,-0.03786521777510643,1778918700.113017
anymal_c_flat,Loss/surrogate,40,-0.03489157557487488,1778918701.2329888
anymal_c_flat,Loss/surrogate,41,-0.03914690390229225,1778918702.348417
anymal_c_flat,Loss/surrogate,42,-0.04228021949529648,1778918703.4628673
anymal_c_flat,Loss/surrogate,43,-0.0407651923596859,1778918704.5896862
anymal_c_flat,Loss/surrogate,44,-0.03476746007800102,1778918705.721187
anymal_c_flat,Loss/surrogate,45,-0.03349096700549126,1778918706.8408473
anymal_c_flat,Loss/surrogate,46,-0.042861923575401306,1778918707.9665873
anymal_c_flat,Loss/surrogate,47,-0.036849502474069595,1778918709.1960163
anymal_c_flat,Loss/surrogate,48,-0.03584379330277443,1778918710.3287196
anymal_c_flat,Loss/surrogate,49,-0.036415666341781616,1778918711.455865
anymal_c_flat,Loss/surrogate,50,-0.043221525847911835,1778918712.569971
anymal_c_flat,Loss/surrogate,51,-0.04074151813983917,1778918713.7074182
anymal_c_flat,Loss/surrogate,52,-0.03949554264545441,1778918714.8451424
anymal_c_flat,Loss/surrogate,53,-0.037611816078424454,1778918715.9720087
anymal_c_flat,Loss/surrogate,54,-0.03508709371089935,1778918717.1107867
anymal_c_flat,Loss/surrogate,55,-0.03890148550271988,1778918718.2401538
anymal_c_flat,Loss/surrogate,56,-0.03430228307843208,1778918719.3836124
anymal_c_flat,Loss/surrogate,57,-0.03924550116062164,1778918720.6194777
anymal_c_flat,Loss/surrogate,58,-0.034429386258125305,1778918721.770026
anymal_c_flat,Loss/surrogate,59,-0.041755422949790955,1778918722.9114637
anymal_c_flat,Loss/surrogate,60,-0.03245949372649193,1778918724.0428114
anymal_c_flat,Loss/surrogate,61,-0.036188382655382156,1778918725.2227936
anymal_c_flat,Loss/surrogate,62,-0.029372399672865868,1778918726.3459294
anymal_c_flat,Loss/surrogate,63,-0.03771951049566269,1778918727.4741735
anymal_c_flat,Loss/surrogate,64,-0.0329880490899086,1778918728.5951362
anymal_c_flat,Loss/surrogate,65,-0.03893664851784706,1778918729.732462
anymal_c_flat,Loss/surrogate,66,-0.036789119243621826,1778918730.9917572
anymal_c_flat,Loss/surrogate,67,-0.038442134857177734,1778918732.1161137
anymal_c_flat,Loss/surrogate,68,-0.038665078580379486,1778918733.2585185
anymal_c_flat,Loss/surrogate,69,-0.039741817861795425,1778918734.386674
anymal_c_flat,Loss/surrogate,70,-0.03650330379605293,1778918735.525009
anymal_c_flat,Loss/surrogate,71,-0.03561082482337952,1778918736.6753
anymal_c_flat,Loss/surrogate,72,-0.02896219864487648,1778918737.8037724
anymal_c_flat,Loss/surrogate,73,-0.045136693865060806,1778918738.9257083
anymal_c_flat,Loss/surrogate,74,-0.041315846145153046,1778918740.0560858
anymal_c_flat,Loss/surrogate,75,-0.03413872793316841,1778918741.1938384
anymal_c_flat,Loss/surrogate,76,-0.03649057075381279,1778918742.4788275
anymal_c_flat,Loss/surrogate,77,-0.0379478745162487,1778918743.6262786
anymal_c_flat,Loss/surrogate,78,-0.03618663549423218,1778918744.751066
anymal_c_flat,Loss/surrogate,79,-0.035785406827926636,1778918745.9011443
anymal_c_flat,Loss/surrogate,80,-0.0433024987578392,1778918747.0417292
anymal_c_flat,Loss/surrogate,81,-0.033944543451070786,1778918748.1822565
anymal_c_flat,Loss/surrogate,82,-0.033117689192295074,1778918749.3191407
anymal_c_flat,Loss/surrogate,83,-0.03248715400695801,1778918750.459547
anymal_c_flat,Loss/surrogate,84,-0.03449130058288574,1778918751.5890622
anymal_c_flat,Loss/surrogate,85,-0.039504945278167725,1778918752.8937619
anymal_c_flat,Loss/surrogate,86,-0.03307775408029556,1778918754.052483
anymal_c_flat,Loss/surrogate,87,-0.03842756152153015,1778918755.1786714
anymal_c_flat,Loss/surrogate,88,-0.038979027420282364,1778918756.2958176
anymal_c_flat,Loss/surrogate,89,-0.03981267288327217,1778918757.436373
anymal_c_flat,Loss/surrogate,90,-0.03542885184288025,1778918758.581557
anymal_c_flat,Loss/surrogate,91,-0.035807784646749496,1778918759.7401125
anymal_c_flat,Loss/surrogate,92,-0.03524263575673103,1778918760.881981
anymal_c_flat,Loss/surrogate,93,-0.03331649675965309,1778918762.0268383
anymal_c_flat,Loss/surrogate,94,-0.03496186435222626,1778918763.1610065
anymal_c_flat,Loss/surrogate,95,-0.032848186790943146,1778918764.3537922
anymal_c_flat,Loss/surrogate,96,-0.03511904180049896,1778918765.4950705
anymal_c_flat,Loss/surrogate,97,-0.0349479578435421,1778918766.6431148
anymal_c_flat,Loss/surrogate,98,-0.0300768930464983,1778918767.7894835
anymal_c_flat,Loss/surrogate,99,-0.044558580964803696,1778918768.9274406
anymal_c_flat,Loss/surrogate,100,-0.03054131008684635,1778918770.0772293
anymal_c_flat,Loss/surrogate,101,-0.03373018652200699,1778918771.2091353
anymal_c_flat,Loss/surrogate,102,-0.03702313452959061,1778918772.3517964
anymal_c_flat,Loss/surrogate,103,-0.045845676213502884,1778918773.4869866
anymal_c_flat,Loss/surrogate,104,-0.03644521161913872,1778918774.7416668
anymal_c_flat,Loss/surrogate,105,-0.03601427376270294,1778918775.871826
anymal_c_flat,Loss/surrogate,106,-0.0361587256193161,1778918777.0166137
anymal_c_flat,Loss/surrogate,107,-0.040681708604097366,1778918778.1478894
anymal_c_flat,Loss/surrogate,108,-0.038441162556409836,1778918779.284697
anymal_c_flat,Loss/surrogate,109,-0.03557499125599861,1778918780.4071214
anymal_c_flat,Loss/surrogate,110,-0.03566870093345642,1778918781.5488665
anymal_c_flat,Loss/surrogate,111,-0.030537612736225128,1778918782.6709337
anymal_c_flat,Loss/surrogate,112,-0.030338454991579056,1778918783.7984936
anymal_c_flat,Loss/surrogate,113,-0.029685836285352707,1778918784.9494379
anymal_c_flat,Loss/surrogate,114,-0.03313850611448288,1778918786.2079005
anymal_c_flat,Loss/surrogate,115,-0.033650342375040054,1778918787.3499742
anymal_c_flat,Loss/surrogate,116,-0.027662500739097595,1778918788.5008187
anymal_c_flat,Loss/surrogate,117,-0.036499056965112686,1778918789.639379
anymal_c_flat,Loss/surrogate,118,-0.03977978229522705,1778918790.8011465
anymal_c_flat,Loss/surrogate,119,-0.038806162774562836,1778918791.9505277
anymal_c_flat,Loss/surrogate,120,-0.03126361221075058,1778918793.0996263
anymal_c_flat,Loss/surrogate,121,-0.036915123462677,1778918794.2396035
anymal_c_flat,Loss/surrogate,122,-0.032823722809553146,1778918795.3766663
anymal_c_flat,Loss/surrogate,123,-0.026829075068235397,1778918796.6324842
anymal_c_flat,Loss/surrogate,124,-0.03205344080924988,1778918797.788779
anymal_c_flat,Loss/surrogate,125,-0.03093658573925495,1778918798.905602
anymal_c_flat,Loss/surrogate,126,-0.03952803462743759,1778918800.0439672
anymal_c_flat,Loss/surrogate,127,-0.03275161236524582,1778918801.1810925
anymal_c_flat,Loss/surrogate,128,-0.03277295455336571,1778918802.3248827
anymal_c_flat,Loss/surrogate,129,-0.03286781534552574,1778918803.475539
anymal_c_flat,Loss/surrogate,130,-0.03619666397571564,1778918804.6027102
anymal_c_flat,Loss/surrogate,131,-0.035602424293756485,1778918805.764955
anymal_c_flat,Loss/surrogate,132,-0.03137248754501343,1778918806.9312809
anymal_c_flat,Loss/surrogate,133,-0.02988935261964798,1778918808.0737388
anymal_c_flat,Loss/surrogate,134,-0.03591392934322357,1778918809.1892803
anymal_c_flat,Loss/surrogate,135,-0.03538708761334419,1778918810.3272803
anymal_c_flat,Loss/surrogate,136,-0.031169520691037178,1778918811.4588666
anymal_c_flat,Loss/surrogate,137,-0.035342056304216385,1778918812.5961862
anymal_c_flat,Loss/surrogate,138,-0.0369151271879673,1778918813.7516117
anymal_c_flat,Loss/surrogate,139,-0.03945117071270943,1778918814.8856351
anymal_c_flat,Loss/surrogate,140,-0.04173671454191208,1778918815.9962673
anymal_c_flat,Loss/surrogate,141,-0.03613199293613434,1778918817.1289878
anymal_c_flat,Loss/surrogate,142,-0.04065782204270363,1778918818.3845506
anymal_c_flat,Loss/surrogate,143,-0.03877223655581474,1778918819.518779
anymal_c_flat,Loss/surrogate,144,-0.03782431781291962,1778918820.647361
anymal_c_flat,Loss/surrogate,145,-0.04171130061149597,1778918821.7941933
anymal_c_flat,Loss/surrogate,146,-0.028789887204766273,1778918822.9109154
anymal_c_flat,Loss/surrogate,147,-0.03753761947154999,1778918824.059509
anymal_c_flat,Loss/surrogate,148,-0.03421948105096817,1778918825.2018075
anymal_c_flat,Loss/surrogate,149,-0.03491619601845741,1778918826.324071
anymal_c_flat,Loss/surrogate,150,-0.04326555132865906,1778918827.4508972
anymal_c_flat,Loss/surrogate,151,-0.03922983631491661,1778918828.6051536
anymal_c_flat,Loss/surrogate,152,-0.03682073578238487,1778918829.80146
anymal_c_flat,Loss/surrogate,153,-0.04069650545716286,1778918830.9427605
anymal_c_flat,Loss/surrogate,154,-0.038456764072179794,1778918832.0790076
anymal_c_flat,Loss/surrogate,155,-0.0391082763671875,1778918833.2139263
anymal_c_flat,Loss/surrogate,156,-0.03833267465233803,1778918834.3448286
anymal_c_flat,Loss/surrogate,157,-0.03199974074959755,1778918835.4703903
anymal_c_flat,Loss/surrogate,158,-0.03390032798051834,1778918836.5971107
anymal_c_flat,Loss/surrogate,159,-0.03253953531384468,1778918837.706836
anymal_c_flat,Loss/surrogate,160,-0.033728040754795074,1778918838.8481681
anymal_c_flat,Loss/surrogate,161,-0.030100585892796516,1778918840.0450544
anymal_c_flat,Loss/surrogate,162,-0.032143592834472656,1778918841.186174
anymal_c_flat,Loss/surrogate,163,-0.03746965527534485,1778918842.3301895
anymal_c_flat,Loss/surrogate,164,-0.03895508497953415,1778918843.4825597
anymal_c_flat,Loss/surrogate,165,-0.036236491054296494,1778918844.614379
anymal_c_flat,Loss/surrogate,166,-0.034158192574977875,1778918845.7587445
anymal_c_flat,Loss/surrogate,167,-0.03376039117574692,1778918846.8809712
anymal_c_flat,Loss/surrogate,168,-0.03741048648953438,1778918848.0204003
anymal_c_flat,Loss/surrogate,169,-0.03842470422387123,1778918849.13919
anymal_c_flat,Loss/surrogate,170,-0.03284311294555664,1778918850.2925568
anymal_c_flat,Loss/surrogate,171,-0.03513722121715546,1778918851.5172427
anymal_c_flat,Loss/surrogate,172,-0.031497154384851456,1778918852.670627
anymal_c_flat,Loss/surrogate,173,-0.029079783707857132,1778918853.823172
anymal_c_flat,Loss/surrogate,174,-0.03126988559961319,1778918854.9490244
anymal_c_flat,Loss/surrogate,175,-0.03302552178502083,1778918856.082727
anymal_c_flat,Loss/surrogate,176,-0.038006607443094254,1778918857.223706
anymal_c_flat,Loss/surrogate,177,-0.03326352685689926,1778918858.356862
anymal_c_flat,Loss/surrogate,178,-0.03498544916510582,1778918859.5109572
anymal_c_flat,Loss/surrogate,179,-0.034042418003082275,1778918860.6412258
anymal_c_flat,Loss/surrogate,180,-0.03453435003757477,1778918861.8491354
anymal_c_flat,Loss/surrogate,181,-0.03969094902276993,1778918862.972027
anymal_c_flat,Loss/surrogate,182,-0.03958573192358017,1778918864.1118424
anymal_c_flat,Loss/surrogate,183,-0.03934675082564354,1778918865.246558
anymal_c_flat,Loss/surrogate,184,-0.03536289930343628,1778918866.382889
anymal_c_flat,Loss/surrogate,185,-0.03535689413547516,1778918867.5358365
anymal_c_flat,Loss/surrogate,186,-0.034290507435798645,1778918868.6609159
anymal_c_flat,Loss/surrogate,187,-0.040392037481069565,1778918869.8010733
anymal_c_flat,Loss/surrogate,188,-0.037731535732746124,1778918870.9391577
anymal_c_flat,Loss/surrogate,189,-0.03382713720202446,1778918872.0814464
anymal_c_flat,Loss/surrogate,190,-0.03440935164690018,1778918873.28654
anymal_c_flat,Loss/surrogate,191,-0.034006427973508835,1778918874.4073262
anymal_c_flat,Loss/surrogate,192,-0.03314132243394852,1778918875.538721
anymal_c_flat,Loss/surrogate,193,-0.03331473842263222,1778918876.6726942
anymal_c_flat,Loss/surrogate,194,-0.031645338982343674,1778918877.8212736
anymal_c_flat,Loss/surrogate,195,-0.036444563418626785,1778918878.9683044
anymal_c_flat,Loss/surrogate,196,-0.03350263833999634,1778918880.1235204
anymal_c_flat,Loss/surrogate,197,-0.03415275737643242,1778918881.2819624
anymal_c_flat,Loss/surrogate,198,-0.033179040998220444,1778918882.420362
anymal_c_flat,Loss/surrogate,199,-0.03433994576334953,1778918883.6932304
anymal_c_flat,Loss/surrogate,200,-0.029168786481022835,1778918884.8297672
anymal_c_flat,Loss/surrogate,201,-0.033731576055288315,1778918885.9949687
anymal_c_flat,Loss/surrogate,202,-0.03550738841295242,1778918887.1198401
anymal_c_flat,Loss/surrogate,203,-0.038398995995521545,1778918888.2653542
anymal_c_flat,Loss/surrogate,204,-0.03802807256579399,1778918889.42405
anymal_c_flat,Loss/surrogate,205,-0.03706889972090721,1778918890.5516982
anymal_c_flat,Loss/surrogate,206,-0.034081198275089264,1778918891.6904037
anymal_c_flat,Loss/surrogate,207,-0.02763020247220993,1778918892.8098106
anymal_c_flat,Loss/surrogate,208,-0.035676710307598114,1778918893.9463587
anymal_c_flat,Loss/surrogate,209,-0.03605795279145241,1778918895.194534
anymal_c_flat,Loss/surrogate,210,-0.035548023879528046,1778918896.3283155
anymal_c_flat,Loss/surrogate,211,-0.03803832456469536,1778918897.455814
anymal_c_flat,Loss/surrogate,212,-0.03131050616502762,1778918898.5964775
anymal_c_flat,Loss/surrogate,213,-0.03343716636300087,1778918899.7375355
anymal_c_flat,Loss/surrogate,214,-0.033530157059431076,1778918900.8771236
anymal_c_flat,Loss/surrogate,215,-0.03444444388151169,1778918901.9984274
anymal_c_flat,Loss/surrogate,216,-0.036218903958797455,1778918903.1431503
anymal_c_flat,Loss/surrogate,217,-0.03478622063994408,1778918904.2684562
anymal_c_flat,Loss/surrogate,218,-0.038345616310834885,1778918905.543182
anymal_c_flat,Loss/surrogate,219,-0.03568144515156746,1778918906.672432
anymal_c_flat,Loss/surrogate,220,-0.033084120601415634,1778918907.8075323
anymal_c_flat,Loss/surrogate,221,-0.034563809633255005,1778918908.926825
anymal_c_flat,Loss/surrogate,222,-0.03982536122202873,1778918910.0869794
anymal_c_flat,Loss/surrogate,223,-0.03092614747583866,1778918911.2194927
anymal_c_flat,Loss/surrogate,224,-0.03801627829670906,1778918912.3632267
anymal_c_flat,Loss/surrogate,225,-0.028605788946151733,1778918913.5137296
anymal_c_flat,Loss/surrogate,226,-0.025824381038546562,1778918914.6508389
anymal_c_flat,Loss/surrogate,227,-0.02936302125453949,1778918915.7885036
anymal_c_flat,Loss/surrogate,228,-0.027651386335492134,1778918917.069545
anymal_c_flat,Loss/surrogate,229,-0.03238735720515251,1778918918.2091458
anymal_c_flat,Loss/surrogate,230,-0.032458484172821045,1778918919.3527057
anymal_c_flat,Loss/surrogate,231,-0.033259861171245575,1778918920.5000558
anymal_c_flat,Loss/surrogate,232,-0.03520267829298973,1778918921.64861
anymal_c_flat,Loss/surrogate,233,-0.03341832384467125,1778918922.7842026
anymal_c_flat,Loss/surrogate,234,-0.030257562175393105,1778918923.920144
anymal_c_flat,Loss/surrogate,235,-0.03916405886411667,1778918925.0817165
anymal_c_flat,Loss/surrogate,236,-0.033795442432165146,1778918926.2106643
anymal_c_flat,Loss/surrogate,237,-0.03369875252246857,1778918927.4610186
anymal_c_flat,Loss/surrogate,238,-0.03550531342625618,1778918928.6001785
anymal_c_flat,Loss/surrogate,239,-0.03627811372280121,1778918929.7360404
anymal_c_flat,Loss/surrogate,240,-0.03411933034658432,1778918930.8817732
anymal_c_flat,Loss/surrogate,241,-0.030948739498853683,1778918932.0231323
anymal_c_flat,Loss/surrogate,242,-0.03304116055369377,1778918933.1651745
anymal_c_flat,Loss/surrogate,243,-0.037189941853284836,1778918934.3102987
anymal_c_flat,Loss/surrogate,244,-0.03637980669736862,1778918935.4355679
anymal_c_flat,Loss/surrogate,245,-0.032092854380607605,1778918936.5688598
anymal_c_flat,Loss/surrogate,246,-0.025697072967886925,1778918937.7169752
anymal_c_flat,Loss/surrogate,247,-0.03220013901591301,1778918939.0094643
anymal_c_flat,Loss/surrogate,248,-0.029517987743020058,1778918940.144482
anymal_c_flat,Loss/surrogate,249,-0.030208595097064972,1778918941.2778854
anymal_c_flat,Loss/surrogate,250,-0.03272224962711334,1778918942.424447
anymal_c_flat,Loss/surrogate,251,-0.0323573537170887,1778918943.5698888
anymal_c_flat,Loss/surrogate,252,-0.038808055222034454,1778918944.7093258
anymal_c_flat,Loss/surrogate,253,-0.03501034900546074,1778918945.8461368
anymal_c_flat,Loss/surrogate,254,-0.027257312089204788,1778918946.9785593
anymal_c_flat,Loss/surrogate,255,-0.02983558177947998,1778918948.1086812
anymal_c_flat,Loss/surrogate,256,-0.030703745782375336,1778918949.390641
anymal_c_flat,Loss/surrogate,257,-0.027432428672909737,1778918950.5343766
anymal_c_flat,Loss/surrogate,258,-0.028876636177301407,1778918951.6750798
anymal_c_flat,Loss/surrogate,259,-0.03150955215096474,1778918952.814703
anymal_c_flat,Loss/surrogate,260,-0.038251593708992004,1778918953.9621704
anymal_c_flat,Loss/surrogate,261,-0.04104246571660042,1778918955.092564
anymal_c_flat,Loss/surrogate,262,-0.0343267060816288,1778918956.2351875
anymal_c_flat,Loss/surrogate,263,-0.03391408547759056,1778918957.3559637
anymal_c_flat,Loss/surrogate,264,-0.029613293707370758,1778918958.4904995
anymal_c_flat,Loss/surrogate,265,-0.032887592911720276,1778918959.6156163
anymal_c_flat,Loss/surrogate,266,-0.03251434490084648,1778918960.8422692
anymal_c_flat,Loss/surrogate,267,-0.02675629034638405,1778918961.9807856
anymal_c_flat,Loss/surrogate,268,-0.03379463404417038,1778918963.1234336
anymal_c_flat,Loss/surrogate,269,-0.043924834579229355,1778918964.2561085
anymal_c_flat,Loss/surrogate,270,-0.032212838530540466,1778918965.390352
anymal_c_flat,Loss/surrogate,271,-0.03529587388038635,1778918966.5174124
anymal_c_flat,Loss/surrogate,272,-0.032536204904317856,1778918967.652383
anymal_c_flat,Loss/surrogate,273,-0.0388651043176651,1778918968.78426
anymal_c_flat,Loss/surrogate,274,-0.035813916474580765,1778918969.9237835
anymal_c_flat,Loss/surrogate,275,-0.03561416640877724,1778918971.1834989
anymal_c_flat,Loss/surrogate,276,-0.02836505137383938,1778918972.318137
anymal_c_flat,Loss/surrogate,277,-0.03309129551053047,1778918973.4398031
anymal_c_flat,Loss/surrogate,278,-0.03341769799590111,1778918974.5994833
anymal_c_flat,Loss/surrogate,279,-0.038999393582344055,1778918975.7315955
anymal_c_flat,Loss/surrogate,280,-0.02802983671426773,1778918976.8611543
anymal_c_flat,Loss/surrogate,281,-0.040090158581733704,1778918978.0112824
anymal_c_flat,Loss/surrogate,282,-0.030832579359412193,1778918979.142801
anymal_c_flat,Loss/surrogate,283,-0.03234023600816727,1778918980.292843
anymal_c_flat,Loss/surrogate,284,-0.033285535871982574,1778918981.443184
anymal_c_flat,Loss/surrogate,285,-0.03177548944950104,1778918982.7355628
anymal_c_flat,Loss/surrogate,286,-0.02891284041106701,1778918983.8744345
anymal_c_flat,Loss/surrogate,287,-0.03704174980521202,1778918985.020206
anymal_c_flat,Loss/surrogate,288,-0.031313180923461914,1778918986.1628094
anymal_c_flat,Loss/surrogate,289,-0.038416601717472076,1778918987.2991443
anymal_c_flat,Loss/surrogate,290,-0.035481929779052734,1778918988.4296715
anymal_c_flat,Loss/surrogate,291,-0.036335334181785583,1778918989.5607884
anymal_c_flat,Loss/surrogate,292,-0.03115784376859665,1778918990.6970088
anymal_c_flat,Loss/surrogate,293,-0.033254917711019516,1778918991.8396788
anymal_c_flat,Loss/surrogate,294,-0.023644812405109406,1778918993.101174
anymal_c_flat,Loss/surrogate,295,-0.02599472366273403,1778918994.2581747
anymal_c_flat,Loss/surrogate,296,-0.02535233087837696,1778918995.4062793
anymal_c_flat,Loss/surrogate,297,-0.026220016181468964,1778918996.5275598
anymal_c_flat,Loss/surrogate,298,-0.03521111607551575,1778918997.6555305
anymal_c_flat,Loss/surrogate,299,-0.03505948185920715,1778918998.796315
anymal_c_flat,Loss/entropy,0,17.01069450378418,1778918656.2317798
anymal_c_flat,Loss/entropy,1,17.010662078857422,1778918657.3859463
anymal_c_flat,Loss/entropy,2,17.00918960571289,1778918658.465702
anymal_c_flat,Loss/entropy,3,17.00291633605957,1778918659.551841
anymal_c_flat,Loss/entropy,4,16.993629455566406,1778918660.6275494
anymal_c_flat,Loss/entropy,5,16.989038467407227,1778918662.1416936
anymal_c_flat,Loss/entropy,6,16.985164642333984,1778918663.2309914
anymal_c_flat,Loss/entropy,7,16.98263931274414,1778918664.321111
anymal_c_flat,Loss/entropy,8,16.97960090637207,1778918665.3915906
anymal_c_flat,Loss/entropy,9,16.973995208740234,1778918666.454984
anymal_c_flat,Loss/entropy,10,16.963781356811523,1778918667.5226362
anymal_c_flat,Loss/entropy,11,16.955902099609375,1778918668.5891886
anymal_c_flat,Loss/entropy,12,16.948945999145508,1778918669.659796
anymal_c_flat,Loss/entropy,13,16.94398307800293,1778918670.744984
anymal_c_flat,Loss/entropy,14,16.938867568969727,1778918671.8355095
anymal_c_flat,Loss/entropy,15,16.9301815032959,1778918672.9189339
anymal_c_flat,Loss/entropy,16,16.922231674194336,1778918674.0079997
anymal_c_flat,Loss/entropy,17,16.913410186767578,1778918675.0820487
anymal_c_flat,Loss/entropy,18,16.909652709960938,1778918676.1903317
anymal_c_flat,Loss/entropy,19,16.90777015686035,1778918677.3704848
anymal_c_flat,Loss/entropy,20,16.906572341918945,1778918678.4448097
anymal_c_flat,Loss/entropy,21,16.903528213500977,1778918679.8777559
anymal_c_flat,Loss/entropy,22,16.899972915649414,1778918680.9777389
anymal_c_flat,Loss/entropy,23,16.901918411254883,1778918682.0916212
anymal_c_flat,Loss/entropy,24,16.90228271484375,1778918683.176415
anymal_c_flat,Loss/entropy,25,16.900226593017578,1778918684.2754045
anymal_c_flat,Loss/entropy,26,16.900890350341797,1778918685.3737
anymal_c_flat,Loss/entropy,27,16.90178871154785,1778918686.4793556
anymal_c_flat,Loss/entropy,28,16.90209197998047,1778918687.7135239
anymal_c_flat,Loss/entropy,29,16.901386260986328,1778918688.817506
anymal_c_flat,Loss/entropy,30,16.90003204345703,1778918689.9447434
anymal_c_flat,Loss/entropy,31,16.901138305664062,1778918691.0590923
anymal_c_flat,Loss/entropy,32,16.903329849243164,1778918692.1605663
anymal_c_flat,Loss/entropy,33,16.90323829650879,1778918693.2785106
anymal_c_flat,Loss/entropy,34,16.902973175048828,1778918694.3880794
anymal_c_flat,Loss/entropy,35,16.90360450744629,1778918695.4989793
anymal_c_flat,Loss/entropy,36,16.90220832824707,1778918696.6372523
anymal_c_flat,Loss/entropy,37,16.89986801147461,1778918697.7479153
anymal_c_flat,Loss/entropy,38,16.897932052612305,1778918698.996401
anymal_c_flat,Loss/entropy,39,16.894264221191406,1778918700.113033
anymal_c_flat,Loss/entropy,40,16.889556884765625,1778918701.2330046
anymal_c_flat,Loss/entropy,41,16.88608741760254,1778918702.3484337
anymal_c_flat,Loss/entropy,42,16.882169723510742,1778918703.462883
anymal_c_flat,Loss/entropy,43,16.879425048828125,1778918704.5897026
anymal_c_flat,Loss/entropy,44,16.87721061706543,1778918705.7212043
anymal_c_flat,Loss/entropy,45,16.872806549072266,1778918706.8408644
anymal_c_flat,Loss/entropy,46,16.869384765625,1778918707.9666128
anymal_c_flat,Loss/entropy,47,16.866973876953125,1778918709.1960323
anymal_c_flat,Loss/entropy,48,16.86377716064453,1778918710.3287358
anymal_c_flat,Loss/entropy,49,16.862712860107422,1778918711.4558818
anymal_c_flat,Loss/entropy,50,16.86322021484375,1778918712.5699863
anymal_c_flat,Loss/entropy,51,16.861642837524414,1778918713.7074354
anymal_c_flat,Loss/entropy,52,16.857898712158203,1778918714.845176
anymal_c_flat,Loss/entropy,53,16.85247039794922,1778918715.9720247
anymal_c_flat,Loss/entropy,54,16.84824562072754,1778918717.110803
anymal_c_flat,Loss/entropy,55,16.846744537353516,1778918718.2401717
anymal_c_flat,Loss/entropy,56,16.847061157226562,1778918719.3836293
anymal_c_flat,Loss/entropy,57,16.84588050842285,1778918720.6194942
anymal_c_flat,Loss/entropy,58,16.84257698059082,1778918721.7700431
anymal_c_flat,Loss/entropy,59,16.83914566040039,1778918722.9114795
anymal_c_flat,Loss/entropy,60,16.83591079711914,1778918724.0428278
anymal_c_flat,Loss/entropy,61,16.83234405517578,1778918725.2228189
anymal_c_flat,Loss/entropy,62,16.828189849853516,1778918726.3459456
anymal_c_flat,Loss/entropy,63,16.823949813842773,1778918727.4741893
anymal_c_flat,Loss/entropy,64,16.819011688232422,1778918728.595152
anymal_c_flat,Loss/entropy,65,16.815914154052734,1778918729.7324774
anymal_c_flat,Loss/entropy,66,16.81085205078125,1778918730.991773
anymal_c_flat,Loss/entropy,67,16.804676055908203,1778918732.1161308
anymal_c_flat,Loss/entropy,68,16.801424026489258,1778918733.2585351
anymal_c_flat,Loss/entropy,69,16.801048278808594,1778918734.38669
anymal_c_flat,Loss/entropy,70,16.800750732421875,1778918735.5250266
anymal_c_flat,Loss/entropy,71,16.798250198364258,1778918736.6753159
anymal_c_flat,Loss/entropy,72,16.794292449951172,1778918737.8037891
anymal_c_flat,Loss/entropy,73,16.79019546508789,1778918738.9257255
anymal_c_flat,Loss/entropy,74,16.7836971282959,1778918740.0561037
anymal_c_flat,Loss/entropy,75,16.777027130126953,1778918741.1938546
anymal_c_flat,Loss/entropy,76,16.77130889892578,1778918742.478843
anymal_c_flat,Loss/entropy,77,16.768024444580078,1778918743.6263103
anymal_c_flat,Loss/entropy,78,16.766864776611328,1778918744.7510824
anymal_c_flat,Loss/entropy,79,16.76503562927246,1778918745.9011636
anymal_c_flat,Loss/entropy,80,16.76292610168457,1778918747.0417452
anymal_c_flat,Loss/entropy,81,16.761329650878906,1778918748.182273
anymal_c_flat,Loss/entropy,82,16.757427215576172,1778918749.3191564
anymal_c_flat,Loss/entropy,83,16.752437591552734,1778918750.4595628
anymal_c_flat,Loss/entropy,84,16.74998664855957,1778918751.5890782
anymal_c_flat,Loss/entropy,85,16.744810104370117,1778918752.8937788
anymal_c_flat,Loss/entropy,86,16.73902130126953,1778918754.0525105
anymal_c_flat,Loss/entropy,87,16.734949111938477,1778918755.1786885
anymal_c_flat,Loss/entropy,88,16.732242584228516,1778918756.2958338
anymal_c_flat,Loss/entropy,89,16.7307186126709,1778918757.436389
anymal_c_flat,Loss/entropy,90,16.727685928344727,1778918758.5815942
anymal_c_flat,Loss/entropy,91,16.724123001098633,1778918759.7401283
anymal_c_flat,Loss/entropy,92,16.72111701965332,1778918760.8819966
anymal_c_flat,Loss/entropy,93,16.71807289123535,1778918762.0268536
anymal_c_flat,Loss/entropy,94,16.71481704711914,1778918763.1610224
anymal_c_flat,Loss/entropy,95,16.7117919921875,1778918764.3538077
anymal_c_flat,Loss/entropy,96,16.707807540893555,1778918765.4950864
anymal_c_flat,Loss/entropy,97,16.70415496826172,1778918766.6431305
anymal_c_flat,Loss/entropy,98,16.700294494628906,1778918767.7894993
anymal_c_flat,Loss/entropy,99,16.69483184814453,1778918768.927458
anymal_c_flat,Loss/entropy,100,16.69101905822754,1778918770.0772467
anymal_c_flat,Loss/entropy,101,16.68761444091797,1778918771.2091513
anymal_c_flat,Loss/entropy,102,16.68671989440918,1778918772.3518224
anymal_c_flat,Loss/entropy,103,16.687347412109375,1778918773.487003
anymal_c_flat,Loss/entropy,104,16.685380935668945,1778918774.741683
anymal_c_flat,Loss/entropy,105,16.681678771972656,1778918775.8718424
anymal_c_flat,Loss/entropy,106,16.68075942993164,1778918777.0166373
anymal_c_flat,Loss/entropy,107,16.679162979125977,1778918778.147905
anymal_c_flat,Loss/entropy,108,16.673078536987305,1778918779.2847142
anymal_c_flat,Loss/entropy,109,16.665973663330078,1778918780.407138
anymal_c_flat,Loss/entropy,110,16.661361694335938,1778918781.5488827
anymal_c_flat,Loss/entropy,111,16.658327102661133,1778918782.6709511
anymal_c_flat,Loss/entropy,112,16.655513763427734,1778918783.7985103
anymal_c_flat,Loss/entropy,113,16.652921676635742,1778918784.949455
anymal_c_flat,Loss/entropy,114,16.650100708007812,1778918786.2079167
anymal_c_flat,Loss/entropy,115,16.644948959350586,1778918787.3499901
anymal_c_flat,Loss/entropy,116,16.640295028686523,1778918788.5008352
anymal_c_flat,Loss/entropy,117,16.637313842773438,1778918789.6393952
anymal_c_flat,Loss/entropy,118,16.633073806762695,1778918790.8011694
anymal_c_flat,Loss/entropy,119,16.627731323242188,1778918791.9505439
anymal_c_flat,Loss/entropy,120,16.622928619384766,1778918793.09965
anymal_c_flat,Loss/entropy,121,16.61892318725586,1778918794.2396207
anymal_c_flat,Loss/entropy,122,16.617158889770508,1778918795.376683
anymal_c_flat,Loss/entropy,123,16.61411476135254,1778918796.6325002
anymal_c_flat,Loss/entropy,124,16.60845375061035,1778918797.7888012
anymal_c_flat,Loss/entropy,125,16.600984573364258,1778918798.9056206
anymal_c_flat,Loss/entropy,126,16.594316482543945,1778918800.0439842
anymal_c_flat,Loss/entropy,127,16.589502334594727,1778918801.1811085
anymal_c_flat,Loss/entropy,128,16.58488655090332,1778918802.3249004
anymal_c_flat,Loss/entropy,129,16.579730987548828,1778918803.4755557
anymal_c_flat,Loss/entropy,130,16.576631546020508,1778918804.6027272
anymal_c_flat,Loss/entropy,131,16.570613861083984,1778918805.7649748
anymal_c_flat,Loss/entropy,132,16.562639236450195,1778918806.9313014
anymal_c_flat,Loss/entropy,133,16.559757232666016,1778918808.0737545
anymal_c_flat,Loss/entropy,134,16.560422897338867,1778918809.1892972
anymal_c_flat,Loss/entropy,135,16.560230255126953,1778918810.3272984
anymal_c_flat,Loss/entropy,136,16.555532455444336,1778918811.4588833
anymal_c_flat,Loss/entropy,137,16.54693603515625,1778918812.5962026
anymal_c_flat,Loss/entropy,138,16.5374698638916,1778918813.7516284
anymal_c_flat,Loss/entropy,139,16.5302677154541,1778918814.8856509
anymal_c_flat,Loss/entropy,140,16.526323318481445,1778918815.9962845
anymal_c_flat,Loss/entropy,141,16.5229549407959,1778918817.1290045
anymal_c_flat,Loss/entropy,142,16.520036697387695,1778918818.3845675
anymal_c_flat,Loss/entropy,143,16.517518997192383,1778918819.5187953
anymal_c_flat,Loss/entropy,144,16.51384735107422,1778918820.6473777
anymal_c_flat,Loss/entropy,145,16.50901222229004,1778918821.7942088
anymal_c_flat,Loss/entropy,146,16.503543853759766,1778918822.9109395
anymal_c_flat,Loss/entropy,147,16.49685287475586,1778918824.0595245
anymal_c_flat,Loss/entropy,148,16.49197006225586,1778918825.2018237
anymal_c_flat,Loss/entropy,149,16.49019432067871,1778918826.324086
anymal_c_flat,Loss/entropy,150,16.483362197875977,1778918827.4509132
anymal_c_flat,Loss/entropy,151,16.475915908813477,1778918828.6051702
anymal_c_flat,Loss/entropy,152,16.471349716186523,1778918829.8014767
anymal_c_flat,Loss/entropy,153,16.4649600982666,1778918830.9427779
anymal_c_flat,Loss/entropy,154,16.460886001586914,1778918832.0790248
anymal_c_flat,Loss/entropy,155,16.457347869873047,1778918833.2139432
anymal_c_flat,Loss/entropy,156,16.450923919677734,1778918834.3448443
anymal_c_flat,Loss/entropy,157,16.444826126098633,1778918835.470407
anymal_c_flat,Loss/entropy,158,16.44000816345215,1778918836.5971274
anymal_c_flat,Loss/entropy,159,16.437816619873047,1778918837.7068517
anymal_c_flat,Loss/entropy,160,16.435585021972656,1778918838.848185
anymal_c_flat,Loss/entropy,161,16.429153442382812,1778918840.0450702
anymal_c_flat,Loss/entropy,162,16.423757553100586,1778918841.1861904
anymal_c_flat,Loss/entropy,163,16.4158992767334,1778918842.3302066
anymal_c_flat,Loss/entropy,164,16.407482147216797,1778918843.4825974
anymal_c_flat,Loss/entropy,165,16.405725479125977,1778918844.6143951
anymal_c_flat,Loss/entropy,166,16.402191162109375,1778918845.758761
anymal_c_flat,Loss/entropy,167,16.397602081298828,1778918846.8809872
anymal_c_flat,Loss/entropy,168,16.395713806152344,1778918848.0204163
anymal_c_flat,Loss/entropy,169,16.39378547668457,1778918849.1392057
anymal_c_flat,Loss/entropy,170,16.39106559753418,1778918850.2925918
anymal_c_flat,Loss/entropy,171,16.38631820678711,1778918851.5172677
anymal_c_flat,Loss/entropy,172,16.379446029663086,1778918852.6706448
anymal_c_flat,Loss/entropy,173,16.37261199951172,1778918853.8231893
anymal_c_flat,Loss/entropy,174,16.366989135742188,1778918854.9490404
anymal_c_flat,Loss/entropy,175,16.361812591552734,1778918856.0827436
anymal_c_flat,Loss/entropy,176,16.357128143310547,1778918857.2237227
anymal_c_flat,Loss/entropy,177,16.353073120117188,1778918858.3568778
anymal_c_flat,Loss/entropy,178,16.348161697387695,1778918859.510974
anymal_c_flat,Loss/entropy,179,16.342262268066406,1778918860.6412427
anymal_c_flat,Loss/entropy,180,16.335739135742188,1778918861.849152
anymal_c_flat,Loss/entropy,181,16.333620071411133,1778918862.9720428
anymal_c_flat,Loss/entropy,182,16.33424949645996,1778918864.1118577
anymal_c_flat,Loss/entropy,183,16.33020782470703,1778918865.246596
anymal_c_flat,Loss/entropy,184,16.324764251708984,1778918866.382905
anymal_c_flat,Loss/entropy,185,16.322141647338867,1778918867.5358522
anymal_c_flat,Loss/entropy,186,16.321311950683594,1778918868.660933
anymal_c_flat,Loss/entropy,187,16.317771911621094,1778918869.8010898
anymal_c_flat,Loss/entropy,188,16.31241798400879,1778918870.9391747
anymal_c_flat,Loss/entropy,189,16.30646514892578,1778918872.0814633
anymal_c_flat,Loss/entropy,190,16.299030303955078,1778918873.286557
anymal_c_flat,Loss/entropy,191,16.294368743896484,1778918874.4073427
anymal_c_flat,Loss/entropy,192,16.2890567779541,1778918875.5387368
anymal_c_flat,Loss/entropy,193,16.281105041503906,1778918876.6727114
anymal_c_flat,Loss/entropy,194,16.27341079711914,1778918877.8212905
anymal_c_flat,Loss/entropy,195,16.26694679260254,1778918878.9683335
anymal_c_flat,Loss/entropy,196,16.259233474731445,1778918880.1235363
anymal_c_flat,Loss/entropy,197,16.253372192382812,1778918881.281978
anymal_c_flat,Loss/entropy,198,16.24863052368164,1778918882.4203784
anymal_c_flat,Loss/entropy,199,16.24326515197754,1778918883.6932473
anymal_c_flat,Loss/entropy,200,16.237533569335938,1778918884.8297832
anymal_c_flat,Loss/entropy,201,16.231842041015625,1778918885.9949844
anymal_c_flat,Loss/entropy,202,16.224573135375977,1778918887.1198595
anymal_c_flat,Loss/entropy,203,16.216304779052734,1778918888.2653716
anymal_c_flat,Loss/entropy,204,16.211536407470703,1778918889.424071
anymal_c_flat,Loss/entropy,205,16.207199096679688,1778918890.551715
anymal_c_flat,Loss/entropy,206,16.200807571411133,1778918891.6904204
anymal_c_flat,Loss/entropy,207,16.194297790527344,1778918892.8098264
anymal_c_flat,Loss/entropy,208,16.189353942871094,1778918893.9463744
anymal_c_flat,Loss/entropy,209,16.188739776611328,1778918895.19455
anymal_c_flat,Loss/entropy,210,16.191205978393555,1778918896.3283327
anymal_c_flat,Loss/entropy,211,16.190813064575195,1778918897.455832
anymal_c_flat,Loss/entropy,212,16.186920166015625,1778918898.5964942
anymal_c_flat,Loss/entropy,213,16.183269500732422,1778918899.7375507
anymal_c_flat,Loss/entropy,214,16.17947769165039,1778918900.8771408
anymal_c_flat,Loss/entropy,215,16.1741943359375,1778918901.9984431
anymal_c_flat,Loss/entropy,216,16.162883758544922,1778918903.1431675
anymal_c_flat,Loss/entropy,217,16.151447296142578,1778918904.2684734
anymal_c_flat,Loss/entropy,218,16.14796257019043,1778918905.5431979
anymal_c_flat,Loss/entropy,219,16.147075653076172,1778918906.6724477
anymal_c_flat,Loss/entropy,220,16.144804000854492,1778918907.8075485
anymal_c_flat,Loss/entropy,221,16.141733169555664,1778918908.9268413
anymal_c_flat,Loss/entropy,222,16.13818359375,1778918910.0869956
anymal_c_flat,Loss/entropy,223,16.134201049804688,1778918911.2195086
anymal_c_flat,Loss/entropy,224,16.12763023376465,1778918912.3632433
anymal_c_flat,Loss/entropy,225,16.120954513549805,1778918913.5137453
anymal_c_flat,Loss/entropy,226,16.11829376220703,1778918914.6508548
anymal_c_flat,Loss/entropy,227,16.11526870727539,1778918915.7885199
anymal_c_flat,Loss/entropy,228,16.11018180847168,1778918917.069561
anymal_c_flat,Loss/entropy,229,16.102720260620117,1778918918.2091677
anymal_c_flat,Loss/entropy,230,16.095317840576172,1778918919.352722
anymal_c_flat,Loss/entropy,231,16.089235305786133,1778918920.5000715
anymal_c_flat,Loss/entropy,232,16.083805084228516,1778918921.6486273
anymal_c_flat,Loss/entropy,233,16.077390670776367,1778918922.7842195
anymal_c_flat,Loss/entropy,234,16.069217681884766,1778918923.9201603
anymal_c_flat,Loss/entropy,235,16.061893463134766,1778918925.0817337
anymal_c_flat,Loss/entropy,236,16.053264617919922,1778918926.2106814
anymal_c_flat,Loss/entropy,237,16.04663848876953,1778918927.4610348
anymal_c_flat,Loss/entropy,238,16.042001724243164,1778918928.6001942
anymal_c_flat,Loss/entropy,239,16.036617279052734,1778918929.7360559
anymal_c_flat,Loss/entropy,240,16.02984619140625,1778918930.8817918
anymal_c_flat,Loss/entropy,241,16.02562713623047,1778918932.023149
anymal_c_flat,Loss/entropy,242,16.02104377746582,1778918933.1651914
anymal_c_flat,Loss/entropy,243,16.014812469482422,1778918934.3103154
anymal_c_flat,Loss/entropy,244,16.00983428955078,1778918935.4356027
anymal_c_flat,Loss/entropy,245,16.004234313964844,1778918936.568876
anymal_c_flat,Loss/entropy,246,16.000768661499023,1778918937.716991
anymal_c_flat,Loss/entropy,247,15.997797966003418,1778918939.009481
anymal_c_flat,Loss/entropy,248,15.995710372924805,1778918940.1444976
anymal_c_flat,Loss/entropy,249,15.99300765991211,1778918941.2779014
anymal_c_flat,Loss/entropy,250,15.988527297973633,1778918942.4244647
anymal_c_flat,Loss/entropy,251,15.981836318969727,1778918943.569905
anymal_c_flat,Loss/entropy,252,15.973361015319824,1778918944.7093422
anymal_c_flat,Loss/entropy,253,15.96578311920166,1778918945.8461523
anymal_c_flat,Loss/entropy,254,15.960051536560059,1778918946.9785993
anymal_c_flat,Loss/entropy,255,15.957770347595215,1778918948.108699
anymal_c_flat,Loss/entropy,256,15.954865455627441,1778918949.3906581
anymal_c_flat,Loss/entropy,257,15.950947761535645,1778918950.5343928
anymal_c_flat,Loss/entropy,258,15.94791030883789,1778918951.6750965
anymal_c_flat,Loss/entropy,259,15.946085929870605,1778918952.8147202
anymal_c_flat,Loss/entropy,260,15.944920539855957,1778918953.962186
anymal_c_flat,Loss/entropy,261,15.94426155090332,1778918955.0926049
anymal_c_flat,Loss/entropy,262,15.943215370178223,1778918956.235203
anymal_c_flat,Loss/entropy,263,15.939674377441406,1778918957.355979
anymal_c_flat,Loss/entropy,264,15.933623313903809,1778918958.4905152
anymal_c_flat,Loss/entropy,265,15.928181648254395,1778918959.6156332
anymal_c_flat,Loss/entropy,266,15.925047874450684,1778918960.8422978
anymal_c_flat,Loss/entropy,267,15.924466133117676,1778918961.980803
anymal_c_flat,Loss/entropy,268,15.923925399780273,1778918963.1234496
anymal_c_flat,Loss/entropy,269,15.916665077209473,1778918964.2561257
anymal_c_flat,Loss/entropy,270,15.908233642578125,1778918965.3903685
anymal_c_flat,Loss/entropy,271,15.900227546691895,1778918966.517428
anymal_c_flat,Loss/entropy,272,15.8934326171875,1778918967.6524127
anymal_c_flat,Loss/entropy,273,15.886699676513672,1778918968.784276
anymal_c_flat,Loss/entropy,274,15.88398551940918,1778918969.9237998
anymal_c_flat,Loss/entropy,275,15.879979133605957,1778918971.1835155
anymal_c_flat,Loss/entropy,276,15.875565528869629,1778918972.3181546
anymal_c_flat,Loss/entropy,277,15.87096881866455,1778918973.439819
anymal_c_flat,Loss/entropy,278,15.864748001098633,1778918974.5994992
anymal_c_flat,Loss/entropy,279,15.85954761505127,1778918975.7316313
anymal_c_flat,Loss/entropy,280,15.856256484985352,1778918976.8611712
anymal_c_flat,Loss/entropy,281,15.854530334472656,1778918978.0112991
anymal_c_flat,Loss/entropy,282,15.852015495300293,1778918979.1428165
anymal_c_flat,Loss/entropy,283,15.847525596618652,1778918980.2928596
anymal_c_flat,Loss/entropy,284,15.843607902526855,1778918981.4432013
anymal_c_flat,Loss/entropy,285,15.84085464477539,1778918982.7356021
anymal_c_flat,Loss/entropy,286,15.83820629119873,1778918983.8744504
anymal_c_flat,Loss/entropy,287,15.835123062133789,1778918985.020223
anymal_c_flat,Loss/entropy,288,15.830429077148438,1778918986.162825
anymal_c_flat,Loss/entropy,289,15.825973510742188,1778918987.29916
anymal_c_flat,Loss/entropy,290,15.821725845336914,1778918988.4296877
anymal_c_flat,Loss/entropy,291,15.821127891540527,1778918989.5608048
anymal_c_flat,Loss/entropy,292,15.822851181030273,1778918990.6970248
anymal_c_flat,Loss/entropy,293,15.822369575500488,1778918991.8396955
anymal_c_flat,Loss/entropy,294,15.820426940917969,1778918993.1011918
anymal_c_flat,Loss/entropy,295,15.817466735839844,1778918994.2581966
anymal_c_flat,Loss/entropy,296,15.81497859954834,1778918995.406305
anymal_c_flat,Loss/entropy,297,15.815163612365723,1778918996.527596
anymal_c_flat,Loss/entropy,298,15.815058708190918,1778918997.6555643
anymal_c_flat,Loss/entropy,299,15.81316089630127,1778918998.7963305
anymal_c_flat,Loss/learning_rate,0,9.999999747378752e-06,1778918656.2317936
anymal_c_flat,Loss/learning_rate,1,2.2500000341096893e-05,1778918657.3859603
anymal_c_flat,Loss/learning_rate,2,9.999999747378752e-06,1778918658.4657161
anymal_c_flat,Loss/learning_rate,3,2.2500000341096893e-05,1778918659.5518713
anymal_c_flat,Loss/learning_rate,4,1.4999999621068127e-05,1778918660.6275642
anymal_c_flat,Loss/learning_rate,5,1.4999999621068127e-05,1778918662.1417077
anymal_c_flat,Loss/learning_rate,6,2.2500000341096893e-05,1778918663.2310052
anymal_c_flat,Loss/learning_rate,7,1.4999999621068127e-05,1778918664.321125
anymal_c_flat,Loss/learning_rate,8,1.4999999621068127e-05,1778918665.3916087
anymal_c_flat,Loss/learning_rate,9,2.2500000341096893e-05,1778918666.4549983
anymal_c_flat,Loss/learning_rate,10,9.999999747378752e-06,1778918667.5226512
anymal_c_flat,Loss/learning_rate,11,2.2500000341096893e-05,1778918668.5892026
anymal_c_flat,Loss/learning_rate,12,1.4999999621068127e-05,1778918669.65981
anymal_c_flat,Loss/learning_rate,13,1.4999999621068127e-05,1778918670.7449977
anymal_c_flat,Loss/learning_rate,14,1.4999999621068127e-05,1778918671.8355243
anymal_c_flat,Loss/learning_rate,15,9.999999747378752e-06,1778918672.918948
anymal_c_flat,Loss/learning_rate,16,2.2500000341096893e-05,1778918674.0080144
anymal_c_flat,Loss/learning_rate,17,1.4999999621068127e-05,1778918675.0820625
anymal_c_flat,Loss/learning_rate,18,1.4999999621068127e-05,1778918676.190346
anymal_c_flat,Loss/learning_rate,19,9.999999747378752e-06,1778918677.370499
anymal_c_flat,Loss/learning_rate,20,1.4999999621068127e-05,1778918678.4448245
anymal_c_flat,Loss/learning_rate,21,1.4999999621068127e-05,1778918679.87777
anymal_c_flat,Loss/learning_rate,22,1.4999999621068127e-05,1778918680.9777553
anymal_c_flat,Loss/learning_rate,23,9.999999747378752e-06,1778918682.091636
anymal_c_flat,Loss/learning_rate,24,9.999999747378752e-06,1778918683.1764293
anymal_c_flat,Loss/learning_rate,25,1.4999999621068127e-05,1778918684.275419
anymal_c_flat,Loss/learning_rate,26,9.999999747378752e-06,1778918685.373716
anymal_c_flat,Loss/learning_rate,27,9.999999747378752e-06,1778918686.4793708
anymal_c_flat,Loss/learning_rate,28,9.999999747378752e-06,1778918687.7135384
anymal_c_flat,Loss/learning_rate,29,1.4999999621068127e-05,1778918688.81752
anymal_c_flat,Loss/learning_rate,30,9.999999747378752e-06,1778918689.9447575
anymal_c_flat,Loss/learning_rate,31,9.999999747378752e-06,1778918691.059106
anymal_c_flat,Loss/learning_rate,32,1.4999999621068127e-05,1778918692.1606026
anymal_c_flat,Loss/learning_rate,33,9.999999747378752e-06,1778918693.2785244
anymal_c_flat,Loss/learning_rate,34,9.999999747378752e-06,1778918694.3880935
anymal_c_flat,Loss/learning_rate,35,9.999999747378752e-06,1778918695.4989963
anymal_c_flat,Loss/learning_rate,36,9.999999747378752e-06,1778918696.6372664
anymal_c_flat,Loss/learning_rate,37,9.999999747378752e-06,1778918697.7479298
anymal_c_flat,Loss/learning_rate,38,9.999999747378752e-06,1778918698.9964151
anymal_c_flat,Loss/learning_rate,39,9.999999747378752e-06,1778918700.1130476
anymal_c_flat,Loss/learning_rate,40,9.999999747378752e-06,1778918701.233019
anymal_c_flat,Loss/learning_rate,41,9.999999747378752e-06,1778918702.348448
anymal_c_flat,Loss/learning_rate,42,9.999999747378752e-06,1778918703.4628968
anymal_c_flat,Loss/learning_rate,43,9.999999747378752e-06,1778918704.589717
anymal_c_flat,Loss/learning_rate,44,9.999999747378752e-06,1778918705.7212193
anymal_c_flat,Loss/learning_rate,45,9.999999747378752e-06,1778918706.840879
anymal_c_flat,Loss/learning_rate,46,9.999999747378752e-06,1778918707.9666278
anymal_c_flat,Loss/learning_rate,47,9.999999747378752e-06,1778918709.196046
anymal_c_flat,Loss/learning_rate,48,9.999999747378752e-06,1778918710.3287501
anymal_c_flat,Loss/learning_rate,49,1.4999999621068127e-05,1778918711.455896
anymal_c_flat,Loss/learning_rate,50,9.999999747378752e-06,1778918712.5700002
anymal_c_flat,Loss/learning_rate,51,9.999999747378752e-06,1778918713.7074494
anymal_c_flat,Loss/learning_rate,52,9.999999747378752e-06,1778918714.845195
anymal_c_flat,Loss/learning_rate,53,9.999999747378752e-06,1778918715.9720385
anymal_c_flat,Loss/learning_rate,54,9.999999747378752e-06,1778918717.1108172
anymal_c_flat,Loss/learning_rate,55,9.999999747378752e-06,1778918718.2401872
anymal_c_flat,Loss/learning_rate,56,9.999999747378752e-06,1778918719.3836432
anymal_c_flat,Loss/learning_rate,57,9.999999747378752e-06,1778918720.6195087
anymal_c_flat,Loss/learning_rate,58,9.999999747378752e-06,1778918721.7700605
anymal_c_flat,Loss/learning_rate,59,9.999999747378752e-06,1778918722.9114933
anymal_c_flat,Loss/learning_rate,60,9.999999747378752e-06,1778918724.042842
anymal_c_flat,Loss/learning_rate,61,9.999999747378752e-06,1778918725.2228353
anymal_c_flat,Loss/learning_rate,62,9.999999747378752e-06,1778918726.34596
anymal_c_flat,Loss/learning_rate,63,9.999999747378752e-06,1778918727.4742033
anymal_c_flat,Loss/learning_rate,64,9.999999747378752e-06,1778918728.5951655
anymal_c_flat,Loss/learning_rate,65,9.999999747378752e-06,1778918729.732492
anymal_c_flat,Loss/learning_rate,66,9.999999747378752e-06,1778918730.991787
anymal_c_flat,Loss/learning_rate,67,9.999999747378752e-06,1778918732.1161458
anymal_c_flat,Loss/learning_rate,68,9.999999747378752e-06,1778918733.2585492
anymal_c_flat,Loss/learning_rate,69,9.999999747378752e-06,1778918734.3867037
anymal_c_flat,Loss/learning_rate,70,9.999999747378752e-06,1778918735.5250416
anymal_c_flat,Loss/learning_rate,71,9.999999747378752e-06,1778918736.6753297
anymal_c_flat,Loss/learning_rate,72,9.999999747378752e-06,1778918737.8038034
anymal_c_flat,Loss/learning_rate,73,9.999999747378752e-06,1778918738.92574
anymal_c_flat,Loss/learning_rate,74,9.999999747378752e-06,1778918740.0561182
anymal_c_flat,Loss/learning_rate,75,9.999999747378752e-06,1778918741.1938684
anymal_c_flat,Loss/learning_rate,76,9.999999747378752e-06,1778918742.4788568
anymal_c_flat,Loss/learning_rate,77,9.999999747378752e-06,1778918743.6263273
anymal_c_flat,Loss/learning_rate,78,9.999999747378752e-06,1778918744.7510974
anymal_c_flat,Loss/learning_rate,79,9.999999747378752e-06,1778918745.90119
anymal_c_flat,Loss/learning_rate,80,9.999999747378752e-06,1778918747.0417593
anymal_c_flat,Loss/learning_rate,81,9.999999747378752e-06,1778918748.1822884
anymal_c_flat,Loss/learning_rate,82,9.999999747378752e-06,1778918749.3191705
anymal_c_flat,Loss/learning_rate,83,9.999999747378752e-06,1778918750.459598
anymal_c_flat,Loss/learning_rate,84,9.999999747378752e-06,1778918751.5890925
anymal_c_flat,Loss/learning_rate,85,9.999999747378752e-06,1778918752.893793
anymal_c_flat,Loss/learning_rate,86,9.999999747378752e-06,1778918754.0525265
anymal_c_flat,Loss/learning_rate,87,9.999999747378752e-06,1778918755.1787038
anymal_c_flat,Loss/learning_rate,88,9.999999747378752e-06,1778918756.2958481
anymal_c_flat,Loss/learning_rate,89,9.999999747378752e-06,1778918757.436403
anymal_c_flat,Loss/learning_rate,90,9.999999747378752e-06,1778918758.581613
anymal_c_flat,Loss/learning_rate,91,9.999999747378752e-06,1778918759.7401423
anymal_c_flat,Loss/learning_rate,92,9.999999747378752e-06,1778918760.8820105
anymal_c_flat,Loss/learning_rate,93,9.999999747378752e-06,1778918762.0268674
anymal_c_flat,Loss/learning_rate,94,9.999999747378752e-06,1778918763.1610363
anymal_c_flat,Loss/learning_rate,95,9.999999747378752e-06,1778918764.3538218
anymal_c_flat,Loss/learning_rate,96,9.999999747378752e-06,1778918765.4951005
anymal_c_flat,Loss/learning_rate,97,9.999999747378752e-06,1778918766.6431458
anymal_c_flat,Loss/learning_rate,98,2.2500000341096893e-05,1778918767.789513
anymal_c_flat,Loss/learning_rate,99,9.999999747378752e-06,1778918768.927472
anymal_c_flat,Loss/learning_rate,100,9.999999747378752e-06,1778918770.0772624
anymal_c_flat,Loss/learning_rate,101,1.4999999621068127e-05,1778918771.2091653
anymal_c_flat,Loss/learning_rate,102,3.3749998692655936e-05,1778918772.3518467
anymal_c_flat,Loss/learning_rate,103,9.999999747378752e-06,1778918773.4870179
anymal_c_flat,Loss/learning_rate,104,1.4999999621068127e-05,1778918774.741697
anymal_c_flat,Loss/learning_rate,105,9.999999747378752e-06,1778918775.8718565
anymal_c_flat,Loss/learning_rate,106,9.999999747378752e-06,1778918777.0166528
anymal_c_flat,Loss/learning_rate,107,9.999999747378752e-06,1778918778.1479194
anymal_c_flat,Loss/learning_rate,108,9.999999747378752e-06,1778918779.2847288
anymal_c_flat,Loss/learning_rate,109,9.999999747378752e-06,1778918780.4071524
anymal_c_flat,Loss/learning_rate,110,9.999999747378752e-06,1778918781.548898
anymal_c_flat,Loss/learning_rate,111,9.999999747378752e-06,1778918782.670966
anymal_c_flat,Loss/learning_rate,112,9.999999747378752e-06,1778918783.7985244
anymal_c_flat,Loss/learning_rate,113,9.999999747378752e-06,1778918784.9494698
anymal_c_flat,Loss/learning_rate,114,9.999999747378752e-06,1778918786.207931
anymal_c_flat,Loss/learning_rate,115,9.999999747378752e-06,1778918787.3500042
anymal_c_flat,Loss/learning_rate,116,9.999999747378752e-06,1778918788.5008495
anymal_c_flat,Loss/learning_rate,117,9.999999747378752e-06,1778918789.63941
anymal_c_flat,Loss/learning_rate,118,9.999999747378752e-06,1778918790.8011847
anymal_c_flat,Loss/learning_rate,119,9.999999747378752e-06,1778918791.950558
anymal_c_flat,Loss/learning_rate,120,3.3749998692655936e-05,1778918793.0996656
anymal_c_flat,Loss/learning_rate,121,9.999999747378752e-06,1778918794.239635
anymal_c_flat,Loss/learning_rate,122,9.999999747378752e-06,1778918795.3767004
anymal_c_flat,Loss/learning_rate,123,9.999999747378752e-06,1778918796.6325147
anymal_c_flat,Loss/learning_rate,124,9.999999747378752e-06,1778918797.7888167
anymal_c_flat,Loss/learning_rate,125,9.999999747378752e-06,1778918798.9056349
anymal_c_flat,Loss/learning_rate,126,9.999999747378752e-06,1778918800.0439992
anymal_c_flat,Loss/learning_rate,127,9.999999747378752e-06,1778918801.1811237
anymal_c_flat,Loss/learning_rate,128,9.999999747378752e-06,1778918802.324916
anymal_c_flat,Loss/learning_rate,129,9.999999747378752e-06,1778918803.47557
anymal_c_flat,Loss/learning_rate,130,9.999999747378752e-06,1778918804.602742
anymal_c_flat,Loss/learning_rate,131,9.999999747378752e-06,1778918805.7649891
anymal_c_flat,Loss/learning_rate,132,9.999999747378752e-06,1778918806.9313316
anymal_c_flat,Loss/learning_rate,133,9.999999747378752e-06,1778918808.0737686
anymal_c_flat,Loss/learning_rate,134,9.999999747378752e-06,1778918809.1893113
anymal_c_flat,Loss/learning_rate,135,9.999999747378752e-06,1778918810.3273125
anymal_c_flat,Loss/learning_rate,136,9.999999747378752e-06,1778918811.4588978
anymal_c_flat,Loss/learning_rate,137,1.4999999621068127e-05,1778918812.5962167
anymal_c_flat,Loss/learning_rate,138,9.999999747378752e-06,1778918813.7516425
anymal_c_flat,Loss/learning_rate,139,9.999999747378752e-06,1778918814.885665
anymal_c_flat,Loss/learning_rate,140,9.999999747378752e-06,1778918815.996299
anymal_c_flat,Loss/learning_rate,141,9.999999747378752e-06,1778918817.1290185
anymal_c_flat,Loss/learning_rate,142,9.999999747378752e-06,1778918818.384604
anymal_c_flat,Loss/learning_rate,143,9.999999747378752e-06,1778918819.5188093
anymal_c_flat,Loss/learning_rate,144,9.999999747378752e-06,1778918820.6473923
anymal_c_flat,Loss/learning_rate,145,9.999999747378752e-06,1778918821.7942235
anymal_c_flat,Loss/learning_rate,146,9.999999747378752e-06,1778918822.9109542
anymal_c_flat,Loss/learning_rate,147,9.999999747378752e-06,1778918824.0595386
anymal_c_flat,Loss/learning_rate,148,9.999999747378752e-06,1778918825.2018383
anymal_c_flat,Loss/learning_rate,149,9.999999747378752e-06,1778918826.3241003
anymal_c_flat,Loss/learning_rate,150,9.999999747378752e-06,1778918827.4509277
anymal_c_flat,Loss/learning_rate,151,9.999999747378752e-06,1778918828.605185
anymal_c_flat,Loss/learning_rate,152,9.999999747378752e-06,1778918829.8014913
anymal_c_flat,Loss/learning_rate,153,9.999999747378752e-06,1778918830.9427938
anymal_c_flat,Loss/learning_rate,154,9.999999747378752e-06,1778918832.0790393
anymal_c_flat,Loss/learning_rate,155,9.999999747378752e-06,1778918833.2139573
anymal_c_flat,Loss/learning_rate,156,9.999999747378752e-06,1778918834.3448582
anymal_c_flat,Loss/learning_rate,157,9.999999747378752e-06,1778918835.4704208
anymal_c_flat,Loss/learning_rate,158,9.999999747378752e-06,1778918836.5971417
anymal_c_flat,Loss/learning_rate,159,9.999999747378752e-06,1778918837.706866
anymal_c_flat,Loss/learning_rate,160,9.999999747378752e-06,1778918838.8481994
anymal_c_flat,Loss/learning_rate,161,9.999999747378752e-06,1778918840.045084
anymal_c_flat,Loss/learning_rate,162,9.999999747378752e-06,1778918841.1862044
anymal_c_flat,Loss/learning_rate,163,1.4999999621068127e-05,1778918842.330222
anymal_c_flat,Loss/learning_rate,164,9.999999747378752e-06,1778918843.4826145
anymal_c_flat,Loss/learning_rate,165,9.999999747378752e-06,1778918844.6144094
anymal_c_flat,Loss/learning_rate,166,9.999999747378752e-06,1778918845.7587755
anymal_c_flat,Loss/learning_rate,167,9.999999747378752e-06,1778918846.8810012
anymal_c_flat,Loss/learning_rate,168,9.999999747378752e-06,1778918848.0204306
anymal_c_flat,Loss/learning_rate,169,9.999999747378752e-06,1778918849.1392207
anymal_c_flat,Loss/learning_rate,170,9.999999747378752e-06,1778918850.2926114
anymal_c_flat,Loss/learning_rate,171,9.999999747378752e-06,1778918851.517291
anymal_c_flat,Loss/learning_rate,172,9.999999747378752e-06,1778918852.6706605
anymal_c_flat,Loss/learning_rate,173,9.999999747378752e-06,1778918853.8232043
anymal_c_flat,Loss/learning_rate,174,9.999999747378752e-06,1778918854.9490545
anymal_c_flat,Loss/learning_rate,175,9.999999747378752e-06,1778918856.082758
anymal_c_flat,Loss/learning_rate,176,9.999999747378752e-06,1778918857.2237372
anymal_c_flat,Loss/learning_rate,177,9.999999747378752e-06,1778918858.3568919
anymal_c_flat,Loss/learning_rate,178,9.999999747378752e-06,1778918859.510988
anymal_c_flat,Loss/learning_rate,179,9.999999747378752e-06,1778918860.6412582
anymal_c_flat,Loss/learning_rate,180,9.999999747378752e-06,1778918861.8491664
anymal_c_flat,Loss/learning_rate,181,9.999999747378752e-06,1778918862.9720566
anymal_c_flat,Loss/learning_rate,182,9.999999747378752e-06,1778918864.1118715
anymal_c_flat,Loss/learning_rate,183,9.999999747378752e-06,1778918865.2466166
anymal_c_flat,Loss/learning_rate,184,9.999999747378752e-06,1778918866.3829193
anymal_c_flat,Loss/learning_rate,185,9.999999747378752e-06,1778918867.5358663
anymal_c_flat,Loss/learning_rate,186,9.999999747378752e-06,1778918868.6609485
anymal_c_flat,Loss/learning_rate,187,9.999999747378752e-06,1778918869.8011045
anymal_c_flat,Loss/learning_rate,188,9.999999747378752e-06,1778918870.93919
anymal_c_flat,Loss/learning_rate,189,9.999999747378752e-06,1778918872.0814807
anymal_c_flat,Loss/learning_rate,190,9.999999747378752e-06,1778918873.2865956
anymal_c_flat,Loss/learning_rate,191,9.999999747378752e-06,1778918874.407357
anymal_c_flat,Loss/learning_rate,192,9.999999747378752e-06,1778918875.5387506
anymal_c_flat,Loss/learning_rate,193,9.999999747378752e-06,1778918876.6727269
anymal_c_flat,Loss/learning_rate,194,9.999999747378752e-06,1778918877.8213053
anymal_c_flat,Loss/learning_rate,195,9.999999747378752e-06,1778918878.9683495
anymal_c_flat,Loss/learning_rate,196,9.999999747378752e-06,1778918880.1235518
anymal_c_flat,Loss/learning_rate,197,9.999999747378752e-06,1778918881.2819917
anymal_c_flat,Loss/learning_rate,198,9.999999747378752e-06,1778918882.4203923
anymal_c_flat,Loss/learning_rate,199,9.999999747378752e-06,1778918883.6932614
anymal_c_flat,Loss/learning_rate,200,9.999999747378752e-06,1778918884.829798
anymal_c_flat,Loss/learning_rate,201,9.999999747378752e-06,1778918885.9949987
anymal_c_flat,Loss/learning_rate,202,9.999999747378752e-06,1778918887.119874
anymal_c_flat,Loss/learning_rate,203,9.999999747378752e-06,1778918888.2653856
anymal_c_flat,Loss/learning_rate,204,9.999999747378752e-06,1778918889.4240863
anymal_c_flat,Loss/learning_rate,205,9.999999747378752e-06,1778918890.5517297
anymal_c_flat,Loss/learning_rate,206,9.999999747378752e-06,1778918891.6904342
anymal_c_flat,Loss/learning_rate,207,9.999999747378752e-06,1778918892.8098402
anymal_c_flat,Loss/learning_rate,208,9.999999747378752e-06,1778918893.9463882
anymal_c_flat,Loss/learning_rate,209,9.999999747378752e-06,1778918895.1945639
anymal_c_flat,Loss/learning_rate,210,9.999999747378752e-06,1778918896.3283472
anymal_c_flat,Loss/learning_rate,211,9.999999747378752e-06,1778918897.4558465
anymal_c_flat,Loss/learning_rate,212,9.999999747378752e-06,1778918898.5965092
anymal_c_flat,Loss/learning_rate,213,9.999999747378752e-06,1778918899.737566
anymal_c_flat,Loss/learning_rate,214,9.999999747378752e-06,1778918900.877156
anymal_c_flat,Loss/learning_rate,215,9.999999747378752e-06,1778918901.9984567
anymal_c_flat,Loss/learning_rate,216,9.999999747378752e-06,1778918903.1431818
anymal_c_flat,Loss/learning_rate,217,9.999999747378752e-06,1778918904.2684875
anymal_c_flat,Loss/learning_rate,218,9.999999747378752e-06,1778918905.543212
anymal_c_flat,Loss/learning_rate,219,9.999999747378752e-06,1778918906.6724617
anymal_c_flat,Loss/learning_rate,220,9.999999747378752e-06,1778918907.8075626
anymal_c_flat,Loss/learning_rate,221,9.999999747378752e-06,1778918908.9268553
anymal_c_flat,Loss/learning_rate,222,9.999999747378752e-06,1778918910.08701
anymal_c_flat,Loss/learning_rate,223,9.999999747378752e-06,1778918911.219523
anymal_c_flat,Loss/learning_rate,224,9.999999747378752e-06,1778918912.3632574
anymal_c_flat,Loss/learning_rate,225,9.999999747378752e-06,1778918913.5137591
anymal_c_flat,Loss/learning_rate,226,9.999999747378752e-06,1778918914.6508696
anymal_c_flat,Loss/learning_rate,227,9.999999747378752e-06,1778918915.7885342
anymal_c_flat,Loss/learning_rate,228,9.999999747378752e-06,1778918917.0695941
anymal_c_flat,Loss/learning_rate,229,9.999999747378752e-06,1778918918.209182
anymal_c_flat,Loss/learning_rate,230,9.999999747378752e-06,1778918919.3527365
anymal_c_flat,Loss/learning_rate,231,9.999999747378752e-06,1778918920.5000858
anymal_c_flat,Loss/learning_rate,232,9.999999747378752e-06,1778918921.6486413
anymal_c_flat,Loss/learning_rate,233,9.999999747378752e-06,1778918922.784234
anymal_c_flat,Loss/learning_rate,234,9.999999747378752e-06,1778918923.9201744
anymal_c_flat,Loss/learning_rate,235,9.999999747378752e-06,1778918925.081755
anymal_c_flat,Loss/learning_rate,236,9.999999747378752e-06,1778918926.2106962
anymal_c_flat,Loss/learning_rate,237,9.999999747378752e-06,1778918927.4610488
anymal_c_flat,Loss/learning_rate,238,9.999999747378752e-06,1778918928.6002083
anymal_c_flat,Loss/learning_rate,239,9.999999747378752e-06,1778918929.7360694
anymal_c_flat,Loss/learning_rate,240,9.999999747378752e-06,1778918930.8818069
anymal_c_flat,Loss/learning_rate,241,9.999999747378752e-06,1778918932.0231636
anymal_c_flat,Loss/learning_rate,242,9.999999747378752e-06,1778918933.1652057
anymal_c_flat,Loss/learning_rate,243,9.999999747378752e-06,1778918934.3103294
anymal_c_flat,Loss/learning_rate,244,9.999999747378752e-06,1778918935.4356189
anymal_c_flat,Loss/learning_rate,245,9.999999747378752e-06,1778918936.56889
anymal_c_flat,Loss/learning_rate,246,9.999999747378752e-06,1778918937.7170067
anymal_c_flat,Loss/learning_rate,247,9.999999747378752e-06,1778918939.0094953
anymal_c_flat,Loss/learning_rate,248,9.999999747378752e-06,1778918940.1445117
anymal_c_flat,Loss/learning_rate,249,9.999999747378752e-06,1778918941.2779155
anymal_c_flat,Loss/learning_rate,250,9.999999747378752e-06,1778918942.4244795
anymal_c_flat,Loss/learning_rate,251,9.999999747378752e-06,1778918943.5699193
anymal_c_flat,Loss/learning_rate,252,9.999999747378752e-06,1778918944.7093563
anymal_c_flat,Loss/learning_rate,253,9.999999747378752e-06,1778918945.8461657
anymal_c_flat,Loss/learning_rate,254,9.999999747378752e-06,1778918946.9786167
anymal_c_flat,Loss/learning_rate,255,9.999999747378752e-06,1778918948.1087136
anymal_c_flat,Loss/learning_rate,256,9.999999747378752e-06,1778918949.3906727
anymal_c_flat,Loss/learning_rate,257,9.999999747378752e-06,1778918950.534407
anymal_c_flat,Loss/learning_rate,258,9.999999747378752e-06,1778918951.6751108
anymal_c_flat,Loss/learning_rate,259,9.999999747378752e-06,1778918952.8147347
anymal_c_flat,Loss/learning_rate,260,9.999999747378752e-06,1778918953.9622004
anymal_c_flat,Loss/learning_rate,261,9.999999747378752e-06,1778918955.0926206
anymal_c_flat,Loss/learning_rate,262,9.999999747378752e-06,1778918956.235217
anymal_c_flat,Loss/learning_rate,263,9.999999747378752e-06,1778918957.3559928
anymal_c_flat,Loss/learning_rate,264,9.999999747378752e-06,1778918958.4905298
anymal_c_flat,Loss/learning_rate,265,9.999999747378752e-06,1778918959.6156476
anymal_c_flat,Loss/learning_rate,266,9.999999747378752e-06,1778918960.8423247
anymal_c_flat,Loss/learning_rate,267,9.999999747378752e-06,1778918961.9808173
anymal_c_flat,Loss/learning_rate,268,7.593750342493877e-05,1778918963.1234634
anymal_c_flat,Loss/learning_rate,269,9.999999747378752e-06,1778918964.2561405
anymal_c_flat,Loss/learning_rate,270,9.999999747378752e-06,1778918965.3903847
anymal_c_flat,Loss/learning_rate,271,9.999999747378752e-06,1778918966.5174417
anymal_c_flat,Loss/learning_rate,272,1.4999999621068127e-05,1778918967.6524296
anymal_c_flat,Loss/learning_rate,273,9.999999747378752e-06,1778918968.7842898
anymal_c_flat,Loss/learning_rate,274,9.999999747378752e-06,1778918969.9238138
anymal_c_flat,Loss/learning_rate,275,9.999999747378752e-06,1778918971.1835303
anymal_c_flat,Loss/learning_rate,276,9.999999747378752e-06,1778918972.3181696
anymal_c_flat,Loss/learning_rate,277,9.999999747378752e-06,1778918973.439833
anymal_c_flat,Loss/learning_rate,278,9.999999747378752e-06,1778918974.599513
anymal_c_flat,Loss/learning_rate,279,9.999999747378752e-06,1778918975.7316506
anymal_c_flat,Loss/learning_rate,280,9.999999747378752e-06,1778918976.8611853
anymal_c_flat,Loss/learning_rate,281,9.999999747378752e-06,1778918978.0113132
anymal_c_flat,Loss/learning_rate,282,9.999999747378752e-06,1778918979.1428308
anymal_c_flat,Loss/learning_rate,283,9.999999747378752e-06,1778918980.292874
anymal_c_flat,Loss/learning_rate,284,9.999999747378752e-06,1778918981.4432156
anymal_c_flat,Loss/learning_rate,285,9.999999747378752e-06,1778918982.735618
anymal_c_flat,Loss/learning_rate,286,9.999999747378752e-06,1778918983.8744648
anymal_c_flat,Loss/learning_rate,287,9.999999747378752e-06,1778918985.0202372
anymal_c_flat,Loss/learning_rate,288,9.999999747378752e-06,1778918986.162839
anymal_c_flat,Loss/learning_rate,289,9.999999747378752e-06,1778918987.2991743
anymal_c_flat,Loss/learning_rate,290,9.999999747378752e-06,1778918988.4297023
anymal_c_flat,Loss/learning_rate,291,9.999999747378752e-06,1778918989.5608191
anymal_c_flat,Loss/learning_rate,292,9.999999747378752e-06,1778918990.6970398
anymal_c_flat,Loss/learning_rate,293,9.999999747378752e-06,1778918991.8397102
anymal_c_flat,Loss/learning_rate,294,9.999999747378752e-06,1778918993.1012068
anymal_c_flat,Loss/learning_rate,295,9.999999747378752e-06,1778918994.258211
anymal_c_flat,Loss/learning_rate,296,9.999999747378752e-06,1778918995.4063277
anymal_c_flat,Loss/learning_rate,297,9.999999747378752e-06,1778918996.5276134
anymal_c_flat,Loss/learning_rate,298,9.999999747378752e-06,1778918997.6556005
anymal_c_flat,Loss/learning_rate,299,2.2500000341096893e-05,1778918998.7963443
anymal_c_flat,Policy/mean_noise_std,0,0.9985103607177734,1778918656.2318738
anymal_c_flat,Policy/mean_noise_std,1,0.9986962080001831,1778918657.386058
anymal_c_flat,Policy/mean_noise_std,2,0.9983022809028625,1778918658.4658124
anymal_c_flat,Policy/mean_noise_std,3,0.9975476861000061,1778918659.5519717
anymal_c_flat,Policy/mean_noise_std,4,0.9969301223754883,1778918660.6276793
anymal_c_flat,Policy/mean_noise_std,5,0.9966995716094971,1778918662.1417925
anymal_c_flat,Policy/mean_noise_std,6,0.9963217973709106,1778918663.231098
anymal_c_flat,Policy/mean_noise_std,7,0.9962573647499084,1778918664.3212178
anymal_c_flat,Policy/mean_noise_std,8,0.9958627820014954,1778918665.3917117
anymal_c_flat,Policy/mean_noise_std,9,0.9952681064605713,1778918666.4550986
anymal_c_flat,Policy/mean_noise_std,10,0.9943027496337891,1778918667.5227447
anymal_c_flat,Policy/mean_noise_std,11,0.9938880205154419,1778918668.5893002
anymal_c_flat,Policy/mean_noise_std,12,0.993193507194519,1778918669.6599047
anymal_c_flat,Policy/mean_noise_std,13,0.993043065071106,1778918670.7450862
anymal_c_flat,Policy/mean_noise_std,14,0.9923241138458252,1778918671.8356488
anymal_c_flat,Policy/mean_noise_std,15,0.9916685223579407,1778918672.919044
anymal_c_flat,Policy/mean_noise_std,16,0.9909197688102722,1778918674.0081003
anymal_c_flat,Policy/mean_noise_std,17,0.9903427958488464,1778918675.0821612
anymal_c_flat,Policy/mean_noise_std,18,0.9902447462081909,1778918676.1904309
anymal_c_flat,Policy/mean_noise_std,19,0.99003666639328,1778918677.3705966
anymal_c_flat,Policy/mean_noise_std,20,0.9900379180908203,1778918678.4449131
anymal_c_flat,Policy/mean_noise_std,21,0.9895233511924744,1778918679.877849
anymal_c_flat,Policy/mean_noise_std,22,0.989495575428009,1778918680.977848
anymal_c_flat,Policy/mean_noise_std,23,0.9897903800010681,1778918682.0917375
anymal_c_flat,Policy/mean_noise_std,24,0.9895623326301575,1778918683.1765244
anymal_c_flat,Policy/mean_noise_std,25,0.9894997477531433,1778918684.2755156
anymal_c_flat,Policy/mean_noise_std,26,0.9896462559700012,1778918685.373819
anymal_c_flat,Policy/mean_noise_std,27,0.9896498918533325,1778918686.4794695
anymal_c_flat,Policy/mean_noise_std,28,0.9897079467773438,1778918687.7136576
anymal_c_flat,Policy/mean_noise_std,29,0.9895352125167847,1778918688.8176444
anymal_c_flat,Policy/mean_noise_std,30,0.9895003437995911,1778918689.9448423
anymal_c_flat,Policy/mean_noise_std,31,0.9896868467330933,1778918691.0592
anymal_c_flat,Policy/mean_noise_std,32,0.989831805229187,1778918692.1606872
anymal_c_flat,Policy/mean_noise_std,33,0.9897003173828125,1778918693.2786467
anymal_c_flat,Policy/mean_noise_std,34,0.9897989630699158,1778918694.3881915
anymal_c_flat,Policy/mean_noise_std,35,0.9897933602333069,1778918695.4991035
anymal_c_flat,Policy/mean_noise_std,36,0.9895553588867188,1778918696.6373656
anymal_c_flat,Policy/mean_noise_std,37,0.989425539970398,1778918697.7480154
anymal_c_flat,Policy/mean_noise_std,38,0.9892116189002991,1778918698.9965076
anymal_c_flat,Policy/mean_noise_std,39,0.9887964725494385,1778918700.1131413
anymal_c_flat,Policy/mean_noise_std,40,0.988490879535675,1778918701.233114
anymal_c_flat,Policy/mean_noise_std,41,0.9881824851036072,1778918702.3485436
anymal_c_flat,Policy/mean_noise_std,42,0.9878473281860352,1778918703.4629595
anymal_c_flat,Policy/mean_noise_std,43,0.9877317547798157,1778918704.5897639
anymal_c_flat,Policy/mean_noise_std,44,0.9874695539474487,1778918705.721283
anymal_c_flat,Policy/mean_noise_std,45,0.9870098233222961,1778918706.8409567
anymal_c_flat,Policy/mean_noise_std,46,0.9869305491447449,1778918707.9667392
anymal_c_flat,Policy/mean_noise_std,47,0.9865673184394836,1778918709.1960924
anymal_c_flat,Policy/mean_noise_std,48,0.9864296317100525,1778918710.3288467
anymal_c_flat,Policy/mean_noise_std,49,0.9864287972450256,1778918711.455994
anymal_c_flat,Policy/mean_noise_std,50,0.9864402413368225,1778918712.5700922
anymal_c_flat,Policy/mean_noise_std,51,0.9862087368965149,1778918713.7074962
anymal_c_flat,Policy/mean_noise_std,52,0.9857919812202454,1778918714.8452823
anymal_c_flat,Policy/mean_noise_std,53,0.9853454232215881,1778918715.9721394
anymal_c_flat,Policy/mean_noise_std,54,0.9851118922233582,1778918717.1109223
anymal_c_flat,Policy/mean_noise_std,55,0.985098123550415,1778918718.2402694
anymal_c_flat,Policy/mean_noise_std,56,0.9851570129394531,1778918719.383738
anymal_c_flat,Policy/mean_noise_std,57,0.9849034547805786,1778918720.6195548
anymal_c_flat,Policy/mean_noise_std,58,0.984620213508606,1778918721.770176
anymal_c_flat,Policy/mean_noise_std,59,0.9843590259552002,1778918722.9116104
anymal_c_flat,Policy/mean_noise_std,60,0.9840999245643616,1778918724.042937
anymal_c_flat,Policy/mean_noise_std,61,0.9837622046470642,1778918725.2229185
anymal_c_flat,Policy/mean_noise_std,62,0.9834402203559875,1778918726.3460546
anymal_c_flat,Policy/mean_noise_std,63,0.9830078482627869,1778918727.4743123
anymal_c_flat,Policy/mean_noise_std,64,0.9826932549476624,1778918728.5952113
anymal_c_flat,Policy/mean_noise_std,65,0.9824477434158325,1778918729.7326078
anymal_c_flat,Policy/mean_noise_std,66,0.9818575978279114,1778918730.991887
anymal_c_flat,Policy/mean_noise_std,67,0.9814578294754028,1778918732.1162436
anymal_c_flat,Policy/mean_noise_std,68,0.9813211560249329,1778918733.258666
anymal_c_flat,Policy/mean_noise_std,69,0.9813876748085022,1778918734.3868046
anymal_c_flat,Policy/mean_noise_std,70,0.9812827706336975,1778918735.5251489
anymal_c_flat,Policy/mean_noise_std,71,0.9809752702713013,1778918736.6754336
anymal_c_flat,Policy/mean_noise_std,72,0.9806622266769409,1778918737.8038974
anymal_c_flat,Policy/mean_noise_std,73,0.9802740216255188,1778918738.9258263
anymal_c_flat,Policy/mean_noise_std,74,0.9796383380889893,1778918740.056205
anymal_c_flat,Policy/mean_noise_std,75,0.9791691899299622,1778918741.193947
anymal_c_flat,Policy/mean_noise_std,76,0.9786930084228516,1778918742.4789453
anymal_c_flat,Policy/mean_noise_std,77,0.9786341190338135,1778918743.6264262
anymal_c_flat,Policy/mean_noise_std,78,0.978516697883606,1778918744.7511854
anymal_c_flat,Policy/mean_noise_std,79,0.9783337116241455,1778918745.9012918
anymal_c_flat,Policy/mean_noise_std,80,0.9781714677810669,1778918747.0418088
anymal_c_flat,Policy/mean_noise_std,81,0.9780576825141907,1778918748.1823814
anymal_c_flat,Policy/mean_noise_std,82,0.9775369763374329,1778918749.3192716
anymal_c_flat,Policy/mean_noise_std,83,0.9773033857345581,1778918750.4596977
anymal_c_flat,Policy/mean_noise_std,84,0.9770732522010803,1778918751.5891936
anymal_c_flat,Policy/mean_noise_std,85,0.976505696773529,1778918752.8938901
anymal_c_flat,Policy/mean_noise_std,86,0.9761248826980591,1778918754.0526474
anymal_c_flat,Policy/mean_noise_std,87,0.9758262634277344,1778918755.1787996
anymal_c_flat,Policy/mean_noise_std,88,0.975701630115509,1778918756.295944
anymal_c_flat,Policy/mean_noise_std,89,0.9755476713180542,1778918757.4364657
anymal_c_flat,Policy/mean_noise_std,90,0.9752295017242432,1778918758.5817034
anymal_c_flat,Policy/mean_noise_std,91,0.9749771952629089,1778918759.7401903
anymal_c_flat,Policy/mean_noise_std,92,0.9747385382652283,1778918760.8977249
anymal_c_flat,Policy/mean_noise_std,93,0.974473774433136,1778918762.0270166
anymal_c_flat,Policy/mean_noise_std,94,0.9742580056190491,1778918763.1611302
anymal_c_flat,Policy/mean_noise_std,95,0.9739413857460022,1778918764.353868
anymal_c_flat,Policy/mean_noise_std,96,0.9736389517784119,1778918765.4951634
anymal_c_flat,Policy/mean_noise_std,97,0.9733421802520752,1778918766.643241
anymal_c_flat,Policy/mean_noise_std,98,0.9729747772216797,1778918767.7896507
anymal_c_flat,Policy/mean_noise_std,99,0.9725668430328369,1778918768.92756
anymal_c_flat,Policy/mean_noise_std,100,0.9722809195518494,1778918770.077363
anymal_c_flat,Policy/mean_noise_std,101,0.9720332026481628,1778918771.2092607
anymal_c_flat,Policy/mean_noise_std,102,0.9721235632896423,1778918772.3519514
anymal_c_flat,Policy/mean_noise_std,103,0.9720938801765442,1778918773.487114
anymal_c_flat,Policy/mean_noise_std,104,0.971782922744751,1778918774.7417867
anymal_c_flat,Policy/mean_noise_std,105,0.9715794324874878,1778918775.871969
anymal_c_flat,Policy/mean_noise_std,106,0.9716029763221741,1778918777.0167518
anymal_c_flat,Policy/mean_noise_std,107,0.9712821245193481,1778918778.1480212
anymal_c_flat,Policy/mean_noise_std,108,0.9706670045852661,1778918779.2848153
anymal_c_flat,Policy/mean_noise_std,109,0.9701598286628723,1778918780.4072514
anymal_c_flat,Policy/mean_noise_std,110,0.9698837995529175,1778918781.5489879
anymal_c_flat,Policy/mean_noise_std,111,0.9696856737136841,1778918782.6710677
anymal_c_flat,Policy/mean_noise_std,112,0.9694361090660095,1778918783.7986324
anymal_c_flat,Policy/mean_noise_std,113,0.9692580103874207,1778918784.949589
anymal_c_flat,Policy/mean_noise_std,114,0.9689704179763794,1778918786.2080302
anymal_c_flat,Policy/mean_noise_std,115,0.9684551358222961,1778918787.350107
anymal_c_flat,Policy/mean_noise_std,116,0.968215823173523,1778918788.500949
anymal_c_flat,Policy/mean_noise_std,117,0.9679253697395325,1778918789.639495
anymal_c_flat,Policy/mean_noise_std,118,0.9675301313400269,1778918790.8012948
anymal_c_flat,Policy/mean_noise_std,119,0.9670951962471008,1778918791.9506872
anymal_c_flat,Policy/mean_noise_std,120,0.96673184633255,1778918793.0997546
anymal_c_flat,Policy/mean_noise_std,121,0.9665309190750122,1778918794.2397358
anymal_c_flat,Policy/mean_noise_std,122,0.9663524627685547,1778918795.3768055
anymal_c_flat,Policy/mean_noise_std,123,0.9660754799842834,1778918796.632641
anymal_c_flat,Policy/mean_noise_std,124,0.9654523134231567,1778918797.7889278
anymal_c_flat,Policy/mean_noise_std,125,0.9648814797401428,1778918798.9057355
anymal_c_flat,Policy/mean_noise_std,126,0.9643993377685547,1778918800.0440657
anymal_c_flat,Policy/mean_noise_std,127,0.9640781879425049,1778918801.1811697
anymal_c_flat,Policy/mean_noise_std,128,0.9636474251747131,1778918802.3250074
anymal_c_flat,Policy/mean_noise_std,129,0.9632918238639832,1778918803.4756782
anymal_c_flat,Policy/mean_noise_std,130,0.963080644607544,1778918804.602823
anymal_c_flat,Policy/mean_noise_std,131,0.9623106122016907,1778918805.7650743
anymal_c_flat,Policy/mean_noise_std,132,0.9618608951568604,1778918806.9314318
anymal_c_flat,Policy/mean_noise_std,133,0.961837649345398,1778918808.0738528
anymal_c_flat,Policy/mean_noise_std,134,0.9619282484054565,1778918809.1894064
anymal_c_flat,Policy/mean_noise_std,135,0.9618099927902222,1778918810.3274
anymal_c_flat,Policy/mean_noise_std,136,0.9611924290657043,1778918811.4589787
anymal_c_flat,Policy/mean_noise_std,137,0.9604042172431946,1778918812.5963106
anymal_c_flat,Policy/mean_noise_std,138,0.959743320941925,1778918813.7517374
anymal_c_flat,Policy/mean_noise_std,139,0.959259033203125,1778918814.8857527
anymal_c_flat,Policy/mean_noise_std,140,0.9590719938278198,1778918815.996384
anymal_c_flat,Policy/mean_noise_std,141,0.9587684273719788,1778918817.1291049
anymal_c_flat,Policy/mean_noise_std,142,0.9585932493209839,1778918818.384685
anymal_c_flat,Policy/mean_noise_std,143,0.9583333134651184,1778918819.518905
anymal_c_flat,Policy/mean_noise_std,144,0.9580214023590088,1778918820.6474895
anymal_c_flat,Policy/mean_noise_std,145,0.9576049447059631,1778918821.794317
anymal_c_flat,Policy/mean_noise_std,146,0.9571276903152466,1778918822.9110563
anymal_c_flat,Policy/mean_noise_std,147,0.9565393924713135,1778918824.0596478
anymal_c_flat,Policy/mean_noise_std,148,0.9563970565795898,1778918825.2019305
anymal_c_flat,Policy/mean_noise_std,149,0.9561973214149475,1778918826.324193
anymal_c_flat,Policy/mean_noise_std,150,0.9553347826004028,1778918827.4509733
anymal_c_flat,Policy/mean_noise_std,151,0.9550356268882751,1778918828.605269
anymal_c_flat,Policy/mean_noise_std,152,0.9545611143112183,1778918829.8016074
anymal_c_flat,Policy/mean_noise_std,153,0.9540762305259705,1778918830.942876
anymal_c_flat,Policy/mean_noise_std,154,0.953908383846283,1778918832.0791242
anymal_c_flat,Policy/mean_noise_std,155,0.9534751176834106,1778918833.214048
anymal_c_flat,Policy/mean_noise_std,156,0.9529126286506653,1778918834.3449519
anymal_c_flat,Policy/mean_noise_std,157,0.9525113701820374,1778918835.4705017
anymal_c_flat,Policy/mean_noise_std,158,0.9521406292915344,1778918836.5972214
anymal_c_flat,Policy/mean_noise_std,159,0.9521586298942566,1778918837.7069533
anymal_c_flat,Policy/mean_noise_std,160,0.9517483115196228,1778918838.8482947
anymal_c_flat,Policy/mean_noise_std,161,0.951216995716095,1778918840.0451732
anymal_c_flat,Policy/mean_noise_std,162,0.9508432745933533,1778918841.1863005
anymal_c_flat,Policy/mean_noise_std,163,0.9499043226242065,1778918842.33032
anymal_c_flat,Policy/mean_noise_std,164,0.9496133923530579,1778918843.4827058
anymal_c_flat,Policy/mean_noise_std,165,0.9495640993118286,1778918844.614508
anymal_c_flat,Policy/mean_noise_std,166,0.9490668177604675,1778918845.7588217
anymal_c_flat,Policy/mean_noise_std,167,0.9488779902458191,1778918846.8810868
anymal_c_flat,Policy/mean_noise_std,168,0.9487220048904419,1778918848.0205302
anymal_c_flat,Policy/mean_noise_std,169,0.9485903978347778,1778918849.1393154
anymal_c_flat,Policy/mean_noise_std,170,0.9483097195625305,1778918850.2926939
anymal_c_flat,Policy/mean_noise_std,171,0.9478263854980469,1778918851.5173516
anymal_c_flat,Policy/mean_noise_std,172,0.9472779035568237,1778918852.670745
anymal_c_flat,Policy/mean_noise_std,173,0.9467413425445557,1778918853.8233097
anymal_c_flat,Policy/mean_noise_std,174,0.9463711977005005,1778918854.9491456
anymal_c_flat,Policy/mean_noise_std,175,0.945907711982727,1778918856.0828395
anymal_c_flat,Policy/mean_noise_std,176,0.945639431476593,1778918857.223823
anymal_c_flat,Policy/mean_noise_std,177,0.9452683329582214,1778918858.3569937
anymal_c_flat,Policy/mean_noise_std,178,0.9448747634887695,1778918859.5110848
anymal_c_flat,Policy/mean_noise_std,179,0.944320023059845,1778918860.641343
anymal_c_flat,Policy/mean_noise_std,180,0.9438884854316711,1778918861.8493037
anymal_c_flat,Policy/mean_noise_std,181,0.9439811706542969,1778918862.9721029
anymal_c_flat,Policy/mean_noise_std,182,0.9438899159431458,1778918864.1119654
anymal_c_flat,Policy/mean_noise_std,183,0.9434326887130737,1778918865.2467043
anymal_c_flat,Policy/mean_noise_std,184,0.9430643916130066,1778918866.3829668
anymal_c_flat,Policy/mean_noise_std,185,0.9429811835289001,1778918867.535961
anymal_c_flat,Policy/mean_noise_std,186,0.9429230093955994,1778918868.6610534
anymal_c_flat,Policy/mean_noise_std,187,0.9424455761909485,1778918869.801203
anymal_c_flat,Policy/mean_noise_std,188,0.9420920610427856,1778918870.9392843
anymal_c_flat,Policy/mean_noise_std,189,0.9414677023887634,1778918872.0815291
anymal_c_flat,Policy/mean_noise_std,190,0.9409690499305725,1778918873.2866814
anymal_c_flat,Policy/mean_noise_std,191,0.9407193064689636,1778918874.4074442
anymal_c_flat,Policy/mean_noise_std,192,0.9401484727859497,1778918875.5388389
anymal_c_flat,Policy/mean_noise_std,193,0.9394980669021606,1778918876.6728153
anymal_c_flat,Policy/mean_noise_std,194,0.9389656782150269,1778918877.8213909
anymal_c_flat,Policy/mean_noise_std,195,0.938409686088562,1778918878.9684494
anymal_c_flat,Policy/mean_noise_std,196,0.9378107786178589,1778918880.1236627
anymal_c_flat,Policy/mean_noise_std,197,0.9374660849571228,1778918881.2820783
anymal_c_flat,Policy/mean_noise_std,198,0.9371008276939392,1778918882.4204943
anymal_c_flat,Policy/mean_noise_std,199,0.9366068243980408,1778918883.6933527
anymal_c_flat,Policy/mean_noise_std,200,0.9362044930458069,1778918884.8298833
anymal_c_flat,Policy/mean_noise_std,201,0.9357455372810364,1778918885.9950953
anymal_c_flat,Policy/mean_noise_std,202,0.9350250959396362,1778918887.1199765
anymal_c_flat,Policy/mean_noise_std,203,0.9344925284385681,1778918888.265484
anymal_c_flat,Policy/mean_noise_std,204,0.9342689514160156,1778918889.424159
anymal_c_flat,Policy/mean_noise_std,205,0.9338156580924988,1778918890.5518177
anymal_c_flat,Policy/mean_noise_std,206,0.9333003163337708,1778918891.6905143
anymal_c_flat,Policy/mean_noise_std,207,0.9327711462974548,1778918892.8099318
anymal_c_flat,Policy/mean_noise_std,208,0.9325569868087769,1778918893.9464812
anymal_c_flat,Policy/mean_noise_std,209,0.9326731562614441,1778918895.194679
anymal_c_flat,Policy/mean_noise_std,210,0.9328933358192444,1778918896.3284407
anymal_c_flat,Policy/mean_noise_std,211,0.932597279548645,1778918897.4559278
anymal_c_flat,Policy/mean_noise_std,212,0.9323412775993347,1778918898.5966053
anymal_c_flat,Policy/mean_noise_std,213,0.9320351481437683,1778918899.7376735
anymal_c_flat,Policy/mean_noise_std,214,0.9317461848258972,1778918900.8772523
anymal_c_flat,Policy/mean_noise_std,215,0.931207001209259,1778918901.998549
anymal_c_flat,Policy/mean_noise_std,216,0.9299710392951965,1778918903.1432614
anymal_c_flat,Policy/mean_noise_std,217,0.9294746518135071,1778918904.268567
anymal_c_flat,Policy/mean_noise_std,218,0.9294103980064392,1778918905.5432758
anymal_c_flat,Policy/mean_noise_std,219,0.9293102622032166,1778918906.672566
anymal_c_flat,Policy/mean_noise_std,220,0.9290938973426819,1778918907.8076763
anymal_c_flat,Policy/mean_noise_std,221,0.9288153052330017,1778918908.926958
anymal_c_flat,Policy/mean_noise_std,222,0.9285649061203003,1778918910.0870726
anymal_c_flat,Policy/mean_noise_std,223,0.9282152652740479,1778918911.219647
anymal_c_flat,Policy/mean_noise_std,224,0.9275141954421997,1778918912.363342
anymal_c_flat,Policy/mean_noise_std,225,0.9272482395172119,1778918913.5138555
anymal_c_flat,Policy/mean_noise_std,226,0.92706298828125,1778918914.6509695
anymal_c_flat,Policy/mean_noise_std,227,0.926787257194519,1778918915.7886407
anymal_c_flat,Policy/mean_noise_std,228,0.9262763261795044,1778918917.0696914
anymal_c_flat,Policy/mean_noise_std,229,0.9256323575973511,1778918918.2092893
anymal_c_flat,Policy/mean_noise_std,230,0.9251545071601868,1778918919.3528447
anymal_c_flat,Policy/mean_noise_std,231,0.9246876835823059,1778918920.5001323
anymal_c_flat,Policy/mean_noise_std,232,0.9243147969245911,1778918921.648742
anymal_c_flat,Policy/mean_noise_std,233,0.9236472249031067,1778918922.784332
anymal_c_flat,Policy/mean_noise_std,234,0.9231210350990295,1778918923.920273
anymal_c_flat,Policy/mean_noise_std,235,0.9224894046783447,1778918925.0818465
anymal_c_flat,Policy/mean_noise_std,236,0.9218474626541138,1778918926.2107928
anymal_c_flat,Policy/mean_noise_std,237,0.9214556217193604,1778918927.4610944
anymal_c_flat,Policy/mean_noise_std,238,0.9211422801017761,1778918928.6003017
anymal_c_flat,Policy/mean_noise_std,239,0.9206061959266663,1778918929.7361572
anymal_c_flat,Policy/mean_noise_std,240,0.9201350808143616,1778918930.8818905
anymal_c_flat,Policy/mean_noise_std,241,0.9199528098106384,1778918932.0232594
anymal_c_flat,Policy/mean_noise_std,242,0.9194056391716003,1778918933.1653008
anymal_c_flat,Policy/mean_noise_std,243,0.9190605878829956,1778918934.3104098
anymal_c_flat,Policy/mean_noise_std,244,0.9186165928840637,1778918935.435682
anymal_c_flat,Policy/mean_noise_std,245,0.918255090713501,1778918936.5689912
anymal_c_flat,Policy/mean_noise_std,246,0.9180312752723694,1778918937.7170954
anymal_c_flat,Policy/mean_noise_std,247,0.9178078174591064,1778918939.0095992
anymal_c_flat,Policy/mean_noise_std,248,0.9177067279815674,1778918940.144662
anymal_c_flat,Policy/mean_noise_std,249,0.9173671007156372,1778918941.2780025
anymal_c_flat,Policy/mean_noise_std,250,0.9170309901237488,1778918942.424569
anymal_c_flat,Policy/mean_noise_std,251,0.9163375496864319,1778918943.57
anymal_c_flat,Policy/mean_noise_std,252,0.9157500863075256,1778918944.7094367
anymal_c_flat,Policy/mean_noise_std,253,0.9151977896690369,1778918945.8462698
anymal_c_flat,Policy/mean_noise_std,254,0.9148901104927063,1778918946.9787061
anymal_c_flat,Policy/mean_noise_std,255,0.9147933125495911,1778918948.1087935
anymal_c_flat,Policy/mean_noise_std,256,0.9144915342330933,1778918949.390756
anymal_c_flat,Policy/mean_noise_std,257,0.9142074584960938,1778918950.5345016
anymal_c_flat,Policy/mean_noise_std,258,0.9140158891677856,1778918951.675231
anymal_c_flat,Policy/mean_noise_std,259,0.9139030575752258,1778918952.8148205
anymal_c_flat,Policy/mean_noise_std,260,0.9138516187667847,1778918953.9623027
anymal_c_flat,Policy/mean_noise_std,261,0.9138045907020569,1778918955.0927134
anymal_c_flat,Policy/mean_noise_std,262,0.9136999845504761,1778918956.2353134
anymal_c_flat,Policy/mean_noise_std,263,0.9132487177848816,1778918957.3560886
anymal_c_flat,Policy/mean_noise_std,264,0.9128111004829407,1778918958.4906409
anymal_c_flat,Policy/mean_noise_std,265,0.9124660491943359,1778918959.6157353
anymal_c_flat,Policy/mean_noise_std,266,0.9122976660728455,1778918960.842425
anymal_c_flat,Policy/mean_noise_std,267,0.912349283695221,1778918961.9808984
anymal_c_flat,Policy/mean_noise_std,268,0.912174642086029,1778918963.1235094
anymal_c_flat,Policy/mean_noise_std,269,0.9115040898323059,1778918964.2562308
anymal_c_flat,Policy/mean_noise_std,270,0.9107803702354431,1778918965.3904812
anymal_c_flat,Policy/mean_noise_std,271,0.9102577567100525,1778918966.5175412
anymal_c_flat,Policy/mean_noise_std,272,0.9096904397010803,1778918967.652518
anymal_c_flat,Policy/mean_noise_std,273,0.9093318581581116,1778918968.7843847
anymal_c_flat,Policy/mean_noise_std,274,0.9092028141021729,1778918969.9238951
anymal_c_flat,Policy/mean_noise_std,275,0.9087488651275635,1778918971.183635
anymal_c_flat,Policy/mean_noise_std,276,0.90851891040802,1778918972.3182626
anymal_c_flat,Policy/mean_noise_std,277,0.9080276489257812,1778918973.4398954
anymal_c_flat,Policy/mean_noise_std,278,0.9076061248779297,1778918974.5996053
anymal_c_flat,Policy/mean_noise_std,279,0.9072524309158325,1778918975.7317426
anymal_c_flat,Policy/mean_noise_std,280,0.9070837497711182,1778918976.8612823
anymal_c_flat,Policy/mean_noise_std,281,0.9069787263870239,1778918978.0114293
anymal_c_flat,Policy/mean_noise_std,282,0.9067054390907288,1778918979.1429198
anymal_c_flat,Policy/mean_noise_std,283,0.9063148498535156,1778918980.2929544
anymal_c_flat,Policy/mean_noise_std,284,0.9061164855957031,1778918981.443302
anymal_c_flat,Policy/mean_noise_std,285,0.9058855175971985,1778918982.7357206
anymal_c_flat,Policy/mean_noise_std,286,0.9057403206825256,1778918983.874565
anymal_c_flat,Policy/mean_noise_std,287,0.9054090976715088,1778918985.020335
anymal_c_flat,Policy/mean_noise_std,288,0.9050596356391907,1778918986.1629274
anymal_c_flat,Policy/mean_noise_std,289,0.904705822467804,1778918987.2992706
anymal_c_flat,Policy/mean_noise_std,290,0.9044369459152222,1778918988.4297845
anymal_c_flat,Policy/mean_noise_std,291,0.9046093821525574,1778918989.5609057
anymal_c_flat,Policy/mean_noise_std,292,0.9046806693077087,1778918990.6971395
anymal_c_flat,Policy/mean_noise_std,293,0.9045600891113281,1778918991.8398023
anymal_c_flat,Policy/mean_noise_std,294,0.9043959379196167,1778918993.1013186
anymal_c_flat,Policy/mean_noise_std,295,0.9041175842285156,1778918994.258331
anymal_c_flat,Policy/mean_noise_std,296,0.9040295481681824,1778918995.4064205
anymal_c_flat,Policy/mean_noise_std,297,0.9040868878364563,1778918996.5277011
anymal_c_flat,Policy/mean_noise_std,298,0.9040331244468689,1778918997.655686
anymal_c_flat,Policy/mean_noise_std,299,0.9037994742393494,1778918998.7964396
anymal_c_flat,Perf/total_fps,0,181.0,1778918656.2318947
anymal_c_flat,Perf/total_fps,1,358.0,1778918657.3860784
anymal_c_flat,Perf/total_fps,2,359.0,1778918658.4658337
anymal_c_flat,Perf/total_fps,3,357.0,1778918659.5519936
anymal_c_flat,Perf/total_fps,4,360.0,1778918660.6277015
anymal_c_flat,Perf/total_fps,5,255.0,1778918662.141812
anymal_c_flat,Perf/total_fps,6,355.0,1778918663.2311172
anymal_c_flat,Perf/total_fps,7,355.0,1778918664.321238
anymal_c_flat,Perf/total_fps,8,362.0,1778918665.391733
anymal_c_flat,Perf/total_fps,9,364.0,1778918666.4551191
anymal_c_flat,Perf/total_fps,10,363.0,1778918667.5227647
anymal_c_flat,Perf/total_fps,11,363.0,1778918668.5893228
anymal_c_flat,Perf/total_fps,12,362.0,1778918669.659927
anymal_c_flat,Perf/total_fps,13,357.0,1778918670.7451093
anymal_c_flat,Perf/total_fps,14,355.0,1778918671.8356698
anymal_c_flat,Perf/total_fps,15,357.0,1778918672.9190643
anymal_c_flat,Perf/total_fps,16,356.0,1778918674.0081215
anymal_c_flat,Perf/total_fps,17,361.0,1778918675.082183
anymal_c_flat,Perf/total_fps,18,350.0,1778918676.1904516
anymal_c_flat,Perf/total_fps,19,328.0,1778918677.370618
anymal_c_flat,Perf/total_fps,20,360.0,1778918678.444934
anymal_c_flat,Perf/total_fps,21,269.0,1778918679.8778708
anymal_c_flat,Perf/total_fps,22,352.0,1778918680.977869
anymal_c_flat,Perf/total_fps,23,348.0,1778918682.0917606
anymal_c_flat,Perf/total_fps,24,357.0,1778918683.1765451
anymal_c_flat,Perf/total_fps,25,353.0,1778918684.2755358
anymal_c_flat,Perf/total_fps,26,353.0,1778918685.3738403
anymal_c_flat,Perf/total_fps,27,351.0,1778918686.4794903
anymal_c_flat,Perf/total_fps,28,314.0,1778918687.7136788
anymal_c_flat,Perf/total_fps,29,351.0,1778918688.81768
anymal_c_flat,Perf/total_fps,30,344.0,1778918689.9448645
anymal_c_flat,Perf/total_fps,31,348.0,1778918691.0592222
anymal_c_flat,Perf/total_fps,32,352.0,1778918692.1607087
anymal_c_flat,Perf/total_fps,33,347.0,1778918693.2786686
anymal_c_flat,Perf/total_fps,34,349.0,1778918694.3882115
anymal_c_flat,Perf/total_fps,35,350.0,1778918695.4991326
anymal_c_flat,Perf/total_fps,36,341.0,1778918696.637385
anymal_c_flat,Perf/total_fps,37,349.0,1778918697.7480369
anymal_c_flat,Perf/total_fps,38,310.0,1778918698.9965284
anymal_c_flat,Perf/total_fps,39,347.0,1778918700.113163
anymal_c_flat,Perf/total_fps,40,346.0,1778918701.2331357
anymal_c_flat,Perf/total_fps,41,348.0,1778918702.3485644
anymal_c_flat,Perf/total_fps,42,348.0,1778918703.462982
anymal_c_flat,Perf/total_fps,43,344.0,1778918704.589782
anymal_c_flat,Perf/total_fps,44,343.0,1778918705.7213037
anymal_c_flat,Perf/total_fps,45,346.0,1778918706.8409762
anymal_c_flat,Perf/total_fps,46,345.0,1778918707.9667616
anymal_c_flat,Perf/total_fps,47,316.0,1778918709.1961098
anymal_c_flat,Perf/total_fps,48,342.0,1778918710.3288677
anymal_c_flat,Perf/total_fps,49,344.0,1778918711.4560149
anymal_c_flat,Perf/total_fps,50,348.0,1778918712.5701118
anymal_c_flat,Perf/total_fps,51,343.0,1778918713.7075145
anymal_c_flat,Perf/total_fps,52,342.0,1778918714.8453035
anymal_c_flat,Perf/total_fps,53,344.0,1778918715.9721599
anymal_c_flat,Perf/total_fps,54,340.0,1778918717.110944
anymal_c_flat,Perf/total_fps,55,343.0,1778918718.2402897
anymal_c_flat,Perf/total_fps,56,339.0,1778918719.3837583
anymal_c_flat,Perf/total_fps,57,313.0,1778918720.6195934
anymal_c_flat,Perf/total_fps,58,338.0,1778918721.7701998
anymal_c_flat,Perf/total_fps,59,340.0,1778918722.9116309
anymal_c_flat,Perf/total_fps,60,343.0,1778918724.0429575
anymal_c_flat,Perf/total_fps,61,330.0,1778918725.222943
anymal_c_flat,Perf/total_fps,62,345.0,1778918726.346076
anymal_c_flat,Perf/total_fps,63,344.0,1778918727.4743338
anymal_c_flat,Perf/total_fps,64,346.0,1778918728.5952296
anymal_c_flat,Perf/total_fps,65,341.0,1778918729.7326288
anymal_c_flat,Perf/total_fps,66,308.0,1778918730.9919076
anymal_c_flat,Perf/total_fps,67,345.0,1778918732.1162653
anymal_c_flat,Perf/total_fps,68,340.0,1778918733.2586873
anymal_c_flat,Perf/total_fps,69,344.0,1778918734.3868275
anymal_c_flat,Perf/total_fps,70,341.0,1778918735.5251727
anymal_c_flat,Perf/total_fps,71,337.0,1778918736.6754546
anymal_c_flat,Perf/total_fps,72,344.0,1778918737.8039174
anymal_c_flat,Perf/total_fps,73,346.0,1778918738.925846
anymal_c_flat,Perf/total_fps,74,343.0,1778918740.056227
anymal_c_flat,Perf/total_fps,75,341.0,1778918741.193969
anymal_c_flat,Perf/total_fps,76,301.0,1778918742.478967
anymal_c_flat,Perf/total_fps,77,339.0,1778918743.6264546
anymal_c_flat,Perf/total_fps,78,345.0,1778918744.7512074
anymal_c_flat,Perf/total_fps,79,338.0,1778918745.9013138
anymal_c_flat,Perf/total_fps,80,340.0,1778918747.0418265
anymal_c_flat,Perf/total_fps,81,340.0,1778918748.1824024
anymal_c_flat,Perf/total_fps,82,341.0,1778918749.3192923
anymal_c_flat,Perf/total_fps,83,340.0,1778918750.4597178
anymal_c_flat,Perf/total_fps,84,343.0,1778918751.5892143
anymal_c_flat,Perf/total_fps,85,297.0,1778918752.89391
anymal_c_flat,Perf/total_fps,86,336.0,1778918754.0526779
anymal_c_flat,Perf/total_fps,87,344.0,1778918755.1788213
anymal_c_flat,Perf/total_fps,88,347.0,1778918756.2959661
anymal_c_flat,Perf/total_fps,89,340.0,1778918757.436488
anymal_c_flat,Perf/total_fps,90,339.0,1778918758.5817254
anymal_c_flat,Perf/total_fps,91,335.0,1778918759.7402081
anymal_c_flat,Perf/total_fps,92,340.0,1778918760.8977618
anymal_c_flat,Perf/total_fps,93,343.0,1778918762.027038
anymal_c_flat,Perf/total_fps,94,342.0,1778918763.1611526
anymal_c_flat,Perf/total_fps,95,325.0,1778918764.3538861
anymal_c_flat,Perf/total_fps,96,340.0,1778918765.495186
anymal_c_flat,Perf/total_fps,97,338.0,1778918766.643262
anymal_c_flat,Perf/total_fps,98,339.0,1778918767.789674
anymal_c_flat,Perf/total_fps,99,341.0,1778918768.9276028
anymal_c_flat,Perf/total_fps,100,337.0,1778918770.0773861
anymal_c_flat,Perf/total_fps,101,345.0,1778918771.2092798
anymal_c_flat,Perf/total_fps,102,339.0,1778918772.351972
anymal_c_flat,Perf/total_fps,103,342.0,1778918773.487136
anymal_c_flat,Perf/total_fps,104,309.0,1778918774.7418075
anymal_c_flat,Perf/total_fps,105,343.0,1778918775.8719914
anymal_c_flat,Perf/total_fps,106,340.0,1778918777.0167873
anymal_c_flat,Perf/total_fps,107,343.0,1778918778.1480424
anymal_c_flat,Perf/total_fps,108,341.0,1778918779.2848358
anymal_c_flat,Perf/total_fps,109,346.0,1778918780.407272
anymal_c_flat,Perf/total_fps,110,340.0,1778918781.5490084
anymal_c_flat,Perf/total_fps,111,346.0,1778918782.6710882
anymal_c_flat,Perf/total_fps,112,344.0,1778918783.7986526
anymal_c_flat,Perf/total_fps,113,337.0,1778918784.9496126
anymal_c_flat,Perf/total_fps,114,308.0,1778918786.2080512
anymal_c_flat,Perf/total_fps,115,340.0,1778918787.3501277
anymal_c_flat,Perf/total_fps,116,337.0,1778918788.500971
anymal_c_flat,Perf/total_fps,117,341.0,1778918789.6395164
anymal_c_flat,Perf/total_fps,118,334.0,1778918790.8013175
anymal_c_flat,Perf/total_fps,119,338.0,1778918791.9507093
anymal_c_flat,Perf/total_fps,120,339.0,1778918793.0997853
anymal_c_flat,Perf/total_fps,121,340.0,1778918794.2397573
anymal_c_flat,Perf/total_fps,122,341.0,1778918795.3768268
anymal_c_flat,Perf/total_fps,123,308.0,1778918796.6326618
anymal_c_flat,Perf/total_fps,124,336.0,1778918797.7889502
anymal_c_flat,Perf/total_fps,125,347.0,1778918798.905756
anymal_c_flat,Perf/total_fps,126,341.0,1778918800.0440862
anymal_c_flat,Perf/total_fps,127,341.0,1778918801.1811872
anymal_c_flat,Perf/total_fps,128,339.0,1778918802.32503
anymal_c_flat,Perf/total_fps,129,337.0,1778918803.4756987
anymal_c_flat,Perf/total_fps,130,344.0,1778918804.602844
anymal_c_flat,Perf/total_fps,131,335.0,1778918805.7651043
anymal_c_flat,Perf/total_fps,132,334.0,1778918806.931453
anymal_c_flat,Perf/total_fps,133,340.0,1778918808.0738745
anymal_c_flat,Perf/total_fps,134,348.0,1778918809.1894271
anymal_c_flat,Perf/total_fps,135,341.0,1778918810.3274214
anymal_c_flat,Perf/total_fps,136,343.0,1778918811.4589984
anymal_c_flat,Perf/total_fps,137,341.0,1778918812.5963318
anymal_c_flat,Perf/total_fps,138,336.0,1778918813.7517576
anymal_c_flat,Perf/total_fps,139,342.0,1778918814.8857749
anymal_c_flat,Perf/total_fps,140,349.0,1778918815.9964042
anymal_c_flat,Perf/total_fps,141,342.0,1778918817.129127
anymal_c_flat,Perf/total_fps,142,308.0,1778918818.3847048
anymal_c_flat,Perf/total_fps,143,342.0,1778918819.5189261
anymal_c_flat,Perf/total_fps,144,344.0,1778918820.6475105
anymal_c_flat,Perf/total_fps,145,338.0,1778918821.7943387
anymal_c_flat,Perf/total_fps,146,348.0,1778918822.911093
anymal_c_flat,Perf/total_fps,147,338.0,1778918824.0596695
anymal_c_flat,Perf/total_fps,148,339.0,1778918825.2019508
anymal_c_flat,Perf/total_fps,149,345.0,1778918826.3242142
anymal_c_flat,Perf/total_fps,150,344.0,1778918827.45099
anymal_c_flat,Perf/total_fps,151,338.0,1778918828.605291
anymal_c_flat,Perf/total_fps,152,324.0,1778918829.8016286
anymal_c_flat,Perf/total_fps,153,340.0,1778918830.9428995
anymal_c_flat,Perf/total_fps,154,341.0,1778918832.0791445
anymal_c_flat,Perf/total_fps,155,342.0,1778918833.2140698
anymal_c_flat,Perf/total_fps,156,343.0,1778918834.3449721
anymal_c_flat,Perf/total_fps,157,344.0,1778918835.4705229
anymal_c_flat,Perf/total_fps,158,344.0,1778918836.5972435
anymal_c_flat,Perf/total_fps,159,349.0,1778918837.7069757
anymal_c_flat,Perf/total_fps,160,340.0,1778918838.8483155
anymal_c_flat,Perf/total_fps,161,324.0,1778918840.0451944
anymal_c_flat,Perf/total_fps,162,340.0,1778918841.1863222
anymal_c_flat,Perf/total_fps,163,339.0,1778918842.330341
anymal_c_flat,Perf/total_fps,164,337.0,1778918843.482727
anymal_c_flat,Perf/total_fps,165,343.0,1778918844.6145284
anymal_c_flat,Perf/total_fps,166,339.0,1778918845.7588396
anymal_c_flat,Perf/total_fps,167,346.0,1778918846.8811088
anymal_c_flat,Perf/total_fps,168,340.0,1778918848.0205522
anymal_c_flat,Perf/total_fps,169,346.0,1778918849.1393359
anymal_c_flat,Perf/total_fps,170,336.0,1778918850.2927158
anymal_c_flat,Perf/total_fps,171,316.0,1778918851.51738
anymal_c_flat,Perf/total_fps,172,336.0,1778918852.6707659
anymal_c_flat,Perf/total_fps,173,336.0,1778918853.8233325
anymal_c_flat,Perf/total_fps,174,345.0,1778918854.949168
anymal_c_flat,Perf/total_fps,175,342.0,1778918856.082861
anymal_c_flat,Perf/total_fps,176,340.0,1778918857.2238443
anymal_c_flat,Perf/total_fps,177,342.0,1778918858.3570142
anymal_c_flat,Perf/total_fps,178,336.0,1778918859.5111055
anymal_c_flat,Perf/total_fps,179,343.0,1778918860.6413643
anymal_c_flat,Perf/total_fps,180,321.0,1778918861.8493385
anymal_c_flat,Perf/total_fps,181,345.0,1778918862.972121
anymal_c_flat,Perf/total_fps,182,340.0,1778918864.111986
anymal_c_flat,Perf/total_fps,183,342.0,1778918865.2467256
anymal_c_flat,Perf/total_fps,184,341.0,1778918866.3829842
anymal_c_flat,Perf/total_fps,185,337.0,1778918867.5359838
anymal_c_flat,Perf/total_fps,186,345.0,1778918868.6610754
anymal_c_flat,Perf/total_fps,187,341.0,1778918869.801224
anymal_c_flat,Perf/total_fps,188,341.0,1778918870.9393044
anymal_c_flat,Perf/total_fps,189,340.0,1778918872.081548
anymal_c_flat,Perf/total_fps,190,322.0,1778918873.2867017
anymal_c_flat,Perf/total_fps,191,346.0,1778918874.4074652
anymal_c_flat,Perf/total_fps,192,343.0,1778918875.5388596
anymal_c_flat,Perf/total_fps,193,342.0,1778918876.6728358
anymal_c_flat,Perf/total_fps,194,338.0,1778918877.8214114
anymal_c_flat,Perf/total_fps,195,339.0,1778918878.9684794
anymal_c_flat,Perf/total_fps,196,336.0,1778918880.123686
anymal_c_flat,Perf/total_fps,197,335.0,1778918881.2820995
anymal_c_flat,Perf/total_fps,198,341.0,1778918882.4205146
anymal_c_flat,Perf/total_fps,199,304.0,1778918883.6933732
anymal_c_flat,Perf/total_fps,200,341.0,1778918884.8299048
anymal_c_flat,Perf/total_fps,201,335.0,1778918885.9951153
anymal_c_flat,Perf/total_fps,202,345.0,1778918887.1199977
anymal_c_flat,Perf/total_fps,203,339.0,1778918888.2655067
anymal_c_flat,Perf/total_fps,204,336.0,1778918889.4241798
anymal_c_flat,Perf/total_fps,205,344.0,1778918890.5518389
anymal_c_flat,Perf/total_fps,206,341.0,1778918891.6905344
anymal_c_flat,Perf/total_fps,207,346.0,1778918892.809952
anymal_c_flat,Perf/total_fps,208,341.0,1778918893.9465032
anymal_c_flat,Perf/total_fps,209,310.0,1778918895.1947005
anymal_c_flat,Perf/total_fps,210,342.0,1778918896.3284616
anymal_c_flat,Perf/total_fps,211,344.0,1778918897.4559486
anymal_c_flat,Perf/total_fps,212,340.0,1778918898.5966275
anymal_c_flat,Perf/total_fps,213,340.0,1778918899.7376962
anymal_c_flat,Perf/total_fps,214,340.0,1778918900.8772752
anymal_c_flat,Perf/total_fps,215,346.0,1778918901.9985704
anymal_c_flat,Perf/total_fps,216,339.0,1778918903.143281
anymal_c_flat,Perf/total_fps,217,345.0,1778918904.2686071
anymal_c_flat,Perf/total_fps,218,304.0,1778918905.5432968
anymal_c_flat,Perf/total_fps,219,343.0,1778918906.6726074
anymal_c_flat,Perf/total_fps,220,342.0,1778918907.8076982
anymal_c_flat,Perf/total_fps,221,346.0,1778918908.9269788
anymal_c_flat,Perf/total_fps,222,335.0,1778918910.0870953
anymal_c_flat,Perf/total_fps,223,343.0,1778918911.2196672
anymal_c_flat,Perf/total_fps,224,339.0,1778918912.3633626
anymal_c_flat,Perf/total_fps,225,337.0,1778918913.5138764
anymal_c_flat,Perf/total_fps,226,341.0,1778918914.650991
anymal_c_flat,Perf/total_fps,227,341.0,1778918915.7886631
anymal_c_flat,Perf/total_fps,228,302.0,1778918917.0697129
anymal_c_flat,Perf/total_fps,229,341.0,1778918918.2093146
anymal_c_flat,Perf/total_fps,230,339.0,1778918919.3528666
anymal_c_flat,Perf/total_fps,231,338.0,1778918920.5001512
anymal_c_flat,Perf/total_fps,232,338.0,1778918921.6487637
anymal_c_flat,Perf/total_fps,233,342.0,1778918922.7843533
anymal_c_flat,Perf/total_fps,234,341.0,1778918923.9202943
anymal_c_flat,Perf/total_fps,235,335.0,1778918925.0818748
anymal_c_flat,Perf/total_fps,236,344.0,1778918926.2108135
anymal_c_flat,Perf/total_fps,237,310.0,1778918927.4611115
anymal_c_flat,Perf/total_fps,238,340.0,1778918928.6003242
anymal_c_flat,Perf/total_fps,239,341.0,1778918929.7361782
anymal_c_flat,Perf/total_fps,240,339.0,1778918930.8819118
anymal_c_flat,Perf/total_fps,241,340.0,1778918932.0232816
anymal_c_flat,Perf/total_fps,242,340.0,1778918933.1653233
anymal_c_flat,Perf/total_fps,243,339.0,1778918934.310431
anymal_c_flat,Perf/total_fps,244,345.0,1778918935.435703
anymal_c_flat,Perf/total_fps,245,342.0,1778918936.5690124
anymal_c_flat,Perf/total_fps,246,338.0,1778918937.7171175
anymal_c_flat,Perf/total_fps,247,300.0,1778918939.0096204
anymal_c_flat,Perf/total_fps,248,342.0,1778918940.144685
anymal_c_flat,Perf/total_fps,249,342.0,1778918941.2780237
anymal_c_flat,Perf/total_fps,250,338.0,1778918942.4246113
anymal_c_flat,Perf/total_fps,251,341.0,1778918943.570021
anymal_c_flat,Perf/total_fps,252,340.0,1778918944.7094579
anymal_c_flat,Perf/total_fps,253,341.0,1778918945.846293
anymal_c_flat,Perf/total_fps,254,343.0,1778918946.9787292
anymal_c_flat,Perf/total_fps,255,343.0,1778918948.108814
anymal_c_flat,Perf/total_fps,256,302.0,1778918949.3907762
anymal_c_flat,Perf/total_fps,257,339.0,1778918950.5345235
anymal_c_flat,Perf/total_fps,258,340.0,1778918951.6752543
anymal_c_flat,Perf/total_fps,259,340.0,1778918952.8148408
anymal_c_flat,Perf/total_fps,260,338.0,1778918953.9623256
anymal_c_flat,Perf/total_fps,261,343.0,1778918955.0927348
anymal_c_flat,Perf/total_fps,262,339.0,1778918956.2353342
anymal_c_flat,Perf/total_fps,263,346.0,1778918957.35611
anymal_c_flat,Perf/total_fps,264,342.0,1778918958.4906623
anymal_c_flat,Perf/total_fps,265,345.0,1778918959.6157575
anymal_c_flat,Perf/total_fps,266,316.0,1778918960.8424468
anymal_c_flat,Perf/total_fps,267,341.0,1778918961.9809206
anymal_c_flat,Perf/total_fps,268,340.0,1778918963.1235278
anymal_c_flat,Perf/total_fps,269,342.0,1778918964.2562532
anymal_c_flat,Perf/total_fps,270,342.0,1778918965.3905025
anymal_c_flat,Perf/total_fps,271,344.0,1778918966.5175607
anymal_c_flat,Perf/total_fps,272,342.0,1778918967.6525404
anymal_c_flat,Perf/total_fps,273,343.0,1778918968.7844055
anymal_c_flat,Perf/total_fps,274,340.0,1778918969.923916
anymal_c_flat,Perf/total_fps,275,308.0,1778918971.1836557
anymal_c_flat,Perf/total_fps,276,342.0,1778918972.3182843
anymal_c_flat,Perf/total_fps,277,346.0,1778918973.4399157
anymal_c_flat,Perf/total_fps,278,335.0,1778918974.599626
anymal_c_flat,Perf/total_fps,279,343.0,1778918975.7317648
anymal_c_flat,Perf/total_fps,280,343.0,1778918976.8613036
anymal_c_flat,Perf/total_fps,281,338.0,1778918978.0114522
anymal_c_flat,Perf/total_fps,282,343.0,1778918979.1429408
anymal_c_flat,Perf/total_fps,283,337.0,1778918980.2929761
anymal_c_flat,Perf/total_fps,284,337.0,1778918981.4433222
anymal_c_flat,Perf/total_fps,285,300.0,1778918982.7357416
anymal_c_flat,Perf/total_fps,286,340.0,1778918983.874608
anymal_c_flat,Perf/total_fps,287,338.0,1778918985.0203564
anymal_c_flat,Perf/total_fps,288,340.0,1778918986.1629484
anymal_c_flat,Perf/total_fps,289,341.0,1778918987.299292
anymal_c_flat,Perf/total_fps,290,343.0,1778918988.4298058
anymal_c_flat,Perf/total_fps,291,343.0,1778918989.5609274
anymal_c_flat,Perf/total_fps,292,341.0,1778918990.697159
anymal_c_flat,Perf/total_fps,293,339.0,1778918991.8398225
anymal_c_flat,Perf/total_fps,294,307.0,1778918993.1013405
anymal_c_flat,Perf/total_fps,295,336.0,1778918994.2583535
anymal_c_flat,Perf/total_fps,296,338.0,1778918995.4064412
anymal_c_flat,Perf/total_fps,297,346.0,1778918996.5277216
anymal_c_flat,Perf/total_fps,298,345.0,1778918997.6557143
anymal_c_flat,Perf/total_fps,299,340.0,1778918998.7964609
anymal_c_flat,Perf/collection time,0,1.8545494079589844,1778918656.2319086
anymal_c_flat,Perf/collection time,1,0.9774978160858154,1778918657.3860936
anymal_c_flat,Perf/collection time,2,0.9716751575469971,1778918658.4658482
anymal_c_flat,Perf/collection time,3,0.9682266712188721,1778918659.5520203
anymal_c_flat,Perf/collection time,4,0.9703576564788818,1778918660.627717
anymal_c_flat,Perf/collection time,5,1.4045319557189941,1778918662.1418257
anymal_c_flat,Perf/collection time,6,0.9749138355255127,1778918663.2311332
anymal_c_flat,Perf/collection time,7,0.9789855480194092,1778918664.3212523
anymal_c_flat,Perf/collection time,8,0.9709477424621582,1778918665.3917482
anymal_c_flat,Perf/collection time,9,0.9602217674255371,1778918666.4551337
anymal_c_flat,Perf/collection time,10,0.9629554748535156,1778918667.5227797
anymal_c_flat,Perf/collection time,11,0.9640688896179199,1778918668.5893376
anymal_c_flat,Perf/collection time,12,0.9684102535247803,1778918669.6599414
anymal_c_flat,Perf/collection time,13,0.9799377918243408,1778918670.745124
anymal_c_flat,Perf/collection time,14,0.9858894348144531,1778918671.8356848
anymal_c_flat,Perf/collection time,15,0.9685714244842529,1778918672.9190784
anymal_c_flat,Perf/collection time,16,0.9645271301269531,1778918674.0081367
anymal_c_flat,Perf/collection time,17,0.9712202548980713,1778918675.0821989
anymal_c_flat,Perf/collection time,18,1.0031530857086182,1778918676.1904657
anymal_c_flat,Perf/collection time,19,1.078260898590088,1778918677.3706331
anymal_c_flat,Perf/collection time,20,0.9705812931060791,1778918678.4449484
anymal_c_flat,Perf/collection time,21,1.3296098709106445,1778918679.8778865
anymal_c_flat,Perf/collection time,22,0.9955756664276123,1778918680.9778833
anymal_c_flat,Perf/collection time,23,1.0087363719940186,1778918682.0917754
anymal_c_flat,Perf/collection time,24,0.9787430763244629,1778918683.1765594
anymal_c_flat,Perf/collection time,25,0.9945125579833984,1778918684.2755501
anymal_c_flat,Perf/collection time,26,0.9940087795257568,1778918685.373855
anymal_c_flat,Perf/collection time,27,1.0007951259613037,1778918686.4795046
anymal_c_flat,Perf/collection time,28,1.1282501220703125,1778918687.7136934
anymal_c_flat,Perf/collection time,29,0.9992716312408447,1778918688.8176975
anymal_c_flat,Perf/collection time,30,1.0094904899597168,1778918689.9448802
anymal_c_flat,Perf/collection time,31,1.0083982944488525,1778918691.059237
anymal_c_flat,Perf/collection time,32,0.9975330829620361,1778918692.1607234
anymal_c_flat,Perf/collection time,33,1.0133745670318604,1778918693.2786832
anymal_c_flat,Perf/collection time,34,1.0040953159332275,1778918694.3882256
anymal_c_flat,Perf/collection time,35,0.9926028251647949,1778918695.4991484
anymal_c_flat,Perf/collection time,36,1.0333104133605957,1778918696.6373985
anymal_c_flat,Perf/collection time,37,1.00124192237854,1778918697.7480516
anymal_c_flat,Perf/collection time,38,1.1423230171203613,1778918698.9965425
anymal_c_flat,Perf/collection time,39,1.0106704235076904,1778918700.1131775
anymal_c_flat,Perf/collection time,40,1.0140347480773926,1778918701.2331505
anymal_c_flat,Perf/collection time,41,1.0131585597991943,1778918702.3486
anymal_c_flat,Perf/collection time,42,1.0056390762329102,1778918703.4629962
anymal_c_flat,Perf/collection time,43,1.01953125,1778918704.5897958
anymal_c_flat,Perf/collection time,44,1.025998830795288,1778918705.7213187
anymal_c_flat,Perf/collection time,45,1.0143980979919434,1778918706.8409903
anymal_c_flat,Perf/collection time,46,1.0198030471801758,1778918707.966776
anymal_c_flat,Perf/collection time,47,1.1048564910888672,1778918709.1961231
anymal_c_flat,Perf/collection time,48,1.0190956592559814,1778918710.3288822
anymal_c_flat,Perf/collection time,49,1.0211176872253418,1778918711.4560292
anymal_c_flat,Perf/collection time,50,1.0080058574676514,1778918712.5701253
anymal_c_flat,Perf/collection time,51,1.020967960357666,1778918713.7075284
anymal_c_flat,Perf/collection time,52,1.0273628234863281,1778918714.8453267
anymal_c_flat,Perf/collection time,53,1.0214269161224365,1778918715.9721742
anymal_c_flat,Perf/collection time,54,1.0332138538360596,1778918717.110959
anymal_c_flat,Perf/collection time,55,1.0128238201141357,1778918718.2403052
anymal_c_flat,Perf/collection time,56,1.0376777648925781,1778918719.3837721
anymal_c_flat,Perf/collection time,57,1.1304526329040527,1778918720.6196103
anymal_c_flat,Perf/collection time,58,1.0221776962280273,1778918721.7702155
anymal_c_flat,Perf/collection time,59,1.0363163948059082,1778918722.911645
anymal_c_flat,Perf/collection time,60,1.0249414443969727,1778918724.0429716
anymal_c_flat,Perf/collection time,61,1.0532588958740234,1778918725.2229733
anymal_c_flat,Perf/collection time,62,1.017439842224121,1778918726.3460908
anymal_c_flat,Perf/collection time,63,1.0208911895751953,1778918727.4743485
anymal_c_flat,Perf/collection time,64,1.016753911972046,1778918728.5952435
anymal_c_flat,Perf/collection time,65,1.0345845222473145,1778918729.7326427
anymal_c_flat,Perf/collection time,66,1.1538043022155762,1778918730.9919214
anymal_c_flat,Perf/collection time,67,1.0201408863067627,1778918732.11628
anymal_c_flat,Perf/collection time,68,1.0279273986816406,1778918733.2587018
anymal_c_flat,Perf/collection time,69,1.0215466022491455,1778918734.3868423
anymal_c_flat,Perf/collection time,70,1.0278568267822266,1778918735.525187
anymal_c_flat,Perf/collection time,71,1.0447618961334229,1778918736.6754696
anymal_c_flat,Perf/collection time,72,1.023444652557373,1778918737.8039312
anymal_c_flat,Perf/collection time,73,1.0174977779388428,1778918738.9258597
anymal_c_flat,Perf/collection time,74,1.0241568088531494,1778918740.0562425
anymal_c_flat,Perf/collection time,75,1.0269575119018555,1778918741.1939833
anymal_c_flat,Perf/collection time,76,1.1784346103668213,1778918742.4789822
anymal_c_flat,Perf/collection time,77,1.0219264030456543,1778918743.6264827
anymal_c_flat,Perf/collection time,78,1.0194568634033203,1778918744.7512224
anymal_c_flat,Perf/collection time,79,1.023139476776123,1778918745.9013283
anymal_c_flat,Perf/collection time,80,1.0348730087280273,1778918747.04184
anymal_c_flat,Perf/collection time,81,1.031346082687378,1778918748.182417
anymal_c_flat,Perf/collection time,82,1.0284407138824463,1778918749.3193066
anymal_c_flat,Perf/collection time,83,1.0349068641662598,1778918750.4597318
anymal_c_flat,Perf/collection time,84,1.024977445602417,1778918751.589229
anymal_c_flat,Perf/collection time,85,1.2006995677947998,1778918752.893924
anymal_c_flat,Perf/collection time,86,1.046579122543335,1778918754.0526934
anymal_c_flat,Perf/collection time,87,1.0205707550048828,1778918755.178836
anymal_c_flat,Perf/collection time,88,1.0111427307128906,1778918756.2959812
anymal_c_flat,Perf/collection time,89,1.0339429378509521,1778918757.4365025
anymal_c_flat,Perf/collection time,90,1.0380446910858154,1778918758.5817397
anymal_c_flat,Perf/collection time,91,1.051870584487915,1778918759.7402217
anymal_c_flat,Perf/collection time,92,1.0281546115875244,1778918760.8977792
anymal_c_flat,Perf/collection time,93,1.0230965614318848,1778918762.0270534
anymal_c_flat,Perf/collection time,94,1.0295233726501465,1778918763.1611674
anymal_c_flat,Perf/collection time,95,1.08878755569458,1778918764.3538997
anymal_c_flat,Perf/collection time,96,1.0369443893432617,1778918765.4952004
anymal_c_flat,Perf/collection time,97,1.0433077812194824,1778918766.6432762
anymal_c_flat,Perf/collection time,98,1.039717435836792,1778918767.7896886
anymal_c_flat,Perf/collection time,99,1.0331056118011475,1778918768.927619
anymal_c_flat,Perf/collection time,100,1.042886734008789,1778918770.0774012
anymal_c_flat,Perf/collection time,101,1.0219018459320068,1778918771.2092934
anymal_c_flat,Perf/collection time,102,1.0372421741485596,1778918772.3519866
anymal_c_flat,Perf/collection time,103,1.028376817703247,1778918773.4871511
anymal_c_flat,Perf/collection time,104,1.1493256092071533,1778918774.7418222
anymal_c_flat,Perf/collection time,105,1.0230426788330078,1778918775.872006
anymal_c_flat,Perf/collection time,106,1.0255842208862305,1778918777.0168047
anymal_c_flat,Perf/collection time,107,1.0233690738677979,1778918778.1480577
anymal_c_flat,Perf/collection time,108,1.0337378978729248,1778918779.2848504
anymal_c_flat,Perf/collection time,109,1.0178723335266113,1778918780.4072866
anymal_c_flat,Perf/collection time,110,1.0306453704833984,1778918781.549023
anymal_c_flat,Perf/collection time,111,1.016441822052002,1778918782.6711028
anymal_c_flat,Perf/collection time,112,1.0215916633605957,1778918783.7986667
anymal_c_flat,Perf/collection time,113,1.0454864501953125,1778918784.9496276
anymal_c_flat,Perf/collection time,114,1.1429250240325928,1778918786.2080657
anymal_c_flat,Perf/collection time,115,1.036346673965454,1778918787.3501415
anymal_c_flat,Perf/collection time,116,1.0370182991027832,1778918788.5009851
anymal_c_flat,Perf/collection time,117,1.033853530883789,1778918789.6395307
anymal_c_flat,Perf/collection time,118,1.0362675189971924,1778918790.8013313
anymal_c_flat,Perf/collection time,119,1.0251264572143555,1778918791.950724
anymal_c_flat,Perf/collection time,120,1.0309433937072754,1778918793.099812
anymal_c_flat,Perf/collection time,121,1.0341248512268066,1778918794.2397726
anymal_c_flat,Perf/collection time,122,1.031374454498291,1778918795.3768413
anymal_c_flat,Perf/collection time,123,1.1502161026000977,1778918796.6326761
anymal_c_flat,Perf/collection time,124,1.0486254692077637,1778918797.7889645
anymal_c_flat,Perf/collection time,125,1.01181960105896,1778918798.90577
anymal_c_flat,Perf/collection time,126,1.0316436290740967,1778918800.0440998
anymal_c_flat,Perf/collection time,127,1.0299582481384277,1778918801.1812012
anymal_c_flat,Perf/collection time,128,1.0365855693817139,1778918802.3250465
anymal_c_flat,Perf/collection time,129,1.0442421436309814,1778918803.4757125
anymal_c_flat,Perf/collection time,130,1.021867275238037,1778918804.6028585
anymal_c_flat,Perf/collection time,131,1.0338377952575684,1778918805.7651317
anymal_c_flat,Perf/collection time,132,1.0430049896240234,1778918806.9314768
anymal_c_flat,Perf/collection time,133,1.03560471534729,1778918808.073889
anymal_c_flat,Perf/collection time,134,1.0103113651275635,1778918809.1894412
anymal_c_flat,Perf/collection time,135,1.026841163635254,1778918810.3274357
anymal_c_flat,Perf/collection time,136,1.0255122184753418,1778918811.4590125
anymal_c_flat,Perf/collection time,137,1.0201621055603027,1778918812.5963469
anymal_c_flat,Perf/collection time,138,1.0483930110931396,1778918813.7517717
anymal_c_flat,Perf/collection time,139,1.0278868675231934,1778918814.8857896
anymal_c_flat,Perf/collection time,140,1.005401611328125,1778918815.9964185
anymal_c_flat,Perf/collection time,141,1.0276589393615723,1778918817.1291418
anymal_c_flat,Perf/collection time,142,1.1514503955841064,1778918818.3847191
anymal_c_flat,Perf/collection time,143,1.0218479633331299,1778918819.5189404
anymal_c_flat,Perf/collection time,144,1.02311110496521,1778918820.6475267
anymal_c_flat,Perf/collection time,145,1.0385916233062744,1778918821.7943532
anymal_c_flat,Perf/collection time,146,1.0059781074523926,1778918822.9111109
anymal_c_flat,Perf/collection time,147,1.0281729698181152,1778918824.0596843
anymal_c_flat,Perf/collection time,148,1.0333683490753174,1778918825.2019649
anymal_c_flat,Perf/collection time,149,1.019822120666504,1778918826.324229
anymal_c_flat,Perf/collection time,150,1.022087574005127,1778918827.451003
anymal_c_flat,Perf/collection time,151,1.0428452491760254,1778918828.6053073
anymal_c_flat,Perf/collection time,152,1.091280460357666,1778918829.801643
anymal_c_flat,Perf/collection time,153,1.0340919494628906,1778918830.9429157
anymal_c_flat,Perf/collection time,154,1.0308237075805664,1778918832.079158
anymal_c_flat,Perf/collection time,155,1.0278151035308838,1778918833.2140841
anymal_c_flat,Perf/collection time,156,1.02419114112854,1778918834.3449862
anymal_c_flat,Perf/collection time,157,1.009568214416504,1778918835.470538
anymal_c_flat,Perf/collection time,158,1.019869327545166,1778918836.5972588
anymal_c_flat,Perf/collection time,159,1.004472017288208,1778918837.7069917
anymal_c_flat,Perf/collection time,160,1.03544020652771,1778918838.8483295
anymal_c_flat,Perf/collection time,161,1.0913934707641602,1778918840.0452094
anymal_c_flat,Perf/collection time,162,1.0250122547149658,1778918841.1863368
anymal_c_flat,Perf/collection time,163,1.0286755561828613,1778918842.330356
anymal_c_flat,Perf/collection time,164,1.043212652206421,1778918843.4827504
anymal_c_flat,Perf/collection time,165,1.0263493061065674,1778918844.6145425
anymal_c_flat,Perf/collection time,166,1.0402162075042725,1778918845.7588522
anymal_c_flat,Perf/collection time,167,1.0175509452819824,1778918846.8811235
anymal_c_flat,Perf/collection time,168,1.0335357189178467,1778918848.020567
anymal_c_flat,Perf/collection time,169,1.012779951095581,1778918849.139351
anymal_c_flat,Perf/collection time,170,1.0303826332092285,1778918850.292731
anymal_c_flat,Perf/collection time,171,1.1181108951568604,1778918851.517395
anymal_c_flat,Perf/collection time,172,1.0382006168365479,1778918852.6707802
anymal_c_flat,Perf/collection time,173,1.032231330871582,1778918853.8233485
anymal_c_flat,Perf/collection time,174,1.019948959350586,1778918854.949183
anymal_c_flat,Perf/collection time,175,1.0302088260650635,1778918856.0828757
anymal_c_flat,Perf/collection time,176,1.0381081104278564,1778918857.2238588
anymal_c_flat,Perf/collection time,177,1.0305249691009521,1778918858.357029
anymal_c_flat,Perf/collection time,178,1.036923885345459,1778918859.5111198
anymal_c_flat,Perf/collection time,179,1.0228748321533203,1778918860.6413786
anymal_c_flat,Perf/collection time,180,1.1008763313293457,1778918861.8493683
anymal_c_flat,Perf/collection time,181,1.0203065872192383,1778918862.9721346
anymal_c_flat,Perf/collection time,182,1.0249884128570557,1778918864.1119998
anymal_c_flat,Perf/collection time,183,1.0284087657928467,1778918865.2467399
anymal_c_flat,Perf/collection time,184,1.0282349586486816,1778918866.3829978
anymal_c_flat,Perf/collection time,185,1.045088291168213,1778918867.535999
anymal_c_flat,Perf/collection time,186,1.0190253257751465,1778918868.6610909
anymal_c_flat,Perf/collection time,187,1.034663200378418,1778918869.8012385
anymal_c_flat,Perf/collection time,188,1.0335521697998047,1778918870.9393184
anymal_c_flat,Perf/collection time,189,1.0358119010925293,1778918872.0815625
anymal_c_flat,Perf/collection time,190,1.1019337177276611,1778918873.2867157
anymal_c_flat,Perf/collection time,191,1.016791820526123,1778918874.4074805
anymal_c_flat,Perf/collection time,192,1.0261907577514648,1778918875.5388737
anymal_c_flat,Perf/collection time,193,1.0250725746154785,1778918876.67285
anymal_c_flat,Perf/collection time,194,1.0422122478485107,1778918877.8214254
anymal_c_flat,Perf/collection time,195,1.0220472812652588,1778918878.9685047
anymal_c_flat,Perf/collection time,196,1.0495355129241943,1778918880.1237013
anymal_c_flat,Perf/collection time,197,1.049532413482666,1778918881.2821138
anymal_c_flat,Perf/collection time,198,1.0330095291137695,1778918882.420529
anymal_c_flat,Perf/collection time,199,1.1661372184753418,1778918883.6933868
anymal_c_flat,Perf/collection time,200,1.0311875343322754,1778918884.82992
anymal_c_flat,Perf/collection time,201,1.051339864730835,1778918885.995129
anymal_c_flat,Perf/collection time,202,1.0198109149932861,1778918887.1200118
anymal_c_flat,Perf/collection time,203,1.040135383605957,1778918888.2655208
anymal_c_flat,Perf/collection time,204,1.0331110954284668,1778918889.4242072
anymal_c_flat,Perf/collection time,205,1.021841049194336,1778918890.551854
anymal_c_flat,Perf/collection time,206,1.0332331657409668,1778918891.6905482
anymal_c_flat,Perf/collection time,207,1.0146427154541016,1778918892.8099658
anymal_c_flat,Perf/collection time,208,1.029604434967041,1778918893.9465172
anymal_c_flat,Perf/collection time,209,1.1434292793273926,1778918895.1947157
anymal_c_flat,Perf/collection time,210,1.0205249786376953,1778918896.328476
anymal_c_flat,Perf/collection time,211,1.0248408317565918,1778918897.4559627
anymal_c_flat,Perf/collection time,212,1.0363402366638184,1778918898.5966437
anymal_c_flat,Perf/collection time,213,1.0363867282867432,1778918899.7377117
anymal_c_flat,Perf/collection time,214,1.034733533859253,1778918900.8772902
anymal_c_flat,Perf/collection time,215,1.0160348415374756,1778918901.9986074
anymal_c_flat,Perf/collection time,216,1.0401582717895508,1778918903.143295
anymal_c_flat,Perf/collection time,217,1.020930290222168,1778918904.2686229
anymal_c_flat,Perf/collection time,218,1.1677579879760742,1778918905.5433109
anymal_c_flat,Perf/collection time,219,1.0226144790649414,1778918906.6726234
anymal_c_flat,Perf/collection time,220,1.0289013385772705,1778918907.8077128
anymal_c_flat,Perf/collection time,221,1.012833595275879,1778918908.9269934
anymal_c_flat,Perf/collection time,222,1.04791259765625,1778918910.087109
anymal_c_flat,Perf/collection time,223,1.025400161743164,1778918911.2196825
anymal_c_flat,Perf/collection time,224,1.0384657382965088,1778918912.3633769
anymal_c_flat,Perf/collection time,225,1.035996913909912,1778918913.5138905
anymal_c_flat,Perf/collection time,226,1.0309722423553467,1778918914.6510057
anymal_c_flat,Perf/collection time,227,1.0302097797393799,1778918915.788678
anymal_c_flat,Perf/collection time,228,1.1761524677276611,1778918917.0697272
anymal_c_flat,Perf/collection time,229,1.0282742977142334,1778918918.2093296
anymal_c_flat,Perf/collection time,230,1.037470817565918,1778918919.3528821
anymal_c_flat,Perf/collection time,231,1.0409724712371826,1778918920.5001645
anymal_c_flat,Perf/collection time,232,1.0434932708740234,1778918921.648779
anymal_c_flat,Perf/collection time,233,1.0290617942810059,1778918922.7843678
anymal_c_flat,Perf/collection time,234,1.0219228267669678,1778918923.920308
anymal_c_flat,Perf/collection time,235,1.0345871448516846,1778918925.08189
anymal_c_flat,Perf/collection time,236,1.022108554840088,1778918926.2108283
anymal_c_flat,Perf/collection time,237,1.1440508365631104,1778918927.461125
anymal_c_flat,Perf/collection time,238,1.0327377319335938,1778918928.6003385
anymal_c_flat,Perf/collection time,239,1.0309247970581055,1778918929.7361932
anymal_c_flat,Perf/collection time,240,1.0401365756988525,1778918930.8819263
anymal_c_flat,Perf/collection time,241,1.035534381866455,1778918932.0232964
anymal_c_flat,Perf/collection time,242,1.0304088592529297,1778918933.1653397
anymal_c_flat,Perf/collection time,243,1.0397248268127441,1778918934.310446
anymal_c_flat,Perf/collection time,244,1.0181758403778076,1778918935.4357173
anymal_c_flat,Perf/collection time,245,1.0261480808258057,1778918936.5690274
anymal_c_flat,Perf/collection time,246,1.042360782623291,1778918937.717132
anymal_c_flat,Perf/collection time,247,1.1858875751495361,1778918939.0096357
anymal_c_flat,Perf/collection time,248,1.0291950702667236,1778918940.1447008
anymal_c_flat,Perf/collection time,249,1.0279600620269775,1778918941.2780378
anymal_c_flat,Perf/collection time,250,1.0423412322998047,1778918942.4246273
anymal_c_flat,Perf/collection time,251,1.0322611331939697,1778918943.5700355
anymal_c_flat,Perf/collection time,252,1.0344502925872803,1778918944.7094727
anymal_c_flat,Perf/collection time,253,1.0295028686523438,1778918945.846308
anymal_c_flat,Perf/collection time,254,1.0249478816986084,1778918946.9787438
anymal_c_flat,Perf/collection time,255,1.0239453315734863,1778918948.1088288
anymal_c_flat,Perf/collection time,256,1.176619529724121,1778918949.390791
anymal_c_flat,Perf/collection time,257,1.0387346744537354,1778918950.5345376
anymal_c_flat,Perf/collection time,258,1.0346720218658447,1778918951.6752713
anymal_c_flat,Perf/collection time,259,1.0336687564849854,1778918952.8148546
anymal_c_flat,Perf/collection time,260,1.043100357055664,1778918953.9623408
anymal_c_flat,Perf/collection time,261,1.0229780673980713,1778918955.0927494
anymal_c_flat,Perf/collection time,262,1.0364758968353271,1778918956.2353482
anymal_c_flat,Perf/collection time,263,1.0139317512512207,1778918957.3561246
anymal_c_flat,Perf/collection time,264,1.0281615257263184,1778918958.4906774
anymal_c_flat,Perf/collection time,265,1.0186657905578613,1778918959.6157722
anymal_c_flat,Perf/collection time,266,1.1173138618469238,1778918960.8424623
anymal_c_flat,Perf/collection time,267,1.0326476097106934,1778918961.9809363
anymal_c_flat,Perf/collection time,268,1.0292840003967285,1778918963.1235418
anymal_c_flat,Perf/collection time,269,1.026618480682373,1778918964.2562683
anymal_c_flat,Perf/collection time,270,1.0212361812591553,1778918965.3905172
anymal_c_flat,Perf/collection time,271,1.0214715003967285,1778918966.5175948
anymal_c_flat,Perf/collection time,272,1.0196623802185059,1778918967.6525862
anymal_c_flat,Perf/collection time,273,1.0289411544799805,1778918968.7844198
anymal_c_flat,Perf/collection time,274,1.034322738647461,1778918969.9239304
anymal_c_flat,Perf/collection time,275,1.1536993980407715,1778918971.18367
anymal_c_flat,Perf/collection time,276,1.0269582271575928,1778918972.3183
anymal_c_flat,Perf/collection time,277,1.0170018672943115,1778918973.4399307
anymal_c_flat,Perf/collection time,278,1.0382015705108643,1778918974.5996404
anymal_c_flat,Perf/collection time,279,1.0155198574066162,1778918975.7317932
anymal_c_flat,Perf/collection time,280,1.022822380065918,1778918976.8613183
anymal_c_flat,Perf/collection time,281,1.0438637733459473,1778918978.011467
anymal_c_flat,Perf/collection time,282,1.029052495956421,1778918979.1429555
anymal_c_flat,Perf/collection time,283,1.0330066680908203,1778918980.2929904
anymal_c_flat,Perf/collection time,284,1.0448813438415527,1778918981.4433362
anymal_c_flat,Perf/collection time,285,1.185274600982666,1778918982.7357564
anymal_c_flat,Perf/collection time,286,1.0345239639282227,1778918983.8746238
anymal_c_flat,Perf/collection time,287,1.0413835048675537,1778918985.0203712
anymal_c_flat,Perf/collection time,288,1.0367045402526855,1778918986.162962
anymal_c_flat,Perf/collection time,289,1.031883955001831,1778918987.2993069
anymal_c_flat,Perf/collection time,290,1.0273520946502686,1778918988.42982
anymal_c_flat,Perf/collection time,291,1.028158187866211,1778918989.560943
anymal_c_flat,Perf/collection time,292,1.0310325622558594,1778918990.6971734
anymal_c_flat,Perf/collection time,293,1.039097547531128,1778918991.8398366
anymal_c_flat,Perf/collection time,294,1.1543769836425781,1778918993.1013567
anymal_c_flat,Perf/collection time,295,1.0497956275939941,1778918994.2583678
anymal_c_flat,Perf/collection time,296,1.041985273361206,1778918995.4064562
anymal_c_flat,Perf/collection time,297,1.0166583061218262,1778918996.5277364
anymal_c_flat,Perf/collection time,298,1.0138602256774902,1778918997.6557417
anymal_c_flat,Perf/collection time,299,1.0348458290100098,1778918998.7964752
anymal_c_flat,Perf/learning_time,0,0.25875234603881836,1778918656.2319212
anymal_c_flat,Perf/learning_time,1,0.09342169761657715,1778918657.3861067
anymal_c_flat,Perf/learning_time,2,0.09787344932556152,1778918658.4658613
anymal_c_flat,Perf/learning_time,3,0.10474848747253418,1778918659.5520434
anymal_c_flat,Perf/learning_time,4,0.09481048583984375,1778918660.627731
anymal_c_flat,Perf/learning_time,5,0.09945559501647949,1778918662.1418383
anymal_c_flat,Perf/learning_time,6,0.10414910316467285,1778918663.2311492
anymal_c_flat,Perf/learning_time,7,0.10099291801452637,1778918664.3212652
anymal_c_flat,Perf/learning_time,8,0.08967447280883789,1778918665.3917613
anymal_c_flat,Perf/learning_time,9,0.09292721748352051,1778918666.4551466
anymal_c_flat,Perf/learning_time,10,0.09402036666870117,1778918667.5227928
anymal_c_flat,Perf/learning_time,11,0.09212374687194824,1778918668.5893507
anymal_c_flat,Perf/learning_time,12,0.09177684783935547,1778918669.659955
anymal_c_flat,Perf/learning_time,13,0.09458136558532715,1778918670.7451375
anymal_c_flat,Perf/learning_time,14,0.09421515464782715,1778918671.8356984
anymal_c_flat,Perf/learning_time,15,0.10444998741149902,1778918672.9190912
anymal_c_flat,Perf/learning_time,16,0.11196160316467285,1778918674.0081503
anymal_c_flat,Perf/learning_time,17,0.0921940803527832,1778918675.0822127
anymal_c_flat,Perf/learning_time,18,0.09392046928405762,1778918676.1904786
anymal_c_flat,Perf/learning_time,19,0.09136676788330078,1778918677.3706481
anymal_c_flat,Perf/learning_time,20,0.09318327903747559,1778918678.4449615
anymal_c_flat,Perf/learning_time,21,0.09270524978637695,1778918679.8779004
anymal_c_flat,Perf/learning_time,22,0.0931539535522461,1778918680.9778962
anymal_c_flat,Perf/learning_time,23,0.09346508979797363,1778918682.0917888
anymal_c_flat,Perf/learning_time,24,0.0948019027709961,1778918683.176591
anymal_c_flat,Perf/learning_time,25,0.0931711196899414,1778918684.275563
anymal_c_flat,Perf/learning_time,26,0.09275960922241211,1778918685.3738682
anymal_c_flat,Perf/learning_time,27,0.09297490119934082,1778918686.4795175
anymal_c_flat,Perf/learning_time,28,0.09406566619873047,1778918687.713706
anymal_c_flat,Perf/learning_time,29,0.09281349182128906,1778918688.817711
anymal_c_flat,Perf/learning_time,30,0.10556888580322266,1778918689.9448948
anymal_c_flat,Perf/learning_time,31,0.09398007392883301,1778918691.0592499
anymal_c_flat,Perf/learning_time,32,0.09214925765991211,1778918692.1607368
anymal_c_flat,Perf/learning_time,33,0.09273505210876465,1778918693.2786965
anymal_c_flat,Perf/learning_time,34,0.09325671195983887,1778918694.3882384
anymal_c_flat,Perf/learning_time,35,0.10302901268005371,1778918695.4991612
anymal_c_flat,Perf/learning_time,36,0.09237337112426758,1778918696.6374114
anymal_c_flat,Perf/learning_time,37,0.09704327583312988,1778918697.748065
anymal_c_flat,Perf/learning_time,38,0.09372830390930176,1778918698.9965553
anymal_c_flat,Perf/learning_time,39,0.09382033348083496,1778918700.1131904
anymal_c_flat,Perf/learning_time,40,0.09346985816955566,1778918701.233163
anymal_c_flat,Perf/learning_time,41,0.09001278877258301,1778918702.3486154
anymal_c_flat,Perf/learning_time,42,0.09547066688537598,1778918703.4630094
anymal_c_flat,Perf/learning_time,43,0.09429717063903809,1778918704.5898085
anymal_c_flat,Perf/learning_time,44,0.09170150756835938,1778918705.7213316
anymal_c_flat,Perf/learning_time,45,0.09242081642150879,1778918706.8410027
anymal_c_flat,Perf/learning_time,46,0.09205055236816406,1778918707.966789
anymal_c_flat,Perf/learning_time,47,0.11017584800720215,1778918709.1961355
anymal_c_flat,Perf/learning_time,48,0.10121488571166992,1778918710.328895
anymal_c_flat,Perf/learning_time,49,0.09335613250732422,1778918711.4560423
anymal_c_flat,Perf/learning_time,50,0.09360957145690918,1778918712.5701382
anymal_c_flat,Perf/learning_time,51,0.09696197509765625,1778918713.7075412
anymal_c_flat,Perf/learning_time,52,0.09441089630126953,1778918714.8453531
anymal_c_flat,Perf/learning_time,53,0.09250807762145996,1778918715.9721868
anymal_c_flat,Perf/learning_time,54,0.09290695190429688,1778918717.1109724
anymal_c_flat,Perf/learning_time,55,0.10377812385559082,1778918718.2403193
anymal_c_flat,Perf/learning_time,56,0.09291315078735352,1778918719.3837848
anymal_c_flat,Perf/learning_time,57,0.09269976615905762,1778918720.6196234
anymal_c_flat,Perf/learning_time,58,0.11156177520751953,1778918721.770248
anymal_c_flat,Perf/learning_time,59,0.0921638011932373,1778918722.9116573
anymal_c_flat,Perf/learning_time,60,0.09345769882202148,1778918724.0429847
anymal_c_flat,Perf/learning_time,61,0.1102447509765625,1778918725.2229908
anymal_c_flat,Perf/learning_time,62,0.09291648864746094,1778918726.3461037
anymal_c_flat,Perf/learning_time,63,0.0941469669342041,1778918727.4743617
anymal_c_flat,Perf/learning_time,64,0.09083819389343262,1778918728.595256
anymal_c_flat,Perf/learning_time,65,0.08984899520874023,1778918729.7326553
anymal_c_flat,Perf/learning_time,66,0.09287548065185547,1778918730.9919384
anymal_c_flat,Perf/learning_time,67,0.09147763252258301,1778918732.116293
anymal_c_flat,Perf/learning_time,68,0.1012570858001709,1778918733.2587152
anymal_c_flat,Perf/learning_time,69,0.09369897842407227,1778918734.3868556
anymal_c_flat,Perf/learning_time,70,0.09644103050231934,1778918735.5252
anymal_c_flat,Perf/learning_time,71,0.09212446212768555,1778918736.6754825
anymal_c_flat,Perf/learning_time,72,0.09233379364013672,1778918737.8039436
anymal_c_flat,Perf/learning_time,73,0.09171009063720703,1778918738.9258728
anymal_c_flat,Perf/learning_time,74,0.0932607650756836,1778918740.056256
anymal_c_flat,Perf/learning_time,75,0.09780287742614746,1778918741.193996
anymal_c_flat,Perf/learning_time,76,0.09345340728759766,1778918742.478995
anymal_c_flat,Perf/learning_time,77,0.1096796989440918,1778918743.6264982
anymal_c_flat,Perf/learning_time,78,0.09237933158874512,1778918744.751235
anymal_c_flat,Perf/learning_time,79,0.11048436164855957,1778918745.9013522
anymal_c_flat,Perf/learning_time,80,0.0926675796508789,1778918747.041853
anymal_c_flat,Perf/learning_time,81,0.09659242630004883,1778918748.1824298
anymal_c_flat,Perf/learning_time,82,0.09518861770629883,1778918749.3193197
anymal_c_flat,Perf/learning_time,83,0.09214186668395996,1778918750.4597445
anymal_c_flat,Perf/learning_time,84,0.09161520004272461,1778918751.5892417
anymal_c_flat,Perf/learning_time,85,0.09090209007263184,1778918752.893937
anymal_c_flat,Perf/learning_time,86,0.09530067443847656,1778918754.0527065
anymal_c_flat,Perf/learning_time,87,0.09270143508911133,1778918755.1788495
anymal_c_flat,Perf/learning_time,88,0.0931551456451416,1778918756.2959938
anymal_c_flat,Perf/learning_time,89,0.0926668643951416,1778918757.4365153
anymal_c_flat,Perf/learning_time,90,0.09348678588867188,1778918758.5817528
anymal_c_flat,Perf/learning_time,91,0.09264802932739258,1778918759.7402341
anymal_c_flat,Perf/learning_time,92,0.10113763809204102,1778918760.8977933
anymal_c_flat,Perf/learning_time,93,0.09329795837402344,1778918762.0270665
anymal_c_flat,Perf/learning_time,94,0.09206914901733398,1778918763.1611817
anymal_c_flat,Perf/learning_time,95,0.09130263328552246,1778918764.3539126
anymal_c_flat,Perf/learning_time,96,0.09028148651123047,1778918765.495213
anymal_c_flat,Perf/learning_time,97,0.09075045585632324,1778918766.6432893
anymal_c_flat,Perf/learning_time,98,0.09255409240722656,1778918767.7897017
anymal_c_flat,Perf/learning_time,99,0.09177279472351074,1778918768.9276319
anymal_c_flat,Perf/learning_time,100,0.09406280517578125,1778918770.0774138
anymal_c_flat,Perf/learning_time,101,0.08995842933654785,1778918771.209306
anymal_c_flat,Perf/learning_time,102,0.0921940803527832,1778918772.3519998
anymal_c_flat,Perf/learning_time,103,0.09362173080444336,1778918773.487165
anymal_c_flat,Perf/learning_time,104,0.0927884578704834,1778918774.7418354
anymal_c_flat,Perf/learning_time,105,0.09337139129638672,1778918775.8720186
anymal_c_flat,Perf/learning_time,106,0.10271644592285156,1778918777.0168178
anymal_c_flat,Perf/learning_time,107,0.0944981575012207,1778918778.1480708
anymal_c_flat,Perf/learning_time,108,0.09003901481628418,1778918779.284864
anymal_c_flat,Perf/learning_time,109,0.09171700477600098,1778918780.4073002
anymal_c_flat,Perf/learning_time,110,0.09788155555725098,1778918781.5490358
anymal_c_flat,Perf/learning_time,111,0.09288382530212402,1778918782.6711164
anymal_c_flat,Perf/learning_time,112,0.09313583374023438,1778918783.7986796
anymal_c_flat,Perf/learning_time,113,0.0922706127166748,1778918784.9496405
anymal_c_flat,Perf/learning_time,114,0.10329389572143555,1778918786.2080786
anymal_c_flat,Perf/learning_time,115,0.09268045425415039,1778918787.350154
anymal_c_flat,Perf/learning_time,116,0.10089588165283203,1778918788.5009978
anymal_c_flat,Perf/learning_time,117,0.09145283699035645,1778918789.639544
anymal_c_flat,Perf/learning_time,118,0.11097431182861328,1778918790.8013437
anymal_c_flat,Perf/learning_time,119,0.10830140113830566,1778918791.9507372
anymal_c_flat,Perf/learning_time,120,0.10161423683166504,1778918793.0998278
anymal_c_flat,Perf/learning_time,121,0.09214925765991211,1778918794.2397861
anymal_c_flat,Perf/learning_time,122,0.09248805046081543,1778918795.3768542
anymal_c_flat,Perf/learning_time,123,0.09262299537658691,1778918796.632689
anymal_c_flat,Perf/learning_time,124,0.09358048439025879,1778918797.7889774
anymal_c_flat,Perf/learning_time,125,0.09209942817687988,1778918798.9057822
anymal_c_flat,Perf/learning_time,126,0.09354472160339355,1778918800.0441124
anymal_c_flat,Perf/learning_time,127,0.09398603439331055,1778918801.1812136
anymal_c_flat,Perf/learning_time,128,0.09374451637268066,1778918802.325061
anymal_c_flat,Perf/learning_time,129,0.09344649314880371,1778918803.4757252
anymal_c_flat,Perf/learning_time,130,0.09248995780944824,1778918804.602872
anymal_c_flat,Perf/learning_time,131,0.1119534969329834,1778918805.7651484
anymal_c_flat,Perf/learning_time,132,0.1064767837524414,1778918806.931502
anymal_c_flat,Perf/learning_time,133,0.09328198432922363,1778918808.073902
anymal_c_flat,Perf/learning_time,134,0.0929555892944336,1778918809.189454
anymal_c_flat,Perf/learning_time,135,0.09801506996154785,1778918810.327449
anymal_c_flat,Perf/learning_time,136,0.0935983657836914,1778918811.4590251
anymal_c_flat,Perf/learning_time,137,0.10449457168579102,1778918812.5963619
anymal_c_flat,Perf/learning_time,138,0.0938420295715332,1778918813.751784
anymal_c_flat,Perf/learning_time,139,0.09297943115234375,1778918814.885803
anymal_c_flat,Perf/learning_time,140,0.0930473804473877,1778918815.9964318
anymal_c_flat,Perf/learning_time,141,0.09219646453857422,1778918817.1291542
anymal_c_flat,Perf/learning_time,142,0.09156274795532227,1778918818.384732
anymal_c_flat,Perf/learning_time,143,0.0997471809387207,1778918819.5189533
anymal_c_flat,Perf/learning_time,144,0.09263300895690918,1778918820.6475406
anymal_c_flat,Perf/learning_time,145,0.09541535377502441,1778918821.7943676
anymal_c_flat,Perf/learning_time,146,0.09656929969787598,1778918822.9111242
anymal_c_flat,Perf/learning_time,147,0.10674023628234863,1778918824.0596976
anymal_c_flat,Perf/learning_time,148,0.09640026092529297,1778918825.201978
anymal_c_flat,Perf/learning_time,149,0.09006214141845703,1778918826.324242
anymal_c_flat,Perf/learning_time,150,0.09206008911132812,1778918827.4510155
anymal_c_flat,Perf/learning_time,151,0.09084749221801758,1778918828.605321
anymal_c_flat,Perf/learning_time,152,0.09196829795837402,1778918829.8016558
anymal_c_flat,Perf/learning_time,153,0.09382009506225586,1778918830.9429295
anymal_c_flat,Perf/learning_time,154,0.0926661491394043,1778918832.0791702
anymal_c_flat,Perf/learning_time,155,0.09434318542480469,1778918833.2140968
anymal_c_flat,Perf/learning_time,156,0.09359574317932129,1778918834.344999
anymal_c_flat,Perf/learning_time,157,0.10354280471801758,1778918835.470551
anymal_c_flat,Perf/learning_time,158,0.09415435791015625,1778918836.5972722
anymal_c_flat,Perf/learning_time,159,0.0927739143371582,1778918837.7070057
anymal_c_flat,Perf/learning_time,160,0.0928497314453125,1778918838.8483422
anymal_c_flat,Perf/learning_time,161,0.09251952171325684,1778918840.045224
anymal_c_flat,Perf/learning_time,162,0.1031951904296875,1778918841.18635
anymal_c_flat,Perf/learning_time,163,0.10252857208251953,1778918842.330369
anymal_c_flat,Perf/learning_time,164,0.09608864784240723,1778918843.482779
anymal_c_flat,Perf/learning_time,165,0.09208488464355469,1778918844.6145554
anymal_c_flat,Perf/learning_time,166,0.09095025062561035,1778918845.7588649
anymal_c_flat,Perf/learning_time,167,0.09189534187316895,1778918846.881137
anymal_c_flat,Perf/learning_time,168,0.09291911125183105,1778918848.0206017
anymal_c_flat,Perf/learning_time,169,0.09389495849609375,1778918849.1393635
anymal_c_flat,Perf/learning_time,170,0.11015105247497559,1778918850.2927442
anymal_c_flat,Perf/learning_time,171,0.09390521049499512,1778918851.5174074
anymal_c_flat,Perf/learning_time,172,0.10206842422485352,1778918852.6707935
anymal_c_flat,Perf/learning_time,173,0.10727810859680176,1778918853.8233626
anymal_c_flat,Perf/learning_time,174,0.09262609481811523,1778918854.949196
anymal_c_flat,Perf/learning_time,175,0.09105277061462402,1778918856.0828888
anymal_c_flat,Perf/learning_time,176,0.089996337890625,1778918857.2238717
anymal_c_flat,Perf/learning_time,177,0.08979558944702148,1778918858.3570418
anymal_c_flat,Perf/learning_time,178,0.10349512100219727,1778918859.5111327
anymal_c_flat,Perf/learning_time,179,0.09422850608825684,1778918860.6413915
anymal_c_flat,Perf/learning_time,180,0.09285902976989746,1778918861.8493853
anymal_c_flat,Perf/learning_time,181,0.08960270881652832,1778918862.9721472
anymal_c_flat,Perf/learning_time,182,0.10205817222595215,1778918864.1120124
anymal_c_flat,Perf/learning_time,183,0.09367942810058594,1778918865.2467527
anymal_c_flat,Perf/learning_time,184,0.09492230415344238,1778918866.3830104
anymal_c_flat,Perf/learning_time,185,0.09248137474060059,1778918867.5360131
anymal_c_flat,Perf/learning_time,186,0.09288692474365234,1778918868.661104
anymal_c_flat,Perf/learning_time,187,0.09141063690185547,1778918869.8012521
anymal_c_flat,Perf/learning_time,188,0.09137105941772461,1778918870.9393315
anymal_c_flat,Perf/learning_time,189,0.09318399429321289,1778918872.0815985
anymal_c_flat,Perf/learning_time,190,0.09000825881958008,1778918873.2867281
anymal_c_flat,Perf/learning_time,191,0.09131288528442383,1778918874.4074938
anymal_c_flat,Perf/learning_time,192,0.0926361083984375,1778918875.5388863
anymal_c_flat,Perf/learning_time,193,0.09572649002075195,1778918876.6728628
anymal_c_flat,Perf/learning_time,194,0.09296965599060059,1778918877.8214386
anymal_c_flat,Perf/learning_time,195,0.10880827903747559,1778918878.968519
anymal_c_flat,Perf/learning_time,196,0.09219551086425781,1778918880.123716
anymal_c_flat,Perf/learning_time,197,0.09568643569946289,1778918881.282127
anymal_c_flat,Perf/learning_time,198,0.09256744384765625,1778918882.4205418
anymal_c_flat,Perf/learning_time,199,0.09350895881652832,1778918883.6933992
anymal_c_flat,Perf/learning_time,200,0.09221720695495605,1778918884.8299336
anymal_c_flat,Perf/learning_time,201,0.09310674667358398,1778918885.995142
anymal_c_flat,Perf/learning_time,202,0.09239840507507324,1778918887.1200242
anymal_c_flat,Perf/learning_time,203,0.09205937385559082,1778918888.2655337
anymal_c_flat,Perf/learning_time,204,0.1087503433227539,1778918889.4242306
anymal_c_flat,Perf/learning_time,205,0.09271717071533203,1778918890.5518672
anymal_c_flat,Perf/learning_time,206,0.09261512756347656,1778918891.6905608
anymal_c_flat,Perf/learning_time,207,0.09246325492858887,1778918892.809979
anymal_c_flat,Perf/learning_time,208,0.0941925048828125,1778918893.94653
anymal_c_flat,Perf/learning_time,209,0.09190630912780762,1778918895.1947286
anymal_c_flat,Perf/learning_time,210,0.10085463523864746,1778918896.3284886
anymal_c_flat,Perf/learning_time,211,0.09000825881958008,1778918897.4559758
anymal_c_flat,Perf/learning_time,212,0.0917050838470459,1778918898.5966568
anymal_c_flat,Perf/learning_time,213,0.09172677993774414,1778918899.737725
anymal_c_flat,Perf/learning_time,214,0.09160923957824707,1778918900.8773034
anymal_c_flat,Perf/learning_time,215,0.09283685684204102,1778918901.9986207
anymal_c_flat,Perf/learning_time,216,0.0915975570678711,1778918903.1433074
anymal_c_flat,Perf/learning_time,217,0.09152603149414062,1778918904.2686365
anymal_c_flat,Perf/learning_time,218,0.09313726425170898,1778918905.5433238
anymal_c_flat,Perf/learning_time,219,0.0936741828918457,1778918906.672638
anymal_c_flat,Perf/learning_time,220,0.09322524070739746,1778918907.8077254
anymal_c_flat,Perf/learning_time,221,0.09383225440979004,1778918908.9270065
anymal_c_flat,Perf/learning_time,222,0.09773707389831543,1778918910.087122
anymal_c_flat,Perf/learning_time,223,0.0937647819519043,1778918911.2196953
anymal_c_flat,Perf/learning_time,224,0.09256434440612793,1778918912.36339
anymal_c_flat,Perf/learning_time,225,0.1012425422668457,1778918913.5139036
anymal_c_flat,Perf/learning_time,226,0.0927877426147461,1778918914.6510184
anymal_c_flat,Perf/learning_time,227,0.09424948692321777,1778918915.7886908
anymal_c_flat,Perf/learning_time,228,0.09232902526855469,1778918917.06974
anymal_c_flat,Perf/learning_time,229,0.09649491310119629,1778918918.2093434
anymal_c_flat,Perf/learning_time,230,0.09271121025085449,1778918919.352895
anymal_c_flat,Perf/learning_time,231,0.09327530860900879,1778918920.5001774
anymal_c_flat,Perf/learning_time,232,0.09192585945129395,1778918921.6487923
anymal_c_flat,Perf/learning_time,233,0.09328079223632812,1778918922.7843816
anymal_c_flat,Perf/learning_time,234,0.10103368759155273,1778918923.9203207
anymal_c_flat,Perf/learning_time,235,0.1101679801940918,1778918925.0819032
anymal_c_flat,Perf/learning_time,236,0.09341979026794434,1778918926.2108414
anymal_c_flat,Perf/learning_time,237,0.09352731704711914,1778918927.4611378
anymal_c_flat,Perf/learning_time,238,0.09357619285583496,1778918928.6003513
anymal_c_flat,Perf/learning_time,239,0.09211993217468262,1778918929.7362065
anymal_c_flat,Perf/learning_time,240,0.09258770942687988,1778918930.8819392
anymal_c_flat,Perf/learning_time,241,0.09298062324523926,1778918932.023309
anymal_c_flat,Perf/learning_time,242,0.09873485565185547,1778918933.165353
anymal_c_flat,Perf/learning_time,243,0.09273910522460938,1778918934.3104594
anymal_c_flat,Perf/learning_time,244,0.09333467483520508,1778918935.4357302
anymal_c_flat,Perf/learning_time,245,0.09395217895507812,1778918936.5690413
anymal_c_flat,Perf/learning_time,246,0.09270405769348145,1778918937.7171452
anymal_c_flat,Perf/learning_time,247,0.09357094764709473,1778918939.0096488
anymal_c_flat,Perf/learning_time,248,0.09265923500061035,1778918940.1447155
anymal_c_flat,Perf/learning_time,249,0.09272146224975586,1778918941.2780507
anymal_c_flat,Perf/learning_time,250,0.09115409851074219,1778918942.4246414
anymal_c_flat,Perf/learning_time,251,0.09294605255126953,1778918943.5700488
anymal_c_flat,Perf/learning_time,252,0.09236454963684082,1778918944.7094858
anymal_c_flat,Perf/learning_time,253,0.09445762634277344,1778918945.8463213
anymal_c_flat,Perf/learning_time,254,0.09438657760620117,1778918946.9787579
anymal_c_flat,Perf/learning_time,255,0.09309244155883789,1778918948.1088414
anymal_c_flat,Perf/learning_time,256,0.09262871742248535,1778918949.3908033
anymal_c_flat,Perf/learning_time,257,0.09198904037475586,1778918950.5345504
anymal_c_flat,Perf/learning_time,258,0.09224653244018555,1778918951.6752846
anymal_c_flat,Perf/learning_time,259,0.09266471862792969,1778918952.8148673
anymal_c_flat,Perf/learning_time,260,0.09135222434997559,1778918953.9623542
anymal_c_flat,Perf/learning_time,261,0.09426045417785645,1778918955.092762
anymal_c_flat,Perf/learning_time,262,0.09314322471618652,1778918956.235361
anymal_c_flat,Perf/learning_time,263,0.09424924850463867,1778918957.3561375
anymal_c_flat,Perf/learning_time,264,0.09358716011047363,1778918958.4906902
anymal_c_flat,Perf/learning_time,265,0.09353899955749512,1778918959.6157851
anymal_c_flat,Perf/learning_time,266,0.09610581398010254,1778918960.8424761
anymal_c_flat,Perf/learning_time,267,0.09272170066833496,1778918961.9809492
anymal_c_flat,Perf/learning_time,268,0.09941387176513672,1778918963.1235545
anymal_c_flat,Perf/learning_time,269,0.09293913841247559,1778918964.2562816
anymal_c_flat,Perf/learning_time,270,0.10009622573852539,1778918965.3905303
anymal_c_flat,Perf/learning_time,271,0.09290647506713867,1778918966.517611
anymal_c_flat,Perf/learning_time,272,0.10101890563964844,1778918967.6526124
anymal_c_flat,Perf/learning_time,273,0.09020352363586426,1778918968.7844324
anymal_c_flat,Perf/learning_time,274,0.09241652488708496,1778918969.9239435
anymal_c_flat,Perf/learning_time,275,0.09293556213378906,1778918971.1836832
anymal_c_flat,Perf/learning_time,276,0.09441804885864258,1778918972.3183138
anymal_c_flat,Perf/learning_time,277,0.09101104736328125,1778918973.439944
anymal_c_flat,Perf/learning_time,278,0.1048431396484375,1778918974.599653
anymal_c_flat,Perf/learning_time,279,0.1021568775177002,1778918975.7318168
anymal_c_flat,Perf/learning_time,280,0.09389066696166992,1778918976.8613324
anymal_c_flat,Perf/learning_time,281,0.09199738502502441,1778918978.0114806
anymal_c_flat,Perf/learning_time,282,0.08954477310180664,1778918979.1429691
anymal_c_flat,Perf/learning_time,283,0.10405397415161133,1778918980.2930038
anymal_c_flat,Perf/learning_time,284,0.09243297576904297,1778918981.4433484
anymal_c_flat,Perf/learning_time,285,0.09423065185546875,1778918982.7357693
anymal_c_flat,Perf/learning_time,286,0.0916290283203125,1778918983.8746367
anymal_c_flat,Perf/learning_time,287,0.09160923957824707,1778918985.0203846
anymal_c_flat,Perf/learning_time,288,0.09261894226074219,1778918986.1629744
anymal_c_flat,Perf/learning_time,289,0.09160733222961426,1778918987.2993197
anymal_c_flat,Perf/learning_time,290,0.09022712707519531,1778918988.429833
anymal_c_flat,Perf/learning_time,291,0.08993148803710938,1778918989.5609565
anymal_c_flat,Perf/learning_time,292,0.09249615669250488,1778918990.6971858
anymal_c_flat,Perf/learning_time,293,0.09077858924865723,1778918991.8398492
anymal_c_flat,Perf/learning_time,294,0.09416532516479492,1778918993.1013713
anymal_c_flat,Perf/learning_time,295,0.0927894115447998,1778918994.2583807
anymal_c_flat,Perf/learning_time,296,0.0926976203918457,1778918995.406469
anymal_c_flat,Perf/learning_time,297,0.09194469451904297,1778918996.5277493
anymal_c_flat,Perf/learning_time,298,0.09795236587524414,1778918997.6557565
anymal_c_flat,Perf/learning_time,299,0.09251713752746582,1778918998.7964885
anymal_c_flat,Train/mean_reward,1,-1.693821668624878,1778918657.3861969
anymal_c_flat,Train/mean_reward,2,-1.693821668624878,1778918658.4659255
anymal_c_flat,Train/mean_reward,3,-1.693821668624878,1778918659.5521233
anymal_c_flat,Train/mean_reward,4,-1.693821668624878,1778918660.6277983
anymal_c_flat,Train/mean_reward,5,-3.535464286804199,1778918662.141912
anymal_c_flat,Train/mean_reward,6,-3.535464286804199,1778918663.2312243
anymal_c_flat,Train/mean_reward,7,-3.569617509841919,1778918664.32134
anymal_c_flat,Train/mean_reward,8,-3.569617509841919,1778918665.3918366
anymal_c_flat,Train/mean_reward,9,-3.569617509841919,1778918666.45522
anymal_c_flat,Train/mean_reward,10,-4.474108695983887,1778918667.5228739
anymal_c_flat,Train/mean_reward,11,-4.474108695983887,1778918668.5894306
anymal_c_flat,Train/mean_reward,12,-4.474108695983887,1778918669.6600335
anymal_c_flat,Train/mean_reward,13,-6.090429782867432,1778918670.7452226
anymal_c_flat,Train/mean_reward,14,-5.890066146850586,1778918671.8357892
anymal_c_flat,Train/mean_reward,15,-6.290511131286621,1778918672.9191794
anymal_c_flat,Train/mean_reward,16,-6.290511131286621,1778918674.0082395
anymal_c_flat,Train/mean_reward,17,-7.151360034942627,1778918675.0823085
anymal_c_flat,Train/mean_reward,18,-8.247692108154297,1778918676.1906033
anymal_c_flat,Train/mean_reward,19,-8.562597274780273,1778918677.3707535
anymal_c_flat,Train/mean_reward,20,-8.586674690246582,1778918678.445069
anymal_c_flat,Train/mean_reward,21,-8.181351661682129,1778918679.8780112
anymal_c_flat,Train/mean_reward,22,-7.866987228393555,1778918680.9780226
anymal_c_flat,Train/mean_reward,23,-6.982706546783447,1778918682.091919
anymal_c_flat,Train/mean_reward,24,-6.452725887298584,1778918683.1767285
anymal_c_flat,Train/mean_reward,25,-5.899728298187256,1778918684.2757235
anymal_c_flat,Train/mean_reward,26,-5.466987609863281,1778918685.3740118
anymal_c_flat,Train/mean_reward,27,-4.9278483390808105,1778918686.479702
anymal_c_flat,Train/mean_reward,28,-4.596888065338135,1778918687.7138648
anymal_c_flat,Train/mean_reward,29,-4.296690464019775,1778918688.81788
anymal_c_flat,Train/mean_reward,30,-3.98422908782959,1778918689.945076
anymal_c_flat,Train/mean_reward,31,-3.6344337463378906,1778918691.0594337
anymal_c_flat,Train/mean_reward,32,-3.222804307937622,1778918692.1609118
anymal_c_flat,Train/mean_reward,33,-2.2948367595672607,1778918693.2788749
anymal_c_flat,Train/mean_reward,34,-2.071105718612671,1778918694.3884192
anymal_c_flat,Train/mean_reward,35,-1.9639514684677124,1778918695.4993844
anymal_c_flat,Train/mean_reward,36,-1.8209728002548218,1778918696.6376162
anymal_c_flat,Train/mean_reward,37,-1.785951852798462,1778918697.7482488
anymal_c_flat,Train/mean_reward,38,-1.7244161367416382,1778918698.9967604
anymal_c_flat,Train/mean_reward,39,-1.6986892223358154,1778918700.1133738
anymal_c_flat,Train/mean_reward,40,-1.6641632318496704,1778918701.2333393
anymal_c_flat,Train/mean_reward,41,-1.6322228908538818,1778918702.3487916
anymal_c_flat,Train/mean_reward,42,-1.5921716690063477,1778918703.4631865
anymal_c_flat,Train/mean_reward,43,-1.5454835891723633,1778918704.5899904
anymal_c_flat,Train/mean_reward,44,-1.5386098623275757,1778918705.7215176
anymal_c_flat,Train/mean_reward,45,-1.557949185371399,1778918706.84119
anymal_c_flat,Train/mean_reward,46,-1.522619366645813,1778918707.9669704
anymal_c_flat,Train/mean_reward,47,-1.4899014234542847,1778918709.1963217
anymal_c_flat,Train/mean_reward,48,-1.4712047576904297,1778918710.3290803
anymal_c_flat,Train/mean_reward,49,-1.4490152597427368,1778918711.4562292
anymal_c_flat,Train/mean_reward,50,-1.46799635887146,1778918712.57033
anymal_c_flat,Train/mean_reward,51,-1.4412389993667603,1778918713.707748
anymal_c_flat,Train/mean_reward,52,-1.4362945556640625,1778918714.845594
anymal_c_flat,Train/mean_reward,53,-1.450725793838501,1778918715.9723713
anymal_c_flat,Train/mean_reward,54,-1.456337571144104,1778918717.1111553
anymal_c_flat,Train/mean_reward,55,-1.4394644498825073,1778918718.2405033
anymal_c_flat,Train/mean_reward,56,-1.4124377965927124,1778918719.3839703
anymal_c_flat,Train/mean_reward,57,-1.4025660753250122,1778918720.619808
anymal_c_flat,Train/mean_reward,58,-1.354215145111084,1778918721.7704775
anymal_c_flat,Train/mean_reward,59,-1.3057876825332642,1778918722.9118602
anymal_c_flat,Train/mean_reward,60,-1.3284462690353394,1778918724.0431588
anymal_c_flat,Train/mean_reward,61,-1.3271347284317017,1778918725.2232068
anymal_c_flat,Train/mean_reward,62,-1.3653945922851562,1778918726.346287
anymal_c_flat,Train/mean_reward,63,-1.327384114265442,1778918727.4745355
anymal_c_flat,Train/mean_reward,64,-1.3628252744674683,1778918728.595426
anymal_c_flat,Train/mean_reward,65,-1.3357208967208862,1778918729.7328353
anymal_c_flat,Train/mean_reward,66,-1.3389467000961304,1778918730.9921188
anymal_c_flat,Train/mean_reward,67,-1.3166866302490234,1778918732.116477
anymal_c_flat,Train/mean_reward,68,-1.3087546825408936,1778918733.2589
anymal_c_flat,Train/mean_reward,69,-1.289753794670105,1778918734.3870416
anymal_c_flat,Train/mean_reward,70,-1.3173037767410278,1778918735.525385
anymal_c_flat,Train/mean_reward,71,-1.3105947971343994,1778918736.6756861
anymal_c_flat,Train/mean_reward,72,-1.2923518419265747,1778918737.804118
anymal_c_flat,Train/mean_reward,73,-1.3057210445404053,1778918738.926049
anymal_c_flat,Train/mean_reward,74,-1.3008249998092651,1778918740.0564306
anymal_c_flat,Train/mean_reward,75,-1.3045647144317627,1778918741.1941738
anymal_c_flat,Train/mean_reward,76,-1.2923226356506348,1778918742.4791691
anymal_c_flat,Train/mean_reward,77,-1.301619052886963,1778918743.6267471
anymal_c_flat,Train/mean_reward,78,-1.2942979335784912,1778918744.751409
anymal_c_flat,Train/mean_reward,79,-1.2727729082107544,1778918745.901598
anymal_c_flat,Train/mean_reward,80,-1.2712522745132446,1778918747.0420284
anymal_c_flat,Train/mean_reward,81,-1.2928071022033691,1778918748.1826293
anymal_c_flat,Train/mean_reward,82,-1.2940970659255981,1778918749.3194957
anymal_c_flat,Train/mean_reward,83,-1.3011354207992554,1778918750.4599247
anymal_c_flat,Train/mean_reward,84,-1.3221344947814941,1778918751.589421
anymal_c_flat,Train/mean_reward,85,-1.2994135618209839,1778918752.8941078
anymal_c_flat,Train/mean_reward,86,-1.2729746103286743,1778918754.0529237
anymal_c_flat,Train/mean_reward,87,-1.2757240533828735,1778918755.179028
anymal_c_flat,Train/mean_reward,88,-1.2491616010665894,1778918756.2961745
anymal_c_flat,Train/mean_reward,89,-1.2436014413833618,1778918757.4367225
anymal_c_flat,Train/mean_reward,90,-1.2420899868011475,1778918758.5819316
anymal_c_flat,Train/mean_reward,91,-1.2269326448440552,1778918759.7404134
anymal_c_flat,Train/mean_reward,92,-1.2063336372375488,1778918760.8979669
anymal_c_flat,Train/mean_reward,93,-1.2050909996032715,1778918762.02724
anymal_c_flat,Train/mean_reward,94,-1.194636344909668,1778918763.1613655
anymal_c_flat,Train/mean_reward,95,-1.2095677852630615,1778918764.3540924
anymal_c_flat,Train/mean_reward,96,-1.2262165546417236,1778918765.4953957
anymal_c_flat,Train/mean_reward,97,-1.2322438955307007,1778918766.6434739
anymal_c_flat,Train/mean_reward,98,-1.2350693941116333,1778918767.7898827
anymal_c_flat,Train/mean_reward,99,-1.2477941513061523,1778918768.92781
anymal_c_flat,Train/mean_reward,100,-1.2461531162261963,1778918770.0776255
anymal_c_flat,Train/mean_reward,101,-1.2480454444885254,1778918771.2094877
anymal_c_flat,Train/mean_reward,102,-1.234330654144287,1778918772.3521879
anymal_c_flat,Train/mean_reward,103,-1.2369732856750488,1778918773.4873598
anymal_c_flat,Train/mean_reward,104,-1.221968650817871,1778918774.7420206
anymal_c_flat,Train/mean_reward,105,-1.2326250076293945,1778918775.8722024
anymal_c_flat,Train/mean_reward,106,-1.2328532934188843,1778918777.0170507
anymal_c_flat,Train/mean_reward,107,-1.244954228401184,1778918778.1482549
anymal_c_flat,Train/mean_reward,108,-1.239319920539856,1778918779.2850409
anymal_c_flat,Train/mean_reward,109,-1.2340904474258423,1778918780.407483
anymal_c_flat,Train/mean_reward,110,-1.2179279327392578,1778918781.54921
anymal_c_flat,Train/mean_reward,111,-1.218553066253662,1778918782.6712968
anymal_c_flat,Train/mean_reward,112,-1.2112411260604858,1778918783.7988613
anymal_c_flat,Train/mean_reward,113,-1.2214020490646362,1778918784.9498212
anymal_c_flat,Train/mean_reward,114,-1.2378301620483398,1778918786.208268
anymal_c_flat,Train/mean_reward,115,-1.2479937076568604,1778918787.3503463
anymal_c_flat,Train/mean_reward,116,-1.2548657655715942,1778918788.501184
anymal_c_flat,Train/mean_reward,117,-1.268373727798462,1778918789.6397443
anymal_c_flat,Train/mean_reward,118,-1.2589786052703857,1778918790.8015156
anymal_c_flat,Train/mean_reward,119,-1.2474099397659302,1778918791.9509075
anymal_c_flat,Train/mean_reward,120,-1.2160812616348267,1778918793.100045
anymal_c_flat,Train/mean_reward,121,-1.2275038957595825,1778918794.239969
anymal_c_flat,Train/mean_reward,122,-1.2086490392684937,1778918795.377036
anymal_c_flat,Train/mean_reward,123,-1.1952300071716309,1778918796.632869
anymal_c_flat,Train/mean_reward,124,-1.2085044384002686,1778918797.7891543
anymal_c_flat,Train/mean_reward,125,-1.212949275970459,1778918798.9059598
anymal_c_flat,Train/mean_reward,126,-1.2005234956741333,1778918800.0442827
anymal_c_flat,Train/mean_reward,127,-1.182907223701477,1778918801.1813781
anymal_c_flat,Train/mean_reward,128,-1.1955381631851196,1778918802.325231
anymal_c_flat,Train/mean_reward,129,-1.1940592527389526,1778918803.47589
anymal_c_flat,Train/mean_reward,130,-1.224392294883728,1778918804.6030447
anymal_c_flat,Train/mean_reward,131,-1.2257602214813232,1778918805.7653804
anymal_c_flat,Train/mean_reward,132,-1.2359156608581543,1778918806.9317594
anymal_c_flat,Train/mean_reward,133,-1.2102702856063843,1778918808.0740783
anymal_c_flat,Train/mean_reward,134,-1.2042350769042969,1778918809.1896567
anymal_c_flat,Train/mean_reward,135,-1.1968069076538086,1778918810.3276505
anymal_c_flat,Train/mean_reward,136,-1.211787462234497,1778918811.459195
anymal_c_flat,Train/mean_reward,137,-1.2237317562103271,1778918812.5965343
anymal_c_flat,Train/mean_reward,138,-1.1884870529174805,1778918813.751959
anymal_c_flat,Train/mean_reward,139,-1.1901938915252686,1778918814.885979
anymal_c_flat,Train/mean_reward,140,-1.19646418094635,1778918815.9966302
anymal_c_flat,Train/mean_reward,141,-1.1785569190979004,1778918817.1293287
anymal_c_flat,Train/mean_reward,142,-1.1734880208969116,1778918818.384907
anymal_c_flat,Train/mean_reward,143,-1.210444688796997,1778918819.5191271
anymal_c_flat,Train/mean_reward,144,-1.2087582349777222,1778918820.6477404
anymal_c_flat,Train/mean_reward,145,-1.1918226480484009,1778918821.794551
anymal_c_flat,Train/mean_reward,146,-1.1908745765686035,1778918822.911356
anymal_c_flat,Train/mean_reward,147,-1.2059154510498047,1778918824.0598822
anymal_c_flat,Train/mean_reward,148,-1.1790454387664795,1778918825.2021604
anymal_c_flat,Train/mean_reward,149,-1.1905454397201538,1778918826.3244238
anymal_c_flat,Train/mean_reward,150,-1.178940773010254,1778918827.4511993
anymal_c_flat,Train/mean_reward,151,-1.179126501083374,1778918828.6055086
anymal_c_flat,Train/mean_reward,152,-1.1778992414474487,1778918829.8018389
anymal_c_flat,Train/mean_reward,153,-1.1791197061538696,1778918830.943108
anymal_c_flat,Train/mean_reward,154,-1.1620104312896729,1778918832.0793464
anymal_c_flat,Train/mean_reward,155,-1.16135573387146,1778918833.214289
anymal_c_flat,Train/mean_reward,156,-1.146405816078186,1778918834.3451748
anymal_c_flat,Train/mean_reward,157,-1.13632333278656,1778918835.470749
anymal_c_flat,Train/mean_reward,158,-1.1358084678649902,1778918836.5974507
anymal_c_flat,Train/mean_reward,159,-1.14726722240448,1778918837.7071874
anymal_c_flat,Train/mean_reward,160,-1.1348347663879395,1778918838.8485236
anymal_c_flat,Train/mean_reward,161,-1.1363028287887573,1778918840.0454006
anymal_c_flat,Train/mean_reward,162,-1.151358723640442,1778918841.1865177
anymal_c_flat,Train/mean_reward,163,-1.150954246520996,1778918842.33054
anymal_c_flat,Train/mean_reward,164,-1.1647846698760986,1778918843.4829583
anymal_c_flat,Train/mean_reward,165,-1.182700753211975,1778918844.6147563
anymal_c_flat,Train/mean_reward,166,-1.1789380311965942,1778918845.759041
anymal_c_flat,Train/mean_reward,167,-1.1729259490966797,1778918846.8813128
anymal_c_flat,Train/mean_reward,168,-1.1615382432937622,1778918848.0207777
anymal_c_flat,Train/mean_reward,169,-1.1597620248794556,1778918849.1395404
anymal_c_flat,Train/mean_reward,170,-1.1426657438278198,1778918850.2929194
anymal_c_flat,Train/mean_reward,171,-1.1277062892913818,1778918851.5176075
anymal_c_flat,Train/mean_reward,172,-1.1311482191085815,1778918852.6709704
anymal_c_flat,Train/mean_reward,173,-1.1514523029327393,1778918853.8235517
anymal_c_flat,Train/mean_reward,174,-1.1368136405944824,1778918854.9493809
anymal_c_flat,Train/mean_reward,175,-1.1579936742782593,1778918856.0830736
anymal_c_flat,Train/mean_reward,176,-1.1712627410888672,1778918857.2240505
anymal_c_flat,Train/mean_reward,177,-1.167256474494934,1778918858.3572254
anymal_c_flat,Train/mean_reward,178,-1.1488678455352783,1778918859.5113122
anymal_c_flat,Train/mean_reward,179,-1.1623835563659668,1778918860.641567
anymal_c_flat,Train/mean_reward,180,-1.1555179357528687,1778918861.8496292
anymal_c_flat,Train/mean_reward,181,-1.1577033996582031,1778918862.9723272
anymal_c_flat,Train/mean_reward,182,-1.164847493171692,1778918864.1121902
anymal_c_flat,Train/mean_reward,183,-1.160364031791687,1778918865.2469225
anymal_c_flat,Train/mean_reward,184,-1.1600028276443481,1778918866.3831754
anymal_c_flat,Train/mean_reward,185,-1.1634763479232788,1778918867.5361848
anymal_c_flat,Train/mean_reward,186,-1.1699161529541016,1778918868.6612825
anymal_c_flat,Train/mean_reward,187,-1.1522268056869507,1778918869.8014371
anymal_c_flat,Train/mean_reward,188,-1.1578208208084106,1778918870.9395106
anymal_c_flat,Train/mean_reward,189,-1.152559757232666,1778918872.0817835
anymal_c_flat,Train/mean_reward,190,-1.1244441270828247,1778918873.2869065
anymal_c_flat,Train/mean_reward,191,-1.1070585250854492,1778918874.4076934
anymal_c_flat,Train/mean_reward,192,-1.1291764974594116,1778918875.5390563
anymal_c_flat,Train/mean_reward,193,-1.136562466621399,1778918876.6730416
anymal_c_flat,Train/mean_reward,194,-1.138471245765686,1778918877.82164
anymal_c_flat,Train/mean_reward,195,-1.1382170915603638,1778918878.9687705
anymal_c_flat,Train/mean_reward,196,-1.1139684915542603,1778918880.1239038
anymal_c_flat,Train/mean_reward,197,-1.1005152463912964,1778918881.2823205
anymal_c_flat,Train/mean_reward,198,-1.091982364654541,1778918882.4207497
anymal_c_flat,Train/mean_reward,199,-1.081748604774475,1778918883.6936064
anymal_c_flat,Train/mean_reward,200,-1.0754318237304688,1778918884.830118
anymal_c_flat,Train/mean_reward,201,-1.0989606380462646,1778918885.995317
anymal_c_flat,Train/mean_reward,202,-1.0788174867630005,1778918887.120195
anymal_c_flat,Train/mean_reward,203,-1.0862910747528076,1778918888.2657287
anymal_c_flat,Train/mean_reward,204,-1.085790991783142,1778918889.4244447
anymal_c_flat,Train/mean_reward,205,-1.0996782779693604,1778918890.552041
anymal_c_flat,Train/mean_reward,206,-1.113094449043274,1778918891.690746
anymal_c_flat,Train/mean_reward,207,-1.1275534629821777,1778918892.810151
anymal_c_flat,Train/mean_reward,208,-1.1403084993362427,1778918893.9467287
anymal_c_flat,Train/mean_reward,209,-1.138139009475708,1778918895.194935
anymal_c_flat,Train/mean_reward,210,-1.1237177848815918,1778918896.328691
anymal_c_flat,Train/mean_reward,211,-1.1053353548049927,1778918897.4561517
anymal_c_flat,Train/mean_reward,212,-1.1071535348892212,1778918898.5968337
anymal_c_flat,Train/mean_reward,213,-1.1074270009994507,1778918899.7379005
anymal_c_flat,Train/mean_reward,214,-1.1165494918823242,1778918900.8774793
anymal_c_flat,Train/mean_reward,215,-1.1323192119598389,1778918901.9987986
anymal_c_flat,Train/mean_reward,216,-1.1283568143844604,1778918903.1434824
anymal_c_flat,Train/mean_reward,217,-1.1422419548034668,1778918904.2688181
anymal_c_flat,Train/mean_reward,218,-1.154500126838684,1778918905.5435002
anymal_c_flat,Train/mean_reward,219,-1.1409273147583008,1778918906.6728163
anymal_c_flat,Train/mean_reward,220,-1.135647177696228,1778918907.8079042
anymal_c_flat,Train/mean_reward,221,-1.1393502950668335,1778918908.927187
anymal_c_flat,Train/mean_reward,222,-1.1227887868881226,1778918910.0872984
anymal_c_flat,Train/mean_reward,223,-1.1125798225402832,1778918911.2198691
anymal_c_flat,Train/mean_reward,224,-1.1060384511947632,1778918912.3635929
anymal_c_flat,Train/mean_reward,225,-1.0940221548080444,1778918913.5140862
anymal_c_flat,Train/mean_reward,226,-1.092028260231018,1778918914.6511977
anymal_c_flat,Train/mean_reward,227,-1.108089804649353,1778918915.7888699
anymal_c_flat,Train/mean_reward,228,-1.0957902669906616,1778918917.0699193
anymal_c_flat,Train/mean_reward,229,-1.1009620428085327,1778918918.2095227
anymal_c_flat,Train/mean_reward,230,-1.099003791809082,1778918919.353068
anymal_c_flat,Train/mean_reward,231,-1.091916799545288,1778918920.500355
anymal_c_flat,Train/mean_reward,232,-1.0955208539962769,1778918921.6489677
anymal_c_flat,Train/mean_reward,233,-1.0901280641555786,1778918922.7845588
anymal_c_flat,Train/mean_reward,234,-1.0968871116638184,1778918923.920492
anymal_c_flat,Train/mean_reward,235,-1.0932282209396362,1778918925.0821261
anymal_c_flat,Train/mean_reward,236,-1.1051366329193115,1778918926.2110155
anymal_c_flat,Train/mean_reward,237,-1.0992610454559326,1778918927.4613159
anymal_c_flat,Train/mean_reward,238,-1.085281252861023,1778918928.6005297
anymal_c_flat,Train/mean_reward,239,-1.107231616973877,1778918929.7363908
anymal_c_flat,Train/mean_reward,240,-1.1042875051498413,1778918930.8821273
anymal_c_flat,Train/mean_reward,241,-1.1050634384155273,1778918932.0234911
anymal_c_flat,Train/mean_reward,242,-1.0908108949661255,1778918933.1655304
anymal_c_flat,Train/mean_reward,243,-1.0804378986358643,1778918934.3106678
anymal_c_flat,Train/mean_reward,244,-1.063077449798584,1778918935.4359043
anymal_c_flat,Train/mean_reward,245,-1.0620030164718628,1778918936.5692194
anymal_c_flat,Train/mean_reward,246,-1.0745811462402344,1778918937.7173262
anymal_c_flat,Train/mean_reward,247,-1.072318196296692,1778918939.0098276
anymal_c_flat,Train/mean_reward,248,-1.0767159461975098,1778918940.1448936
anymal_c_flat,Train/mean_reward,249,-1.088700771331787,1778918941.2782276
anymal_c_flat,Train/mean_reward,250,-1.0853148698806763,1778918942.424809
anymal_c_flat,Train/mean_reward,251,-1.0676759481430054,1778918943.5702138
anymal_c_flat,Train/mean_reward,252,-1.0712991952896118,1778918944.7096775
anymal_c_flat,Train/mean_reward,253,-1.0692164897918701,1778918945.8464909
anymal_c_flat,Train/mean_reward,254,-1.057649850845337,1778918946.978927
anymal_c_flat,Train/mean_reward,255,-1.054442286491394,1778918948.1090145
anymal_c_flat,Train/mean_reward,256,-1.0607633590698242,1778918949.3909807
anymal_c_flat,Train/mean_reward,257,-1.067230224609375,1778918950.534746
anymal_c_flat,Train/mean_reward,258,-1.0779356956481934,1778918951.6754594
anymal_c_flat,Train/mean_reward,259,-1.0792346000671387,1778918952.8150465
anymal_c_flat,Train/mean_reward,260,-1.0908674001693726,1778918953.9625182
anymal_c_flat,Train/mean_reward,261,-1.0767755508422852,1778918955.0929337
anymal_c_flat,Train/mean_reward,262,-1.0702251195907593,1778918956.235532
anymal_c_flat,Train/mean_reward,263,-1.080733060836792,1778918957.3563094
anymal_c_flat,Train/mean_reward,264,-1.0709888935089111,1778918958.4908662
anymal_c_flat,Train/mean_reward,265,-1.0628303289413452,1778918959.6159616
anymal_c_flat,Train/mean_reward,266,-1.059130311012268,1778918960.8426824
anymal_c_flat,Train/mean_reward,267,-1.0765427350997925,1778918961.9811282
anymal_c_flat,Train/mean_reward,268,-1.0894297361373901,1778918963.1237586
anymal_c_flat,Train/mean_reward,269,-1.0740063190460205,1778918964.2564604
anymal_c_flat,Train/mean_reward,270,-1.0818918943405151,1778918965.3907266
anymal_c_flat,Train/mean_reward,271,-1.091488242149353,1778918966.5177908
anymal_c_flat,Train/mean_reward,272,-1.0712224245071411,1778918967.6528425
anymal_c_flat,Train/mean_reward,273,-1.0648167133331299,1778918968.7846386
anymal_c_flat,Train/mean_reward,274,-1.0628249645233154,1778918969.9241188
anymal_c_flat,Train/mean_reward,275,-1.054862380027771,1778918971.1838598
anymal_c_flat,Train/mean_reward,276,-1.0552680492401123,1778918972.3184855
anymal_c_flat,Train/mean_reward,277,-1.0598125457763672,1778918973.4401197
anymal_c_flat,Train/mean_reward,278,-1.0553635358810425,1778918974.5998285
anymal_c_flat,Train/mean_reward,279,-1.056820034980774,1778918975.732035
anymal_c_flat,Train/mean_reward,280,-1.056168556213379,1778918976.8615086
anymal_c_flat,Train/mean_reward,281,-1.0526962280273438,1778918978.0116758
anymal_c_flat,Train/mean_reward,282,-1.0667251348495483,1778918979.1431408
anymal_c_flat,Train/mean_reward,283,-1.0729924440383911,1778918980.293168
anymal_c_flat,Train/mean_reward,284,-1.074802041053772,1778918981.443513
anymal_c_flat,Train/mean_reward,285,-1.0640995502471924,1778918982.7359304
anymal_c_flat,Train/mean_reward,286,-1.0596511363983154,1778918983.874796
anymal_c_flat,Train/mean_reward,287,-1.0575717687606812,1778918985.0205605
anymal_c_flat,Train/mean_reward,288,-1.0516144037246704,1778918986.1631458
anymal_c_flat,Train/mean_reward,289,-1.0362112522125244,1778918987.2994905
anymal_c_flat,Train/mean_reward,290,-1.0506634712219238,1778918988.4300034
anymal_c_flat,Train/mean_reward,291,-1.0619721412658691,1778918989.5611293
anymal_c_flat,Train/mean_reward,292,-1.0535070896148682,1778918990.6973581
anymal_c_flat,Train/mean_reward,293,-1.074076771736145,1778918991.840026
anymal_c_flat,Train/mean_reward,294,-1.0767555236816406,1778918993.1015546
anymal_c_flat,Train/mean_reward,295,-1.0614842176437378,1778918994.2585568
anymal_c_flat,Train/mean_reward,296,-1.0335434675216675,1778918995.4066682
anymal_c_flat,Train/mean_reward,297,-1.0342514514923096,1778918996.5279193
anymal_c_flat,Train/mean_reward,298,-1.025148868560791,1778918997.6559637
anymal_c_flat,Train/mean_reward,299,-1.0323833227157593,1778918998.796679
anymal_c_flat,Train/mean_episode_length,1,41.0,1778918657.386245
anymal_c_flat,Train/mean_episode_length,2,41.0,1778918658.465975
anymal_c_flat,Train/mean_episode_length,3,41.0,1778918659.552165
anymal_c_flat,Train/mean_episode_length,4,41.0,1778918660.627837
anymal_c_flat,Train/mean_episode_length,5,91.5,1778918662.1419523
anymal_c_flat,Train/mean_episode_length,6,91.5,1778918663.2312634
anymal_c_flat,Train/mean_episode_length,7,119.33333587646484,1778918664.3213816
anymal_c_flat,Train/mean_episode_length,8,119.33333587646484,1778918665.3918767
anymal_c_flat,Train/mean_episode_length,9,119.33333587646484,1778918666.4552608
anymal_c_flat,Train/mean_episode_length,10,152.25,1778918667.5229144
anymal_c_flat,Train/mean_episode_length,11,152.25,1778918668.589473
anymal_c_flat,Train/mean_episode_length,12,152.25,1778918669.660074
anymal_c_flat,Train/mean_episode_length,13,210.3333282470703,1778918670.7452652
anymal_c_flat,Train/mean_episode_length,14,193.85714721679688,1778918671.835834
anymal_c_flat,Train/mean_episode_length,15,216.875,1778918672.9192238
anymal_c_flat,Train/mean_episode_length,16,216.875,1778918674.0082843
anymal_c_flat,Train/mean_episode_length,17,238.6666717529297,1778918675.0823538
anymal_c_flat,Train/mean_episode_length,18,286.9375,1778918676.190656
anymal_c_flat,Train/mean_episode_length,19,297.8823547363281,1778918677.370809
anymal_c_flat,Train/mean_episode_length,20,296.9473571777344,1778918678.445122
anymal_c_flat,Train/mean_episode_length,21,280.65216064453125,1778918679.8780668
anymal_c_flat,Train/mean_episode_length,22,265.6000061035156,1778918680.9780846
anymal_c_flat,Train/mean_episode_length,23,234.52777099609375,1778918682.0919836
anymal_c_flat,Train/mean_episode_length,24,214.756103515625,1778918683.1767972
anymal_c_flat,Train/mean_episode_length,25,193.25,1778918684.2757986
anymal_c_flat,Train/mean_episode_length,26,176.2142791748047,1778918685.374088
anymal_c_flat,Train/mean_episode_length,27,155.98507690429688,1778918686.4797876
anymal_c_flat,Train/mean_episode_length,28,143.72000122070312,1778918687.713953
anymal_c_flat,Train/mean_episode_length,29,132.4166717529297,1778918688.817974
anymal_c_flat,Train/mean_episode_length,30,120.69791412353516,1778918689.945181
anymal_c_flat,Train/mean_episode_length,31,107.11000061035156,1778918691.059538
anymal_c_flat,Train/mean_episode_length,32,92.44999694824219,1778918692.1610157
anymal_c_flat,Train/mean_episode_length,33,57.33000183105469,1778918693.2789795
anymal_c_flat,Train/mean_episode_length,34,48.720001220703125,1778918694.3885276
anymal_c_flat,Train/mean_episode_length,35,43.369998931884766,1778918695.4995267
anymal_c_flat,Train/mean_episode_length,36,37.849998474121094,1778918696.6377196
anymal_c_flat,Train/mean_episode_length,37,36.29999923706055,1778918697.7483525
anymal_c_flat,Train/mean_episode_length,38,34.47999954223633,1778918698.9968648
anymal_c_flat,Train/mean_episode_length,39,32.81999969482422,1778918700.11348
anymal_c_flat,Train/mean_episode_length,40,31.940000534057617,1778918701.233441
anymal_c_flat,Train/mean_episode_length,41,30.329999923706055,1778918702.348893
anymal_c_flat,Train/mean_episode_length,42,28.299999237060547,1778918703.4632866
anymal_c_flat,Train/mean_episode_length,43,27.190000534057617,1778918704.5900922
anymal_c_flat,Train/mean_episode_length,44,26.90999984741211,1778918705.7216437
anymal_c_flat,Train/mean_episode_length,45,26.760000228881836,1778918706.8412938
anymal_c_flat,Train/mean_episode_length,46,26.229999542236328,1778918707.9670715
anymal_c_flat,Train/mean_episode_length,47,25.780000686645508,1778918709.1964264
anymal_c_flat,Train/mean_episode_length,48,25.139999389648438,1778918710.3291824
anymal_c_flat,Train/mean_episode_length,49,24.239999771118164,1778918711.4563317
anymal_c_flat,Train/mean_episode_length,50,24.420000076293945,1778918712.570436
anymal_c_flat,Train/mean_episode_length,51,23.34000015258789,1778918713.7078557
anymal_c_flat,Train/mean_episode_length,52,23.100000381469727,1778918714.845729
anymal_c_flat,Train/mean_episode_length,53,22.850000381469727,1778918715.972474
anymal_c_flat,Train/mean_episode_length,54,22.719999313354492,1778918717.1112607
anymal_c_flat,Train/mean_episode_length,55,22.360000610351562,1778918718.2406347
anymal_c_flat,Train/mean_episode_length,56,21.6299991607666,1778918719.3840718
anymal_c_flat,Train/mean_episode_length,57,21.34000015258789,1778918720.6199121
anymal_c_flat,Train/mean_episode_length,58,20.09000015258789,1778918721.770635
anymal_c_flat,Train/mean_episode_length,59,19.950000762939453,1778918722.9119637
anymal_c_flat,Train/mean_episode_length,60,20.149999618530273,1778918724.0432594
anymal_c_flat,Train/mean_episode_length,61,19.90999984741211,1778918725.2233424
anymal_c_flat,Train/mean_episode_length,62,20.149999618530273,1778918726.3463936
anymal_c_flat,Train/mean_episode_length,63,20.139999389648438,1778918727.4746644
anymal_c_flat,Train/mean_episode_length,64,19.889999389648438,1778918728.5955265
anymal_c_flat,Train/mean_episode_length,65,19.239999771118164,1778918729.7329397
anymal_c_flat,Train/mean_episode_length,66,19.329999923706055,1778918730.992221
anymal_c_flat,Train/mean_episode_length,67,19.290000915527344,1778918732.116603
anymal_c_flat,Train/mean_episode_length,68,19.049999237060547,1778918733.2590027
anymal_c_flat,Train/mean_episode_length,69,18.979999542236328,1778918734.387142
anymal_c_flat,Train/mean_episode_length,70,19.579999923706055,1778918735.5254912
anymal_c_flat,Train/mean_episode_length,71,19.530000686645508,1778918736.67579
anymal_c_flat,Train/mean_episode_length,72,19.260000228881836,1778918737.8042207
anymal_c_flat,Train/mean_episode_length,73,19.010000228881836,1778918738.9261513
anymal_c_flat,Train/mean_episode_length,74,19.510000228881836,1778918740.0565345
anymal_c_flat,Train/mean_episode_length,75,19.559999465942383,1778918741.1942887
anymal_c_flat,Train/mean_episode_length,76,19.360000610351562,1778918742.4792717
anymal_c_flat,Train/mean_episode_length,77,19.209999084472656,1778918743.6268916
anymal_c_flat,Train/mean_episode_length,78,19.1299991607666,1778918744.7515259
anymal_c_flat,Train/mean_episode_length,79,18.459999084472656,1778918745.9017367
anymal_c_flat,Train/mean_episode_length,80,18.469999313354492,1778918747.0421321
anymal_c_flat,Train/mean_episode_length,81,18.65999984741211,1778918748.1827345
anymal_c_flat,Train/mean_episode_length,82,18.75,1778918749.3196242
anymal_c_flat,Train/mean_episode_length,83,19.020000457763672,1778918750.4600272
anymal_c_flat,Train/mean_episode_length,84,18.790000915527344,1778918751.5895238
anymal_c_flat,Train/mean_episode_length,85,18.209999084472656,1778918752.894211
anymal_c_flat,Train/mean_episode_length,86,17.860000610351562,1778918754.0530608
anymal_c_flat,Train/mean_episode_length,87,17.770000457763672,1778918755.1791334
anymal_c_flat,Train/mean_episode_length,88,17.729999542236328,1778918756.2962806
anymal_c_flat,Train/mean_episode_length,89,17.84000015258789,1778918757.4368265
anymal_c_flat,Train/mean_episode_length,90,18.059999465942383,1778918758.5820303
anymal_c_flat,Train/mean_episode_length,91,18.200000762939453,1778918759.7405162
anymal_c_flat,Train/mean_episode_length,92,17.90999984741211,1778918760.8980677
anymal_c_flat,Train/mean_episode_length,93,17.739999771118164,1778918762.0273426
anymal_c_flat,Train/mean_episode_length,94,17.739999771118164,1778918763.1614676
anymal_c_flat,Train/mean_episode_length,95,17.639999389648438,1778918764.3541944
anymal_c_flat,Train/mean_episode_length,96,17.790000915527344,1778918765.4954958
anymal_c_flat,Train/mean_episode_length,97,17.950000762939453,1778918766.643599
anymal_c_flat,Train/mean_episode_length,98,17.790000915527344,1778918767.7899833
anymal_c_flat,Train/mean_episode_length,99,17.559999465942383,1778918768.927913
anymal_c_flat,Train/mean_episode_length,100,17.559999465942383,1778918770.0777304
anymal_c_flat,Train/mean_episode_length,101,17.59000015258789,1778918771.2096698
anymal_c_flat,Train/mean_episode_length,102,17.5,1778918772.3522923
anymal_c_flat,Train/mean_episode_length,103,17.649999618530273,1778918773.487465
anymal_c_flat,Train/mean_episode_length,104,17.469999313354492,1778918774.7421224
anymal_c_flat,Train/mean_episode_length,105,17.510000228881836,1778918775.8723042
anymal_c_flat,Train/mean_episode_length,106,17.8700008392334,1778918777.0171936
anymal_c_flat,Train/mean_episode_length,107,18.110000610351562,1778918778.1483603
anymal_c_flat,Train/mean_episode_length,108,17.989999771118164,1778918779.2851431
anymal_c_flat,Train/mean_episode_length,109,18.200000762939453,1778918780.4076087
anymal_c_flat,Train/mean_episode_length,110,18.31999969482422,1778918781.5493133
anymal_c_flat,Train/mean_episode_length,111,18.43000030517578,1778918782.671402
anymal_c_flat,Train/mean_episode_length,112,18.469999313354492,1778918783.7989612
anymal_c_flat,Train/mean_episode_length,113,18.770000457763672,1778918784.9499333
anymal_c_flat,Train/mean_episode_length,114,19.170000076293945,1778918786.2083726
anymal_c_flat,Train/mean_episode_length,115,19.389999389648438,1778918787.3504477
anymal_c_flat,Train/mean_episode_length,116,18.920000076293945,1778918788.5012856
anymal_c_flat,Train/mean_episode_length,117,19.110000610351562,1778918789.63985
anymal_c_flat,Train/mean_episode_length,118,19.149999618530273,1778918790.8016417
anymal_c_flat,Train/mean_episode_length,119,18.739999771118164,1778918791.9510086
anymal_c_flat,Train/mean_episode_length,120,18.34000015258789,1778918793.1001787
anymal_c_flat,Train/mean_episode_length,121,18.75,1778918794.2400708
anymal_c_flat,Train/mean_episode_length,122,18.5,1778918795.3771403
anymal_c_flat,Train/mean_episode_length,123,18.389999389648438,1778918796.6329715
anymal_c_flat,Train/mean_episode_length,124,18.690000534057617,1778918797.7892551
anymal_c_flat,Train/mean_episode_length,125,18.75,1778918798.9060647
anymal_c_flat,Train/mean_episode_length,126,18.399999618530273,1778918800.044388
anymal_c_flat,Train/mean_episode_length,127,18.06999969482422,1778918801.1814785
anymal_c_flat,Train/mean_episode_length,128,18.1299991607666,1778918802.325336
anymal_c_flat,Train/mean_episode_length,129,17.889999389648438,1778918803.475991
anymal_c_flat,Train/mean_episode_length,130,18.15999984741211,1778918804.603145
anymal_c_flat,Train/mean_episode_length,131,18.040000915527344,1778918805.7655234
anymal_c_flat,Train/mean_episode_length,132,18.559999465942383,1778918806.9319031
anymal_c_flat,Train/mean_episode_length,133,18.3700008392334,1778918808.0741792
anymal_c_flat,Train/mean_episode_length,134,18.350000381469727,1778918809.1897624
anymal_c_flat,Train/mean_episode_length,135,18.420000076293945,1778918810.327754
anymal_c_flat,Train/mean_episode_length,136,18.290000915527344,1778918811.459299
anymal_c_flat,Train/mean_episode_length,137,18.290000915527344,1778918812.596662
anymal_c_flat,Train/mean_episode_length,138,17.979999542236328,1778918813.7520597
anymal_c_flat,Train/mean_episode_length,139,17.780000686645508,1778918814.8860805
anymal_c_flat,Train/mean_episode_length,140,18.0,1778918815.996732
anymal_c_flat,Train/mean_episode_length,141,18.170000076293945,1778918817.1294284
anymal_c_flat,Train/mean_episode_length,142,17.969999313354492,1778918818.3850062
anymal_c_flat,Train/mean_episode_length,143,18.75,1778918819.5192287
anymal_c_flat,Train/mean_episode_length,144,18.989999771118164,1778918820.6478453
anymal_c_flat,Train/mean_episode_length,145,18.56999969482422,1778918821.794707
anymal_c_flat,Train/mean_episode_length,146,18.450000762939453,1778918822.9115
anymal_c_flat,Train/mean_episode_length,147,18.6200008392334,1778918824.059985
anymal_c_flat,Train/mean_episode_length,148,18.34000015258789,1778918825.2022755
anymal_c_flat,Train/mean_episode_length,149,18.510000228881836,1778918826.3245258
anymal_c_flat,Train/mean_episode_length,150,18.719999313354492,1778918827.4513035
anymal_c_flat,Train/mean_episode_length,151,18.760000228881836,1778918828.6056616
anymal_c_flat,Train/mean_episode_length,152,18.610000610351562,1778918829.8019457
anymal_c_flat,Train/mean_episode_length,153,18.56999969482422,1778918830.9432154
anymal_c_flat,Train/mean_episode_length,154,18.360000610351562,1778918832.0794454
anymal_c_flat,Train/mean_episode_length,155,18.290000915527344,1778918833.2143972
anymal_c_flat,Train/mean_episode_length,156,18.280000686645508,1778918834.3452742
anymal_c_flat,Train/mean_episode_length,157,17.850000381469727,1778918835.470852
anymal_c_flat,Train/mean_episode_length,158,17.979999542236328,1778918836.5975537
anymal_c_flat,Train/mean_episode_length,159,18.110000610351562,1778918837.7072904
anymal_c_flat,Train/mean_episode_length,160,17.860000610351562,1778918838.8486567
anymal_c_flat,Train/mean_episode_length,161,17.84000015258789,1778918840.0455031
anymal_c_flat,Train/mean_episode_length,162,17.790000915527344,1778918841.186645
anymal_c_flat,Train/mean_episode_length,163,17.56999969482422,1778918842.3306694
anymal_c_flat,Train/mean_episode_length,164,17.450000762939453,1778918843.4830601
anymal_c_flat,Train/mean_episode_length,165,17.559999465942383,1778918844.614861
anymal_c_flat,Train/mean_episode_length,166,17.479999542236328,1778918845.7591436
anymal_c_flat,Train/mean_episode_length,167,17.309999465942383,1778918846.8814132
anymal_c_flat,Train/mean_episode_length,168,17.489999771118164,1778918848.0208783
anymal_c_flat,Train/mean_episode_length,169,17.520000457763672,1778918849.1396713
anymal_c_flat,Train/mean_episode_length,170,17.329999923706055,1778918850.2930229
anymal_c_flat,Train/mean_episode_length,171,17.5,1778918851.5177152
anymal_c_flat,Train/mean_episode_length,172,17.59000015258789,1778918852.671075
anymal_c_flat,Train/mean_episode_length,173,17.530000686645508,1778918853.8236809
anymal_c_flat,Train/mean_episode_length,174,17.5,1778918854.9494872
anymal_c_flat,Train/mean_episode_length,175,17.799999237060547,1778918856.0832238
anymal_c_flat,Train/mean_episode_length,176,17.709999084472656,1778918857.2241518
anymal_c_flat,Train/mean_episode_length,177,17.520000457763672,1778918858.3573298
anymal_c_flat,Train/mean_episode_length,178,17.389999389648438,1778918859.5114157
anymal_c_flat,Train/mean_episode_length,179,17.360000610351562,1778918860.641691
anymal_c_flat,Train/mean_episode_length,180,17.239999771118164,1778918861.8497732
anymal_c_flat,Train/mean_episode_length,181,17.389999389648438,1778918862.9724283
anymal_c_flat,Train/mean_episode_length,182,17.59000015258789,1778918864.1122956
anymal_c_flat,Train/mean_episode_length,183,17.299999237060547,1778918865.2470238
anymal_c_flat,Train/mean_episode_length,184,17.280000686645508,1778918866.3832762
anymal_c_flat,Train/mean_episode_length,185,16.979999542236328,1778918867.5362864
anymal_c_flat,Train/mean_episode_length,186,17.0,1778918868.661387
anymal_c_flat,Train/mean_episode_length,187,16.93000030517578,1778918869.801541
anymal_c_flat,Train/mean_episode_length,188,17.299999237060547,1778918870.9396503
anymal_c_flat,Train/mean_episode_length,189,17.309999465942383,1778918872.0818899
anymal_c_flat,Train/mean_episode_length,190,17.200000762939453,1778918873.2870085
anymal_c_flat,Train/mean_episode_length,191,17.06999969482422,1778918874.407797
anymal_c_flat,Train/mean_episode_length,192,17.1200008392334,1778918875.5391574
anymal_c_flat,Train/mean_episode_length,193,17.0,1778918876.673149
anymal_c_flat,Train/mean_episode_length,194,17.040000915527344,1778918877.821745
anymal_c_flat,Train/mean_episode_length,195,17.079999923706055,1778918878.9689143
anymal_c_flat,Train/mean_episode_length,196,16.770000457763672,1778918880.124006
anymal_c_flat,Train/mean_episode_length,197,16.989999771118164,1778918881.2824554
anymal_c_flat,Train/mean_episode_length,198,16.860000610351562,1778918882.4208543
anymal_c_flat,Train/mean_episode_length,199,16.709999084472656,1778918883.6937144
anymal_c_flat,Train/mean_episode_length,200,16.510000228881836,1778918884.8302424
anymal_c_flat,Train/mean_episode_length,201,16.190000534057617,1778918885.995419
anymal_c_flat,Train/mean_episode_length,202,16.149999618530273,1778918887.1202958
anymal_c_flat,Train/mean_episode_length,203,16.520000457763672,1778918888.2658331
anymal_c_flat,Train/mean_episode_length,204,16.530000686645508,1778918889.4245994
anymal_c_flat,Train/mean_episode_length,205,16.700000762939453,1778918890.5521457
anymal_c_flat,Train/mean_episode_length,206,16.979999542236328,1778918891.6908457
anymal_c_flat,Train/mean_episode_length,207,17.06999969482422,1778918892.8102503
anymal_c_flat,Train/mean_episode_length,208,17.25,1778918893.94683
anymal_c_flat,Train/mean_episode_length,209,17.209999084472656,1778918895.1950383
anymal_c_flat,Train/mean_episode_length,210,17.190000534057617,1778918896.3288004
anymal_c_flat,Train/mean_episode_length,211,16.770000457763672,1778918897.456254
anymal_c_flat,Train/mean_episode_length,212,16.84000015258789,1778918898.596939
anymal_c_flat,Train/mean_episode_length,213,17.139999389648438,1778918899.738003
anymal_c_flat,Train/mean_episode_length,214,17.229999542236328,1778918900.8776033
anymal_c_flat,Train/mean_episode_length,215,17.729999542236328,1778918901.9989035
anymal_c_flat,Train/mean_episode_length,216,18.0,1778918903.1436126
anymal_c_flat,Train/mean_episode_length,217,18.139999389648438,1778918904.2689223
anymal_c_flat,Train/mean_episode_length,218,17.969999313354492,1778918905.5436258
anymal_c_flat,Train/mean_episode_length,219,17.899999618530273,1778918906.6729164
anymal_c_flat,Train/mean_episode_length,220,17.729999542236328,1778918907.808008
anymal_c_flat,Train/mean_episode_length,221,17.8700008392334,1778918908.9272885
anymal_c_flat,Train/mean_episode_length,222,17.600000381469727,1778918910.0873978
anymal_c_flat,Train/mean_episode_length,223,17.3799991607666,1778918911.2199697
anymal_c_flat,Train/mean_episode_length,224,17.3799991607666,1778918912.3637018
anymal_c_flat,Train/mean_episode_length,225,17.239999771118164,1778918913.5141895
anymal_c_flat,Train/mean_episode_length,226,17.1200008392334,1778918914.6512985
anymal_c_flat,Train/mean_episode_length,227,16.989999771118164,1778918915.78897
anymal_c_flat,Train/mean_episode_length,228,16.790000915527344,1778918917.0700204
anymal_c_flat,Train/mean_episode_length,229,16.799999237060547,1778918918.209652
anymal_c_flat,Train/mean_episode_length,230,16.809999465942383,1778918919.3531692
anymal_c_flat,Train/mean_episode_length,231,16.719999313354492,1778918920.500457
anymal_c_flat,Train/mean_episode_length,232,16.65999984741211,1778918921.6490703
anymal_c_flat,Train/mean_episode_length,233,16.860000610351562,1778918922.7846842
anymal_c_flat,Train/mean_episode_length,234,16.75,1778918923.9206166
anymal_c_flat,Train/mean_episode_length,235,16.729999542236328,1778918925.0822906
anymal_c_flat,Train/mean_episode_length,236,16.829999923706055,1778918926.211116
anymal_c_flat,Train/mean_episode_length,237,16.860000610351562,1778918927.4614193
anymal_c_flat,Train/mean_episode_length,238,16.700000762939453,1778918928.6006541
anymal_c_flat,Train/mean_episode_length,239,16.799999237060547,1778918929.7365253
anymal_c_flat,Train/mean_episode_length,240,17.010000228881836,1778918930.8822317
anymal_c_flat,Train/mean_episode_length,241,17.020000457763672,1778918932.0236228
anymal_c_flat,Train/mean_episode_length,242,16.959999084472656,1778918933.1656628
anymal_c_flat,Train/mean_episode_length,243,16.950000762939453,1778918934.3107731
anymal_c_flat,Train/mean_episode_length,244,16.860000610351562,1778918935.4360063
anymal_c_flat,Train/mean_episode_length,245,16.81999969482422,1778918936.5693195
anymal_c_flat,Train/mean_episode_length,246,16.920000076293945,1778918937.7174284
anymal_c_flat,Train/mean_episode_length,247,17.020000457763672,1778918939.009929
anymal_c_flat,Train/mean_episode_length,248,16.90999984741211,1778918940.1449978
anymal_c_flat,Train/mean_episode_length,249,16.899999618530273,1778918941.2783422
anymal_c_flat,Train/mean_episode_length,250,16.940000534057617,1778918942.4249108
anymal_c_flat,Train/mean_episode_length,251,16.649999618530273,1778918943.5703263
anymal_c_flat,Train/mean_episode_length,252,16.690000534057617,1778918944.7097805
anymal_c_flat,Train/mean_episode_length,253,16.6200008392334,1778918945.8466167
anymal_c_flat,Train/mean_episode_length,254,16.510000228881836,1778918946.9790318
anymal_c_flat,Train/mean_episode_length,255,16.729999542236328,1778918948.1091154
anymal_c_flat,Train/mean_episode_length,256,16.829999923706055,1778918949.3910835
anymal_c_flat,Train/mean_episode_length,257,16.899999618530273,1778918950.5348504
anymal_c_flat,Train/mean_episode_length,258,16.920000076293945,1778918951.6755605
anymal_c_flat,Train/mean_episode_length,259,16.75,1778918952.8151526
anymal_c_flat,Train/mean_episode_length,260,16.440000534057617,1778918953.9626656
anymal_c_flat,Train/mean_episode_length,261,16.3799991607666,1778918955.0930336
anymal_c_flat,Train/mean_episode_length,262,16.469999313354492,1778918956.2356563
anymal_c_flat,Train/mean_episode_length,263,16.549999237060547,1778918957.356411
anymal_c_flat,Train/mean_episode_length,264,16.790000915527344,1778918958.4909692
anymal_c_flat,Train/mean_episode_length,265,16.8700008392334,1778918959.616063
anymal_c_flat,Train/mean_episode_length,266,16.709999084472656,1778918960.8427863
anymal_c_flat,Train/mean_episode_length,267,16.780000686645508,1778918961.9812315
anymal_c_flat,Train/mean_episode_length,268,16.65999984741211,1778918963.123866
anymal_c_flat,Train/mean_episode_length,269,16.68000030517578,1778918964.2565653
anymal_c_flat,Train/mean_episode_length,270,16.8700008392334,1778918965.3908286
anymal_c_flat,Train/mean_episode_length,271,17.139999389648438,1778918966.5178914
anymal_c_flat,Train/mean_episode_length,272,17.079999923706055,1778918967.6529877
anymal_c_flat,Train/mean_episode_length,273,17.100000381469727,1778918968.7847419
anymal_c_flat,Train/mean_episode_length,274,17.209999084472656,1778918969.9242215
anymal_c_flat,Train/mean_episode_length,275,17.18000030517578,1778918971.1839628
anymal_c_flat,Train/mean_episode_length,276,17.139999389648438,1778918972.318613
anymal_c_flat,Train/mean_episode_length,277,17.360000610351562,1778918973.4423432
anymal_c_flat,Train/mean_episode_length,278,17.350000381469727,1778918974.599929
anymal_c_flat,Train/mean_episode_length,279,17.09000015258789,1778918975.7321715
anymal_c_flat,Train/mean_episode_length,280,17.260000228881836,1778918976.861638
anymal_c_flat,Train/mean_episode_length,281,17.3700008392334,1778918978.011779
anymal_c_flat,Train/mean_episode_length,282,17.350000381469727,1778918979.1432447
anymal_c_flat,Train/mean_episode_length,283,17.3799991607666,1778918980.2932675
anymal_c_flat,Train/mean_episode_length,284,17.579999923706055,1778918981.44364
anymal_c_flat,Train/mean_episode_length,285,17.520000457763672,1778918982.7360313
anymal_c_flat,Train/mean_episode_length,286,17.350000381469727,1778918983.8748984
anymal_c_flat,Train/mean_episode_length,287,17.350000381469727,1778918985.0206914
anymal_c_flat,Train/mean_episode_length,288,17.3799991607666,1778918986.163248
anymal_c_flat,Train/mean_episode_length,289,17.1299991607666,1778918987.2996182
anymal_c_flat,Train/mean_episode_length,290,17.139999389648438,1778918988.4301057
anymal_c_flat,Train/mean_episode_length,291,17.360000610351562,1778918989.5612323
anymal_c_flat,Train/mean_episode_length,292,17.389999389648438,1778918990.6974616
anymal_c_flat,Train/mean_episode_length,293,17.489999771118164,1778918991.8401299
anymal_c_flat,Train/mean_episode_length,294,17.40999984741211,1778918993.101685
anymal_c_flat,Train/mean_episode_length,295,17.040000915527344,1778918994.2586873
anymal_c_flat,Train/mean_episode_length,296,16.6200008392334,1778918995.406772
anymal_c_flat,Train/mean_episode_length,297,16.729999542236328,1778918996.528021
anymal_c_flat,Train/mean_episode_length,298,16.81999969482422,1778918997.656099
anymal_c_flat,Train/mean_episode_length,299,17.06999969482422,1778918998.796781
anymal_c_flat,Train/mean_reward/time,3,-1.693821668624878,1778918657.3862894
anymal_c_flat,Train/mean_reward/time,4,-1.693821668624878,1778918658.4660099
anymal_c_flat,Train/mean_reward/time,5,-1.693821668624878,1778918659.5522225
anymal_c_flat,Train/mean_reward/time,6,-1.693821668624878,1778918660.6278722
anymal_c_flat,Train/mean_reward/time,7,-3.535464286804199,1778918662.141993
anymal_c_flat,Train/mean_reward/time,8,-3.535464286804199,1778918663.2313037
anymal_c_flat,Train/mean_reward/time,10,-3.569617509841919,1778918664.3214252
anymal_c_flat,Train/mean_reward/time,11,-3.569617509841919,1778918665.3919182
anymal_c_flat,Train/mean_reward/time,12,-3.569617509841919,1778918666.455302
anymal_c_flat,Train/mean_reward/time,13,-4.474108695983887,1778918667.5229614
anymal_c_flat,Train/mean_reward/time,14,-4.474108695983887,1778918668.5895216
anymal_c_flat,Train/mean_reward/time,15,-4.474108695983887,1778918669.66012
anymal_c_flat,Train/mean_reward/time,16,-6.090429782867432,1778918670.7453175
anymal_c_flat,Train/mean_reward/time,17,-5.890066146850586,1778918671.8358908
anymal_c_flat,Train/mean_reward/time,18,-6.290511131286621,1778918672.919278
anymal_c_flat,Train/mean_reward/time,19,-6.290511131286621,1778918674.0083401
anymal_c_flat,Train/mean_reward/time,20,-7.151360034942627,1778918675.0824084
anymal_c_flat,Train/mean_reward/time,21,-8.247692108154297,1778918676.1907265
anymal_c_flat,Train/mean_reward/time,22,-8.562597274780273,1778918677.3708847
anymal_c_flat,Train/mean_reward/time,24,-8.586674690246582,1778918678.4452002
anymal_c_flat,Train/mean_reward/time,25,-8.181351661682129,1778918679.878142
anymal_c_flat,Train/mean_reward/time,26,-7.866987228393555,1778918680.978174
anymal_c_flat,Train/mean_reward/time,27,-6.982706546783447,1778918682.09208
anymal_c_flat,Train/mean_reward/time,28,-6.452725887298584,1778918683.1768966
anymal_c_flat,Train/mean_reward/time,29,-5.899728298187256,1778918684.2759037
anymal_c_flat,Train/mean_reward/time,30,-5.466987609863281,1778918685.3742027
anymal_c_flat,Train/mean_reward/time,31,-4.9278483390808105,1778918686.4799047
anymal_c_flat,Train/mean_reward/time,33,-4.596888065338135,1778918687.7140749
anymal_c_flat,Train/mean_reward/time,34,-4.296690464019775,1778918688.8181143
anymal_c_flat,Train/mean_reward/time,35,-3.98422908782959,1778918689.9453278
anymal_c_flat,Train/mean_reward/time,36,-3.6344337463378906,1778918691.0597124
anymal_c_flat,Train/mean_reward/time,37,-3.222804307937622,1778918692.1611564
anymal_c_flat,Train/mean_reward/time,38,-2.2948367595672607,1778918693.2791233
anymal_c_flat,Train/mean_reward/time,39,-2.071105718612671,1778918694.3886976
anymal_c_flat,Train/mean_reward/time,40,-1.9639514684677124,1778918695.4997308
anymal_c_flat,Train/mean_reward/time,42,-1.8209728002548218,1778918696.6378646
anymal_c_flat,Train/mean_reward/time,43,-1.785951852798462,1778918697.748501
anymal_c_flat,Train/mean_reward/time,44,-1.7244161367416382,1778918698.997013
anymal_c_flat,Train/mean_reward/time,45,-1.6986892223358154,1778918700.1136782
anymal_c_flat,Train/mean_reward/time,46,-1.6641632318496704,1778918701.2336042
anymal_c_flat,Train/mean_reward/time,47,-1.6322228908538818,1778918702.3490326
anymal_c_flat,Train/mean_reward/time,48,-1.5921716690063477,1778918703.4634256
anymal_c_flat,Train/mean_reward/time,49,-1.5454835891723633,1778918704.590238
anymal_c_flat,Train/mean_reward/time,51,-1.5386098623275757,1778918705.7217984
anymal_c_flat,Train/mean_reward/time,52,-1.557949185371399,1778918706.8414454
anymal_c_flat,Train/mean_reward/time,53,-1.522619366645813,1778918707.9672165
anymal_c_flat,Train/mean_reward/time,54,-1.4899014234542847,1778918709.1965978
anymal_c_flat,Train/mean_reward/time,55,-1.4712047576904297,1778918710.3293316
anymal_c_flat,Train/mean_reward/time,56,-1.4490152597427368,1778918711.456481
anymal_c_flat,Train/mean_reward/time,57,-1.46799635887146,1778918712.5706177
anymal_c_flat,Train/mean_reward/time,58,-1.4412389993667603,1778918713.7080054
anymal_c_flat,Train/mean_reward/time,60,-1.4362945556640625,1778918714.8459313
anymal_c_flat,Train/mean_reward/time,61,-1.450725793838501,1778918715.97265
anymal_c_flat,Train/mean_reward/time,62,-1.456337571144104,1778918717.1114075
anymal_c_flat,Train/mean_reward/time,63,-1.4394644498825073,1778918718.240789
anymal_c_flat,Train/mean_reward/time,64,-1.4124377965927124,1778918719.3842182
anymal_c_flat,Train/mean_reward/time,65,-1.4025660753250122,1778918720.62006
anymal_c_flat,Train/mean_reward/time,66,-1.354215145111084,1778918721.7708247
anymal_c_flat,Train/mean_reward/time,68,-1.3057876825332642,1778918722.91211
anymal_c_flat,Train/mean_reward/time,69,-1.3284462690353394,1778918724.0433989
anymal_c_flat,Train/mean_reward/time,70,-1.3271347284317017,1778918725.223527
anymal_c_flat,Train/mean_reward/time,71,-1.3653945922851562,1778918726.346532
anymal_c_flat,Train/mean_reward/time,72,-1.327384114265442,1778918727.4748032
anymal_c_flat,Train/mean_reward/time,73,-1.3628252744674683,1778918728.5956914
anymal_c_flat,Train/mean_reward/time,74,-1.3357208967208862,1778918729.733084
anymal_c_flat,Train/mean_reward/time,75,-1.3389467000961304,1778918730.9923668
anymal_c_flat,Train/mean_reward/time,77,-1.3166866302490234,1778918732.1167648
anymal_c_flat,Train/mean_reward/time,78,-1.3087546825408936,1778918733.259153
anymal_c_flat,Train/mean_reward/time,79,-1.289753794670105,1778918734.3872917
anymal_c_flat,Train/mean_reward/time,80,-1.3173037767410278,1778918735.525671
anymal_c_flat,Train/mean_reward/time,81,-1.3105947971343994,1778918736.6759446
anymal_c_flat,Train/mean_reward/time,82,-1.2923518419265747,1778918737.8043659
anymal_c_flat,Train/mean_reward/time,83,-1.3057210445404053,1778918738.926311
anymal_c_flat,Train/mean_reward/time,84,-1.3008249998092651,1778918740.0567026
anymal_c_flat,Train/mean_reward/time,86,-1.3045647144317627,1778918741.19443
anymal_c_flat,Train/mean_reward/time,87,-1.2923226356506348,1778918742.479409
anymal_c_flat,Train/mean_reward/time,88,-1.301619052886963,1778918743.627077
anymal_c_flat,Train/mean_reward/time,89,-1.2942979335784912,1778918744.75169
anymal_c_flat,Train/mean_reward/time,90,-1.2727729082107544,1778918745.9019241
anymal_c_flat,Train/mean_reward/time,91,-1.2712522745132446,1778918747.0422912
anymal_c_flat,Train/mean_reward/time,92,-1.2928071022033691,1778918748.1828773
anymal_c_flat,Train/mean_reward/time,94,-1.2940970659255981,1778918749.3197672
anymal_c_flat,Train/mean_reward/time,95,-1.3011354207992554,1778918750.4601698
anymal_c_flat,Train/mean_reward/time,96,-1.3221344947814941,1778918751.5897012
anymal_c_flat,Train/mean_reward/time,97,-1.2994135618209839,1778918752.8943634
anymal_c_flat,Train/mean_reward/time,98,-1.2729746103286743,1778918754.0532458
anymal_c_flat,Train/mean_reward/time,99,-1.2757240533828735,1778918755.1792762
anymal_c_flat,Train/mean_reward/time,100,-1.2491616010665894,1778918756.296458
anymal_c_flat,Train/mean_reward/time,102,-1.2436014413833618,1778918757.4369729
anymal_c_flat,Train/mean_reward/time,103,-1.2420899868011475,1778918758.5821776
anymal_c_flat,Train/mean_reward/time,104,-1.2269326448440552,1778918759.7406986
anymal_c_flat,Train/mean_reward/time,105,-1.2063336372375488,1778918760.8982065
anymal_c_flat,Train/mean_reward/time,106,-1.2050909996032715,1778918762.0274801
anymal_c_flat,Train/mean_reward/time,107,-1.194636344909668,1778918763.1616423
anymal_c_flat,Train/mean_reward/time,108,-1.2095677852630615,1778918764.3543544
anymal_c_flat,Train/mean_reward/time,110,-1.2262165546417236,1778918765.4956746
anymal_c_flat,Train/mean_reward/time,111,-1.2322438955307007,1778918766.6437554
anymal_c_flat,Train/mean_reward/time,112,-1.2350693941116333,1778918767.790131
anymal_c_flat,Train/mean_reward/time,113,-1.2477941513061523,1778918768.9280605
anymal_c_flat,Train/mean_reward/time,114,-1.2461531162261963,1778918770.0778825
anymal_c_flat,Train/mean_reward/time,115,-1.2480454444885254,1778918771.2098863
anymal_c_flat,Train/mean_reward/time,116,-1.234330654144287,1778918772.3524442
anymal_c_flat,Train/mean_reward/time,117,-1.2369732856750488,1778918773.4876528
anymal_c_flat,Train/mean_reward/time,119,-1.221968650817871,1778918774.7422855
anymal_c_flat,Train/mean_reward/time,120,-1.2326250076293945,1778918775.8724542
anymal_c_flat,Train/mean_reward/time,121,-1.2328532934188843,1778918777.017385
anymal_c_flat,Train/mean_reward/time,122,-1.244954228401184,1778918778.1485074
anymal_c_flat,Train/mean_reward/time,123,-1.239319920539856,1778918779.285286
anymal_c_flat,Train/mean_reward/time,124,-1.2340904474258423,1778918780.4077554
anymal_c_flat,Train/mean_reward/time,125,-1.2179279327392578,1778918781.5494537
anymal_c_flat,Train/mean_reward/time,127,-1.218553066253662,1778918782.671547
anymal_c_flat,Train/mean_reward/time,128,-1.2112411260604858,1778918783.799109
anymal_c_flat,Train/mean_reward/time,129,-1.2214020490646362,1778918784.9500988
anymal_c_flat,Train/mean_reward/time,130,-1.2378301620483398,1778918786.2085254
anymal_c_flat,Train/mean_reward/time,131,-1.2479937076568604,1778918787.3506227
anymal_c_flat,Train/mean_reward/time,132,-1.2548657655715942,1778918788.5014377
anymal_c_flat,Train/mean_reward/time,133,-1.268373727798462,1778918789.6399956
anymal_c_flat,Train/mean_reward/time,135,-1.2589786052703857,1778918790.801781
anymal_c_flat,Train/mean_reward/time,136,-1.2474099397659302,1778918791.9511409
anymal_c_flat,Train/mean_reward/time,137,-1.2160812616348267,1778918793.1003733
anymal_c_flat,Train/mean_reward/time,138,-1.2275038957595825,1778918794.2402208
anymal_c_flat,Train/mean_reward/time,139,-1.2086490392684937,1778918795.3772862
anymal_c_flat,Train/mean_reward/time,140,-1.1952300071716309,1778918796.6331165
anymal_c_flat,Train/mean_reward/time,141,-1.2085044384002686,1778918797.7894018
anymal_c_flat,Train/mean_reward/time,143,-1.212949275970459,1778918798.9062076
anymal_c_flat,Train/mean_reward/time,144,-1.2005234956741333,1778918800.0445225
anymal_c_flat,Train/mean_reward/time,145,-1.182907223701477,1778918801.1816363
anymal_c_flat,Train/mean_reward/time,146,-1.1955381631851196,1778918802.325471
anymal_c_flat,Train/mean_reward/time,147,-1.1940592527389526,1778918803.4761188
anymal_c_flat,Train/mean_reward/time,148,-1.224392294883728,1778918804.603285
anymal_c_flat,Train/mean_reward/time,149,-1.2257602214813232,1778918805.7657359
anymal_c_flat,Train/mean_reward/time,151,-1.2359156608581543,1778918806.9320984
anymal_c_flat,Train/mean_reward/time,152,-1.2102702856063843,1778918808.07434
anymal_c_flat,Train/mean_reward/time,153,-1.2042350769042969,1778918809.1899111
anymal_c_flat,Train/mean_reward/time,154,-1.1968069076538086,1778918810.3278956
anymal_c_flat,Train/mean_reward/time,155,-1.211787462234497,1778918811.4594347
anymal_c_flat,Train/mean_reward/time,156,-1.2237317562103271,1778918812.5968
anymal_c_flat,Train/mean_reward/time,157,-1.1884870529174805,1778918813.7522027
anymal_c_flat,Train/mean_reward/time,158,-1.1901938915252686,1778918814.8862247
anymal_c_flat,Train/mean_reward/time,159,-1.19646418094635,1778918815.9968734
anymal_c_flat,Train/mean_reward/time,161,-1.1785569190979004,1778918817.1295888
anymal_c_flat,Train/mean_reward/time,162,-1.1734880208969116,1778918818.3851454
anymal_c_flat,Train/mean_reward/time,163,-1.210444688796997,1778918819.5193703
anymal_c_flat,Train/mean_reward/time,164,-1.2087582349777222,1778918820.6479883
anymal_c_flat,Train/mean_reward/time,165,-1.1918226480484009,1778918821.7948601
anymal_c_flat,Train/mean_reward/time,166,-1.1908745765686035,1778918822.9117143
anymal_c_flat,Train/mean_reward/time,167,-1.2059154510498047,1778918824.0601375
anymal_c_flat,Train/mean_reward/time,169,-1.1790454387664795,1778918825.2024283
anymal_c_flat,Train/mean_reward/time,170,-1.1905454397201538,1778918826.3246982
anymal_c_flat,Train/mean_reward/time,171,-1.178940773010254,1778918827.4514508
anymal_c_flat,Train/mean_reward/time,172,-1.179126501083374,1778918828.6058164
anymal_c_flat,Train/mean_reward/time,173,-1.1778992414474487,1778918829.802092
anymal_c_flat,Train/mean_reward/time,174,-1.1791197061538696,1778918830.9433618
anymal_c_flat,Train/mean_reward/time,175,-1.1620104312896729,1778918832.0796106
anymal_c_flat,Train/mean_reward/time,176,-1.16135573387146,1778918833.214543
anymal_c_flat,Train/mean_reward/time,178,-1.146405816078186,1778918834.3454134
anymal_c_flat,Train/mean_reward/time,179,-1.13632333278656,1778918835.470992
anymal_c_flat,Train/mean_reward/time,180,-1.1358084678649902,1778918836.5977302
anymal_c_flat,Train/mean_reward/time,181,-1.14726722240448,1778918837.7074404
anymal_c_flat,Train/mean_reward/time,182,-1.1348347663879395,1778918838.8488052
anymal_c_flat,Train/mean_reward/time,183,-1.1363028287887573,1778918840.045671
anymal_c_flat,Train/mean_reward/time,184,-1.151358723640442,1778918841.18678
anymal_c_flat,Train/mean_reward/time,186,-1.150954246520996,1778918842.3308125
anymal_c_flat,Train/mean_reward/time,187,-1.1647846698760986,1778918843.4832034
anymal_c_flat,Train/mean_reward/time,188,-1.182700753211975,1778918844.6150048
anymal_c_flat,Train/mean_reward/time,189,-1.1789380311965942,1778918845.7592857
anymal_c_flat,Train/mean_reward/time,190,-1.1729259490966797,1778918846.8815541
anymal_c_flat,Train/mean_reward/time,191,-1.1615382432937622,1778918848.0210173
anymal_c_flat,Train/mean_reward/time,192,-1.1597620248794556,1778918849.1398172
anymal_c_flat,Train/mean_reward/time,193,-1.1426657438278198,1778918850.293161
anymal_c_flat,Train/mean_reward/time,195,-1.1277062892913818,1778918851.5178587
anymal_c_flat,Train/mean_reward/time,196,-1.1311482191085815,1778918852.6712153
anymal_c_flat,Train/mean_reward/time,197,-1.1514523029327393,1778918853.8238425
anymal_c_flat,Train/mean_reward/time,198,-1.1368136405944824,1778918854.9496624
anymal_c_flat,Train/mean_reward/time,199,-1.1579936742782593,1778918856.0833797
anymal_c_flat,Train/mean_reward/time,200,-1.1712627410888672,1778918857.2242963
anymal_c_flat,Train/mean_reward/time,201,-1.167256474494934,1778918858.3574755
anymal_c_flat,Train/mean_reward/time,202,-1.1488678455352783,1778918859.5115666
anymal_c_flat,Train/mean_reward/time,204,-1.1623835563659668,1778918860.6418364
anymal_c_flat,Train/mean_reward/time,205,-1.1555179357528687,1778918861.849968
anymal_c_flat,Train/mean_reward/time,206,-1.1577033996582031,1778918862.972607
anymal_c_flat,Train/mean_reward/time,207,-1.164847493171692,1778918864.1124396
anymal_c_flat,Train/mean_reward/time,208,-1.160364031791687,1778918865.2471619
anymal_c_flat,Train/mean_reward/time,209,-1.1600028276443481,1778918866.3834064
anymal_c_flat,Train/mean_reward/time,210,-1.1634763479232788,1778918867.5364234
anymal_c_flat,Train/mean_reward/time,212,-1.1699161529541016,1778918868.6615336
anymal_c_flat,Train/mean_reward/time,213,-1.1522268056869507,1778918869.801725
anymal_c_flat,Train/mean_reward/time,214,-1.1578208208084106,1778918870.9398046
anymal_c_flat,Train/mean_reward/time,215,-1.152559757232666,1778918872.0820725
anymal_c_flat,Train/mean_reward/time,216,-1.1244441270828247,1778918873.2871552
anymal_c_flat,Train/mean_reward/time,217,-1.1070585250854492,1778918874.40794
anymal_c_flat,Train/mean_reward/time,218,-1.1291764974594116,1778918875.5392933
anymal_c_flat,Train/mean_reward/time,219,-1.136562466621399,1778918876.6732945
anymal_c_flat,Train/mean_reward/time,221,-1.138471245765686,1778918877.8218915
anymal_c_flat,Train/mean_reward/time,222,-1.1382170915603638,1778918878.969109
anymal_c_flat,Train/mean_reward/time,223,-1.1139684915542603,1778918880.1241589
anymal_c_flat,Train/mean_reward/time,224,-1.1005152463912964,1778918881.282637
anymal_c_flat,Train/mean_reward/time,225,-1.091982364654541,1778918882.4210079
anymal_c_flat,Train/mean_reward/time,226,-1.081748604774475,1778918883.6938617
anymal_c_flat,Train/mean_reward/time,228,-1.0754318237304688,1778918884.8304105
anymal_c_flat,Train/mean_reward/time,229,-1.0989606380462646,1778918885.995556
anymal_c_flat,Train/mean_reward/time,230,-1.0788174867630005,1778918887.1204338
anymal_c_flat,Train/mean_reward/time,231,-1.0862910747528076,1778918888.265971
anymal_c_flat,Train/mean_reward/time,232,-1.085790991783142,1778918889.4247956
anymal_c_flat,Train/mean_reward/time,233,-1.0996782779693604,1778918890.5522838
anymal_c_flat,Train/mean_reward/time,234,-1.113094449043274,1778918891.690976
anymal_c_flat,Train/mean_reward/time,235,-1.1275534629821777,1778918892.8104033
anymal_c_flat,Train/mean_reward/time,237,-1.1403084993362427,1778918893.9469705
anymal_c_flat,Train/mean_reward/time,238,-1.138139009475708,1778918895.1951802
anymal_c_flat,Train/mean_reward/time,239,-1.1237177848815918,1778918896.3289452
anymal_c_flat,Train/mean_reward/time,240,-1.1053353548049927,1778918897.4563937
anymal_c_flat,Train/mean_reward/time,241,-1.1071535348892212,1778918898.5970836
anymal_c_flat,Train/mean_reward/time,242,-1.1074270009994507,1778918899.7381442
anymal_c_flat,Train/mean_reward/time,243,-1.1165494918823242,1778918900.877749
anymal_c_flat,Train/mean_reward/time,244,-1.1323192119598389,1778918901.999045
anymal_c_flat,Train/mean_reward/time,246,-1.1283568143844604,1778918903.1437616
anymal_c_flat,Train/mean_reward/time,247,-1.1422419548034668,1778918904.2690687
anymal_c_flat,Train/mean_reward/time,248,-1.154500126838684,1778918905.5437715
anymal_c_flat,Train/mean_reward/time,249,-1.1409273147583008,1778918906.673061
anymal_c_flat,Train/mean_reward/time,250,-1.135647177696228,1778918907.808154
anymal_c_flat,Train/mean_reward/time,251,-1.1393502950668335,1778918908.9274392
anymal_c_flat,Train/mean_reward/time,252,-1.1227887868881226,1778918910.0875394
anymal_c_flat,Train/mean_reward/time,254,-1.1125798225402832,1778918911.2201104
anymal_c_flat,Train/mean_reward/time,255,-1.1060384511947632,1778918912.3638499
anymal_c_flat,Train/mean_reward/time,256,-1.0940221548080444,1778918913.5143485
anymal_c_flat,Train/mean_reward/time,257,-1.092028260231018,1778918914.6514487
anymal_c_flat,Train/mean_reward/time,258,-1.108089804649353,1778918915.789115
anymal_c_flat,Train/mean_reward/time,259,-1.0957902669906616,1778918917.0701668
anymal_c_flat,Train/mean_reward/time,261,-1.1009620428085327,1778918918.2097979
anymal_c_flat,Train/mean_reward/time,262,-1.099003791809082,1778918919.353308
anymal_c_flat,Train/mean_reward/time,263,-1.091916799545288,1778918920.5006342
anymal_c_flat,Train/mean_reward/time,264,-1.0955208539962769,1778918921.6492105
anymal_c_flat,Train/mean_reward/time,265,-1.0901280641555786,1778918922.7848287
anymal_c_flat,Train/mean_reward/time,266,-1.0968871116638184,1778918923.9207563
anymal_c_flat,Train/mean_reward/time,267,-1.0932282209396362,1778918925.0824769
anymal_c_flat,Train/mean_reward/time,268,-1.1051366329193115,1778918926.211257
anymal_c_flat,Train/mean_reward/time,270,-1.0992610454559326,1778918927.4615614
anymal_c_flat,Train/mean_reward/time,271,-1.085281252861023,1778918928.6008
anymal_c_flat,Train/mean_reward/time,272,-1.107231616973877,1778918929.736706
anymal_c_flat,Train/mean_reward/time,273,-1.1042875051498413,1778918930.8823967
anymal_c_flat,Train/mean_reward/time,274,-1.1050634384155273,1778918932.0237775
anymal_c_flat,Train/mean_reward/time,275,-1.0908108949661255,1778918933.1658087
anymal_c_flat,Train/mean_reward/time,276,-1.0804378986358643,1778918934.3109255
anymal_c_flat,Train/mean_reward/time,278,-1.063077449798584,1778918935.4361465
anymal_c_flat,Train/mean_reward/time,279,-1.0620030164718628,1778918936.5694654
anymal_c_flat,Train/mean_reward/time,280,-1.0745811462402344,1778918937.7176023
anymal_c_flat,Train/mean_reward/time,281,-1.072318196296692,1778918939.010072
anymal_c_flat,Train/mean_reward/time,282,-1.0767159461975098,1778918940.1451418
anymal_c_flat,Train/mean_reward/time,283,-1.088700771331787,1778918941.2784882
anymal_c_flat,Train/mean_reward/time,284,-1.0853148698806763,1778918942.4250476
anymal_c_flat,Train/mean_reward/time,286,-1.0676759481430054,1778918943.5704591
anymal_c_flat,Train/mean_reward/time,287,-1.0712991952896118,1778918944.7099154
anymal_c_flat,Train/mean_reward/time,288,-1.0692164897918701,1778918945.846753
anymal_c_flat,Train/mean_reward/time,289,-1.057649850845337,1778918946.9791646
anymal_c_flat,Train/mean_reward/time,290,-1.054442286491394,1778918948.1092515
anymal_c_flat,Train/mean_reward/time,291,-1.0607633590698242,1778918949.3912265
anymal_c_flat,Train/mean_reward/time,292,-1.067230224609375,1778918950.5349908
anymal_c_flat,Train/mean_reward/time,294,-1.0779356956481934,1778918951.6757267
anymal_c_flat,Train/mean_reward/time,295,-1.0792346000671387,1778918952.8152988
anymal_c_flat,Train/mean_reward/time,296,-1.0908674001693726,1778918953.9628024
anymal_c_flat,Train/mean_reward/time,297,-1.0767755508422852,1778918955.0931714
anymal_c_flat,Train/mean_reward/time,298,-1.0702251195907593,1778918956.2357962
anymal_c_flat,Train/mean_reward/time,299,-1.080733060836792,1778918957.3565497
anymal_c_flat,Train/mean_reward/time,300,-1.0709888935089111,1778918958.4911122
anymal_c_flat,Train/mean_reward/time,301,-1.0628303289413452,1778918959.6162038
anymal_c_flat,Train/mean_reward/time,303,-1.059130311012268,1778918960.8429291
anymal_c_flat,Train/mean_reward/time,304,-1.0765427350997925,1778918961.981376
anymal_c_flat,Train/mean_reward/time,305,-1.0894297361373901,1778918963.1240077
anymal_c_flat,Train/mean_reward/time,306,-1.0740063190460205,1778918964.2567396
anymal_c_flat,Train/mean_reward/time,307,-1.0818918943405151,1778918965.3909707
anymal_c_flat,Train/mean_reward/time,308,-1.091488242149353,1778918966.5180368
anymal_c_flat,Train/mean_reward/time,309,-1.0712224245071411,1778918967.65318
anymal_c_flat,Train/mean_reward/time,310,-1.0648167133331299,1778918968.7848866
anymal_c_flat,Train/mean_reward/time,312,-1.0628249645233154,1778918969.9243627
anymal_c_flat,Train/mean_reward/time,313,-1.054862380027771,1778918971.184103
anymal_c_flat,Train/mean_reward/time,314,-1.0552680492401123,1778918972.318756
anymal_c_flat,Train/mean_reward/time,315,-1.0598125457763672,1778918973.4425104
anymal_c_flat,Train/mean_reward/time,316,-1.0553635358810425,1778918974.6000695
anymal_c_flat,Train/mean_reward/time,317,-1.056820034980774,1778918975.7323604
anymal_c_flat,Train/mean_reward/time,318,-1.056168556213379,1778918976.8617795
anymal_c_flat,Train/mean_reward/time,320,-1.0526962280273438,1778918978.011915
anymal_c_flat,Train/mean_reward/time,321,-1.0667251348495483,1778918979.1433816
anymal_c_flat,Train/mean_reward/time,322,-1.0729924440383911,1778918980.2934036
anymal_c_flat,Train/mean_reward/time,323,-1.074802041053772,1778918981.4437711
anymal_c_flat,Train/mean_reward/time,324,-1.0640995502471924,1778918982.7361567
anymal_c_flat,Train/mean_reward/time,325,-1.0596511363983154,1778918983.8750248
anymal_c_flat,Train/mean_reward/time,327,-1.0575717687606812,1778918985.0208344
anymal_c_flat,Train/mean_reward/time,328,-1.0516144037246704,1778918986.1633852
anymal_c_flat,Train/mean_reward/time,329,-1.0362112522125244,1778918987.2997594
anymal_c_flat,Train/mean_reward/time,330,-1.0506634712219238,1778918988.430258
anymal_c_flat,Train/mean_reward/time,331,-1.0619721412658691,1778918989.5613713
anymal_c_flat,Train/mean_reward/time,332,-1.0535070896148682,1778918990.6976268
anymal_c_flat,Train/mean_reward/time,333,-1.074076771736145,1778918991.8402705
anymal_c_flat,Train/mean_reward/time,335,-1.0767555236816406,1778918993.1018317
anymal_c_flat,Train/mean_reward/time,336,-1.0614842176437378,1778918994.2588325
anymal_c_flat,Train/mean_reward/time,337,-1.0335434675216675,1778918995.4069145
anymal_c_flat,Train/mean_reward/time,338,-1.0342514514923096,1778918996.52816
anymal_c_flat,Train/mean_reward/time,339,-1.025148868560791,1778918997.656283
anymal_c_flat,Train/mean_reward/time,340,-1.0323833227157593,1778918998.7969172
anymal_c_flat,Train/mean_episode_length/time,3,41.0,1778918657.3863218
anymal_c_flat,Train/mean_episode_length/time,4,41.0,1778918658.4660406
anymal_c_flat,Train/mean_episode_length/time,5,41.0,1778918659.552265
anymal_c_flat,Train/mean_episode_length/time,6,41.0,1778918660.627906
anymal_c_flat,Train/mean_episode_length/time,7,91.5,1778918662.1420252
anymal_c_flat,Train/mean_episode_length/time,8,91.5,1778918663.2313354
anymal_c_flat,Train/mean_episode_length/time,10,119.33333587646484,1778918664.32146
anymal_c_flat,Train/mean_episode_length/time,11,119.33333587646484,1778918665.3919528
anymal_c_flat,Train/mean_episode_length/time,12,119.33333587646484,1778918666.455335
anymal_c_flat,Train/mean_episode_length/time,13,152.25,1778918667.5229962
anymal_c_flat,Train/mean_episode_length/time,14,152.25,1778918668.5895584
anymal_c_flat,Train/mean_episode_length/time,15,152.25,1778918669.660154
anymal_c_flat,Train/mean_episode_length/time,16,210.3333282470703,1778918670.7453523
anymal_c_flat,Train/mean_episode_length/time,17,193.85714721679688,1778918671.8359294
anymal_c_flat,Train/mean_episode_length/time,18,216.875,1778918672.9193153
anymal_c_flat,Train/mean_episode_length/time,19,216.875,1778918674.0083773
anymal_c_flat,Train/mean_episode_length/time,20,238.6666717529297,1778918675.082446
anymal_c_flat,Train/mean_episode_length/time,21,286.9375,1778918676.1907692
anymal_c_flat,Train/mean_episode_length/time,22,297.8823547363281,1778918677.3709316
anymal_c_flat,Train/mean_episode_length/time,24,296.9473571777344,1778918678.4452505
anymal_c_flat,Train/mean_episode_length/time,25,280.65216064453125,1778918679.8781905
anymal_c_flat,Train/mean_episode_length/time,26,265.6000061035156,1778918680.9782255
anymal_c_flat,Train/mean_episode_length/time,27,234.52777099609375,1778918682.0921378
anymal_c_flat,Train/mean_episode_length/time,28,214.756103515625,1778918683.1769557
anymal_c_flat,Train/mean_episode_length/time,29,193.25,1778918684.275969
anymal_c_flat,Train/mean_episode_length/time,30,176.2142791748047,1778918685.3742876
anymal_c_flat,Train/mean_episode_length/time,31,155.98507690429688,1778918686.4799805
anymal_c_flat,Train/mean_episode_length/time,33,143.72000122070312,1778918687.7141557
anymal_c_flat,Train/mean_episode_length/time,34,132.4166717529297,1778918688.8182058
anymal_c_flat,Train/mean_episode_length/time,35,120.69791412353516,1778918689.9454234
anymal_c_flat,Train/mean_episode_length/time,36,107.11000061035156,1778918691.0598104
anymal_c_flat,Train/mean_episode_length/time,37,92.44999694824219,1778918692.1612504
anymal_c_flat,Train/mean_episode_length/time,38,57.33000183105469,1778918693.279229
anymal_c_flat,Train/mean_episode_length/time,39,48.720001220703125,1778918694.3887973
anymal_c_flat,Train/mean_episode_length/time,40,43.369998931884766,1778918695.4998672
anymal_c_flat,Train/mean_episode_length/time,42,37.849998474121094,1778918696.6379597
anymal_c_flat,Train/mean_episode_length/time,43,36.29999923706055,1778918697.7486365
anymal_c_flat,Train/mean_episode_length/time,44,34.47999954223633,1778918698.9971075
anymal_c_flat,Train/mean_episode_length/time,45,32.81999969482422,1778918700.1137857
anymal_c_flat,Train/mean_episode_length/time,46,31.940000534057617,1778918701.2337046
anymal_c_flat,Train/mean_episode_length/time,47,30.329999923706055,1778918702.349126
anymal_c_flat,Train/mean_episode_length/time,48,28.299999237060547,1778918703.4636617
anymal_c_flat,Train/mean_episode_length/time,49,27.190000534057617,1778918704.5904393
anymal_c_flat,Train/mean_episode_length/time,51,26.90999984741211,1778918705.722015
anymal_c_flat,Train/mean_episode_length/time,52,26.760000228881836,1778918706.841543
anymal_c_flat,Train/mean_episode_length/time,53,26.229999542236328,1778918707.9673548
anymal_c_flat,Train/mean_episode_length/time,54,25.780000686645508,1778918709.196787
anymal_c_flat,Train/mean_episode_length/time,55,25.139999389648438,1778918710.3294263
anymal_c_flat,Train/mean_episode_length/time,56,24.239999771118164,1778918711.4566026
anymal_c_flat,Train/mean_episode_length/time,57,24.420000076293945,1778918712.5707462
anymal_c_flat,Train/mean_episode_length/time,58,23.34000015258789,1778918713.7081928
anymal_c_flat,Train/mean_episode_length/time,60,23.100000381469727,1778918714.8460588
anymal_c_flat,Train/mean_episode_length/time,61,22.850000381469727,1778918715.972747
anymal_c_flat,Train/mean_episode_length/time,62,22.719999313354492,1778918717.1115053
anymal_c_flat,Train/mean_episode_length/time,63,22.360000610351562,1778918718.2408862
anymal_c_flat,Train/mean_episode_length/time,64,21.6299991607666,1778918719.3843112
anymal_c_flat,Train/mean_episode_length/time,65,21.34000015258789,1778918720.6202495
anymal_c_flat,Train/mean_episode_length/time,66,20.09000015258789,1778918721.770955
anymal_c_flat,Train/mean_episode_length/time,68,19.950000762939453,1778918722.912209
anymal_c_flat,Train/mean_episode_length/time,69,20.149999618530273,1778918724.0434947
anymal_c_flat,Train/mean_episode_length/time,70,19.90999984741211,1778918725.223686
anymal_c_flat,Train/mean_episode_length/time,71,20.149999618530273,1778918726.3466547
anymal_c_flat,Train/mean_episode_length/time,72,20.139999389648438,1778918727.4749005
anymal_c_flat,Train/mean_episode_length/time,73,19.889999389648438,1778918728.5958836
anymal_c_flat,Train/mean_episode_length/time,74,19.239999771118164,1778918729.7331777
anymal_c_flat,Train/mean_episode_length/time,75,19.329999923706055,1778918730.9925182
anymal_c_flat,Train/mean_episode_length/time,77,19.290000915527344,1778918732.1168664
anymal_c_flat,Train/mean_episode_length/time,78,19.049999237060547,1778918733.2592473
anymal_c_flat,Train/mean_episode_length/time,79,18.979999542236328,1778918734.3873856
anymal_c_flat,Train/mean_episode_length/time,80,19.579999923706055,1778918735.525776
anymal_c_flat,Train/mean_episode_length/time,81,19.530000686645508,1778918736.6760428
anymal_c_flat,Train/mean_episode_length/time,82,19.260000228881836,1778918737.804464
anymal_c_flat,Train/mean_episode_length/time,83,19.010000228881836,1778918738.9264107
anymal_c_flat,Train/mean_episode_length/time,84,19.510000228881836,1778918740.0568
anymal_c_flat,Train/mean_episode_length/time,86,19.559999465942383,1778918741.194526
anymal_c_flat,Train/mean_episode_length/time,87,19.360000610351562,1778918742.4795043
anymal_c_flat,Train/mean_episode_length/time,88,19.209999084472656,1778918743.627215
anymal_c_flat,Train/mean_episode_length/time,89,19.1299991607666,1778918744.7517886
anymal_c_flat,Train/mean_episode_length/time,90,18.459999084472656,1778918745.9020596
anymal_c_flat,Train/mean_episode_length/time,91,18.469999313354492,1778918747.0424826
anymal_c_flat,Train/mean_episode_length/time,92,18.65999984741211,1778918748.1829739
anymal_c_flat,Train/mean_episode_length/time,94,18.75,1778918749.3198626
anymal_c_flat,Train/mean_episode_length/time,95,19.020000457763672,1778918750.4602633
anymal_c_flat,Train/mean_episode_length/time,96,18.790000915527344,1778918751.589801
anymal_c_flat,Train/mean_episode_length/time,97,18.209999084472656,1778918752.8944666
anymal_c_flat,Train/mean_episode_length/time,98,17.860000610351562,1778918754.0533726
anymal_c_flat,Train/mean_episode_length/time,99,17.770000457763672,1778918755.1793735
anymal_c_flat,Train/mean_episode_length/time,100,17.729999542236328,1778918756.296563
anymal_c_flat,Train/mean_episode_length/time,102,17.84000015258789,1778918757.4371922
anymal_c_flat,Train/mean_episode_length/time,103,18.059999465942383,1778918758.5822911
anymal_c_flat,Train/mean_episode_length/time,104,18.200000762939453,1778918759.740902
anymal_c_flat,Train/mean_episode_length/time,105,17.90999984741211,1778918760.8983142
anymal_c_flat,Train/mean_episode_length/time,106,17.739999771118164,1778918762.0275986
anymal_c_flat,Train/mean_episode_length/time,107,17.739999771118164,1778918763.1617403
anymal_c_flat,Train/mean_episode_length/time,108,17.639999389648438,1778918764.3545434
anymal_c_flat,Train/mean_episode_length/time,110,17.790000915527344,1778918765.4958954
anymal_c_flat,Train/mean_episode_length/time,111,17.950000762939453,1778918766.643852
anymal_c_flat,Train/mean_episode_length/time,112,17.790000915527344,1778918767.7902298
anymal_c_flat,Train/mean_episode_length/time,113,17.559999465942383,1778918768.928156
anymal_c_flat,Train/mean_episode_length/time,114,17.559999465942383,1778918770.077978
anymal_c_flat,Train/mean_episode_length/time,115,17.59000015258789,1778918771.209984
anymal_c_flat,Train/mean_episode_length/time,116,17.5,1778918772.3525403
anymal_c_flat,Train/mean_episode_length/time,117,17.649999618530273,1778918773.4877572
anymal_c_flat,Train/mean_episode_length/time,119,17.469999313354492,1778918774.7423823
anymal_c_flat,Train/mean_episode_length/time,120,17.510000228881836,1778918775.872548
anymal_c_flat,Train/mean_episode_length/time,121,17.8700008392334,1778918777.0175219
anymal_c_flat,Train/mean_episode_length/time,122,18.110000610351562,1778918778.1486282
anymal_c_flat,Train/mean_episode_length/time,123,17.989999771118164,1778918779.285381
anymal_c_flat,Train/mean_episode_length/time,124,18.200000762939453,1778918780.4078515
anymal_c_flat,Train/mean_episode_length/time,125,18.31999969482422,1778918781.5495493
anymal_c_flat,Train/mean_episode_length/time,127,18.43000030517578,1778918782.6716685
anymal_c_flat,Train/mean_episode_length/time,128,18.469999313354492,1778918783.7992017
anymal_c_flat,Train/mean_episode_length/time,129,18.770000457763672,1778918784.9501956
anymal_c_flat,Train/mean_episode_length/time,130,19.170000076293945,1778918786.208643
anymal_c_flat,Train/mean_episode_length/time,131,19.389999389648438,1778918787.3507273
anymal_c_flat,Train/mean_episode_length/time,132,18.920000076293945,1778918788.5015326
anymal_c_flat,Train/mean_episode_length/time,133,19.110000610351562,1778918789.6400926
anymal_c_flat,Train/mean_episode_length/time,135,19.149999618530273,1778918790.8018763
anymal_c_flat,Train/mean_episode_length/time,136,18.739999771118164,1778918791.9512355
anymal_c_flat,Train/mean_episode_length/time,137,18.34000015258789,1778918793.1004999
anymal_c_flat,Train/mean_episode_length/time,138,18.75,1778918794.240318
anymal_c_flat,Train/mean_episode_length/time,139,18.5,1778918795.377382
anymal_c_flat,Train/mean_episode_length/time,140,18.389999389648438,1778918796.633209
anymal_c_flat,Train/mean_episode_length/time,141,18.690000534057617,1778918797.7895005
anymal_c_flat,Train/mean_episode_length/time,143,18.75,1778918798.906315
anymal_c_flat,Train/mean_episode_length/time,144,18.399999618530273,1778918800.0446672
anymal_c_flat,Train/mean_episode_length/time,145,18.06999969482422,1778918801.1818297
anymal_c_flat,Train/mean_episode_length/time,146,18.1299991607666,1778918802.3255687
anymal_c_flat,Train/mean_episode_length/time,147,17.889999389648438,1778918803.4762125
anymal_c_flat,Train/mean_episode_length/time,148,18.15999984741211,1778918804.6033788
anymal_c_flat,Train/mean_episode_length/time,149,18.040000915527344,1778918805.7658744
anymal_c_flat,Train/mean_episode_length/time,151,18.559999465942383,1778918806.9322355
anymal_c_flat,Train/mean_episode_length/time,152,18.3700008392334,1778918808.074443
anymal_c_flat,Train/mean_episode_length/time,153,18.350000381469727,1778918809.190008
anymal_c_flat,Train/mean_episode_length/time,154,18.420000076293945,1778918810.3279898
anymal_c_flat,Train/mean_episode_length/time,155,18.290000915527344,1778918811.4595296
anymal_c_flat,Train/mean_episode_length/time,156,18.290000915527344,1778918812.596895
anymal_c_flat,Train/mean_episode_length/time,157,17.979999542236328,1778918813.752301
anymal_c_flat,Train/mean_episode_length/time,158,17.780000686645508,1778918814.886336
anymal_c_flat,Train/mean_episode_length/time,159,18.0,1778918815.9969673
anymal_c_flat,Train/mean_episode_length/time,161,18.170000076293945,1778918817.129693
anymal_c_flat,Train/mean_episode_length/time,162,17.969999313354492,1778918818.385239
anymal_c_flat,Train/mean_episode_length/time,163,18.75,1778918819.5194688
anymal_c_flat,Train/mean_episode_length/time,164,18.989999771118164,1778918820.6480854
anymal_c_flat,Train/mean_episode_length/time,165,18.56999969482422,1778918821.7949595
anymal_c_flat,Train/mean_episode_length/time,166,18.450000762939453,1778918822.9118514
anymal_c_flat,Train/mean_episode_length/time,167,18.6200008392334,1778918824.0602317
anymal_c_flat,Train/mean_episode_length/time,169,18.34000015258789,1778918825.2025242
anymal_c_flat,Train/mean_episode_length/time,170,18.510000228881836,1778918826.324794
anymal_c_flat,Train/mean_episode_length/time,171,18.719999313354492,1778918827.451658
anymal_c_flat,Train/mean_episode_length/time,172,18.760000228881836,1778918828.605917
anymal_c_flat,Train/mean_episode_length/time,173,18.610000610351562,1778918829.802187
anymal_c_flat,Train/mean_episode_length/time,174,18.56999969482422,1778918830.9434595
anymal_c_flat,Train/mean_episode_length/time,175,18.360000610351562,1778918832.0797098
anymal_c_flat,Train/mean_episode_length/time,176,18.290000915527344,1778918833.2146702
anymal_c_flat,Train/mean_episode_length/time,178,18.280000686645508,1778918834.3455067
anymal_c_flat,Train/mean_episode_length/time,179,17.850000381469727,1778918835.4710877
anymal_c_flat,Train/mean_episode_length/time,180,17.979999542236328,1778918836.5978312
anymal_c_flat,Train/mean_episode_length/time,181,18.110000610351562,1778918837.7075367
anymal_c_flat,Train/mean_episode_length/time,182,17.860000610351562,1778918838.8488996
anymal_c_flat,Train/mean_episode_length/time,183,17.84000015258789,1778918840.0457685
anymal_c_flat,Train/mean_episode_length/time,184,17.790000915527344,1778918841.1868756
anymal_c_flat,Train/mean_episode_length/time,186,17.56999969482422,1778918842.330909
anymal_c_flat,Train/mean_episode_length/time,187,17.450000762939453,1778918843.483298
anymal_c_flat,Train/mean_episode_length/time,188,17.559999465942383,1778918844.6150987
anymal_c_flat,Train/mean_episode_length/time,189,17.479999542236328,1778918845.7594764
anymal_c_flat,Train/mean_episode_length/time,190,17.309999465942383,1778918846.8816757
anymal_c_flat,Train/mean_episode_length/time,191,17.489999771118164,1778918848.0211132
anymal_c_flat,Train/mean_episode_length/time,192,17.520000457763672,1778918849.1399152
anymal_c_flat,Train/mean_episode_length/time,193,17.329999923706055,1778918850.293257
anymal_c_flat,Train/mean_episode_length/time,195,17.5,1778918851.5180457
anymal_c_flat,Train/mean_episode_length/time,196,17.59000015258789,1778918852.671314
anymal_c_flat,Train/mean_episode_length/time,197,17.530000686645508,1778918853.8239448
anymal_c_flat,Train/mean_episode_length/time,198,17.5,1778918854.9497626
anymal_c_flat,Train/mean_episode_length/time,199,17.799999237060547,1778918856.083476
anymal_c_flat,Train/mean_episode_length/time,200,17.709999084472656,1778918857.2243938
anymal_c_flat,Train/mean_episode_length/time,201,17.520000457763672,1778918858.3575907
anymal_c_flat,Train/mean_episode_length/time,202,17.389999389648438,1778918859.5116916
anymal_c_flat,Train/mean_episode_length/time,204,17.360000610351562,1778918860.6419332
anymal_c_flat,Train/mean_episode_length/time,205,17.239999771118164,1778918861.8501053
anymal_c_flat,Train/mean_episode_length/time,206,17.389999389648438,1778918862.972798
anymal_c_flat,Train/mean_episode_length/time,207,17.59000015258789,1778918864.112537
anymal_c_flat,Train/mean_episode_length/time,208,17.299999237060547,1778918865.2472582
anymal_c_flat,Train/mean_episode_length/time,209,17.280000686645508,1778918866.383598
anymal_c_flat,Train/mean_episode_length/time,210,16.979999542236328,1778918867.5365174
anymal_c_flat,Train/mean_episode_length/time,212,17.0,1778918868.6616552
anymal_c_flat,Train/mean_episode_length/time,213,16.93000030517578,1778918869.8018243
anymal_c_flat,Train/mean_episode_length/time,214,17.299999237060547,1778918870.9399064
anymal_c_flat,Train/mean_episode_length/time,215,17.309999465942383,1778918872.082276
anymal_c_flat,Train/mean_episode_length/time,216,17.200000762939453,1778918873.2872505
anymal_c_flat,Train/mean_episode_length/time,217,17.06999969482422,1778918874.4080355
anymal_c_flat,Train/mean_episode_length/time,218,17.1200008392334,1778918875.5393877
anymal_c_flat,Train/mean_episode_length/time,219,17.0,1778918876.6733916
anymal_c_flat,Train/mean_episode_length/time,221,17.040000915527344,1778918877.8220124
anymal_c_flat,Train/mean_episode_length/time,222,17.079999923706055,1778918878.9692454
anymal_c_flat,Train/mean_episode_length/time,223,16.770000457763672,1778918880.1242542
anymal_c_flat,Train/mean_episode_length/time,224,16.989999771118164,1778918881.28274
anymal_c_flat,Train/mean_episode_length/time,225,16.860000610351562,1778918882.421105
anymal_c_flat,Train/mean_episode_length/time,226,16.709999084472656,1778918883.6939566
anymal_c_flat,Train/mean_episode_length/time,228,16.510000228881836,1778918884.8305066
anymal_c_flat,Train/mean_episode_length/time,229,16.190000534057617,1778918885.9956772
anymal_c_flat,Train/mean_episode_length/time,230,16.149999618530273,1778918887.1205282
anymal_c_flat,Train/mean_episode_length/time,231,16.520000457763672,1778918888.2660654
anymal_c_flat,Train/mean_episode_length/time,232,16.530000686645508,1778918889.4249222
anymal_c_flat,Train/mean_episode_length/time,233,16.700000762939453,1778918890.5523782
anymal_c_flat,Train/mean_episode_length/time,234,16.979999542236328,1778918891.6910698
anymal_c_flat,Train/mean_episode_length/time,235,17.06999969482422,1778918892.810498
anymal_c_flat,Train/mean_episode_length/time,237,17.25,1778918893.9470992
anymal_c_flat,Train/mean_episode_length/time,238,17.209999084472656,1778918895.1952753
anymal_c_flat,Train/mean_episode_length/time,239,17.190000534057617,1778918896.3290436
anymal_c_flat,Train/mean_episode_length/time,240,16.770000457763672,1778918897.4564874
anymal_c_flat,Train/mean_episode_length/time,241,16.84000015258789,1778918898.5971806
anymal_c_flat,Train/mean_episode_length/time,242,17.139999389648438,1778918899.7382424
anymal_c_flat,Train/mean_episode_length/time,243,17.229999542236328,1778918900.8778453
anymal_c_flat,Train/mean_episode_length/time,244,17.729999542236328,1778918901.9991403
anymal_c_flat,Train/mean_episode_length/time,246,18.0,1778918903.1438577
anymal_c_flat,Train/mean_episode_length/time,247,18.139999389648438,1778918904.2691636
anymal_c_flat,Train/mean_episode_length/time,248,17.969999313354492,1778918905.5439897
anymal_c_flat,Train/mean_episode_length/time,249,17.899999618530273,1778918906.6731548
anymal_c_flat,Train/mean_episode_length/time,250,17.729999542236328,1778918907.80825
anymal_c_flat,Train/mean_episode_length/time,251,17.8700008392334,1778918908.9275377
anymal_c_flat,Train/mean_episode_length/time,252,17.600000381469727,1778918910.0877707
anymal_c_flat,Train/mean_episode_length/time,254,17.3799991607666,1778918911.2202096
anymal_c_flat,Train/mean_episode_length/time,255,17.3799991607666,1778918912.3639462
anymal_c_flat,Train/mean_episode_length/time,256,17.239999771118164,1778918913.5144458
anymal_c_flat,Train/mean_episode_length/time,257,17.1200008392334,1778918914.6515496
anymal_c_flat,Train/mean_episode_length/time,258,16.989999771118164,1778918915.7892084
anymal_c_flat,Train/mean_episode_length/time,259,16.790000915527344,1778918917.0702727
anymal_c_flat,Train/mean_episode_length/time,261,16.799999237060547,1778918918.209894
anymal_c_flat,Train/mean_episode_length/time,262,16.809999465942383,1778918919.3534026
anymal_c_flat,Train/mean_episode_length/time,263,16.719999313354492,1778918920.5008266
anymal_c_flat,Train/mean_episode_length/time,264,16.65999984741211,1778918921.6493042
anymal_c_flat,Train/mean_episode_length/time,265,16.860000610351562,1778918922.7849228
anymal_c_flat,Train/mean_episode_length/time,266,16.75,1778918923.920853
anymal_c_flat,Train/mean_episode_length/time,267,16.729999542236328,1778918925.0826268
anymal_c_flat,Train/mean_episode_length/time,268,16.829999923706055,1778918926.2113526
anymal_c_flat,Train/mean_episode_length/time,270,16.860000610351562,1778918927.4617734
anymal_c_flat,Train/mean_episode_length/time,271,16.700000762939453,1778918928.600894
anymal_c_flat,Train/mean_episode_length/time,272,16.799999237060547,1778918929.7368052
anymal_c_flat,Train/mean_episode_length/time,273,17.010000228881836,1778918930.882494
anymal_c_flat,Train/mean_episode_length/time,274,17.020000457763672,1778918932.0238767
anymal_c_flat,Train/mean_episode_length/time,275,16.959999084472656,1778918933.1659076
anymal_c_flat,Train/mean_episode_length/time,276,16.950000762939453,1778918934.3110278
anymal_c_flat,Train/mean_episode_length/time,278,16.860000610351562,1778918935.4363632
anymal_c_flat,Train/mean_episode_length/time,279,16.81999969482422,1778918936.5695603
anymal_c_flat,Train/mean_episode_length/time,280,16.920000076293945,1778918937.7177107
anymal_c_flat,Train/mean_episode_length/time,281,17.020000457763672,1778918939.0101674
anymal_c_flat,Train/mean_episode_length/time,282,16.90999984741211,1778918940.145237
anymal_c_flat,Train/mean_episode_length/time,283,16.899999618530273,1778918941.2786052
anymal_c_flat,Train/mean_episode_length/time,284,16.940000534057617,1778918942.4251437
anymal_c_flat,Train/mean_episode_length/time,286,16.649999618530273,1778918943.5705547
anymal_c_flat,Train/mean_episode_length/time,287,16.690000534057617,1778918944.71001
anymal_c_flat,Train/mean_episode_length/time,288,16.6200008392334,1778918945.846848
anymal_c_flat,Train/mean_episode_length/time,289,16.510000228881836,1778918946.9792624
anymal_c_flat,Train/mean_episode_length/time,290,16.729999542236328,1778918948.1093454
anymal_c_flat,Train/mean_episode_length/time,291,16.829999923706055,1778918949.3913236
anymal_c_flat,Train/mean_episode_length/time,292,16.899999618530273,1778918950.535087
anymal_c_flat,Train/mean_episode_length/time,294,16.920000076293945,1778918951.6758235
anymal_c_flat,Train/mean_episode_length/time,295,16.75,1778918952.815397
anymal_c_flat,Train/mean_episode_length/time,296,16.440000534057617,1778918953.9628997
anymal_c_flat,Train/mean_episode_length/time,297,16.3799991607666,1778918955.0932653
anymal_c_flat,Train/mean_episode_length/time,298,16.469999313354492,1778918956.2358897
anymal_c_flat,Train/mean_episode_length/time,299,16.549999237060547,1778918957.356672
anymal_c_flat,Train/mean_episode_length/time,300,16.790000915527344,1778918958.4912088
anymal_c_flat,Train/mean_episode_length/time,301,16.8700008392334,1778918959.6162982
anymal_c_flat,Train/mean_episode_length/time,303,16.709999084472656,1778918960.8430254
anymal_c_flat,Train/mean_episode_length/time,304,16.780000686645508,1778918961.9814725
anymal_c_flat,Train/mean_episode_length/time,305,16.65999984741211,1778918963.1241977
anymal_c_flat,Train/mean_episode_length/time,306,16.68000030517578,1778918964.256863
anymal_c_flat,Train/mean_episode_length/time,307,16.8700008392334,1778918965.3910646
anymal_c_flat,Train/mean_episode_length/time,308,17.139999389648438,1778918966.5181305
anymal_c_flat,Train/mean_episode_length/time,309,17.079999923706055,1778918967.6533165
anymal_c_flat,Train/mean_episode_length/time,310,17.100000381469727,1778918968.7849824
anymal_c_flat,Train/mean_episode_length/time,312,17.209999084472656,1778918969.924458
anymal_c_flat,Train/mean_episode_length/time,313,17.18000030517578,1778918971.184199
anymal_c_flat,Train/mean_episode_length/time,314,17.139999389648438,1778918972.3188543
anymal_c_flat,Train/mean_episode_length/time,315,17.360000610351562,1778918973.4427502
anymal_c_flat,Train/mean_episode_length/time,316,17.350000381469727,1778918974.6001651
anymal_c_flat,Train/mean_episode_length/time,317,17.09000015258789,1778918975.732494
anymal_c_flat,Train/mean_episode_length/time,318,17.260000228881836,1778918976.8618767
anymal_c_flat,Train/mean_episode_length/time,320,17.3700008392334,1778918978.0120091
anymal_c_flat,Train/mean_episode_length/time,321,17.350000381469727,1778918979.1434772
anymal_c_flat,Train/mean_episode_length/time,322,17.3799991607666,1778918980.2935035
anymal_c_flat,Train/mean_episode_length/time,323,17.579999923706055,1778918981.4438655
anymal_c_flat,Train/mean_episode_length/time,324,17.520000457763672,1778918982.7362502
anymal_c_flat,Train/mean_episode_length/time,325,17.350000381469727,1778918983.8751185
anymal_c_flat,Train/mean_episode_length/time,327,17.350000381469727,1778918985.0209336
anymal_c_flat,Train/mean_episode_length/time,328,17.3799991607666,1778918986.1634812
anymal_c_flat,Train/mean_episode_length/time,329,17.1299991607666,1778918987.2998536
anymal_c_flat,Train/mean_episode_length/time,330,17.139999389648438,1778918988.4303598
anymal_c_flat,Train/mean_episode_length/time,331,17.360000610351562,1778918989.561468
anymal_c_flat,Train/mean_episode_length/time,332,17.389999389648438,1778918990.697726
anymal_c_flat,Train/mean_episode_length/time,333,17.489999771118164,1778918991.840368
anymal_c_flat,Train/mean_episode_length/time,335,17.40999984741211,1778918993.101929
anymal_c_flat,Train/mean_episode_length/time,336,17.040000915527344,1778918994.2589285
anymal_c_flat,Train/mean_episode_length/time,337,16.6200008392334,1778918995.4070094
anymal_c_flat,Train/mean_episode_length/time,338,16.729999542236328,1778918996.5282555
anymal_c_flat,Train/mean_episode_length/time,339,16.81999969482422,1778918997.6564138
anymal_c_flat,Train/mean_episode_length/time,340,17.06999969482422,1778918998.7970145
