run,tag,step,value,wall_time
grallator_flat,Episode_Reward/track_lin_vel_xy_exp,0,0.0,1778849898.074795
grallator_flat,Episode_Reward/track_lin_vel_xy_exp,1,0.0,1778849899.1124465
grallator_flat,Episode_Reward/track_lin_vel_xy_exp,2,0.0,1778849900.0900347
grallator_flat,Episode_Reward/track_lin_vel_xy_exp,3,0.025001492351293564,1778849901.5307934
grallator_flat,Episode_Reward/track_lin_vel_xy_exp,4,0.08600198477506638,1778849902.5270104
grallator_flat,Episode_Reward/track_lin_vel_xy_exp,5,0.10067357122898102,1778849903.51803
grallator_flat,Episode_Reward/track_lin_vel_xy_exp,6,0.09844600409269333,1778849904.4903376
grallator_flat,Episode_Reward/track_lin_vel_xy_exp,7,0.09844600409269333,1778849905.466552
grallator_flat,Episode_Reward/track_lin_vel_xy_exp,8,0.09844600409269333,1778849906.5268981
grallator_flat,Episode_Reward/track_lin_vel_xy_exp,9,0.09844600409269333,1778849907.492011
grallator_flat,Episode_Reward/track_lin_vel_xy_exp,10,0.11127754300832748,1778849908.4797597
grallator_flat,Episode_Reward/track_lin_vel_xy_exp,11,0.2480972856283188,1778849909.473706
grallator_flat,Episode_Reward/track_lin_vel_xy_exp,12,0.3207593858242035,1778849910.450395
grallator_flat,Episode_Reward/track_lin_vel_xy_exp,13,0.3207593858242035,1778849911.4252946
grallator_flat,Episode_Reward/track_lin_vel_xy_exp,14,0.3207593858242035,1778849912.3987613
grallator_flat,Episode_Reward/track_lin_vel_xy_exp,15,0.3295722007751465,1778849913.3966544
grallator_flat,Episode_Reward/track_lin_vel_xy_exp,16,0.4171043634414673,1778849914.4096427
grallator_flat,Episode_Reward/track_lin_vel_xy_exp,17,0.26131802797317505,1778849915.3816478
grallator_flat,Episode_Reward/track_lin_vel_xy_exp,18,0.28531965613365173,1778849916.3621745
grallator_flat,Episode_Reward/track_lin_vel_xy_exp,19,0.5681228041648865,1778849917.4302344
grallator_flat,Episode_Reward/track_lin_vel_xy_exp,20,0.6395055055618286,1778849918.407239
grallator_flat,Episode_Reward/track_lin_vel_xy_exp,21,0.6395055055618286,1778849919.3791246
grallator_flat,Episode_Reward/track_lin_vel_xy_exp,22,0.6395055055618286,1778849920.343921
grallator_flat,Episode_Reward/track_lin_vel_xy_exp,23,0.6643859148025513,1778849921.3393946
grallator_flat,Episode_Reward/track_lin_vel_xy_exp,24,0.7248098254203796,1778849922.3151727
grallator_flat,Episode_Reward/track_lin_vel_xy_exp,25,0.7248098254203796,1778849923.2986233
grallator_flat,Episode_Reward/track_lin_vel_xy_exp,26,0.7248098254203796,1778849924.2792165
grallator_flat,Episode_Reward/track_lin_vel_xy_exp,27,0.7248098254203796,1778849925.2492728
grallator_flat,Episode_Reward/track_lin_vel_xy_exp,28,0.7248098254203796,1778849926.2299688
grallator_flat,Episode_Reward/track_lin_vel_xy_exp,29,0.7248098254203796,1778849927.2236333
grallator_flat,Episode_Reward/track_lin_vel_xy_exp,30,0.7248098254203796,1778849928.3057368
grallator_flat,Episode_Reward/track_lin_vel_xy_exp,31,0.8555783629417419,1778849929.3312528
grallator_flat,Episode_Reward/track_lin_vel_xy_exp,32,0.7940284609794617,1778849930.3605254
grallator_flat,Episode_Reward/track_lin_vel_xy_exp,33,0.6596807241439819,1778849931.3665695
grallator_flat,Episode_Reward/track_lin_vel_xy_exp,34,0.8841099739074707,1778849932.390473
grallator_flat,Episode_Reward/track_lin_vel_xy_exp,35,0.9289957880973816,1778849933.4031706
grallator_flat,Episode_Reward/track_lin_vel_xy_exp,36,0.9289957880973816,1778849934.4350076
grallator_flat,Episode_Reward/track_lin_vel_xy_exp,37,0.9289957880973816,1778849935.4526
grallator_flat,Episode_Reward/track_lin_vel_xy_exp,38,0.9289957880973816,1778849936.4754603
grallator_flat,Episode_Reward/track_lin_vel_xy_exp,39,0.9289957880973816,1778849937.5084093
grallator_flat,Episode_Reward/track_lin_vel_xy_exp,40,0.7394134998321533,1778849938.5494146
grallator_flat,Episode_Reward/track_lin_vel_xy_exp,41,0.7014970183372498,1778849939.5758007
grallator_flat,Episode_Reward/track_lin_vel_xy_exp,42,0.7014970183372498,1778849940.6003573
grallator_flat,Episode_Reward/track_lin_vel_xy_exp,43,0.7014970183372498,1778849941.6238158
grallator_flat,Episode_Reward/track_lin_vel_xy_exp,44,0.7014970183372498,1778849942.6534953
grallator_flat,Episode_Reward/track_lin_vel_xy_exp,45,0.8504037261009216,1778849943.7009573
grallator_flat,Episode_Reward/track_lin_vel_xy_exp,46,0.8581964373588562,1778849944.7250264
grallator_flat,Episode_Reward/track_lin_vel_xy_exp,47,0.7325274348258972,1778849945.7592204
grallator_flat,Episode_Reward/track_lin_vel_xy_exp,48,0.7325274348258972,1778849946.775703
grallator_flat,Episode_Reward/track_lin_vel_xy_exp,49,0.7325274348258972,1778849947.7880905
grallator_flat,Episode_Reward/track_lin_vel_xy_exp,50,0.7325274348258972,1778849948.8184052
grallator_flat,Episode_Reward/track_lin_vel_xy_exp,51,0.7325274348258972,1778849949.9066126
grallator_flat,Episode_Reward/track_lin_vel_xy_exp,52,0.9804962873458862,1778849950.9348288
grallator_flat,Episode_Reward/track_lin_vel_xy_exp,53,1.2069295644760132,1778849951.9634554
grallator_flat,Episode_Reward/track_lin_vel_xy_exp,54,1.202622413635254,1778849952.9762473
grallator_flat,Episode_Reward/track_lin_vel_xy_exp,55,1.202622413635254,1778849953.9920094
grallator_flat,Episode_Reward/track_lin_vel_xy_exp,56,1.1956039667129517,1778849955.0052109
grallator_flat,Episode_Reward/track_lin_vel_xy_exp,57,1.099288821220398,1778849956.0571895
grallator_flat,Episode_Reward/track_lin_vel_xy_exp,58,1.3194080591201782,1778849957.0844853
grallator_flat,Episode_Reward/track_lin_vel_xy_exp,59,1.3342807292938232,1778849958.0971787
grallator_flat,Episode_Reward/track_lin_vel_xy_exp,60,1.1251392364501953,1778849959.125348
grallator_flat,Episode_Reward/track_lin_vel_xy_exp,61,1.0676538944244385,1778849960.1605985
grallator_flat,Episode_Reward/track_lin_vel_xy_exp,62,1.2667644023895264,1778849961.2919104
grallator_flat,Episode_Reward/track_lin_vel_xy_exp,63,1.2667644023895264,1778849962.3108108
grallator_flat,Episode_Reward/track_lin_vel_xy_exp,64,1.2667644023895264,1778849963.3274584
grallator_flat,Episode_Reward/track_lin_vel_xy_exp,65,1.1223258972167969,1778849964.3775995
grallator_flat,Episode_Reward/track_lin_vel_xy_exp,66,1.0356626510620117,1778849965.4003694
grallator_flat,Episode_Reward/track_lin_vel_xy_exp,67,1.0356626510620117,1778849966.4258292
grallator_flat,Episode_Reward/track_lin_vel_xy_exp,68,1.0356626510620117,1778849967.4476557
grallator_flat,Episode_Reward/track_lin_vel_xy_exp,69,1.0356626510620117,1778849968.4666452
grallator_flat,Episode_Reward/track_lin_vel_xy_exp,70,1.0356626510620117,1778849969.4813097
grallator_flat,Episode_Reward/track_lin_vel_xy_exp,71,1.0356626510620117,1778849970.4947438
grallator_flat,Episode_Reward/track_lin_vel_xy_exp,72,1.04331636428833,1778849971.6217268
grallator_flat,Episode_Reward/track_lin_vel_xy_exp,73,1.0968917608261108,1778849972.6471138
grallator_flat,Episode_Reward/track_lin_vel_xy_exp,74,1.0215272903442383,1778849973.6751714
grallator_flat,Episode_Reward/track_lin_vel_xy_exp,75,1.0580997467041016,1778849974.7067556
grallator_flat,Episode_Reward/track_lin_vel_xy_exp,76,1.3665704727172852,1778849975.719406
grallator_flat,Episode_Reward/track_lin_vel_xy_exp,77,1.3665704727172852,1778849976.731551
grallator_flat,Episode_Reward/track_lin_vel_xy_exp,78,1.3665704727172852,1778849977.744528
grallator_flat,Episode_Reward/track_lin_vel_xy_exp,79,1.3665704727172852,1778849978.7525406
grallator_flat,Episode_Reward/track_lin_vel_xy_exp,80,1.3665704727172852,1778849979.7772593
grallator_flat,Episode_Reward/track_lin_vel_xy_exp,81,1.3460779190063477,1778849980.7919724
grallator_flat,Episode_Reward/track_lin_vel_xy_exp,82,1.2436153888702393,1778849981.805561
grallator_flat,Episode_Reward/track_lin_vel_xy_exp,83,1.2436153888702393,1778849982.8861318
grallator_flat,Episode_Reward/track_lin_vel_xy_exp,84,1.2436153888702393,1778849983.89377
grallator_flat,Episode_Reward/track_lin_vel_xy_exp,85,1.2436153888702393,1778849984.9028378
grallator_flat,Episode_Reward/track_lin_vel_xy_exp,86,1.2436153888702393,1778849985.9144034
grallator_flat,Episode_Reward/track_lin_vel_xy_exp,87,1.0551187992095947,1778849986.9599707
grallator_flat,Episode_Reward/track_lin_vel_xy_exp,88,1.0757447481155396,1778849988.0161479
grallator_flat,Episode_Reward/track_lin_vel_xy_exp,89,1.0720491409301758,1778849989.0262961
grallator_flat,Episode_Reward/track_lin_vel_xy_exp,90,1.0720491409301758,1778849990.0498657
grallator_flat,Episode_Reward/track_lin_vel_xy_exp,91,1.0720491409301758,1778849991.056382
grallator_flat,Episode_Reward/track_lin_vel_xy_exp,92,1.0720491409301758,1778849992.0630326
grallator_flat,Episode_Reward/track_lin_vel_xy_exp,93,1.0720491409301758,1778849993.0730188
grallator_flat,Episode_Reward/track_lin_vel_xy_exp,94,1.2426972389221191,1778849994.1805682
grallator_flat,Episode_Reward/track_lin_vel_xy_exp,95,1.1887625455856323,1778849995.1809046
grallator_flat,Episode_Reward/track_lin_vel_xy_exp,96,1.1887625455856323,1778849996.1837127
grallator_flat,Episode_Reward/track_lin_vel_xy_exp,97,1.1887625455856323,1778849997.1830108
grallator_flat,Episode_Reward/track_lin_vel_xy_exp,98,1.1414674520492554,1778849998.2054822
grallator_flat,Episode_Reward/track_lin_vel_xy_exp,99,1.1821597814559937,1778849999.2352958
grallator_flat,Episode_Reward/track_ang_vel_z_exp,0,0.0,1778849898.0754697
grallator_flat,Episode_Reward/track_ang_vel_z_exp,1,0.0,1778849899.1132119
grallator_flat,Episode_Reward/track_ang_vel_z_exp,2,0.0,1778849900.0906796
grallator_flat,Episode_Reward/track_ang_vel_z_exp,3,0.007233531679958105,1778849901.5314653
grallator_flat,Episode_Reward/track_ang_vel_z_exp,4,0.02575782500207424,1778849902.52769
grallator_flat,Episode_Reward/track_ang_vel_z_exp,5,0.03438173234462738,1778849903.51871
grallator_flat,Episode_Reward/track_ang_vel_z_exp,6,0.0358165018260479,1778849904.4910064
grallator_flat,Episode_Reward/track_ang_vel_z_exp,7,0.0358165018260479,1778849905.467167
grallator_flat,Episode_Reward/track_ang_vel_z_exp,8,0.0358165018260479,1778849906.5275226
grallator_flat,Episode_Reward/track_ang_vel_z_exp,9,0.0358165018260479,1778849907.4926896
grallator_flat,Episode_Reward/track_ang_vel_z_exp,10,0.04159129783511162,1778849908.4804368
grallator_flat,Episode_Reward/track_ang_vel_z_exp,11,0.07362863421440125,1778849909.4743524
grallator_flat,Episode_Reward/track_ang_vel_z_exp,12,0.07679198682308197,1778849910.451131
grallator_flat,Episode_Reward/track_ang_vel_z_exp,13,0.07679198682308197,1778849911.4258962
grallator_flat,Episode_Reward/track_ang_vel_z_exp,14,0.07679198682308197,1778849912.3994277
grallator_flat,Episode_Reward/track_ang_vel_z_exp,15,0.09354536235332489,1778849913.3974288
grallator_flat,Episode_Reward/track_ang_vel_z_exp,16,0.10658147931098938,1778849914.410288
grallator_flat,Episode_Reward/track_ang_vel_z_exp,17,0.11006476730108261,1778849915.3822885
grallator_flat,Episode_Reward/track_ang_vel_z_exp,18,0.11115821450948715,1778849916.3629022
grallator_flat,Episode_Reward/track_ang_vel_z_exp,19,0.12501658499240875,1778849917.4309957
grallator_flat,Episode_Reward/track_ang_vel_z_exp,20,0.13197188079357147,1778849918.4079177
grallator_flat,Episode_Reward/track_ang_vel_z_exp,21,0.13197188079357147,1778849919.3797736
grallator_flat,Episode_Reward/track_ang_vel_z_exp,22,0.13197188079357147,1778849920.3447895
grallator_flat,Episode_Reward/track_ang_vel_z_exp,23,0.13889822363853455,1778849921.3400438
grallator_flat,Episode_Reward/track_ang_vel_z_exp,24,0.1557193249464035,1778849922.3158085
grallator_flat,Episode_Reward/track_ang_vel_z_exp,25,0.1557193249464035,1778849923.2992654
grallator_flat,Episode_Reward/track_ang_vel_z_exp,26,0.1557193249464035,1778849924.2798524
grallator_flat,Episode_Reward/track_ang_vel_z_exp,27,0.1557193249464035,1778849925.2498615
grallator_flat,Episode_Reward/track_ang_vel_z_exp,28,0.1557193249464035,1778849926.2305946
grallator_flat,Episode_Reward/track_ang_vel_z_exp,29,0.1557193249464035,1778849927.2242997
grallator_flat,Episode_Reward/track_ang_vel_z_exp,30,0.1557193249464035,1778849928.3063614
grallator_flat,Episode_Reward/track_ang_vel_z_exp,31,0.19301837682724,1778849929.3320968
grallator_flat,Episode_Reward/track_ang_vel_z_exp,32,0.2078813761472702,1778849930.3612132
grallator_flat,Episode_Reward/track_ang_vel_z_exp,33,0.21494778990745544,1778849931.3671975
grallator_flat,Episode_Reward/track_ang_vel_z_exp,34,0.2235308140516281,1778849932.3911607
grallator_flat,Episode_Reward/track_ang_vel_z_exp,35,0.22524742782115936,1778849933.4037676
grallator_flat,Episode_Reward/track_ang_vel_z_exp,36,0.22524742782115936,1778849934.4356203
grallator_flat,Episode_Reward/track_ang_vel_z_exp,37,0.22524742782115936,1778849935.4532976
grallator_flat,Episode_Reward/track_ang_vel_z_exp,38,0.22524742782115936,1778849936.4760437
grallator_flat,Episode_Reward/track_ang_vel_z_exp,39,0.22524742782115936,1778849937.5091252
grallator_flat,Episode_Reward/track_ang_vel_z_exp,40,0.2600954473018646,1778849938.550003
grallator_flat,Episode_Reward/track_ang_vel_z_exp,41,0.26706501841545105,1778849939.5764623
grallator_flat,Episode_Reward/track_ang_vel_z_exp,42,0.26706501841545105,1778849940.6010034
grallator_flat,Episode_Reward/track_ang_vel_z_exp,43,0.26706501841545105,1778849941.6244342
grallator_flat,Episode_Reward/track_ang_vel_z_exp,44,0.26706501841545105,1778849942.6541212
grallator_flat,Episode_Reward/track_ang_vel_z_exp,45,0.27556943893432617,1778849943.7016408
grallator_flat,Episode_Reward/track_ang_vel_z_exp,46,0.27952057123184204,1778849944.725657
grallator_flat,Episode_Reward/track_ang_vel_z_exp,47,0.280074805021286,1778849945.759868
grallator_flat,Episode_Reward/track_ang_vel_z_exp,48,0.280074805021286,1778849946.7764351
grallator_flat,Episode_Reward/track_ang_vel_z_exp,49,0.280074805021286,1778849947.7887836
grallator_flat,Episode_Reward/track_ang_vel_z_exp,50,0.280074805021286,1778849948.8189857
grallator_flat,Episode_Reward/track_ang_vel_z_exp,51,0.280074805021286,1778849949.90723
grallator_flat,Episode_Reward/track_ang_vel_z_exp,52,0.27875816822052,1778849950.9354837
grallator_flat,Episode_Reward/track_ang_vel_z_exp,53,0.2826990485191345,1778849951.9641712
grallator_flat,Episode_Reward/track_ang_vel_z_exp,54,0.2837505042552948,1778849952.9768562
grallator_flat,Episode_Reward/track_ang_vel_z_exp,55,0.2837505042552948,1778849953.992658
grallator_flat,Episode_Reward/track_ang_vel_z_exp,56,0.2838076949119568,1778849955.0058334
grallator_flat,Episode_Reward/track_ang_vel_z_exp,57,0.28561127185821533,1778849956.0577767
grallator_flat,Episode_Reward/track_ang_vel_z_exp,58,0.2837432324886322,1778849957.085137
grallator_flat,Episode_Reward/track_ang_vel_z_exp,59,0.2817429006099701,1778849958.0978947
grallator_flat,Episode_Reward/track_ang_vel_z_exp,60,0.2840419113636017,1778849959.125957
grallator_flat,Episode_Reward/track_ang_vel_z_exp,61,0.28463074564933777,1778849960.1612194
grallator_flat,Episode_Reward/track_ang_vel_z_exp,62,0.2824055552482605,1778849961.292543
grallator_flat,Episode_Reward/track_ang_vel_z_exp,63,0.2824055552482605,1778849962.3114858
grallator_flat,Episode_Reward/track_ang_vel_z_exp,64,0.2824055552482605,1778849963.328062
grallator_flat,Episode_Reward/track_ang_vel_z_exp,65,0.28422731161117554,1778849964.3783634
grallator_flat,Episode_Reward/track_ang_vel_z_exp,66,0.28532034158706665,1778849965.4010222
grallator_flat,Episode_Reward/track_ang_vel_z_exp,67,0.28532034158706665,1778849966.426587
grallator_flat,Episode_Reward/track_ang_vel_z_exp,68,0.28532034158706665,1778849967.4482725
grallator_flat,Episode_Reward/track_ang_vel_z_exp,69,0.28532034158706665,1778849968.4672809
grallator_flat,Episode_Reward/track_ang_vel_z_exp,70,0.28532034158706665,1778849969.4818954
grallator_flat,Episode_Reward/track_ang_vel_z_exp,71,0.28532034158706665,1778849970.495359
grallator_flat,Episode_Reward/track_ang_vel_z_exp,72,0.285388708114624,1778849971.622362
grallator_flat,Episode_Reward/track_ang_vel_z_exp,73,0.2858673334121704,1778849972.6477401
grallator_flat,Episode_Reward/track_ang_vel_z_exp,74,0.2872885465621948,1778849973.6758597
grallator_flat,Episode_Reward/track_ang_vel_z_exp,75,0.2873566448688507,1778849974.7073734
grallator_flat,Episode_Reward/track_ang_vel_z_exp,76,0.28532838821411133,1778849975.7200081
grallator_flat,Episode_Reward/track_ang_vel_z_exp,77,0.28532838821411133,1778849976.732232
grallator_flat,Episode_Reward/track_ang_vel_z_exp,78,0.28532838821411133,1778849977.7451382
grallator_flat,Episode_Reward/track_ang_vel_z_exp,79,0.28532838821411133,1778849978.7532082
grallator_flat,Episode_Reward/track_ang_vel_z_exp,80,0.28532838821411133,1778849979.7780638
grallator_flat,Episode_Reward/track_ang_vel_z_exp,81,0.285696417093277,1778849980.7926016
grallator_flat,Episode_Reward/track_ang_vel_z_exp,82,0.28753647208213806,1778849981.8062973
grallator_flat,Episode_Reward/track_ang_vel_z_exp,83,0.28753647208213806,1778849982.8868532
grallator_flat,Episode_Reward/track_ang_vel_z_exp,84,0.28753647208213806,1778849983.894365
grallator_flat,Episode_Reward/track_ang_vel_z_exp,85,0.28753647208213806,1778849984.9034784
grallator_flat,Episode_Reward/track_ang_vel_z_exp,86,0.28753647208213806,1778849985.9150429
grallator_flat,Episode_Reward/track_ang_vel_z_exp,87,0.28731024265289307,1778849986.9606266
grallator_flat,Episode_Reward/track_ang_vel_z_exp,88,0.2860211730003357,1778849988.0167737
grallator_flat,Episode_Reward/track_ang_vel_z_exp,89,0.28635212779045105,1778849989.026916
grallator_flat,Episode_Reward/track_ang_vel_z_exp,90,0.28635212779045105,1778849990.0504816
grallator_flat,Episode_Reward/track_ang_vel_z_exp,91,0.28635212779045105,1778849991.0569725
grallator_flat,Episode_Reward/track_ang_vel_z_exp,92,0.28635212779045105,1778849992.063716
grallator_flat,Episode_Reward/track_ang_vel_z_exp,93,0.28635212779045105,1778849993.0736494
grallator_flat,Episode_Reward/track_ang_vel_z_exp,94,0.28735247254371643,1778849994.181213
grallator_flat,Episode_Reward/track_ang_vel_z_exp,95,0.2867683172225952,1778849995.1815214
grallator_flat,Episode_Reward/track_ang_vel_z_exp,96,0.2867683172225952,1778849996.1843705
grallator_flat,Episode_Reward/track_ang_vel_z_exp,97,0.2867683172225952,1778849997.1836343
grallator_flat,Episode_Reward/track_ang_vel_z_exp,98,0.28700265288352966,1778849998.2061343
grallator_flat,Episode_Reward/track_ang_vel_z_exp,99,0.28794604539871216,1778849999.2359347
grallator_flat,Episode_Reward/lin_vel_z_l2,0,0.0,1778849898.075998
grallator_flat,Episode_Reward/lin_vel_z_l2,1,0.0,1778849899.1137562
grallator_flat,Episode_Reward/lin_vel_z_l2,2,0.0,1778849900.091234
grallator_flat,Episode_Reward/lin_vel_z_l2,3,-0.06952580064535141,1778849901.5319865
grallator_flat,Episode_Reward/lin_vel_z_l2,4,-0.2366372048854828,1778849902.5283022
grallator_flat,Episode_Reward/lin_vel_z_l2,5,-0.2177884578704834,1778849903.519272
grallator_flat,Episode_Reward/lin_vel_z_l2,6,-0.21718263626098633,1778849904.4915757
grallator_flat,Episode_Reward/lin_vel_z_l2,7,-0.21718263626098633,1778849905.4676702
grallator_flat,Episode_Reward/lin_vel_z_l2,8,-0.21718263626098633,1778849906.5279865
grallator_flat,Episode_Reward/lin_vel_z_l2,9,-0.21718263626098633,1778849907.493267
grallator_flat,Episode_Reward/lin_vel_z_l2,10,-0.21523790061473846,1778849908.480971
grallator_flat,Episode_Reward/lin_vel_z_l2,11,-0.2183115929365158,1778849909.4748685
grallator_flat,Episode_Reward/lin_vel_z_l2,12,-0.23110902309417725,1778849910.451801
grallator_flat,Episode_Reward/lin_vel_z_l2,13,-0.23110902309417725,1778849911.4264162
grallator_flat,Episode_Reward/lin_vel_z_l2,14,-0.23110902309417725,1778849912.3999662
grallator_flat,Episode_Reward/lin_vel_z_l2,15,-0.2295527160167694,1778849913.3979888
grallator_flat,Episode_Reward/lin_vel_z_l2,16,-0.22313754260540009,1778849914.4108062
grallator_flat,Episode_Reward/lin_vel_z_l2,17,-0.22513113915920258,1778849915.3828113
grallator_flat,Episode_Reward/lin_vel_z_l2,18,-0.2246033400297165,1778849916.3634746
grallator_flat,Episode_Reward/lin_vel_z_l2,19,-0.21924453973770142,1778849917.431588
grallator_flat,Episode_Reward/lin_vel_z_l2,20,-0.22094367444515228,1778849918.408467
grallator_flat,Episode_Reward/lin_vel_z_l2,21,-0.22094367444515228,1778849919.3803318
grallator_flat,Episode_Reward/lin_vel_z_l2,22,-0.22094367444515228,1778849920.345321
grallator_flat,Episode_Reward/lin_vel_z_l2,23,-0.22279974818229675,1778849921.3406188
grallator_flat,Episode_Reward/lin_vel_z_l2,24,-0.22730736434459686,1778849922.316373
grallator_flat,Episode_Reward/lin_vel_z_l2,25,-0.22730736434459686,1778849923.2997718
grallator_flat,Episode_Reward/lin_vel_z_l2,26,-0.22730736434459686,1778849924.2804995
grallator_flat,Episode_Reward/lin_vel_z_l2,27,-0.22730736434459686,1778849925.2503703
grallator_flat,Episode_Reward/lin_vel_z_l2,28,-0.22730736434459686,1778849926.2311168
grallator_flat,Episode_Reward/lin_vel_z_l2,29,-0.22730736434459686,1778849927.2248452
grallator_flat,Episode_Reward/lin_vel_z_l2,30,-0.22730736434459686,1778849928.3068497
grallator_flat,Episode_Reward/lin_vel_z_l2,31,-0.23585781455039978,1778849929.3328285
grallator_flat,Episode_Reward/lin_vel_z_l2,32,-0.23463712632656097,1778849930.3617532
grallator_flat,Episode_Reward/lin_vel_z_l2,33,-0.22977802157402039,1778849931.3677347
grallator_flat,Episode_Reward/lin_vel_z_l2,34,-0.24977722764015198,1778849932.3917522
grallator_flat,Episode_Reward/lin_vel_z_l2,35,-0.25377708673477173,1778849933.4042988
grallator_flat,Episode_Reward/lin_vel_z_l2,36,-0.25377708673477173,1778849934.4361238
grallator_flat,Episode_Reward/lin_vel_z_l2,37,-0.25377708673477173,1778849935.45383
grallator_flat,Episode_Reward/lin_vel_z_l2,38,-0.25377708673477173,1778849936.4765558
grallator_flat,Episode_Reward/lin_vel_z_l2,39,-0.25377708673477173,1778849937.5096748
grallator_flat,Episode_Reward/lin_vel_z_l2,40,-0.3124540448188782,1778849938.550529
grallator_flat,Episode_Reward/lin_vel_z_l2,41,-0.3241894245147705,1778849939.576976
grallator_flat,Episode_Reward/lin_vel_z_l2,42,-0.3241894245147705,1778849940.6015818
grallator_flat,Episode_Reward/lin_vel_z_l2,43,-0.3241894245147705,1778849941.624917
grallator_flat,Episode_Reward/lin_vel_z_l2,44,-0.3241894245147705,1778849942.6546345
grallator_flat,Episode_Reward/lin_vel_z_l2,45,-0.303687185049057,1778849943.7022586
grallator_flat,Episode_Reward/lin_vel_z_l2,46,-0.28935006260871887,1778849944.7261465
grallator_flat,Episode_Reward/lin_vel_z_l2,47,-0.2934144139289856,1778849945.7603815
grallator_flat,Episode_Reward/lin_vel_z_l2,48,-0.2934144139289856,1778849946.777062
grallator_flat,Episode_Reward/lin_vel_z_l2,49,-0.2934144139289856,1778849947.7893436
grallator_flat,Episode_Reward/lin_vel_z_l2,50,-0.2934144139289856,1778849948.81949
grallator_flat,Episode_Reward/lin_vel_z_l2,51,-0.2934144139289856,1778849949.9077644
grallator_flat,Episode_Reward/lin_vel_z_l2,52,-0.2979106307029724,1778849950.9360335
grallator_flat,Episode_Reward/lin_vel_z_l2,53,-0.3063940107822418,1778849951.964733
grallator_flat,Episode_Reward/lin_vel_z_l2,54,-0.3071914315223694,1778849952.9774113
grallator_flat,Episode_Reward/lin_vel_z_l2,55,-0.3071914315223694,1778849953.9931967
grallator_flat,Episode_Reward/lin_vel_z_l2,56,-0.3076046109199524,1778849955.0064085
grallator_flat,Episode_Reward/lin_vel_z_l2,57,-0.312694251537323,1778849956.0583224
grallator_flat,Episode_Reward/lin_vel_z_l2,58,-0.29534903168678284,1778849957.0856311
grallator_flat,Episode_Reward/lin_vel_z_l2,59,-0.292886346578598,1778849958.0984807
grallator_flat,Episode_Reward/lin_vel_z_l2,60,-0.2980502247810364,1778849959.1265173
grallator_flat,Episode_Reward/lin_vel_z_l2,61,-0.3003581166267395,1778849960.1617105
grallator_flat,Episode_Reward/lin_vel_z_l2,62,-0.29619380831718445,1778849961.2931266
grallator_flat,Episode_Reward/lin_vel_z_l2,63,-0.29619380831718445,1778849962.3120313
grallator_flat,Episode_Reward/lin_vel_z_l2,64,-0.29619380831718445,1778849963.3285868
grallator_flat,Episode_Reward/lin_vel_z_l2,65,-0.2954621911048889,1778849964.3789806
grallator_flat,Episode_Reward/lin_vel_z_l2,66,-0.29502326250076294,1778849965.401563
grallator_flat,Episode_Reward/lin_vel_z_l2,67,-0.29502326250076294,1778849966.4272068
grallator_flat,Episode_Reward/lin_vel_z_l2,68,-0.29502326250076294,1778849967.4487133
grallator_flat,Episode_Reward/lin_vel_z_l2,69,-0.29502326250076294,1778849968.4678135
grallator_flat,Episode_Reward/lin_vel_z_l2,70,-0.29502326250076294,1778849969.4824066
grallator_flat,Episode_Reward/lin_vel_z_l2,71,-0.29502326250076294,1778849970.4958565
grallator_flat,Episode_Reward/lin_vel_z_l2,72,-0.2954409122467041,1778849971.6228714
grallator_flat,Episode_Reward/lin_vel_z_l2,73,-0.29836469888687134,1778849972.6482604
grallator_flat,Episode_Reward/lin_vel_z_l2,74,-0.28755009174346924,1778849973.6764526
grallator_flat,Episode_Reward/lin_vel_z_l2,75,-0.2795848548412323,1778849974.7079024
grallator_flat,Episode_Reward/lin_vel_z_l2,76,-0.257782906293869,1778849975.7205462
grallator_flat,Episode_Reward/lin_vel_z_l2,77,-0.257782906293869,1778849976.7327685
grallator_flat,Episode_Reward/lin_vel_z_l2,78,-0.257782906293869,1778849977.7456586
grallator_flat,Episode_Reward/lin_vel_z_l2,79,-0.257782906293869,1778849978.753746
grallator_flat,Episode_Reward/lin_vel_z_l2,80,-0.257782906293869,1778849979.7787187
grallator_flat,Episode_Reward/lin_vel_z_l2,81,-0.2654518783092499,1778849980.7931118
grallator_flat,Episode_Reward/lin_vel_z_l2,82,-0.3037967383861542,1778849981.8069162
grallator_flat,Episode_Reward/lin_vel_z_l2,83,-0.3037967383861542,1778849982.8875105
grallator_flat,Episode_Reward/lin_vel_z_l2,84,-0.3037967383861542,1778849983.8948262
grallator_flat,Episode_Reward/lin_vel_z_l2,85,-0.3037967383861542,1778849984.9040005
grallator_flat,Episode_Reward/lin_vel_z_l2,86,-0.3037967383861542,1778849985.9158933
grallator_flat,Episode_Reward/lin_vel_z_l2,87,-0.2657080888748169,1778849986.9611568
grallator_flat,Episode_Reward/lin_vel_z_l2,88,-0.28180190920829773,1778849988.0173135
grallator_flat,Episode_Reward/lin_vel_z_l2,89,-0.2736380994319916,1778849989.0274513
grallator_flat,Episode_Reward/lin_vel_z_l2,90,-0.2736380994319916,1778849990.0509765
grallator_flat,Episode_Reward/lin_vel_z_l2,91,-0.2736380994319916,1778849991.0574803
grallator_flat,Episode_Reward/lin_vel_z_l2,92,-0.2736380994319916,1778849992.0642502
grallator_flat,Episode_Reward/lin_vel_z_l2,93,-0.2736380994319916,1778849993.0741942
grallator_flat,Episode_Reward/lin_vel_z_l2,94,-0.2855492830276489,1778849994.1817513
grallator_flat,Episode_Reward/lin_vel_z_l2,95,-0.29960179328918457,1778849995.1819956
grallator_flat,Episode_Reward/lin_vel_z_l2,96,-0.29960179328918457,1778849996.1848884
grallator_flat,Episode_Reward/lin_vel_z_l2,97,-0.29960179328918457,1778849997.184171
grallator_flat,Episode_Reward/lin_vel_z_l2,98,-0.29340240359306335,1778849998.2066238
grallator_flat,Episode_Reward/lin_vel_z_l2,99,-0.28073763847351074,1778849999.2365367
grallator_flat,Episode_Reward/ang_vel_xy_l2,0,0.0,1778849898.076507
grallator_flat,Episode_Reward/ang_vel_xy_l2,1,0.0,1778849899.114317
grallator_flat,Episode_Reward/ang_vel_xy_l2,2,0.0,1778849900.0917132
grallator_flat,Episode_Reward/ang_vel_xy_l2,3,-0.0003839374694507569,1778849901.5325246
grallator_flat,Episode_Reward/ang_vel_xy_l2,4,-0.0013053703587502241,1778849902.5288208
grallator_flat,Episode_Reward/ang_vel_xy_l2,5,-0.0021129739470779896,1778849903.5198133
grallator_flat,Episode_Reward/ang_vel_xy_l2,6,-0.0019456533482298255,1778849904.4921207
grallator_flat,Episode_Reward/ang_vel_xy_l2,7,-0.0019456533482298255,1778849905.4681947
grallator_flat,Episode_Reward/ang_vel_xy_l2,8,-0.0019456533482298255,1778849906.5284684
grallator_flat,Episode_Reward/ang_vel_xy_l2,9,-0.0019456533482298255,1778849907.4937642
grallator_flat,Episode_Reward/ang_vel_xy_l2,10,-0.002056433353573084,1778849908.4815333
grallator_flat,Episode_Reward/ang_vel_xy_l2,11,-0.0019954857416450977,1778849909.4753647
grallator_flat,Episode_Reward/ang_vel_xy_l2,12,-0.0013806390343233943,1778849910.4524255
grallator_flat,Episode_Reward/ang_vel_xy_l2,13,-0.0013806390343233943,1778849911.4269137
grallator_flat,Episode_Reward/ang_vel_xy_l2,14,-0.0013806390343233943,1778849912.400516
grallator_flat,Episode_Reward/ang_vel_xy_l2,15,-0.002130524953827262,1778849913.3985388
grallator_flat,Episode_Reward/ang_vel_xy_l2,16,-0.0026615725364536047,1778849914.4113073
grallator_flat,Episode_Reward/ang_vel_xy_l2,17,-0.002110769972205162,1778849915.38343
grallator_flat,Episode_Reward/ang_vel_xy_l2,18,-0.002187342382967472,1778849916.3640413
grallator_flat,Episode_Reward/ang_vel_xy_l2,19,-0.0031159594655036926,1778849917.432147
grallator_flat,Episode_Reward/ang_vel_xy_l2,20,-0.0034439738374203444,1778849918.4089837
grallator_flat,Episode_Reward/ang_vel_xy_l2,21,-0.0034439738374203444,1778849919.3808258
grallator_flat,Episode_Reward/ang_vel_xy_l2,22,-0.0034439738374203444,1778849920.3458054
grallator_flat,Episode_Reward/ang_vel_xy_l2,23,-0.003433283418416977,1778849921.3411493
grallator_flat,Episode_Reward/ang_vel_xy_l2,24,-0.0034073214046657085,1778849922.316865
grallator_flat,Episode_Reward/ang_vel_xy_l2,25,-0.0034073214046657085,1778849923.300279
grallator_flat,Episode_Reward/ang_vel_xy_l2,26,-0.0034073214046657085,1778849924.2809987
grallator_flat,Episode_Reward/ang_vel_xy_l2,27,-0.0034073214046657085,1778849925.2508454
grallator_flat,Episode_Reward/ang_vel_xy_l2,28,-0.0034073214046657085,1778849926.2316065
grallator_flat,Episode_Reward/ang_vel_xy_l2,29,-0.0034073214046657085,1778849927.2253432
grallator_flat,Episode_Reward/ang_vel_xy_l2,30,-0.0034073214046657085,1778849928.3073196
grallator_flat,Episode_Reward/ang_vel_xy_l2,31,-0.003913241438567638,1778849929.3335526
grallator_flat,Episode_Reward/ang_vel_xy_l2,32,-0.003732212819159031,1778849930.3623118
grallator_flat,Episode_Reward/ang_vel_xy_l2,33,-0.0032923812977969646,1778849931.3682528
grallator_flat,Episode_Reward/ang_vel_xy_l2,34,-0.004425705410540104,1778849932.3923178
grallator_flat,Episode_Reward/ang_vel_xy_l2,35,-0.004652370698750019,1778849933.4047863
grallator_flat,Episode_Reward/ang_vel_xy_l2,36,-0.004652370698750019,1778849934.4365942
grallator_flat,Episode_Reward/ang_vel_xy_l2,37,-0.004652370698750019,1778849935.4543538
grallator_flat,Episode_Reward/ang_vel_xy_l2,38,-0.004652370698750019,1778849936.4770317
grallator_flat,Episode_Reward/ang_vel_xy_l2,39,-0.004652370698750019,1778849937.510233
grallator_flat,Episode_Reward/ang_vel_xy_l2,40,-0.0039022881537675858,1778849938.5510192
grallator_flat,Episode_Reward/ang_vel_xy_l2,41,-0.0037522721104323864,1778849939.5774589
grallator_flat,Episode_Reward/ang_vel_xy_l2,42,-0.0037522721104323864,1778849940.6020622
grallator_flat,Episode_Reward/ang_vel_xy_l2,43,-0.0037522721104323864,1778849941.6254058
grallator_flat,Episode_Reward/ang_vel_xy_l2,44,-0.0037522721104323864,1778849942.655118
grallator_flat,Episode_Reward/ang_vel_xy_l2,45,-0.016558721661567688,1778849943.7028303
grallator_flat,Episode_Reward/ang_vel_xy_l2,46,-0.015886254608631134,1778849944.7266514
grallator_flat,Episode_Reward/ang_vel_xy_l2,47,-0.004516397602856159,1778849945.7608562
grallator_flat,Episode_Reward/ang_vel_xy_l2,48,-0.004516397602856159,1778849946.7776809
grallator_flat,Episode_Reward/ang_vel_xy_l2,49,-0.004516397602856159,1778849947.7898757
grallator_flat,Episode_Reward/ang_vel_xy_l2,50,-0.004516397602856159,1778849948.8199506
grallator_flat,Episode_Reward/ang_vel_xy_l2,51,-0.004516397602856159,1778849949.9082541
grallator_flat,Episode_Reward/ang_vel_xy_l2,52,-0.00471568014472723,1778849950.9365318
grallator_flat,Episode_Reward/ang_vel_xy_l2,53,-0.004211963154375553,1778849951.965328
grallator_flat,Episode_Reward/ang_vel_xy_l2,54,-0.004071363247931004,1778849952.977877
grallator_flat,Episode_Reward/ang_vel_xy_l2,55,-0.004071363247931004,1778849953.9936702
grallator_flat,Episode_Reward/ang_vel_xy_l2,56,-0.00413823826238513,1778849955.0069048
grallator_flat,Episode_Reward/ang_vel_xy_l2,57,-0.005203631240874529,1778849956.0588355
grallator_flat,Episode_Reward/ang_vel_xy_l2,58,-0.004074744880199432,1778849957.0861602
grallator_flat,Episode_Reward/ang_vel_xy_l2,59,-0.004248328506946564,1778849958.0990188
grallator_flat,Episode_Reward/ang_vel_xy_l2,60,-0.004079712089151144,1778849959.1270194
grallator_flat,Episode_Reward/ang_vel_xy_l2,61,-0.003805273910984397,1778849960.1622305
grallator_flat,Episode_Reward/ang_vel_xy_l2,62,-0.0037728026509284973,1778849961.2936532
grallator_flat,Episode_Reward/ang_vel_xy_l2,63,-0.0037728026509284973,1778849962.3125777
grallator_flat,Episode_Reward/ang_vel_xy_l2,64,-0.0037728026509284973,1778849963.3290977
grallator_flat,Episode_Reward/ang_vel_xy_l2,65,-0.0040650865994393826,1778849964.3796344
grallator_flat,Episode_Reward/ang_vel_xy_l2,66,-0.004240456968545914,1778849965.4020529
grallator_flat,Episode_Reward/ang_vel_xy_l2,67,-0.004240456968545914,1778849966.4278336
grallator_flat,Episode_Reward/ang_vel_xy_l2,68,-0.004240456968545914,1778849967.4491024
grallator_flat,Episode_Reward/ang_vel_xy_l2,69,-0.004240456968545914,1778849968.4683208
grallator_flat,Episode_Reward/ang_vel_xy_l2,70,-0.004240456968545914,1778849969.4828873
grallator_flat,Episode_Reward/ang_vel_xy_l2,71,-0.004240456968545914,1778849970.4963868
grallator_flat,Episode_Reward/ang_vel_xy_l2,72,-0.004234384745359421,1778849971.623374
grallator_flat,Episode_Reward/ang_vel_xy_l2,73,-0.004191878717392683,1778849972.6487322
grallator_flat,Episode_Reward/ang_vel_xy_l2,74,-0.004503532312810421,1778849973.677099
grallator_flat,Episode_Reward/ang_vel_xy_l2,75,-0.004508539568632841,1778849974.7084277
grallator_flat,Episode_Reward/ang_vel_xy_l2,76,-0.004014155827462673,1778849975.7210197
grallator_flat,Episode_Reward/ang_vel_xy_l2,77,-0.004014155827462673,1778849976.7333124
grallator_flat,Episode_Reward/ang_vel_xy_l2,78,-0.004014155827462673,1778849977.7461507
grallator_flat,Episode_Reward/ang_vel_xy_l2,79,-0.004014155827462673,1778849978.7542675
grallator_flat,Episode_Reward/ang_vel_xy_l2,80,-0.004014155827462673,1778849979.779407
grallator_flat,Episode_Reward/ang_vel_xy_l2,81,-0.00412908848375082,1778849980.7935991
grallator_flat,Episode_Reward/ang_vel_xy_l2,82,-0.004703749902546406,1778849981.807573
grallator_flat,Episode_Reward/ang_vel_xy_l2,83,-0.004703749902546406,1778849982.8881545
grallator_flat,Episode_Reward/ang_vel_xy_l2,84,-0.004703749902546406,1778849983.8953185
grallator_flat,Episode_Reward/ang_vel_xy_l2,85,-0.004703749902546406,1778849984.904473
grallator_flat,Episode_Reward/ang_vel_xy_l2,86,-0.004703749902546406,1778849985.9165525
grallator_flat,Episode_Reward/ang_vel_xy_l2,87,-0.0043431539088487625,1778849986.9616587
grallator_flat,Episode_Reward/ang_vel_xy_l2,88,-0.004233448300510645,1778849988.0177944
grallator_flat,Episode_Reward/ang_vel_xy_l2,89,-0.0033352950122207403,1778849989.0279334
grallator_flat,Episode_Reward/ang_vel_xy_l2,90,-0.0033352950122207403,1778849990.0515313
grallator_flat,Episode_Reward/ang_vel_xy_l2,91,-0.0033352950122207403,1778849991.0579607
grallator_flat,Episode_Reward/ang_vel_xy_l2,92,-0.0033352950122207403,1778849992.0647113
grallator_flat,Episode_Reward/ang_vel_xy_l2,93,-0.0033352950122207403,1778849993.074675
grallator_flat,Episode_Reward/ang_vel_xy_l2,94,-0.004067254718393087,1778849994.1822858
grallator_flat,Episode_Reward/ang_vel_xy_l2,95,-0.004199988674372435,1778849995.1825123
grallator_flat,Episode_Reward/ang_vel_xy_l2,96,-0.004199988674372435,1778849996.1854177
grallator_flat,Episode_Reward/ang_vel_xy_l2,97,-0.004199988674372435,1778849997.1846356
grallator_flat,Episode_Reward/ang_vel_xy_l2,98,-0.004119066521525383,1778849998.2071338
grallator_flat,Episode_Reward/ang_vel_xy_l2,99,-0.003910388331860304,1778849999.23705
grallator_flat,Episode_Reward/dof_torques_l2,0,0.0,1778849898.0769858
grallator_flat,Episode_Reward/dof_torques_l2,1,0.0,1778849899.1148643
grallator_flat,Episode_Reward/dof_torques_l2,2,0.0,1778849900.0922117
grallator_flat,Episode_Reward/dof_torques_l2,3,-0.06490715593099594,1778849901.5330496
grallator_flat,Episode_Reward/dof_torques_l2,4,-0.23377332091331482,1778849902.52936
grallator_flat,Episode_Reward/dof_torques_l2,5,-0.3175628185272217,1778849903.5203488
grallator_flat,Episode_Reward/dof_torques_l2,6,-0.32664209604263306,1778849904.4926236
grallator_flat,Episode_Reward/dof_torques_l2,7,-0.32664209604263306,1778849905.4686959
grallator_flat,Episode_Reward/dof_torques_l2,8,-0.32664209604263306,1778849906.528938
grallator_flat,Episode_Reward/dof_torques_l2,9,-0.32664209604263306,1778849907.4943123
grallator_flat,Episode_Reward/dof_torques_l2,10,-0.37693989276885986,1778849908.4820282
grallator_flat,Episode_Reward/dof_torques_l2,11,-0.6739615797996521,1778849909.47587
grallator_flat,Episode_Reward/dof_torques_l2,12,-0.7194942831993103,1778849910.4530346
grallator_flat,Episode_Reward/dof_torques_l2,13,-0.7194942831993103,1778849911.4274144
grallator_flat,Episode_Reward/dof_torques_l2,14,-0.7194942831993103,1778849912.4012556
grallator_flat,Episode_Reward/dof_torques_l2,15,-0.8910748362541199,1778849913.3991225
grallator_flat,Episode_Reward/dof_torques_l2,16,-1.0092382431030273,1778849914.411805
grallator_flat,Episode_Reward/dof_torques_l2,17,-1.013475775718689,1778849915.3839207
grallator_flat,Episode_Reward/dof_torques_l2,18,-1.029687762260437,1778849916.3645902
grallator_flat,Episode_Reward/dof_torques_l2,19,-1.2183817625045776,1778849917.4326942
grallator_flat,Episode_Reward/dof_torques_l2,20,-1.2577623128890991,1778849918.4095128
grallator_flat,Episode_Reward/dof_torques_l2,21,-1.2577623128890991,1778849919.3813138
grallator_flat,Episode_Reward/dof_torques_l2,22,-1.2577623128890991,1778849920.3465335
grallator_flat,Episode_Reward/dof_torques_l2,23,-1.322157382965088,1778849921.3417063
grallator_flat,Episode_Reward/dof_torques_l2,24,-1.4785451889038086,1778849922.3173501
grallator_flat,Episode_Reward/dof_torques_l2,25,-1.4785451889038086,1778849923.3007548
grallator_flat,Episode_Reward/dof_torques_l2,26,-1.4785451889038086,1778849924.2814846
grallator_flat,Episode_Reward/dof_torques_l2,27,-1.4785451889038086,1778849925.251388
grallator_flat,Episode_Reward/dof_torques_l2,28,-1.4785451889038086,1778849926.2321172
grallator_flat,Episode_Reward/dof_torques_l2,29,-1.4785451889038086,1778849927.2259557
grallator_flat,Episode_Reward/dof_torques_l2,30,-1.4785451889038086,1778849928.3078384
grallator_flat,Episode_Reward/dof_torques_l2,31,-1.8811267614364624,1778849929.3341296
grallator_flat,Episode_Reward/dof_torques_l2,32,-2.067732810974121,1778849930.362797
grallator_flat,Episode_Reward/dof_torques_l2,33,-2.1806626319885254,1778849931.3687153
grallator_flat,Episode_Reward/dof_torques_l2,34,-2.2657124996185303,1778849932.3928227
grallator_flat,Episode_Reward/dof_torques_l2,35,-2.2827224731445312,1778849933.4053168
grallator_flat,Episode_Reward/dof_torques_l2,36,-2.2827224731445312,1778849934.437087
grallator_flat,Episode_Reward/dof_torques_l2,37,-2.2827224731445312,1778849935.454811
grallator_flat,Episode_Reward/dof_torques_l2,38,-2.2827224731445312,1778849936.4775217
grallator_flat,Episode_Reward/dof_torques_l2,39,-2.2827224731445312,1778849937.5107484
grallator_flat,Episode_Reward/dof_torques_l2,40,-2.729217052459717,1778849938.5515294
grallator_flat,Episode_Reward/dof_torques_l2,41,-2.8185157775878906,1778849939.577946
grallator_flat,Episode_Reward/dof_torques_l2,42,-2.8185157775878906,1778849940.6025684
grallator_flat,Episode_Reward/dof_torques_l2,43,-2.8185157775878906,1778849941.6258721
grallator_flat,Episode_Reward/dof_torques_l2,44,-2.8185157775878906,1778849942.6555855
grallator_flat,Episode_Reward/dof_torques_l2,45,-2.7296206951141357,1778849943.7033937
grallator_flat,Episode_Reward/dof_torques_l2,46,-2.79248309135437,1778849944.7271428
grallator_flat,Episode_Reward/dof_torques_l2,47,-3.11099910736084,1778849945.761341
grallator_flat,Episode_Reward/dof_torques_l2,48,-3.11099910736084,1778849946.7783096
grallator_flat,Episode_Reward/dof_torques_l2,49,-3.11099910736084,1778849947.7904255
grallator_flat,Episode_Reward/dof_torques_l2,50,-3.11099910736084,1778849948.8204637
grallator_flat,Episode_Reward/dof_torques_l2,51,-3.11099910736084,1778849949.90872
grallator_flat,Episode_Reward/dof_torques_l2,52,-3.144418716430664,1778849950.9369938
grallator_flat,Episode_Reward/dof_torques_l2,53,-3.1457080841064453,1778849951.9658859
grallator_flat,Episode_Reward/dof_torques_l2,54,-3.139281988143921,1778849952.978361
grallator_flat,Episode_Reward/dof_torques_l2,55,-3.139281988143921,1778849953.9941964
grallator_flat,Episode_Reward/dof_torques_l2,56,-3.142847776412964,1778849955.007411
grallator_flat,Episode_Reward/dof_torques_l2,57,-3.266725540161133,1778849956.0593696
grallator_flat,Episode_Reward/dof_torques_l2,58,-3.25398588180542,1778849957.0866342
grallator_flat,Episode_Reward/dof_torques_l2,59,-3.17097544670105,1778849958.099665
grallator_flat,Episode_Reward/dof_torques_l2,60,-3.227402448654175,1778849959.127581
grallator_flat,Episode_Reward/dof_torques_l2,61,-3.2163121700286865,1778849960.1627169
grallator_flat,Episode_Reward/dof_torques_l2,62,-3.1400840282440186,1778849961.2942019
grallator_flat,Episode_Reward/dof_torques_l2,63,-3.1400840282440186,1778849962.3131404
grallator_flat,Episode_Reward/dof_torques_l2,64,-3.1400840282440186,1778849963.329576
grallator_flat,Episode_Reward/dof_torques_l2,65,-3.2238569259643555,1778849964.38029
grallator_flat,Episode_Reward/dof_torques_l2,66,-3.274121046066284,1778849965.402583
grallator_flat,Episode_Reward/dof_torques_l2,67,-3.274121046066284,1778849966.4284823
grallator_flat,Episode_Reward/dof_torques_l2,68,-3.274121046066284,1778849967.4497325
grallator_flat,Episode_Reward/dof_torques_l2,69,-3.274121046066284,1778849968.4688067
grallator_flat,Episode_Reward/dof_torques_l2,70,-3.274121046066284,1778849969.4833848
grallator_flat,Episode_Reward/dof_torques_l2,71,-3.274121046066284,1778849970.4968586
grallator_flat,Episode_Reward/dof_torques_l2,72,-3.264425039291382,1778849971.6238613
grallator_flat,Episode_Reward/dof_torques_l2,73,-3.1965510845184326,1778849972.649213
grallator_flat,Episode_Reward/dof_torques_l2,74,-3.2112271785736084,1778849973.6776009
grallator_flat,Episode_Reward/dof_torques_l2,75,-3.2183823585510254,1778849974.7089207
grallator_flat,Episode_Reward/dof_torques_l2,76,-3.2296979427337646,1778849975.7215242
grallator_flat,Episode_Reward/dof_torques_l2,77,-3.2296979427337646,1778849976.7338347
grallator_flat,Episode_Reward/dof_torques_l2,78,-3.2296979427337646,1778849977.7466183
grallator_flat,Episode_Reward/dof_torques_l2,79,-3.2296979427337646,1778849978.7547576
grallator_flat,Episode_Reward/dof_torques_l2,80,-3.2296979427337646,1778849979.780033
grallator_flat,Episode_Reward/dof_torques_l2,81,-3.2202298641204834,1778849980.7940667
grallator_flat,Episode_Reward/dof_torques_l2,82,-3.172889232635498,1778849981.808168
grallator_flat,Episode_Reward/dof_torques_l2,83,-3.172889232635498,1778849982.8888125
grallator_flat,Episode_Reward/dof_torques_l2,84,-3.172889232635498,1778849983.8957858
grallator_flat,Episode_Reward/dof_torques_l2,85,-3.172889232635498,1778849984.9049487
grallator_flat,Episode_Reward/dof_torques_l2,86,-3.172889232635498,1778849985.9171624
grallator_flat,Episode_Reward/dof_torques_l2,87,-3.1264281272888184,1778849986.962186
grallator_flat,Episode_Reward/dof_torques_l2,88,-3.080364227294922,1778849988.0183103
grallator_flat,Episode_Reward/dof_torques_l2,89,-3.0567309856414795,1778849989.0284357
grallator_flat,Episode_Reward/dof_torques_l2,90,-3.0567309856414795,1778849990.0520184
grallator_flat,Episode_Reward/dof_torques_l2,91,-3.0567309856414795,1778849991.0584655
grallator_flat,Episode_Reward/dof_torques_l2,92,-3.0567309856414795,1778849992.0651822
grallator_flat,Episode_Reward/dof_torques_l2,93,-3.0567309856414795,1778849993.0751703
grallator_flat,Episode_Reward/dof_torques_l2,94,-3.04581618309021,1778849994.1828175
grallator_flat,Episode_Reward/dof_torques_l2,95,-3.1036219596862793,1778849995.1829545
grallator_flat,Episode_Reward/dof_torques_l2,96,-3.1036219596862793,1778849996.1859264
grallator_flat,Episode_Reward/dof_torques_l2,97,-3.1036219596862793,1778849997.185114
grallator_flat,Episode_Reward/dof_torques_l2,98,-3.0763511657714844,1778849998.207662
grallator_flat,Episode_Reward/dof_torques_l2,99,-3.004058361053467,1778849999.2375808
grallator_flat,Episode_Reward/dof_acc_l2,0,0.0,1778849898.0775573
grallator_flat,Episode_Reward/dof_acc_l2,1,0.0,1778849899.115447
grallator_flat,Episode_Reward/dof_acc_l2,2,0.0,1778849900.0927026
grallator_flat,Episode_Reward/dof_acc_l2,3,-0.002392536960542202,1778849901.5335941
grallator_flat,Episode_Reward/dof_acc_l2,4,-0.008383926004171371,1778849902.5298584
grallator_flat,Episode_Reward/dof_acc_l2,5,-0.009773137047886848,1778849903.5208616
grallator_flat,Episode_Reward/dof_acc_l2,6,-0.01062789186835289,1778849904.493152
grallator_flat,Episode_Reward/dof_acc_l2,7,-0.01062789186835289,1778849905.469216
grallator_flat,Episode_Reward/dof_acc_l2,8,-0.01062789186835289,1778849906.529404
grallator_flat,Episode_Reward/dof_acc_l2,9,-0.01062789186835289,1778849907.494791
grallator_flat,Episode_Reward/dof_acc_l2,10,-0.011185004375874996,1778849908.482538
grallator_flat,Episode_Reward/dof_acc_l2,11,-0.013329293578863144,1778849909.4763696
grallator_flat,Episode_Reward/dof_acc_l2,12,-0.012688024900853634,1778849910.453659
grallator_flat,Episode_Reward/dof_acc_l2,13,-0.012688024900853634,1778849911.4279053
grallator_flat,Episode_Reward/dof_acc_l2,14,-0.012688024900853634,1778849912.401827
grallator_flat,Episode_Reward/dof_acc_l2,15,-0.012956729158759117,1778849913.3997335
grallator_flat,Episode_Reward/dof_acc_l2,16,-0.02219219133257866,1778849914.4123065
grallator_flat,Episode_Reward/dof_acc_l2,17,-0.017292942851781845,1778849915.3843963
grallator_flat,Episode_Reward/dof_acc_l2,18,-0.01788957044482231,1778849916.3651803
grallator_flat,Episode_Reward/dof_acc_l2,19,-0.023488499224185944,1778849917.4332707
grallator_flat,Episode_Reward/dof_acc_l2,20,-0.01982538215816021,1778849918.4100263
grallator_flat,Episode_Reward/dof_acc_l2,21,-0.01982538215816021,1778849919.3817647
grallator_flat,Episode_Reward/dof_acc_l2,22,-0.01982538215816021,1778849920.3472314
grallator_flat,Episode_Reward/dof_acc_l2,23,-0.02003023400902748,1778849921.3422282
grallator_flat,Episode_Reward/dof_acc_l2,24,-0.02052772417664528,1778849922.317808
grallator_flat,Episode_Reward/dof_acc_l2,25,-0.02052772417664528,1778849923.3012671
grallator_flat,Episode_Reward/dof_acc_l2,26,-0.02052772417664528,1778849924.2819624
grallator_flat,Episode_Reward/dof_acc_l2,27,-0.02052772417664528,1778849925.2518857
grallator_flat,Episode_Reward/dof_acc_l2,28,-0.02052772417664528,1778849926.2325885
grallator_flat,Episode_Reward/dof_acc_l2,29,-0.02052772417664528,1778849927.2264805
grallator_flat,Episode_Reward/dof_acc_l2,30,-0.02052772417664528,1778849928.3083599
grallator_flat,Episode_Reward/dof_acc_l2,31,-0.029519131407141685,1778849929.3348851
grallator_flat,Episode_Reward/dof_acc_l2,32,-0.032471559941768646,1778849930.3633394
grallator_flat,Episode_Reward/dof_acc_l2,33,-0.03329233080148697,1778849931.3692002
grallator_flat,Episode_Reward/dof_acc_l2,34,-0.02839091792702675,1778849932.393349
grallator_flat,Episode_Reward/dof_acc_l2,35,-0.027410637587308884,1778849933.4057803
grallator_flat,Episode_Reward/dof_acc_l2,36,-0.027410637587308884,1778849934.437538
grallator_flat,Episode_Reward/dof_acc_l2,37,-0.027410637587308884,1778849935.4552896
grallator_flat,Episode_Reward/dof_acc_l2,38,-0.027410637587308884,1778849936.4779947
grallator_flat,Episode_Reward/dof_acc_l2,39,-0.027410637587308884,1778849937.5113132
grallator_flat,Episode_Reward/dof_acc_l2,40,-0.03051605075597763,1778849938.5520139
grallator_flat,Episode_Reward/dof_acc_l2,41,-0.0311371348798275,1778849939.5784452
grallator_flat,Episode_Reward/dof_acc_l2,42,-0.0311371348798275,1778849940.603153
grallator_flat,Episode_Reward/dof_acc_l2,43,-0.0311371348798275,1778849941.626363
grallator_flat,Episode_Reward/dof_acc_l2,44,-0.0311371348798275,1778849942.6560347
grallator_flat,Episode_Reward/dof_acc_l2,45,-0.037523023784160614,1778849943.7039154
grallator_flat,Episode_Reward/dof_acc_l2,46,-0.037526629865169525,1778849944.7276194
grallator_flat,Episode_Reward/dof_acc_l2,47,-0.030164381489157677,1778849945.7618024
grallator_flat,Episode_Reward/dof_acc_l2,48,-0.030164381489157677,1778849946.778904
grallator_flat,Episode_Reward/dof_acc_l2,49,-0.030164381489157677,1778849947.7909307
grallator_flat,Episode_Reward/dof_acc_l2,50,-0.030164381489157677,1778849948.8209395
grallator_flat,Episode_Reward/dof_acc_l2,51,-0.030164381489157677,1778849949.9091973
grallator_flat,Episode_Reward/dof_acc_l2,52,-0.029986374080181122,1778849950.9374862
grallator_flat,Episode_Reward/dof_acc_l2,53,-0.03278598189353943,1778849951.966492
grallator_flat,Episode_Reward/dof_acc_l2,54,-0.03338149935007095,1778849952.9788342
grallator_flat,Episode_Reward/dof_acc_l2,55,-0.03338149935007095,1778849953.9946704
grallator_flat,Episode_Reward/dof_acc_l2,56,-0.03324703872203827,1778849955.0079272
grallator_flat,Episode_Reward/dof_acc_l2,57,-0.0300592090934515,1778849956.059872
grallator_flat,Episode_Reward/dof_acc_l2,58,-0.03546188771724701,1778849957.0871217
grallator_flat,Episode_Reward/dof_acc_l2,59,-0.03887474536895752,1778849958.1002457
grallator_flat,Episode_Reward/dof_acc_l2,60,-0.03313349932432175,1778849959.1281052
grallator_flat,Episode_Reward/dof_acc_l2,61,-0.02995280921459198,1778849960.1632397
grallator_flat,Episode_Reward/dof_acc_l2,62,-0.03406263142824173,1778849961.2947214
grallator_flat,Episode_Reward/dof_acc_l2,63,-0.03406263142824173,1778849962.3137045
grallator_flat,Episode_Reward/dof_acc_l2,64,-0.03406263142824173,1778849963.3300376
grallator_flat,Episode_Reward/dof_acc_l2,65,-0.029792368412017822,1778849964.3808985
grallator_flat,Episode_Reward/dof_acc_l2,66,-0.02723020873963833,1778849965.4031348
grallator_flat,Episode_Reward/dof_acc_l2,67,-0.02723020873963833,1778849966.4291058
grallator_flat,Episode_Reward/dof_acc_l2,68,-0.02723020873963833,1778849967.4502296
grallator_flat,Episode_Reward/dof_acc_l2,69,-0.02723020873963833,1778849968.4693198
grallator_flat,Episode_Reward/dof_acc_l2,70,-0.02723020873963833,1778849969.4838862
grallator_flat,Episode_Reward/dof_acc_l2,71,-0.02723020873963833,1778849970.4973457
grallator_flat,Episode_Reward/dof_acc_l2,72,-0.027224279940128326,1778849971.624355
grallator_flat,Episode_Reward/dof_acc_l2,73,-0.02718277834355831,1778849972.6496708
grallator_flat,Episode_Reward/dof_acc_l2,74,-0.02610064297914505,1778849973.678057
grallator_flat,Episode_Reward/dof_acc_l2,75,-0.02652522549033165,1778849974.7094233
grallator_flat,Episode_Reward/dof_acc_l2,76,-0.030451690778136253,1778849975.722051
grallator_flat,Episode_Reward/dof_acc_l2,77,-0.030451690778136253,1778849976.7343752
grallator_flat,Episode_Reward/dof_acc_l2,78,-0.030451690778136253,1778849977.7471564
grallator_flat,Episode_Reward/dof_acc_l2,79,-0.030451690778136253,1778849978.7553186
grallator_flat,Episode_Reward/dof_acc_l2,80,-0.030451690778136253,1778849979.7806618
grallator_flat,Episode_Reward/dof_acc_l2,81,-0.030578283593058586,1778849980.794552
grallator_flat,Episode_Reward/dof_acc_l2,82,-0.03121124766767025,1778849981.8087592
grallator_flat,Episode_Reward/dof_acc_l2,83,-0.03121124766767025,1778849982.889421
grallator_flat,Episode_Reward/dof_acc_l2,84,-0.03121124766767025,1778849983.8962905
grallator_flat,Episode_Reward/dof_acc_l2,85,-0.03121124766767025,1778849984.905477
grallator_flat,Episode_Reward/dof_acc_l2,86,-0.03121124766767025,1778849985.9177682
grallator_flat,Episode_Reward/dof_acc_l2,87,-0.027785077691078186,1778849986.9626675
grallator_flat,Episode_Reward/dof_acc_l2,88,-0.028536822646856308,1778849988.0187848
grallator_flat,Episode_Reward/dof_acc_l2,89,-0.03005012683570385,1778849989.0289226
grallator_flat,Episode_Reward/dof_acc_l2,90,-0.03005012683570385,1778849990.0525289
grallator_flat,Episode_Reward/dof_acc_l2,91,-0.03005012683570385,1778849991.0589397
grallator_flat,Episode_Reward/dof_acc_l2,92,-0.03005012683570385,1778849992.0656471
grallator_flat,Episode_Reward/dof_acc_l2,93,-0.03005012683570385,1778849993.075665
grallator_flat,Episode_Reward/dof_acc_l2,94,-0.029195306822657585,1778849994.1833622
grallator_flat,Episode_Reward/dof_acc_l2,95,-0.030019184574484825,1778849995.1835024
grallator_flat,Episode_Reward/dof_acc_l2,96,-0.030019184574484825,1778849996.1864195
grallator_flat,Episode_Reward/dof_acc_l2,97,-0.030019184574484825,1778849997.1855485
grallator_flat,Episode_Reward/dof_acc_l2,98,-0.028447194024920464,1778849998.2081835
grallator_flat,Episode_Reward/dof_acc_l2,99,-0.026353267952799797,1778849999.2380917
grallator_flat,Episode_Reward/action_rate_l2,0,0.0,1778849898.0780423
grallator_flat,Episode_Reward/action_rate_l2,1,0.0,1778849899.115998
grallator_flat,Episode_Reward/action_rate_l2,2,0.0,1778849900.0931897
grallator_flat,Episode_Reward/action_rate_l2,3,-0.006767812184989452,1778849901.5340598
grallator_flat,Episode_Reward/action_rate_l2,4,-0.023979563266038895,1778849902.5303805
grallator_flat,Episode_Reward/action_rate_l2,5,-0.030694201588630676,1778849903.5213993
grallator_flat,Episode_Reward/action_rate_l2,6,-0.032220013439655304,1778849904.4936633
grallator_flat,Episode_Reward/action_rate_l2,7,-0.032220013439655304,1778849905.4696946
grallator_flat,Episode_Reward/action_rate_l2,8,-0.032220013439655304,1778849906.5298395
grallator_flat,Episode_Reward/action_rate_l2,9,-0.032220013439655304,1778849907.4952903
grallator_flat,Episode_Reward/action_rate_l2,10,-0.037416569888591766,1778849908.4831977
grallator_flat,Episode_Reward/action_rate_l2,11,-0.06552407145500183,1778849909.476859
grallator_flat,Episode_Reward/action_rate_l2,12,-0.06764879077672958,1778849910.4542887
grallator_flat,Episode_Reward/action_rate_l2,13,-0.06764879077672958,1778849911.4283864
grallator_flat,Episode_Reward/action_rate_l2,14,-0.06764879077672958,1778849912.4024148
grallator_flat,Episode_Reward/action_rate_l2,15,-0.08292030543088913,1778849913.4003174
grallator_flat,Episode_Reward/action_rate_l2,16,-0.10074256360530853,1778849914.41279
grallator_flat,Episode_Reward/action_rate_l2,17,-0.10219001770019531,1778849915.3848376
grallator_flat,Episode_Reward/action_rate_l2,18,-0.10331886261701584,1778849916.3657155
grallator_flat,Episode_Reward/action_rate_l2,19,-0.11786448955535889,1778849917.43385
grallator_flat,Episode_Reward/action_rate_l2,20,-0.12595230340957642,1778849918.4105575
grallator_flat,Episode_Reward/action_rate_l2,21,-0.12595230340957642,1778849919.3822453
grallator_flat,Episode_Reward/action_rate_l2,22,-0.12595230340957642,1778849920.3477454
grallator_flat,Episode_Reward/action_rate_l2,23,-0.13148421049118042,1778849921.3427196
grallator_flat,Episode_Reward/action_rate_l2,24,-0.14491885900497437,1778849922.318389
grallator_flat,Episode_Reward/action_rate_l2,25,-0.14491885900497437,1778849923.3017812
grallator_flat,Episode_Reward/action_rate_l2,26,-0.14491885900497437,1778849924.2824657
grallator_flat,Episode_Reward/action_rate_l2,27,-0.14491885900497437,1778849925.2523584
grallator_flat,Episode_Reward/action_rate_l2,28,-0.14491885900497437,1778849926.2331104
grallator_flat,Episode_Reward/action_rate_l2,29,-0.14491885900497437,1778849927.226953
grallator_flat,Episode_Reward/action_rate_l2,30,-0.14491885900497437,1778849928.3088133
grallator_flat,Episode_Reward/action_rate_l2,31,-0.18606188893318176,1778849929.3355927
grallator_flat,Episode_Reward/action_rate_l2,32,-0.20067664980888367,1778849930.363849
grallator_flat,Episode_Reward/action_rate_l2,33,-0.2059793472290039,1778849931.3696487
grallator_flat,Episode_Reward/action_rate_l2,34,-0.21551088988780975,1778849932.3938696
grallator_flat,Episode_Reward/action_rate_l2,35,-0.21741721034049988,1778849933.4063015
grallator_flat,Episode_Reward/action_rate_l2,36,-0.21741721034049988,1778849934.4380283
grallator_flat,Episode_Reward/action_rate_l2,37,-0.21741721034049988,1778849935.4557953
grallator_flat,Episode_Reward/action_rate_l2,38,-0.21741721034049988,1778849936.4785082
grallator_flat,Episode_Reward/action_rate_l2,39,-0.21741721034049988,1778849937.511826
grallator_flat,Episode_Reward/action_rate_l2,40,-0.249177023768425,1778849938.5525036
grallator_flat,Episode_Reward/action_rate_l2,41,-0.25552898645401,1778849939.5789084
grallator_flat,Episode_Reward/action_rate_l2,42,-0.25552898645401,1778849940.604026
grallator_flat,Episode_Reward/action_rate_l2,43,-0.25552898645401,1778849941.6268408
grallator_flat,Episode_Reward/action_rate_l2,44,-0.25552898645401,1778849942.656499
grallator_flat,Episode_Reward/action_rate_l2,45,-0.265442430973053,1778849943.704456
grallator_flat,Episode_Reward/action_rate_l2,46,-0.269318163394928,1778849944.7280648
grallator_flat,Episode_Reward/action_rate_l2,47,-0.26574403047561646,1778849945.762281
grallator_flat,Episode_Reward/action_rate_l2,48,-0.26574403047561646,1778849946.7795236
grallator_flat,Episode_Reward/action_rate_l2,49,-0.26574403047561646,1778849947.7914867
grallator_flat,Episode_Reward/action_rate_l2,50,-0.26574403047561646,1778849948.8214006
grallator_flat,Episode_Reward/action_rate_l2,51,-0.26574403047561646,1778849949.9096475
grallator_flat,Episode_Reward/action_rate_l2,52,-0.2700710892677307,1778849950.9379494
grallator_flat,Episode_Reward/action_rate_l2,53,-0.26838597655296326,1778849951.9670272
grallator_flat,Episode_Reward/action_rate_l2,54,-0.2671835422515869,1778849952.9793174
grallator_flat,Episode_Reward/action_rate_l2,55,-0.2671835422515869,1778849953.9951715
grallator_flat,Episode_Reward/action_rate_l2,56,-0.2673684358596802,1778849955.0084622
grallator_flat,Episode_Reward/action_rate_l2,57,-0.2732692360877991,1778849956.0604377
grallator_flat,Episode_Reward/action_rate_l2,58,-0.27353084087371826,1778849957.0876505
grallator_flat,Episode_Reward/action_rate_l2,59,-0.270719975233078,1778849958.1007848
grallator_flat,Episode_Reward/action_rate_l2,60,-0.2719523310661316,1778849959.1285985
grallator_flat,Episode_Reward/action_rate_l2,61,-0.27119380235671997,1778849960.1637316
grallator_flat,Episode_Reward/action_rate_l2,62,-0.2690920829772949,1778849961.2952578
grallator_flat,Episode_Reward/action_rate_l2,63,-0.2690920829772949,1778849962.314284
grallator_flat,Episode_Reward/action_rate_l2,64,-0.2690920829772949,1778849963.3305175
grallator_flat,Episode_Reward/action_rate_l2,65,-0.26859423518180847,1778849964.3815322
grallator_flat,Episode_Reward/action_rate_l2,66,-0.2682954967021942,1778849965.4036436
grallator_flat,Episode_Reward/action_rate_l2,67,-0.2682954967021942,1778849966.4297056
grallator_flat,Episode_Reward/action_rate_l2,68,-0.2682954967021942,1778849967.4506876
grallator_flat,Episode_Reward/action_rate_l2,69,-0.2682954967021942,1778849968.4697738
grallator_flat,Episode_Reward/action_rate_l2,70,-0.2682954967021942,1778849969.484439
grallator_flat,Episode_Reward/action_rate_l2,71,-0.2682954967021942,1778849970.4978101
grallator_flat,Episode_Reward/action_rate_l2,72,-0.2685045599937439,1778849971.6248279
grallator_flat,Episode_Reward/action_rate_l2,73,-0.2699677348136902,1778849972.6501713
grallator_flat,Episode_Reward/action_rate_l2,74,-0.26479387283325195,1778849973.6785846
grallator_flat,Episode_Reward/action_rate_l2,75,-0.2648739516735077,1778849974.709909
grallator_flat,Episode_Reward/action_rate_l2,76,-0.273897260427475,1778849975.7225883
grallator_flat,Episode_Reward/action_rate_l2,77,-0.273897260427475,1778849976.7348723
grallator_flat,Episode_Reward/action_rate_l2,78,-0.273897260427475,1778849977.7476888
grallator_flat,Episode_Reward/action_rate_l2,79,-0.273897260427475,1778849978.7558084
grallator_flat,Episode_Reward/action_rate_l2,80,-0.273897260427475,1778849979.7813241
grallator_flat,Episode_Reward/action_rate_l2,81,-0.274111807346344,1778849980.7950265
grallator_flat,Episode_Reward/action_rate_l2,82,-0.27518439292907715,1778849981.8093848
grallator_flat,Episode_Reward/action_rate_l2,83,-0.27518439292907715,1778849982.8898706
grallator_flat,Episode_Reward/action_rate_l2,84,-0.27518439292907715,1778849983.8967907
grallator_flat,Episode_Reward/action_rate_l2,85,-0.27518439292907715,1778849984.9059553
grallator_flat,Episode_Reward/action_rate_l2,86,-0.27518439292907715,1778849985.9183867
grallator_flat,Episode_Reward/action_rate_l2,87,-0.26120662689208984,1778849986.9631488
grallator_flat,Episode_Reward/action_rate_l2,88,-0.2634226679801941,1778849988.0193632
grallator_flat,Episode_Reward/action_rate_l2,89,-0.260862797498703,1778849989.029425
grallator_flat,Episode_Reward/action_rate_l2,90,-0.260862797498703,1778849990.053014
grallator_flat,Episode_Reward/action_rate_l2,91,-0.260862797498703,1778849991.0594873
grallator_flat,Episode_Reward/action_rate_l2,92,-0.260862797498703,1778849992.0661345
grallator_flat,Episode_Reward/action_rate_l2,93,-0.260862797498703,1778849993.0761633
grallator_flat,Episode_Reward/action_rate_l2,94,-0.2629912495613098,1778849994.1838393
grallator_flat,Episode_Reward/action_rate_l2,95,-0.26809853315353394,1778849995.1839411
grallator_flat,Episode_Reward/action_rate_l2,96,-0.26809853315353394,1778849996.1868827
grallator_flat,Episode_Reward/action_rate_l2,97,-0.26809853315353394,1778849997.1859882
grallator_flat,Episode_Reward/action_rate_l2,98,-0.2658671736717224,1778849998.2086563
grallator_flat,Episode_Reward/action_rate_l2,99,-0.2603980600833893,1778849999.2385917
grallator_flat,Episode_Reward/flat_orientation_l2,0,0.0,1778849898.0785844
grallator_flat,Episode_Reward/flat_orientation_l2,1,0.0,1778849899.1165564
grallator_flat,Episode_Reward/flat_orientation_l2,2,0.0,1778849900.093648
grallator_flat,Episode_Reward/flat_orientation_l2,3,-0.0002778456546366215,1778849901.5345845
grallator_flat,Episode_Reward/flat_orientation_l2,4,-0.0010500700445845723,1778849902.5308864
grallator_flat,Episode_Reward/flat_orientation_l2,5,-0.0030939902644604445,1778849903.5219042
grallator_flat,Episode_Reward/flat_orientation_l2,6,-0.00286760157905519,1778849904.49422
grallator_flat,Episode_Reward/flat_orientation_l2,7,-0.00286760157905519,1778849905.4701803
grallator_flat,Episode_Reward/flat_orientation_l2,8,-0.00286760157905519,1778849906.5303006
grallator_flat,Episode_Reward/flat_orientation_l2,9,-0.00286760157905519,1778849907.4957864
grallator_flat,Episode_Reward/flat_orientation_l2,10,-0.0029996007215231657,1778849908.4837637
grallator_flat,Episode_Reward/flat_orientation_l2,11,-0.00302049214951694,1778849909.4773605
grallator_flat,Episode_Reward/flat_orientation_l2,12,-0.0023813878651708364,1778849910.454819
grallator_flat,Episode_Reward/flat_orientation_l2,13,-0.0023813878651708364,1778849911.4288943
grallator_flat,Episode_Reward/flat_orientation_l2,14,-0.0023813878651708364,1778849912.4029493
grallator_flat,Episode_Reward/flat_orientation_l2,15,-0.003902742639183998,1778849913.4008338
grallator_flat,Episode_Reward/flat_orientation_l2,16,-0.004162545781582594,1778849914.4132984
grallator_flat,Episode_Reward/flat_orientation_l2,17,-0.0031990292482078075,1778849915.3853247
grallator_flat,Episode_Reward/flat_orientation_l2,18,-0.0035317903384566307,1778849916.3662996
grallator_flat,Episode_Reward/flat_orientation_l2,19,-0.00672560092061758,1778849917.4344144
grallator_flat,Episode_Reward/flat_orientation_l2,20,-0.004952658899128437,1778849918.411054
grallator_flat,Episode_Reward/flat_orientation_l2,21,-0.004952658899128437,1778849919.382713
grallator_flat,Episode_Reward/flat_orientation_l2,22,-0.004952658899128437,1778849920.3483615
grallator_flat,Episode_Reward/flat_orientation_l2,23,-0.0052988408133387566,1778849921.3432617
grallator_flat,Episode_Reward/flat_orientation_l2,24,-0.006139567121863365,1778849922.318866
grallator_flat,Episode_Reward/flat_orientation_l2,25,-0.006139567121863365,1778849923.302271
grallator_flat,Episode_Reward/flat_orientation_l2,26,-0.006139567121863365,1778849924.2829664
grallator_flat,Episode_Reward/flat_orientation_l2,27,-0.006139567121863365,1778849925.2528539
grallator_flat,Episode_Reward/flat_orientation_l2,28,-0.006139567121863365,1778849926.2335906
grallator_flat,Episode_Reward/flat_orientation_l2,29,-0.006139567121863365,1778849927.2274516
grallator_flat,Episode_Reward/flat_orientation_l2,30,-0.006139567121863365,1778849928.3092937
grallator_flat,Episode_Reward/flat_orientation_l2,31,-0.00835391879081726,1778849929.3363366
grallator_flat,Episode_Reward/flat_orientation_l2,32,-0.010717405006289482,1778849930.3643482
grallator_flat,Episode_Reward/flat_orientation_l2,33,-0.013210470788180828,1778849931.3701458
grallator_flat,Episode_Reward/flat_orientation_l2,34,-0.01721818558871746,1778849932.3943994
grallator_flat,Episode_Reward/flat_orientation_l2,35,-0.018019726499915123,1778849933.4067507
grallator_flat,Episode_Reward/flat_orientation_l2,36,-0.018019726499915123,1778849934.4385338
grallator_flat,Episode_Reward/flat_orientation_l2,37,-0.018019726499915123,1778849935.4563193
grallator_flat,Episode_Reward/flat_orientation_l2,38,-0.018019726499915123,1778849936.478991
grallator_flat,Episode_Reward/flat_orientation_l2,39,-0.018019726499915123,1778849937.5123534
grallator_flat,Episode_Reward/flat_orientation_l2,40,-0.03812341019511223,1778849938.5529926
grallator_flat,Episode_Reward/flat_orientation_l2,41,-0.04214414581656456,1778849939.5793715
grallator_flat,Episode_Reward/flat_orientation_l2,42,-0.04214414581656456,1778849940.604518
grallator_flat,Episode_Reward/flat_orientation_l2,43,-0.04214414581656456,1778849941.6273675
grallator_flat,Episode_Reward/flat_orientation_l2,44,-0.04214414581656456,1778849942.6569588
grallator_flat,Episode_Reward/flat_orientation_l2,45,-0.10095970332622528,1778849943.7050302
grallator_flat,Episode_Reward/flat_orientation_l2,46,-0.1006900817155838,1778849944.7285523
grallator_flat,Episode_Reward/flat_orientation_l2,47,-0.08211614936590195,1778849945.7627296
grallator_flat,Episode_Reward/flat_orientation_l2,48,-0.08211614936590195,1778849946.780128
grallator_flat,Episode_Reward/flat_orientation_l2,49,-0.08211614936590195,1778849947.7920094
grallator_flat,Episode_Reward/flat_orientation_l2,50,-0.08211614936590195,1778849948.8218455
grallator_flat,Episode_Reward/flat_orientation_l2,51,-0.08211614936590195,1778849949.9101524
grallator_flat,Episode_Reward/flat_orientation_l2,52,-0.08823790401220322,1778849950.9384449
grallator_flat,Episode_Reward/flat_orientation_l2,53,-0.0967063456773758,1778849951.9676287
grallator_flat,Episode_Reward/flat_orientation_l2,54,-0.09717568010091782,1778849952.9798124
grallator_flat,Episode_Reward/flat_orientation_l2,55,-0.09717568010091782,1778849953.9956813
grallator_flat,Episode_Reward/flat_orientation_l2,56,-0.09838473051786423,1778849955.0089605
grallator_flat,Episode_Reward/flat_orientation_l2,57,-0.12891262769699097,1778849956.0609403
grallator_flat,Episode_Reward/flat_orientation_l2,58,-0.11564778536558151,1778849957.0881608
grallator_flat,Episode_Reward/flat_orientation_l2,59,-0.10279309749603271,1778849958.1013234
grallator_flat,Episode_Reward/flat_orientation_l2,60,-0.11401237547397614,1778849959.129064
grallator_flat,Episode_Reward/flat_orientation_l2,61,-0.11606341600418091,1778849960.1642277
grallator_flat,Episode_Reward/flat_orientation_l2,62,-0.1045083999633789,1778849961.295816
grallator_flat,Episode_Reward/flat_orientation_l2,63,-0.1045083999633789,1778849962.3148158
grallator_flat,Episode_Reward/flat_orientation_l2,64,-0.1045083999633789,1778849963.330982
grallator_flat,Episode_Reward/flat_orientation_l2,65,-0.13116863369941711,1778849964.3821502
grallator_flat,Episode_Reward/flat_orientation_l2,66,-0.1471647471189499,1778849965.404163
grallator_flat,Episode_Reward/flat_orientation_l2,67,-0.1471647471189499,1778849966.4303315
grallator_flat,Episode_Reward/flat_orientation_l2,68,-0.1471647471189499,1778849967.451196
grallator_flat,Episode_Reward/flat_orientation_l2,69,-0.1471647471189499,1778849968.4702694
grallator_flat,Episode_Reward/flat_orientation_l2,70,-0.1471647471189499,1778849969.484959
grallator_flat,Episode_Reward/flat_orientation_l2,71,-0.1471647471189499,1778849970.4983191
grallator_flat,Episode_Reward/flat_orientation_l2,72,-0.14709638059139252,1778849971.6253395
grallator_flat,Episode_Reward/flat_orientation_l2,73,-0.1466177999973297,1778849972.650634
grallator_flat,Episode_Reward/flat_orientation_l2,74,-0.16084527969360352,1778849973.6790624
grallator_flat,Episode_Reward/flat_orientation_l2,75,-0.16575777530670166,1778849974.7103982
grallator_flat,Episode_Reward/flat_orientation_l2,76,-0.16660770773887634,1778849975.7231157
grallator_flat,Episode_Reward/flat_orientation_l2,77,-0.16660770773887634,1778849976.7354257
grallator_flat,Episode_Reward/flat_orientation_l2,78,-0.16660770773887634,1778849977.7481675
grallator_flat,Episode_Reward/flat_orientation_l2,79,-0.16660770773887634,1778849978.7563436
grallator_flat,Episode_Reward/flat_orientation_l2,80,-0.16660770773887634,1778849979.7819421
grallator_flat,Episode_Reward/flat_orientation_l2,81,-0.16844432055950165,1778849980.795518
grallator_flat,Episode_Reward/flat_orientation_l2,82,-0.177627295255661,1778849981.809995
grallator_flat,Episode_Reward/flat_orientation_l2,83,-0.177627295255661,1778849982.890344
grallator_flat,Episode_Reward/flat_orientation_l2,84,-0.177627295255661,1778849983.897269
grallator_flat,Episode_Reward/flat_orientation_l2,85,-0.177627295255661,1778849984.9064283
grallator_flat,Episode_Reward/flat_orientation_l2,86,-0.177627295255661,1778849985.918973
grallator_flat,Episode_Reward/flat_orientation_l2,87,-0.19229891896247864,1778849986.963656
grallator_flat,Episode_Reward/flat_orientation_l2,88,-0.19176006317138672,1778849988.0199022
grallator_flat,Episode_Reward/flat_orientation_l2,89,-0.19971129298210144,1778849989.0299225
grallator_flat,Episode_Reward/flat_orientation_l2,90,-0.19971129298210144,1778849990.0534992
grallator_flat,Episode_Reward/flat_orientation_l2,91,-0.19971129298210144,1778849991.0599532
grallator_flat,Episode_Reward/flat_orientation_l2,92,-0.19971129298210144,1778849992.0665915
grallator_flat,Episode_Reward/flat_orientation_l2,93,-0.19971129298210144,1778849993.0766463
grallator_flat,Episode_Reward/flat_orientation_l2,94,-0.21316659450531006,1778849994.1843386
grallator_flat,Episode_Reward/flat_orientation_l2,95,-0.22332338988780975,1778849995.1844409
grallator_flat,Episode_Reward/flat_orientation_l2,96,-0.22332338988780975,1778849996.1874115
grallator_flat,Episode_Reward/flat_orientation_l2,97,-0.22332338988780975,1778849997.186451
grallator_flat,Episode_Reward/flat_orientation_l2,98,-0.2336353063583374,1778849998.2091837
grallator_flat,Episode_Reward/flat_orientation_l2,99,-0.25357747077941895,1778849999.239125
grallator_flat,Episode_Reward/dof_pos_limits,0,0.0,1778849898.0791142
grallator_flat,Episode_Reward/dof_pos_limits,1,0.0,1778849899.117156
grallator_flat,Episode_Reward/dof_pos_limits,2,0.0,1778849900.0942025
grallator_flat,Episode_Reward/dof_pos_limits,3,0.0,1778849901.5350668
grallator_flat,Episode_Reward/dof_pos_limits,4,0.0,1778849902.5314224
grallator_flat,Episode_Reward/dof_pos_limits,5,0.0,1778849903.5224402
grallator_flat,Episode_Reward/dof_pos_limits,6,0.0,1778849904.4947186
grallator_flat,Episode_Reward/dof_pos_limits,7,0.0,1778849905.470652
grallator_flat,Episode_Reward/dof_pos_limits,8,0.0,1778849906.530747
grallator_flat,Episode_Reward/dof_pos_limits,9,0.0,1778849907.4962926
grallator_flat,Episode_Reward/dof_pos_limits,10,0.0,1778849908.4843235
grallator_flat,Episode_Reward/dof_pos_limits,11,0.0,1778849909.4778647
grallator_flat,Episode_Reward/dof_pos_limits,12,0.0,1778849910.455307
grallator_flat,Episode_Reward/dof_pos_limits,13,0.0,1778849911.4293835
grallator_flat,Episode_Reward/dof_pos_limits,14,0.0,1778849912.4035187
grallator_flat,Episode_Reward/dof_pos_limits,15,0.0,1778849913.4013717
grallator_flat,Episode_Reward/dof_pos_limits,16,0.0,1778849914.413789
grallator_flat,Episode_Reward/dof_pos_limits,17,0.0,1778849915.385801
grallator_flat,Episode_Reward/dof_pos_limits,18,0.0,1778849916.3668222
grallator_flat,Episode_Reward/dof_pos_limits,19,0.0,1778849917.4349847
grallator_flat,Episode_Reward/dof_pos_limits,20,0.0,1778849918.4115922
grallator_flat,Episode_Reward/dof_pos_limits,21,0.0,1778849919.3832107
grallator_flat,Episode_Reward/dof_pos_limits,22,0.0,1778849920.3489547
grallator_flat,Episode_Reward/dof_pos_limits,23,0.0,1778849921.3437893
grallator_flat,Episode_Reward/dof_pos_limits,24,0.0,1778849922.319342
grallator_flat,Episode_Reward/dof_pos_limits,25,0.0,1778849923.3027477
grallator_flat,Episode_Reward/dof_pos_limits,26,0.0,1778849924.2835162
grallator_flat,Episode_Reward/dof_pos_limits,27,0.0,1778849925.2533774
grallator_flat,Episode_Reward/dof_pos_limits,28,0.0,1778849926.2341309
grallator_flat,Episode_Reward/dof_pos_limits,29,0.0,1778849927.2279377
grallator_flat,Episode_Reward/dof_pos_limits,30,0.0,1778849928.3097749
grallator_flat,Episode_Reward/dof_pos_limits,31,0.0,1778849929.3371632
grallator_flat,Episode_Reward/dof_pos_limits,32,0.0,1778849930.3648338
grallator_flat,Episode_Reward/dof_pos_limits,33,0.0,1778849931.37061
grallator_flat,Episode_Reward/dof_pos_limits,34,0.0,1778849932.3949335
grallator_flat,Episode_Reward/dof_pos_limits,35,0.0,1778849933.4073124
grallator_flat,Episode_Reward/dof_pos_limits,36,0.0,1778849934.4389944
grallator_flat,Episode_Reward/dof_pos_limits,37,0.0,1778849935.456796
grallator_flat,Episode_Reward/dof_pos_limits,38,0.0,1778849936.47948
grallator_flat,Episode_Reward/dof_pos_limits,39,0.0,1778849937.5128632
grallator_flat,Episode_Reward/dof_pos_limits,40,0.0,1778849938.5534983
grallator_flat,Episode_Reward/dof_pos_limits,41,0.0,1778849939.5798738
grallator_flat,Episode_Reward/dof_pos_limits,42,0.0,1778849940.6050284
grallator_flat,Episode_Reward/dof_pos_limits,43,0.0,1778849941.6278296
grallator_flat,Episode_Reward/dof_pos_limits,44,0.0,1778849942.6574612
grallator_flat,Episode_Reward/dof_pos_limits,45,0.0,1778849943.7055666
grallator_flat,Episode_Reward/dof_pos_limits,46,0.0,1778849944.7290154
grallator_flat,Episode_Reward/dof_pos_limits,47,0.0,1778849945.7632015
grallator_flat,Episode_Reward/dof_pos_limits,48,0.0,1778849946.7807133
grallator_flat,Episode_Reward/dof_pos_limits,49,0.0,1778849947.7925403
grallator_flat,Episode_Reward/dof_pos_limits,50,0.0,1778849948.8223507
grallator_flat,Episode_Reward/dof_pos_limits,51,0.0,1778849949.9106245
grallator_flat,Episode_Reward/dof_pos_limits,52,0.0,1778849950.938927
grallator_flat,Episode_Reward/dof_pos_limits,53,0.0,1778849951.9682004
grallator_flat,Episode_Reward/dof_pos_limits,54,0.0,1778849952.9803092
grallator_flat,Episode_Reward/dof_pos_limits,55,0.0,1778849953.9961736
grallator_flat,Episode_Reward/dof_pos_limits,56,0.0,1778849955.0094857
grallator_flat,Episode_Reward/dof_pos_limits,57,0.0,1778849956.0614836
grallator_flat,Episode_Reward/dof_pos_limits,58,0.0,1778849957.0886216
grallator_flat,Episode_Reward/dof_pos_limits,59,0.0,1778849958.101864
grallator_flat,Episode_Reward/dof_pos_limits,60,0.0,1778849959.1295867
grallator_flat,Episode_Reward/dof_pos_limits,61,0.0,1778849960.1647058
grallator_flat,Episode_Reward/dof_pos_limits,62,0.0,1778849961.2963536
grallator_flat,Episode_Reward/dof_pos_limits,63,0.0,1778849962.3153932
grallator_flat,Episode_Reward/dof_pos_limits,64,0.0,1778849963.3314576
grallator_flat,Episode_Reward/dof_pos_limits,65,0.0,1778849964.3828027
grallator_flat,Episode_Reward/dof_pos_limits,66,0.0,1778849965.4046695
grallator_flat,Episode_Reward/dof_pos_limits,67,0.0,1778849966.4309468
grallator_flat,Episode_Reward/dof_pos_limits,68,0.0,1778849967.4517043
grallator_flat,Episode_Reward/dof_pos_limits,69,0.0,1778849968.4707417
grallator_flat,Episode_Reward/dof_pos_limits,70,0.0,1778849969.4854224
grallator_flat,Episode_Reward/dof_pos_limits,71,0.0,1778849970.4987848
grallator_flat,Episode_Reward/dof_pos_limits,72,0.0,1778849971.6258261
grallator_flat,Episode_Reward/dof_pos_limits,73,0.0,1778849972.6511364
grallator_flat,Episode_Reward/dof_pos_limits,74,0.0,1778849973.6795866
grallator_flat,Episode_Reward/dof_pos_limits,75,0.0,1778849974.710915
grallator_flat,Episode_Reward/dof_pos_limits,76,0.0,1778849975.7236085
grallator_flat,Episode_Reward/dof_pos_limits,77,0.0,1778849976.7359843
grallator_flat,Episode_Reward/dof_pos_limits,78,0.0,1778849977.748643
grallator_flat,Episode_Reward/dof_pos_limits,79,0.0,1778849978.7569454
grallator_flat,Episode_Reward/dof_pos_limits,80,0.0,1778849979.7825673
grallator_flat,Episode_Reward/dof_pos_limits,81,0.0,1778849980.79602
grallator_flat,Episode_Reward/dof_pos_limits,82,0.0,1778849981.8106122
grallator_flat,Episode_Reward/dof_pos_limits,83,0.0,1778849982.8908012
grallator_flat,Episode_Reward/dof_pos_limits,84,0.0,1778849983.8977368
grallator_flat,Episode_Reward/dof_pos_limits,85,0.0,1778849984.9068854
grallator_flat,Episode_Reward/dof_pos_limits,86,0.0,1778849985.9195933
grallator_flat,Episode_Reward/dof_pos_limits,87,0.0,1778849986.9641562
grallator_flat,Episode_Reward/dof_pos_limits,88,0.0,1778849988.0204127
grallator_flat,Episode_Reward/dof_pos_limits,89,0.0,1778849989.0304766
grallator_flat,Episode_Reward/dof_pos_limits,90,0.0,1778849990.0539577
grallator_flat,Episode_Reward/dof_pos_limits,91,0.0,1778849991.0604358
grallator_flat,Episode_Reward/dof_pos_limits,92,0.0,1778849992.0671039
grallator_flat,Episode_Reward/dof_pos_limits,93,0.0,1778849993.077127
grallator_flat,Episode_Reward/dof_pos_limits,94,0.0,1778849994.184803
grallator_flat,Episode_Reward/dof_pos_limits,95,0.0,1778849995.1849098
grallator_flat,Episode_Reward/dof_pos_limits,96,0.0,1778849996.1879046
grallator_flat,Episode_Reward/dof_pos_limits,97,0.0,1778849997.186924
grallator_flat,Episode_Reward/dof_pos_limits,98,0.0,1778849998.2096717
grallator_flat,Episode_Reward/dof_pos_limits,99,0.0,1778849999.239649
grallator_flat,Metrics/base_velocity/error_vel_xy,0,0.0,1778849898.0800917
grallator_flat,Metrics/base_velocity/error_vel_xy,1,0.0,1778849899.1181962
grallator_flat,Metrics/base_velocity/error_vel_xy,2,0.0,1778849900.0951107
grallator_flat,Metrics/base_velocity/error_vel_xy,3,0.018211888149380684,1778849901.5361214
grallator_flat,Metrics/base_velocity/error_vel_xy,4,0.06774186342954636,1778849902.532473
grallator_flat,Metrics/base_velocity/error_vel_xy,5,0.09910015761852264,1778849903.5234077
grallator_flat,Metrics/base_velocity/error_vel_xy,6,0.10611316561698914,1778849904.495689
grallator_flat,Metrics/base_velocity/error_vel_xy,7,0.10611316561698914,1778849905.4715714
grallator_flat,Metrics/base_velocity/error_vel_xy,8,0.10611316561698914,1778849906.5316162
grallator_flat,Metrics/base_velocity/error_vel_xy,9,0.10611316561698914,1778849907.4972048
grallator_flat,Metrics/base_velocity/error_vel_xy,10,0.1274288296699524,1778849908.4853215
grallator_flat,Metrics/base_velocity/error_vel_xy,11,0.1859813928604126,1778849909.4787962
grallator_flat,Metrics/base_velocity/error_vel_xy,12,0.1379556506872177,1778849910.4562178
grallator_flat,Metrics/base_velocity/error_vel_xy,13,0.1379556506872177,1778849911.4303422
grallator_flat,Metrics/base_velocity/error_vel_xy,14,0.1379556506872177,1778849912.4045432
grallator_flat,Metrics/base_velocity/error_vel_xy,15,0.22318296134471893,1778849913.4023113
grallator_flat,Metrics/base_velocity/error_vel_xy,16,0.2161061018705368,1778849914.414679
grallator_flat,Metrics/base_velocity/error_vel_xy,17,0.3701237440109253,1778849915.3866785
grallator_flat,Metrics/base_velocity/error_vel_xy,18,0.356423556804657,1778849916.3678415
grallator_flat,Metrics/base_velocity/error_vel_xy,19,0.1930745542049408,1778849917.436004
grallator_flat,Metrics/base_velocity/error_vel_xy,20,0.14501643180847168,1778849918.4125657
grallator_flat,Metrics/base_velocity/error_vel_xy,21,0.14501643180847168,1778849919.3841336
grallator_flat,Metrics/base_velocity/error_vel_xy,22,0.14501643180847168,1778849920.349862
grallator_flat,Metrics/base_velocity/error_vel_xy,23,0.16089221835136414,1778849921.3447354
grallator_flat,Metrics/base_velocity/error_vel_xy,24,0.19944769144058228,1778849922.3202822
grallator_flat,Metrics/base_velocity/error_vel_xy,25,0.19944769144058228,1778849923.303703
grallator_flat,Metrics/base_velocity/error_vel_xy,26,0.19944769144058228,1778849924.284451
grallator_flat,Metrics/base_velocity/error_vel_xy,27,0.19944769144058228,1778849925.2542994
grallator_flat,Metrics/base_velocity/error_vel_xy,28,0.19944769144058228,1778849926.2350354
grallator_flat,Metrics/base_velocity/error_vel_xy,29,0.19944769144058228,1778849927.228921
grallator_flat,Metrics/base_velocity/error_vel_xy,30,0.19944769144058228,1778849928.3106923
grallator_flat,Metrics/base_velocity/error_vel_xy,31,0.32329198718070984,1778849929.338465
grallator_flat,Metrics/base_velocity/error_vel_xy,32,0.4558616876602173,1778849930.3657496
grallator_flat,Metrics/base_velocity/error_vel_xy,33,0.5958324670791626,1778849931.3715608
grallator_flat,Metrics/base_velocity/error_vel_xy,34,0.45278200507164,1778849932.395907
grallator_flat,Metrics/base_velocity/error_vel_xy,35,0.42417189478874207,1778849933.4082437
grallator_flat,Metrics/base_velocity/error_vel_xy,36,0.42417189478874207,1778849934.4399042
grallator_flat,Metrics/base_velocity/error_vel_xy,37,0.42417189478874207,1778849935.4577382
grallator_flat,Metrics/base_velocity/error_vel_xy,38,0.42417189478874207,1778849936.480389
grallator_flat,Metrics/base_velocity/error_vel_xy,39,0.42417189478874207,1778849937.5137975
grallator_flat,Metrics/base_velocity/error_vel_xy,40,0.7597359418869019,1778849938.5544114
grallator_flat,Metrics/base_velocity/error_vel_xy,41,0.8268486857414246,1778849939.5807655
grallator_flat,Metrics/base_velocity/error_vel_xy,42,0.8268486857414246,1778849940.6059346
grallator_flat,Metrics/base_velocity/error_vel_xy,43,0.8268486857414246,1778849941.6287174
grallator_flat,Metrics/base_velocity/error_vel_xy,44,0.8268486857414246,1778849942.65837
grallator_flat,Metrics/base_velocity/error_vel_xy,45,0.7461007833480835,1778849943.7065446
grallator_flat,Metrics/base_velocity/error_vel_xy,46,0.76128089427948,1778849944.7299385
grallator_flat,Metrics/base_velocity/error_vel_xy,47,0.8524989485740662,1778849945.7640624
grallator_flat,Metrics/base_velocity/error_vel_xy,48,0.8524989485740662,1778849946.7820156
grallator_flat,Metrics/base_velocity/error_vel_xy,49,0.8524989485740662,1778849947.7934587
grallator_flat,Metrics/base_velocity/error_vel_xy,50,0.8524989485740662,1778849948.8232865
grallator_flat,Metrics/base_velocity/error_vel_xy,51,0.8524989485740662,1778849949.9115283
grallator_flat,Metrics/base_velocity/error_vel_xy,52,0.6367692947387695,1778849950.939946
grallator_flat,Metrics/base_velocity/error_vel_xy,53,0.44666045904159546,1778849951.969249
grallator_flat,Metrics/base_velocity/error_vel_xy,54,0.45178458094596863,1778849952.981187
grallator_flat,Metrics/base_velocity/error_vel_xy,55,0.45178458094596863,1778849953.9970303
grallator_flat,Metrics/base_velocity/error_vel_xy,56,0.45735031366348267,1778849955.0104444
grallator_flat,Metrics/base_velocity/error_vel_xy,57,0.5219143629074097,1778849956.06248
grallator_flat,Metrics/base_velocity/error_vel_xy,58,0.30979567766189575,1778849957.0895228
grallator_flat,Metrics/base_velocity/error_vel_xy,59,0.29672926664352417,1778849958.1027997
grallator_flat,Metrics/base_velocity/error_vel_xy,60,0.4956672191619873,1778849959.1305523
grallator_flat,Metrics/base_velocity/error_vel_xy,61,0.5714877843856812,1778849960.1656718
grallator_flat,Metrics/base_velocity/error_vel_xy,62,0.3999786078929901,1778849961.2972918
grallator_flat,Metrics/base_velocity/error_vel_xy,63,0.3999786078929901,1778849962.316396
grallator_flat,Metrics/base_velocity/error_vel_xy,64,0.3999786078929901,1778849963.3323343
grallator_flat,Metrics/base_velocity/error_vel_xy,65,0.5080825686454773,1778849964.384129
grallator_flat,Metrics/base_velocity/error_vel_xy,66,0.5729449987411499,1778849965.4056158
grallator_flat,Metrics/base_velocity/error_vel_xy,67,0.5729449987411499,1778849966.4322398
grallator_flat,Metrics/base_velocity/error_vel_xy,68,0.5729449987411499,1778849967.4526098
grallator_flat,Metrics/base_velocity/error_vel_xy,69,0.5729449987411499,1778849968.4716952
grallator_flat,Metrics/base_velocity/error_vel_xy,70,0.5729449987411499,1778849969.4863262
grallator_flat,Metrics/base_velocity/error_vel_xy,71,0.5729449987411499,1778849970.4996943
grallator_flat,Metrics/base_velocity/error_vel_xy,72,0.5672675967216492,1778849971.6267676
grallator_flat,Metrics/base_velocity/error_vel_xy,73,0.5275262594223022,1778849972.6520224
grallator_flat,Metrics/base_velocity/error_vel_xy,74,0.6094187498092651,1778849973.6805758
grallator_flat,Metrics/base_velocity/error_vel_xy,75,0.5763864517211914,1778849974.7118635
grallator_flat,Metrics/base_velocity/error_vel_xy,76,0.27473777532577515,1778849975.7245297
grallator_flat,Metrics/base_velocity/error_vel_xy,77,0.27473777532577515,1778849976.7368944
grallator_flat,Metrics/base_velocity/error_vel_xy,78,0.27473777532577515,1778849977.7495317
grallator_flat,Metrics/base_velocity/error_vel_xy,79,0.27473777532577515,1778849978.7579525
grallator_flat,Metrics/base_velocity/error_vel_xy,80,0.27473777532577515,1778849979.7838087
grallator_flat,Metrics/base_velocity/error_vel_xy,81,0.298863023519516,1778849980.79692
grallator_flat,Metrics/base_velocity/error_vel_xy,82,0.419489324092865,1778849981.8120031
grallator_flat,Metrics/base_velocity/error_vel_xy,83,0.419489324092865,1778849982.8917286
grallator_flat,Metrics/base_velocity/error_vel_xy,84,0.419489324092865,1778849983.8986557
grallator_flat,Metrics/base_velocity/error_vel_xy,85,0.419489324092865,1778849984.907815
grallator_flat,Metrics/base_velocity/error_vel_xy,86,0.419489324092865,1778849985.9208126
grallator_flat,Metrics/base_velocity/error_vel_xy,87,0.5784690380096436,1778849986.9651327
grallator_flat,Metrics/base_velocity/error_vel_xy,88,0.5527471899986267,1778849988.0213654
grallator_flat,Metrics/base_velocity/error_vel_xy,89,0.5235404968261719,1778849989.0313625
grallator_flat,Metrics/base_velocity/error_vel_xy,90,0.5235404968261719,1778849990.054905
grallator_flat,Metrics/base_velocity/error_vel_xy,91,0.5235404968261719,1778849991.0613277
grallator_flat,Metrics/base_velocity/error_vel_xy,92,0.5235404968261719,1778849992.0680916
grallator_flat,Metrics/base_velocity/error_vel_xy,93,0.5235404968261719,1778849993.077987
grallator_flat,Metrics/base_velocity/error_vel_xy,94,0.3913266658782959,1778849994.1858237
grallator_flat,Metrics/base_velocity/error_vel_xy,95,0.4491104483604431,1778849995.1858482
grallator_flat,Metrics/base_velocity/error_vel_xy,96,0.4491104483604431,1778849996.1888924
grallator_flat,Metrics/base_velocity/error_vel_xy,97,0.4491104483604431,1778849997.187792
grallator_flat,Metrics/base_velocity/error_vel_xy,98,0.48516687750816345,1778849998.210627
grallator_flat,Metrics/base_velocity/error_vel_xy,99,0.44068312644958496,1778849999.2406595
grallator_flat,Metrics/base_velocity/error_vel_yaw,0,0.0,1778849898.081016
grallator_flat,Metrics/base_velocity/error_vel_yaw,1,0.0,1778849899.119221
grallator_flat,Metrics/base_velocity/error_vel_yaw,2,0.0,1778849900.0960252
grallator_flat,Metrics/base_velocity/error_vel_yaw,3,0.006692748516798019,1778849901.537063
grallator_flat,Metrics/base_velocity/error_vel_yaw,4,0.023889631032943726,1778849902.533427
grallator_flat,Metrics/base_velocity/error_vel_yaw,5,0.030384182929992676,1778849903.52441
grallator_flat,Metrics/base_velocity/error_vel_yaw,6,0.028776437044143677,1778849904.4966307
grallator_flat,Metrics/base_velocity/error_vel_yaw,7,0.028776437044143677,1778849905.472462
grallator_flat,Metrics/base_velocity/error_vel_yaw,8,0.028776437044143677,1778849906.532458
grallator_flat,Metrics/base_velocity/error_vel_yaw,9,0.028776437044143677,1778849907.49806
grallator_flat,Metrics/base_velocity/error_vel_yaw,10,0.03555528074502945,1778849908.4863164
grallator_flat,Metrics/base_velocity/error_vel_yaw,11,0.06730444729328156,1778849909.4797943
grallator_flat,Metrics/base_velocity/error_vel_yaw,12,0.06515942513942719,1778849910.4571419
grallator_flat,Metrics/base_velocity/error_vel_yaw,13,0.06515942513942719,1778849911.4312546
grallator_flat,Metrics/base_velocity/error_vel_yaw,14,0.06515942513942719,1778849912.4055653
grallator_flat,Metrics/base_velocity/error_vel_yaw,15,0.08332046866416931,1778849913.4032483
grallator_flat,Metrics/base_velocity/error_vel_yaw,16,0.09688694775104523,1778849914.4156525
grallator_flat,Metrics/base_velocity/error_vel_yaw,17,0.09970144927501678,1778849915.3875833
grallator_flat,Metrics/base_velocity/error_vel_yaw,18,0.10155411809682846,1778849916.3688345
grallator_flat,Metrics/base_velocity/error_vel_yaw,19,0.11957046389579773,1778849917.4370012
grallator_flat,Metrics/base_velocity/error_vel_yaw,20,0.11059095710515976,1778849918.4134803
grallator_flat,Metrics/base_velocity/error_vel_yaw,21,0.11059095710515976,1778849919.385042
grallator_flat,Metrics/base_velocity/error_vel_yaw,22,0.11059095710515976,1778849920.3510487
grallator_flat,Metrics/base_velocity/error_vel_yaw,23,0.12024472653865814,1778849921.3456926
grallator_flat,Metrics/base_velocity/error_vel_yaw,24,0.1436896175146103,1778849922.321166
grallator_flat,Metrics/base_velocity/error_vel_yaw,25,0.1436896175146103,1778849923.3046074
grallator_flat,Metrics/base_velocity/error_vel_yaw,26,0.1436896175146103,1778849924.285345
grallator_flat,Metrics/base_velocity/error_vel_yaw,27,0.1436896175146103,1778849925.2552242
grallator_flat,Metrics/base_velocity/error_vel_yaw,28,0.1436896175146103,1778849926.2359393
grallator_flat,Metrics/base_velocity/error_vel_yaw,29,0.1436896175146103,1778849927.2298667
grallator_flat,Metrics/base_velocity/error_vel_yaw,30,0.1436896175146103,1778849928.3115895
grallator_flat,Metrics/base_velocity/error_vel_yaw,31,0.1879201978445053,1778849929.3396919
grallator_flat,Metrics/base_velocity/error_vel_yaw,32,0.196345254778862,1778849930.3666975
grallator_flat,Metrics/base_velocity/error_vel_yaw,33,0.1918449103832245,1778849931.3724456
grallator_flat,Metrics/base_velocity/error_vel_yaw,34,0.2013544887304306,1778849932.39687
grallator_flat,Metrics/base_velocity/error_vel_yaw,35,0.20325641334056854,1778849933.4091659
grallator_flat,Metrics/base_velocity/error_vel_yaw,36,0.20325641334056854,1778849934.4408212
grallator_flat,Metrics/base_velocity/error_vel_yaw,37,0.20325641334056854,1778849935.4586523
grallator_flat,Metrics/base_velocity/error_vel_yaw,38,0.20325641334056854,1778849936.4812908
grallator_flat,Metrics/base_velocity/error_vel_yaw,39,0.20325641334056854,1778849937.5147173
grallator_flat,Metrics/base_velocity/error_vel_yaw,40,0.21962015330791473,1778849938.555374
grallator_flat,Metrics/base_velocity/error_vel_yaw,41,0.2228929102420807,1778849939.5816574
grallator_flat,Metrics/base_velocity/error_vel_yaw,42,0.2228929102420807,1778849940.60685
grallator_flat,Metrics/base_velocity/error_vel_yaw,43,0.2228929102420807,1778849941.6296225
grallator_flat,Metrics/base_velocity/error_vel_yaw,44,0.2228929102420807,1778849942.6593103
grallator_flat,Metrics/base_velocity/error_vel_yaw,45,0.20759199559688568,1778849943.7075298
grallator_flat,Metrics/base_velocity/error_vel_yaw,46,0.20886163413524628,1778849944.7308664
grallator_flat,Metrics/base_velocity/error_vel_yaw,47,0.2069946825504303,1778849945.7649193
grallator_flat,Metrics/base_velocity/error_vel_yaw,48,0.2069946825504303,1778849946.7834468
grallator_flat,Metrics/base_velocity/error_vel_yaw,49,0.2069946825504303,1778849947.7943757
grallator_flat,Metrics/base_velocity/error_vel_yaw,50,0.2069946825504303,1778849948.8241925
grallator_flat,Metrics/base_velocity/error_vel_yaw,51,0.2069946825504303,1778849949.912411
grallator_flat,Metrics/base_velocity/error_vel_yaw,52,0.21322712302207947,1778849950.9409387
grallator_flat,Metrics/base_velocity/error_vel_yaw,53,0.194902241230011,1778849951.9702716
grallator_flat,Metrics/base_velocity/error_vel_yaw,54,0.1899907886981964,1778849952.981998
grallator_flat,Metrics/base_velocity/error_vel_yaw,55,0.1899907886981964,1778849953.9979208
grallator_flat,Metrics/base_velocity/error_vel_yaw,56,0.1894458532333374,1778849955.011367
grallator_flat,Metrics/base_velocity/error_vel_yaw,57,0.17266032099723816,1778849956.0634434
grallator_flat,Metrics/base_velocity/error_vel_yaw,58,0.1840386837720871,1778849957.090423
grallator_flat,Metrics/base_velocity/error_vel_yaw,59,0.19852036237716675,1778849958.1038013
grallator_flat,Metrics/base_velocity/error_vel_yaw,60,0.18145006895065308,1778849959.131507
grallator_flat,Metrics/base_velocity/error_vel_yaw,61,0.1772807538509369,1778849960.166611
grallator_flat,Metrics/base_velocity/error_vel_yaw,62,0.1939745843410492,1778849961.2982368
grallator_flat,Metrics/base_velocity/error_vel_yaw,63,0.1939745843410492,1778849962.3174198
grallator_flat,Metrics/base_velocity/error_vel_yaw,64,0.1939745843410492,1778849963.333261
grallator_flat,Metrics/base_velocity/error_vel_yaw,65,0.1775294542312622,1778849964.3854263
grallator_flat,Metrics/base_velocity/error_vel_yaw,66,0.1676623672246933,1778849965.4065404
grallator_flat,Metrics/base_velocity/error_vel_yaw,67,0.1676623672246933,1778849966.433509
grallator_flat,Metrics/base_velocity/error_vel_yaw,68,0.1676623672246933,1778849967.4535277
grallator_flat,Metrics/base_velocity/error_vel_yaw,69,0.1676623672246933,1778849968.4726028
grallator_flat,Metrics/base_velocity/error_vel_yaw,70,0.1676623672246933,1778849969.4872153
grallator_flat,Metrics/base_velocity/error_vel_yaw,71,0.1676623672246933,1778849970.500626
grallator_flat,Metrics/base_velocity/error_vel_yaw,72,0.16817662119865417,1778849971.6277988
grallator_flat,Metrics/base_velocity/error_vel_yaw,73,0.17177626490592957,1778849972.6528869
grallator_flat,Metrics/base_velocity/error_vel_yaw,74,0.16079311072826385,1778849973.6815054
grallator_flat,Metrics/base_velocity/error_vel_yaw,75,0.15944890677928925,1778849974.7128081
grallator_flat,Metrics/base_velocity/error_vel_yaw,76,0.17103323340415955,1778849975.7254403
grallator_flat,Metrics/base_velocity/error_vel_yaw,77,0.17103323340415955,1778849976.73783
grallator_flat,Metrics/base_velocity/error_vel_yaw,78,0.17103323340415955,1778849977.7505047
grallator_flat,Metrics/base_velocity/error_vel_yaw,79,0.17103323340415955,1778849978.7588866
grallator_flat,Metrics/base_velocity/error_vel_yaw,80,0.17103323340415955,1778849979.7850673
grallator_flat,Metrics/base_velocity/error_vel_yaw,81,0.16941015422344208,1778849980.7978094
grallator_flat,Metrics/base_velocity/error_vel_yaw,82,0.16129478812217712,1778849981.8135285
grallator_flat,Metrics/base_velocity/error_vel_yaw,83,0.16129478812217712,1778849982.892713
grallator_flat,Metrics/base_velocity/error_vel_yaw,84,0.16129478812217712,1778849983.8995776
grallator_flat,Metrics/base_velocity/error_vel_yaw,85,0.16129478812217712,1778849984.9087522
grallator_flat,Metrics/base_velocity/error_vel_yaw,86,0.16129478812217712,1778849985.9220219
grallator_flat,Metrics/base_velocity/error_vel_yaw,87,0.1572401523590088,1778849986.966113
grallator_flat,Metrics/base_velocity/error_vel_yaw,88,0.16664159297943115,1778849988.0223215
grallator_flat,Metrics/base_velocity/error_vel_yaw,89,0.1660657823085785,1778849989.0322747
grallator_flat,Metrics/base_velocity/error_vel_yaw,90,0.1660657823085785,1778849990.0558279
grallator_flat,Metrics/base_velocity/error_vel_yaw,91,0.1660657823085785,1778849991.0622847
grallator_flat,Metrics/base_velocity/error_vel_yaw,92,0.1660657823085785,1778849992.069005
grallator_flat,Metrics/base_velocity/error_vel_yaw,93,0.1660657823085785,1778849993.0788803
grallator_flat,Metrics/base_velocity/error_vel_yaw,94,0.1599067747592926,1778849994.1868024
grallator_flat,Metrics/base_velocity/error_vel_yaw,95,0.1587614119052887,1778849995.1867197
grallator_flat,Metrics/base_velocity/error_vel_yaw,96,0.1587614119052887,1778849996.1898067
grallator_flat,Metrics/base_velocity/error_vel_yaw,97,0.1587614119052887,1778849997.1886532
grallator_flat,Metrics/base_velocity/error_vel_yaw,98,0.16045324504375458,1778849998.2115886
grallator_flat,Metrics/base_velocity/error_vel_yaw,99,0.16020306944847107,1778849999.2417452
grallator_flat,Episode_Termination/time_out,0,0.0,1778849898.0819094
grallator_flat,Episode_Termination/time_out,1,0.0,1778849899.1202283
grallator_flat,Episode_Termination/time_out,2,0.0,1778849900.0969322
grallator_flat,Episode_Termination/time_out,3,0.0338541679084301,1778849901.538011
grallator_flat,Episode_Termination/time_out,4,0.1328125,1778849902.5343907
grallator_flat,Episode_Termination/time_out,5,0.2291666716337204,1778849903.5253687
grallator_flat,Episode_Termination/time_out,6,0.25,1778849904.4975483
grallator_flat,Episode_Termination/time_out,7,0.25,1778849905.4733865
grallator_flat,Episode_Termination/time_out,8,0.25,1778849906.5333252
grallator_flat,Episode_Termination/time_out,9,0.25,1778849907.4989247
grallator_flat,Episode_Termination/time_out,10,0.2604166865348816,1778849908.4872983
grallator_flat,Episode_Termination/time_out,11,0.34375,1778849909.480748
grallator_flat,Episode_Termination/time_out,12,0.375,1778849910.4579828
grallator_flat,Episode_Termination/time_out,13,0.375,1778849911.4322326
grallator_flat,Episode_Termination/time_out,14,0.375,1778849912.4066558
grallator_flat,Episode_Termination/time_out,15,0.4192708432674408,1778849913.4042249
grallator_flat,Episode_Termination/time_out,16,0.5130208730697632,1778849914.416629
grallator_flat,Episode_Termination/time_out,17,0.5625,1778849915.3885107
grallator_flat,Episode_Termination/time_out,18,0.5677083730697632,1778849916.3698273
grallator_flat,Episode_Termination/time_out,19,0.6380208730697632,1778849917.438025
grallator_flat,Episode_Termination/time_out,20,0.6875,1778849918.4144125
grallator_flat,Episode_Termination/time_out,21,0.6875,1778849919.3859603
grallator_flat,Episode_Termination/time_out,22,0.6875,1778849920.3520036
grallator_flat,Episode_Termination/time_out,23,0.7057291865348816,1778849921.346626
grallator_flat,Episode_Termination/time_out,24,0.75,1778849922.3220656
grallator_flat,Episode_Termination/time_out,25,0.75,1778849923.3055325
grallator_flat,Episode_Termination/time_out,26,0.75,1778849924.2862504
grallator_flat,Episode_Termination/time_out,27,0.75,1778849925.2561626
grallator_flat,Episode_Termination/time_out,28,0.75,1778849926.2368243
grallator_flat,Episode_Termination/time_out,29,0.75,1778849927.2307818
grallator_flat,Episode_Termination/time_out,30,0.75,1778849928.3124804
grallator_flat,Episode_Termination/time_out,31,0.7994791865348816,1778849929.3406997
grallator_flat,Episode_Termination/time_out,32,0.8385416865348816,1778849930.3676786
grallator_flat,Episode_Termination/time_out,33,0.875,1778849931.3733613
grallator_flat,Episode_Termination/time_out,34,0.9270833730697632,1778849932.3978546
grallator_flat,Episode_Termination/time_out,35,0.9375,1778849933.4100304
grallator_flat,Episode_Termination/time_out,36,0.9375,1778849934.4416997
grallator_flat,Episode_Termination/time_out,37,0.9375,1778849935.4595885
grallator_flat,Episode_Termination/time_out,38,0.9375,1778849936.4822152
grallator_flat,Episode_Termination/time_out,39,0.9375,1778849937.5158858
grallator_flat,Episode_Termination/time_out,40,0.9895833730697632,1778849938.5563648
grallator_flat,Episode_Termination/time_out,41,1.0,1778849939.582571
grallator_flat,Episode_Termination/time_out,42,1.0,1778849940.6077642
grallator_flat,Episode_Termination/time_out,43,1.0,1778849941.6305308
grallator_flat,Episode_Termination/time_out,44,1.0,1778849942.6602542
grallator_flat,Episode_Termination/time_out,45,1.0,1778849943.7084928
grallator_flat,Episode_Termination/time_out,46,1.0,1778849944.7318094
grallator_flat,Episode_Termination/time_out,47,1.0,1778849945.7658098
grallator_flat,Episode_Termination/time_out,48,1.0,1778849946.7843795
grallator_flat,Episode_Termination/time_out,49,1.0,1778849947.7952864
grallator_flat,Episode_Termination/time_out,50,1.0,1778849948.825099
grallator_flat,Episode_Termination/time_out,51,1.0,1778849949.9133015
grallator_flat,Episode_Termination/time_out,52,1.0,1778849950.9418414
grallator_flat,Episode_Termination/time_out,53,1.0,1778849951.9713066
grallator_flat,Episode_Termination/time_out,54,1.0,1778849952.9828663
grallator_flat,Episode_Termination/time_out,55,1.0,1778849953.9987934
grallator_flat,Episode_Termination/time_out,56,1.0,1778849955.0124779
grallator_flat,Episode_Termination/time_out,57,1.0,1778849956.064409
grallator_flat,Episode_Termination/time_out,58,1.0,1778849957.0913672
grallator_flat,Episode_Termination/time_out,59,1.0,1778849958.1047819
grallator_flat,Episode_Termination/time_out,60,1.0,1778849959.1325321
grallator_flat,Episode_Termination/time_out,61,1.0,1778849960.167665
grallator_flat,Episode_Termination/time_out,62,1.0,1778849961.299212
grallator_flat,Episode_Termination/time_out,63,1.0,1778849962.3184032
grallator_flat,Episode_Termination/time_out,64,1.0,1778849963.3341804
grallator_flat,Episode_Termination/time_out,65,1.0,1778849964.38672
grallator_flat,Episode_Termination/time_out,66,1.0,1778849965.407496
grallator_flat,Episode_Termination/time_out,67,1.0,1778849966.434775
grallator_flat,Episode_Termination/time_out,68,1.0,1778849967.4544418
grallator_flat,Episode_Termination/time_out,69,1.0,1778849968.4735155
grallator_flat,Episode_Termination/time_out,70,1.0,1778849969.4881058
grallator_flat,Episode_Termination/time_out,71,1.0,1778849970.5015645
grallator_flat,Episode_Termination/time_out,72,1.0,1778849971.6287384
grallator_flat,Episode_Termination/time_out,73,1.0,1778849972.6537921
grallator_flat,Episode_Termination/time_out,74,1.0,1778849973.6825087
grallator_flat,Episode_Termination/time_out,75,1.0,1778849974.7138033
grallator_flat,Episode_Termination/time_out,76,1.0,1778849975.7264082
grallator_flat,Episode_Termination/time_out,77,1.0,1778849976.7387998
grallator_flat,Episode_Termination/time_out,78,1.0,1778849977.75149
grallator_flat,Episode_Termination/time_out,79,1.0,1778849978.7598064
grallator_flat,Episode_Termination/time_out,80,1.0,1778849979.786349
grallator_flat,Episode_Termination/time_out,81,1.0,1778849980.7987084
grallator_flat,Episode_Termination/time_out,82,1.0,1778849981.8145063
grallator_flat,Episode_Termination/time_out,83,1.0,1778849982.8936658
grallator_flat,Episode_Termination/time_out,84,1.0,1778849983.900492
grallator_flat,Episode_Termination/time_out,85,1.0,1778849984.9096825
grallator_flat,Episode_Termination/time_out,86,1.0,1778849985.9233398
grallator_flat,Episode_Termination/time_out,87,1.0,1778849986.9670668
grallator_flat,Episode_Termination/time_out,88,1.0,1778849988.0232778
grallator_flat,Episode_Termination/time_out,89,1.0,1778849989.0331688
grallator_flat,Episode_Termination/time_out,90,1.0,1778849990.0567422
grallator_flat,Episode_Termination/time_out,91,1.0,1778849991.063237
grallator_flat,Episode_Termination/time_out,92,1.0,1778849992.0699718
grallator_flat,Episode_Termination/time_out,93,1.0,1778849993.0798092
grallator_flat,Episode_Termination/time_out,94,1.0,1778849994.1878302
grallator_flat,Episode_Termination/time_out,95,1.0,1778849995.1876662
grallator_flat,Episode_Termination/time_out,96,1.0,1778849996.19073
grallator_flat,Episode_Termination/time_out,97,1.0,1778849997.1895351
grallator_flat,Episode_Termination/time_out,98,1.0,1778849998.2125573
grallator_flat,Episode_Termination/time_out,99,1.0,1778849999.2427373
grallator_flat,Loss/value_function,0,1.8225743770599365,1778849898.0820978
grallator_flat,Loss/value_function,1,0.3159804344177246,1778849899.1204267
grallator_flat,Loss/value_function,2,0.04311650991439819,1778849900.097096
grallator_flat,Loss/value_function,3,0.10650287568569183,1778849901.5381975
grallator_flat,Loss/value_function,4,0.11976620554924011,1778849902.5345411
grallator_flat,Loss/value_function,5,0.14017735421657562,1778849903.5255127
grallator_flat,Loss/value_function,6,0.080568827688694,1778849904.4976997
grallator_flat,Loss/value_function,7,0.020825080573558807,1778849905.4735312
grallator_flat,Loss/value_function,8,0.01950417086482048,1778849906.5334878
grallator_flat,Loss/value_function,9,0.02024289406836033,1778849907.4991083
grallator_flat,Loss/value_function,10,0.061798371374607086,1778849908.4874623
grallator_flat,Loss/value_function,11,0.09524181485176086,1778849909.4808865
grallator_flat,Loss/value_function,12,0.0668400451540947,1778849910.458174
grallator_flat,Loss/value_function,13,0.019984958693385124,1778849911.432398
grallator_flat,Loss/value_function,14,0.021191777661442757,1778849912.4068315
grallator_flat,Loss/value_function,15,0.09621921926736832,1778849913.4043734
grallator_flat,Loss/value_function,16,0.19109241664409637,1778849914.4167855
grallator_flat,Loss/value_function,17,0.054965343326330185,1778849915.388671
grallator_flat,Loss/value_function,18,0.06374154984951019,1778849916.370028
grallator_flat,Loss/value_function,19,0.11446317285299301,1778849917.4382856
grallator_flat,Loss/value_function,20,0.051002781838178635,1778849918.4145641
grallator_flat,Loss/value_function,21,0.03382284939289093,1778849919.3861365
grallator_flat,Loss/value_function,22,0.02816952019929886,1778849920.3521862
grallator_flat,Loss/value_function,23,0.08077516406774521,1778849921.346773
grallator_flat,Loss/value_function,24,0.040826424956321716,1778849922.3222556
grallator_flat,Loss/value_function,25,0.03953960910439491,1778849923.3056922
grallator_flat,Loss/value_function,26,0.03352884203195572,1778849924.2863822
grallator_flat,Loss/value_function,27,0.025529371574521065,1778849925.2563338
grallator_flat,Loss/value_function,28,0.039956625550985336,1778849926.236974
grallator_flat,Loss/value_function,29,0.030350787565112114,1778849927.230925
grallator_flat,Loss/value_function,30,0.030902734026312828,1778849928.3126192
grallator_flat,Loss/value_function,31,0.10143441706895828,1778849929.3408751
grallator_flat,Loss/value_function,32,0.1451067328453064,1778849930.367842
grallator_flat,Loss/value_function,33,0.05946485325694084,1778849931.373665
grallator_flat,Loss/value_function,34,0.08446646481752396,1778849932.3980463
grallator_flat,Loss/value_function,35,0.03589296713471413,1778849933.4102035
grallator_flat,Loss/value_function,36,0.028433026745915413,1778849934.4418774
grallator_flat,Loss/value_function,37,0.020376229658722878,1778849935.4597557
grallator_flat,Loss/value_function,38,0.017888683825731277,1778849936.4823532
grallator_flat,Loss/value_function,39,0.017043588683009148,1778849937.5160348
grallator_flat,Loss/value_function,40,0.06879323720932007,1778849938.556528
grallator_flat,Loss/value_function,41,0.06738273054361343,1778849939.5827546
grallator_flat,Loss/value_function,42,0.020543325692415237,1778849940.6079283
grallator_flat,Loss/value_function,43,0.01942773163318634,1778849941.6306877
grallator_flat,Loss/value_function,44,0.022317398339509964,1778849942.6604626
grallator_flat,Loss/value_function,45,0.12562240660190582,1778849943.7086499
grallator_flat,Loss/value_function,46,0.10385225713253021,1778849944.7319705
grallator_flat,Loss/value_function,47,0.08108986169099808,1778849945.7659717
grallator_flat,Loss/value_function,48,0.03164438530802727,1778849946.7845564
grallator_flat,Loss/value_function,49,0.017591511830687523,1778849947.7954822
grallator_flat,Loss/value_function,50,0.016933608800172806,1778849948.825251
grallator_flat,Loss/value_function,51,0.012030973099172115,1778849949.9134364
grallator_flat,Loss/value_function,52,0.0745321586728096,1778849950.9420261
grallator_flat,Loss/value_function,53,0.0971718281507492,1778849951.9715185
grallator_flat,Loss/value_function,54,0.04562990367412567,1778849952.9830296
grallator_flat,Loss/value_function,55,0.012169823981821537,1778849953.9989474
grallator_flat,Loss/value_function,56,0.011531752534210682,1778849955.0127027
grallator_flat,Loss/value_function,57,0.10999546200037003,1778849956.064566
grallator_flat,Loss/value_function,58,0.08004412800073624,1778849957.091531
grallator_flat,Loss/value_function,59,0.020414182916283607,1778849958.1049566
grallator_flat,Loss/value_function,60,0.061460401862859726,1778849959.1326842
grallator_flat,Loss/value_function,61,0.08697226643562317,1778849960.1678224
grallator_flat,Loss/value_function,62,0.05281699076294899,1778849961.2994092
grallator_flat,Loss/value_function,63,0.016529079526662827,1778849962.3186069
grallator_flat,Loss/value_function,64,0.013482504524290562,1778849963.3343441
grallator_flat,Loss/value_function,65,0.06826096773147583,1778849964.3869393
grallator_flat,Loss/value_function,66,0.02953333407640457,1778849965.4076803
grallator_flat,Loss/value_function,67,0.023420874029397964,1778849966.43496
grallator_flat,Loss/value_function,68,0.012565105222165585,1778849967.4546065
grallator_flat,Loss/value_function,69,0.014422736130654812,1778849968.473718
grallator_flat,Loss/value_function,70,0.015319125726819038,1778849969.488245
grallator_flat,Loss/value_function,71,0.012011300772428513,1778849970.5017226
grallator_flat,Loss/value_function,72,0.05586414784193039,1778849971.6289475
grallator_flat,Loss/value_function,73,0.021090403199195862,1778849972.653936
grallator_flat,Loss/value_function,74,0.09934232383966446,1778849973.6826859
grallator_flat,Loss/value_function,75,0.08047157526016235,1778849974.713992
grallator_flat,Loss/value_function,76,0.031006978824734688,1778849975.726568
grallator_flat,Loss/value_function,77,0.04861767217516899,1778849976.738969
grallator_flat,Loss/value_function,78,0.020453551784157753,1778849977.7516499
grallator_flat,Loss/value_function,79,0.018168620765209198,1778849978.7599595
grallator_flat,Loss/value_function,80,0.015162014402449131,1778849979.7865248
grallator_flat,Loss/value_function,81,0.06562748551368713,1778849980.7988617
grallator_flat,Loss/value_function,82,0.027229836210608482,1778849981.8146572
grallator_flat,Loss/value_function,83,0.03599795326590538,1778849982.8938243
grallator_flat,Loss/value_function,84,0.019373267889022827,1778849983.9006693
grallator_flat,Loss/value_function,85,0.015985365957021713,1778849984.9098265
grallator_flat,Loss/value_function,86,0.021533943712711334,1778849985.923518
grallator_flat,Loss/value_function,87,0.13751357793807983,1778849986.9672453
grallator_flat,Loss/value_function,88,0.17176730930805206,1778849988.0234473
grallator_flat,Loss/value_function,89,0.04129930958151817,1778849989.0333083
grallator_flat,Loss/value_function,90,0.03447696939110756,1778849990.056903
grallator_flat,Loss/value_function,91,0.021187592297792435,1778849991.063395
grallator_flat,Loss/value_function,92,0.022105270996689796,1778849992.0701532
grallator_flat,Loss/value_function,93,0.016307465732097626,1778849993.0800078
grallator_flat,Loss/value_function,94,0.09355641901493073,1778849994.1880014
grallator_flat,Loss/value_function,95,0.042790792882442474,1778849995.1878595
grallator_flat,Loss/value_function,96,0.02845526672899723,1778849996.1909022
grallator_flat,Loss/value_function,97,0.01664205640554428,1778849997.1896749
grallator_flat,Loss/value_function,98,0.07960165292024612,1778849998.2127128
grallator_flat,Loss/value_function,99,0.05350406467914581,1778849999.2429008
grallator_flat,Loss/surrogate,0,-0.02164793200790882,1778849898.0821216
grallator_flat,Loss/surrogate,1,-0.05273207277059555,1778849899.1204517
grallator_flat,Loss/surrogate,2,-0.0534808523952961,1778849900.0971208
grallator_flat,Loss/surrogate,3,-0.022374136373400688,1778849901.5382216
grallator_flat,Loss/surrogate,4,-0.03873912990093231,1778849902.534565
grallator_flat,Loss/surrogate,5,-0.03637905418872833,1778849903.525536
grallator_flat,Loss/surrogate,6,-0.04505759850144386,1778849904.4977238
grallator_flat,Loss/surrogate,7,-0.05124722793698311,1778849905.473554
grallator_flat,Loss/surrogate,8,-0.05300159752368927,1778849906.5335205
grallator_flat,Loss/surrogate,9,-0.045891135931015015,1778849907.4991333
grallator_flat,Loss/surrogate,10,-0.02519889734685421,1778849908.4874876
grallator_flat,Loss/surrogate,11,-0.024938780814409256,1778849909.4809096
grallator_flat,Loss/surrogate,12,-0.039001647382974625,1778849910.4582057
grallator_flat,Loss/surrogate,13,-0.0522313117980957,1778849911.4324224
grallator_flat,Loss/surrogate,14,-0.056641485542058945,1778849912.4068565
grallator_flat,Loss/surrogate,15,-0.026950860396027565,1778849913.4044058
grallator_flat,Loss/surrogate,16,-0.03170819208025932,1778849914.4168084
grallator_flat,Loss/surrogate,17,-0.04637649282813072,1778849915.3886957
grallator_flat,Loss/surrogate,18,-0.03574880585074425,1778849916.3700526
grallator_flat,Loss/surrogate,19,-0.026837099343538284,1778849917.4383285
grallator_flat,Loss/surrogate,20,-0.045487649738788605,1778849918.4145885
grallator_flat,Loss/surrogate,21,-0.04797372967004776,1778849919.3861609
grallator_flat,Loss/surrogate,22,-0.05600873380899429,1778849920.3522098
grallator_flat,Loss/surrogate,23,-0.031579576432704926,1778849921.3467963
grallator_flat,Loss/surrogate,24,-0.05291089788079262,1778849922.3222795
grallator_flat,Loss/surrogate,25,-0.05182301998138428,1778849923.3057158
grallator_flat,Loss/surrogate,26,-0.05287696048617363,1778849924.2864065
grallator_flat,Loss/surrogate,27,-0.05577009916305542,1778849925.2563586
grallator_flat,Loss/surrogate,28,-0.05106901377439499,1778849926.2369983
grallator_flat,Loss/surrogate,29,-0.04810613393783569,1778849927.2309494
grallator_flat,Loss/surrogate,30,-0.04939897730946541,1778849928.3126428
grallator_flat,Loss/surrogate,31,-0.02908802032470703,1778849929.3408992
grallator_flat,Loss/surrogate,32,-0.030895626172423363,1778849930.3678663
grallator_flat,Loss/surrogate,33,-0.042835820466279984,1778849931.3737087
grallator_flat,Loss/surrogate,34,-0.03431392461061478,1778849932.3981023
grallator_flat,Loss/surrogate,35,-0.049847979098558426,1778849933.4102275
grallator_flat,Loss/surrogate,36,-0.04531962051987648,1778849934.441917
grallator_flat,Loss/surrogate,37,-0.04610783979296684,1778849935.4597788
grallator_flat,Loss/surrogate,38,-0.04096304625272751,1778849936.482376
grallator_flat,Loss/surrogate,39,-0.052858032286167145,1778849937.5160587
grallator_flat,Loss/surrogate,40,-0.02896852046251297,1778849938.5565531
grallator_flat,Loss/surrogate,41,-0.037719208747148514,1778849939.5827854
grallator_flat,Loss/surrogate,42,-0.04818447679281235,1778849940.6079519
grallator_flat,Loss/surrogate,43,-0.04700437933206558,1778849941.6307104
grallator_flat,Loss/surrogate,44,-0.04560340568423271,1778849942.6604946
grallator_flat,Loss/surrogate,45,-0.027846133336424828,1778849943.7086742
grallator_flat,Loss/surrogate,46,-0.03812873736023903,1778849944.7319944
grallator_flat,Loss/surrogate,47,-0.034763384610414505,1778849945.7659945
grallator_flat,Loss/surrogate,48,-0.04751360043883324,1778849946.7845793
grallator_flat,Loss/surrogate,49,-0.050824765115976334,1778849947.7955213
grallator_flat,Loss/surrogate,50,-0.04281948506832123,1778849948.8252745
grallator_flat,Loss/surrogate,51,-0.042099982500076294,1778849949.913459
grallator_flat,Loss/surrogate,52,-0.02341187186539173,1778849950.942056
grallator_flat,Loss/surrogate,53,-0.031178398057818413,1778849951.9715447
grallator_flat,Loss/surrogate,54,-0.04329562187194824,1778849952.9830532
grallator_flat,Loss/surrogate,55,-0.04466865584254265,1778849953.998971
grallator_flat,Loss/surrogate,56,-0.0443301685154438,1778849955.0127404
grallator_flat,Loss/surrogate,57,-0.02004079334437847,1778849956.0645893
grallator_flat,Loss/surrogate,58,-0.03057957999408245,1778849957.0915537
grallator_flat,Loss/surrogate,59,-0.04440421611070633,1778849958.1049895
grallator_flat,Loss/surrogate,60,-0.023854263126850128,1778849959.1327085
grallator_flat,Loss/surrogate,61,-0.028757117688655853,1778849960.1678472
grallator_flat,Loss/surrogate,62,-0.0358312726020813,1778849961.299448
grallator_flat,Loss/surrogate,63,-0.03362591192126274,1778849962.3186336
grallator_flat,Loss/surrogate,64,-0.03803061693906784,1778849963.3343685
grallator_flat,Loss/surrogate,65,-0.025897251442074776,1778849964.3869736
grallator_flat,Loss/surrogate,66,-0.032783281058073044,1778849965.4077039
grallator_flat,Loss/surrogate,67,-0.02396775409579277,1778849966.4349928
grallator_flat,Loss/surrogate,68,-0.017428116872906685,1778849967.4546297
grallator_flat,Loss/surrogate,69,-0.022958217188715935,1778849968.4737487
grallator_flat,Loss/surrogate,70,-0.021140165627002716,1778849969.4882677
grallator_flat,Loss/surrogate,71,-0.011428223922848701,1778849970.5017457
grallator_flat,Loss/surrogate,72,-0.010200990363955498,1778849971.6289792
grallator_flat,Loss/surrogate,73,-0.021536001935601234,1778849972.6539586
grallator_flat,Loss/surrogate,74,-0.017196480184793472,1778849973.682719
grallator_flat,Loss/surrogate,75,-0.023914990946650505,1778849974.7140167
grallator_flat,Loss/surrogate,76,-0.026811376214027405,1778849975.7265918
grallator_flat,Loss/surrogate,77,-0.014249663800001144,1778849976.739003
grallator_flat,Loss/surrogate,78,-0.024204783141613007,1778849977.7516735
grallator_flat,Loss/surrogate,79,-0.017346102744340897,1778849978.759982
grallator_flat,Loss/surrogate,80,-0.014428501948714256,1778849979.7865572
grallator_flat,Loss/surrogate,81,-0.010746373794972897,1778849980.798886
grallator_flat,Loss/surrogate,82,-0.014324789866805077,1778849981.814681
grallator_flat,Loss/surrogate,83,-0.012882757000625134,1778849982.8938475
grallator_flat,Loss/surrogate,84,-0.016390252858400345,1778849983.9006934
grallator_flat,Loss/surrogate,85,-0.021444985643029213,1778849984.9098506
grallator_flat,Loss/surrogate,86,-0.02563663385808468,1778849985.9235444
grallator_flat,Loss/surrogate,87,-0.01933317445218563,1778849986.96727
grallator_flat,Loss/surrogate,88,-0.03099755011498928,1778849988.0234723
grallator_flat,Loss/surrogate,89,-0.014588229358196259,1778849989.0333307
grallator_flat,Loss/surrogate,90,-0.02336127869784832,1778849990.0569265
grallator_flat,Loss/surrogate,91,-0.02023104578256607,1778849991.0634196
grallator_flat,Loss/surrogate,92,-0.0127595579251647,1778849992.0701776
grallator_flat,Loss/surrogate,93,-0.02082972042262554,1778849993.080038
grallator_flat,Loss/surrogate,94,-0.01690487004816532,1778849994.1880243
grallator_flat,Loss/surrogate,95,-0.01924287900328636,1778849995.1878896
grallator_flat,Loss/surrogate,96,-0.018016744405031204,1778849996.1909266
grallator_flat,Loss/surrogate,97,-0.008487768471240997,1778849997.189698
grallator_flat,Loss/surrogate,98,-0.0155459800735116,1778849998.2127366
grallator_flat,Loss/surrogate,99,-0.010279170237481594,1778849999.2429252
grallator_flat,Loss/entropy,0,17.0321102142334,1778849898.0821378
grallator_flat,Loss/entropy,1,17.03260040283203,1778849899.1204674
grallator_flat,Loss/entropy,2,17.031190872192383,1778849900.097136
grallator_flat,Loss/entropy,3,17.031234741210938,1778849901.538237
grallator_flat,Loss/entropy,4,17.031410217285156,1778849902.5345805
grallator_flat,Loss/entropy,5,17.02947425842285,1778849903.5255513
grallator_flat,Loss/entropy,6,17.028701782226562,1778849904.4977398
grallator_flat,Loss/entropy,7,17.028669357299805,1778849905.4735687
grallator_flat,Loss/entropy,8,17.024497985839844,1778849906.533537
grallator_flat,Loss/entropy,9,17.02478790283203,1778849907.4991493
grallator_flat,Loss/entropy,10,17.025516510009766,1778849908.4875042
grallator_flat,Loss/entropy,11,17.02405548095703,1778849909.4809258
grallator_flat,Loss/entropy,12,17.022621154785156,1778849910.4582222
grallator_flat,Loss/entropy,13,17.02068328857422,1778849911.4324389
grallator_flat,Loss/entropy,14,17.01508331298828,1778849912.4068727
grallator_flat,Loss/entropy,15,17.01148223876953,1778849913.404429
grallator_flat,Loss/entropy,16,17.01335906982422,1778849914.4168246
grallator_flat,Loss/entropy,17,17.013294219970703,1778849915.3887131
grallator_flat,Loss/entropy,18,17.009841918945312,1778849916.3700938
grallator_flat,Loss/entropy,19,17.006738662719727,1778849917.4383504
grallator_flat,Loss/entropy,20,17.00428009033203,1778849918.4146042
grallator_flat,Loss/entropy,21,17.0052490234375,1778849919.3861773
grallator_flat,Loss/entropy,22,17.007123947143555,1778849920.352226
grallator_flat,Loss/entropy,23,17.007356643676758,1778849921.346813
grallator_flat,Loss/entropy,24,17.009618759155273,1778849922.322297
grallator_flat,Loss/entropy,25,17.010683059692383,1778849923.3057318
grallator_flat,Loss/entropy,26,17.007034301757812,1778849924.2864223
grallator_flat,Loss/entropy,27,17.00517463684082,1778849925.2563746
grallator_flat,Loss/entropy,28,17.005157470703125,1778849926.2370152
grallator_flat,Loss/entropy,29,17.002439498901367,1778849927.2309647
grallator_flat,Loss/entropy,30,17.000749588012695,1778849928.3126578
grallator_flat,Loss/entropy,31,17.001258850097656,1778849929.3409154
grallator_flat,Loss/entropy,32,17.000965118408203,1778849930.3678827
grallator_flat,Loss/entropy,33,17.000295639038086,1778849931.373732
grallator_flat,Loss/entropy,34,17.002653121948242,1778849932.398128
grallator_flat,Loss/entropy,35,17.005197525024414,1778849933.4102445
grallator_flat,Loss/entropy,36,17.00368309020996,1778849934.4419434
grallator_flat,Loss/entropy,37,17.000511169433594,1778849935.459795
grallator_flat,Loss/entropy,38,16.99843406677246,1778849936.4823925
grallator_flat,Loss/entropy,39,16.995283126831055,1778849937.5160956
grallator_flat,Loss/entropy,40,16.99254608154297,1778849938.5565698
grallator_flat,Loss/entropy,41,16.992517471313477,1778849939.5828016
grallator_flat,Loss/entropy,42,16.994043350219727,1778849940.6079683
grallator_flat,Loss/entropy,43,16.992544174194336,1778849941.630726
grallator_flat,Loss/entropy,44,16.987621307373047,1778849942.6605115
grallator_flat,Loss/entropy,45,16.98402976989746,1778849943.7086906
grallator_flat,Loss/entropy,46,16.982824325561523,1778849944.7320116
grallator_flat,Loss/entropy,47,16.983112335205078,1778849945.7660103
grallator_flat,Loss/entropy,48,16.982301712036133,1778849946.784596
grallator_flat,Loss/entropy,49,16.98076820373535,1778849947.7955463
grallator_flat,Loss/entropy,50,16.978248596191406,1778849948.8252912
grallator_flat,Loss/entropy,51,16.974573135375977,1778849949.9134748
grallator_flat,Loss/entropy,52,16.973764419555664,1778849950.9420907
grallator_flat,Loss/entropy,53,16.976978302001953,1778849951.9715614
grallator_flat,Loss/entropy,54,16.97825050354004,1778849952.9830875
grallator_flat,Loss/entropy,55,16.976438522338867,1778849953.998988
grallator_flat,Loss/entropy,56,16.97431755065918,1778849955.012771
grallator_flat,Loss/entropy,57,16.97252082824707,1778849956.0646057
grallator_flat,Loss/entropy,58,16.97198486328125,1778849957.0915697
grallator_flat,Loss/entropy,59,16.9716854095459,1778849958.1050131
grallator_flat,Loss/entropy,60,16.970874786376953,1778849959.1327252
grallator_flat,Loss/entropy,61,16.970190048217773,1778849960.1678636
grallator_flat,Loss/entropy,62,16.970964431762695,1778849961.2994668
grallator_flat,Loss/entropy,63,16.971981048583984,1778849962.3186495
grallator_flat,Loss/entropy,64,16.97073745727539,1778849963.3343847
grallator_flat,Loss/entropy,65,16.970260620117188,1778849964.3870065
grallator_flat,Loss/entropy,66,16.970563888549805,1778849965.4077206
grallator_flat,Loss/entropy,67,16.969743728637695,1778849966.4350107
grallator_flat,Loss/entropy,68,16.968399047851562,1778849967.4546454
grallator_flat,Loss/entropy,69,16.967613220214844,1778849968.4737651
grallator_flat,Loss/entropy,70,16.966724395751953,1778849969.4882836
grallator_flat,Loss/entropy,71,16.965906143188477,1778849970.5017614
grallator_flat,Loss/entropy,72,16.965072631835938,1778849971.6289957
grallator_flat,Loss/entropy,73,16.965152740478516,1778849972.6539745
grallator_flat,Loss/entropy,74,16.96588897705078,1778849973.682743
grallator_flat,Loss/entropy,75,16.96745491027832,1778849974.7140326
grallator_flat,Loss/entropy,76,16.968891143798828,1778849975.7266073
grallator_flat,Loss/entropy,77,16.969141006469727,1778849976.739027
grallator_flat,Loss/entropy,78,16.969329833984375,1778849977.751689
grallator_flat,Loss/entropy,79,16.968791961669922,1778849978.7599983
grallator_flat,Loss/entropy,80,16.967735290527344,1778849979.7865756
grallator_flat,Loss/entropy,81,16.96686553955078,1778849980.7989023
grallator_flat,Loss/entropy,82,16.966171264648438,1778849981.8146973
grallator_flat,Loss/entropy,83,16.96605110168457,1778849982.8938642
grallator_flat,Loss/entropy,84,16.965219497680664,1778849983.90071
grallator_flat,Loss/entropy,85,16.964048385620117,1778849984.9098666
grallator_flat,Loss/entropy,86,16.96288299560547,1778849985.9235609
grallator_flat,Loss/entropy,87,16.961040496826172,1778849986.9672859
grallator_flat,Loss/entropy,88,16.95798683166504,1778849988.0234885
grallator_flat,Loss/entropy,89,16.958345413208008,1778849989.0333464
grallator_flat,Loss/entropy,90,16.958620071411133,1778849990.0569422
grallator_flat,Loss/entropy,91,16.959035873413086,1778849991.0634463
grallator_flat,Loss/entropy,92,16.95926284790039,1778849992.0701945
grallator_flat,Loss/entropy,93,16.95821189880371,1778849993.0800545
grallator_flat,Loss/entropy,94,16.95584487915039,1778849994.1880398
grallator_flat,Loss/entropy,95,16.95484161376953,1778849995.187906
grallator_flat,Loss/entropy,96,16.95541763305664,1778849996.1909425
grallator_flat,Loss/entropy,97,16.95537757873535,1778849997.1897137
grallator_flat,Loss/entropy,98,16.95555305480957,1778849998.2127523
grallator_flat,Loss/entropy,99,16.95557403564453,1778849999.2429433
grallator_flat,Loss/learning_rate,0,9.999999747378752e-06,1778849898.082152
grallator_flat,Loss/learning_rate,1,9.999999747378752e-06,1778849899.1204815
grallator_flat,Loss/learning_rate,2,9.999999747378752e-06,1778849900.0971503
grallator_flat,Loss/learning_rate,3,9.999999747378752e-06,1778849901.5382516
grallator_flat,Loss/learning_rate,4,1.4999999621068127e-05,1778849902.5345964
grallator_flat,Loss/learning_rate,5,9.999999747378752e-06,1778849903.5255651
grallator_flat,Loss/learning_rate,6,1.4999999621068127e-05,1778849904.4977553
grallator_flat,Loss/learning_rate,7,9.999999747378752e-06,1778849905.4735832
grallator_flat,Loss/learning_rate,8,9.999999747378752e-06,1778849906.5335517
grallator_flat,Loss/learning_rate,9,9.999999747378752e-06,1778849907.4991639
grallator_flat,Loss/learning_rate,10,1.4999999621068127e-05,1778849908.4875188
grallator_flat,Loss/learning_rate,11,9.999999747378752e-06,1778849909.4809399
grallator_flat,Loss/learning_rate,12,9.999999747378752e-06,1778849910.4582362
grallator_flat,Loss/learning_rate,13,9.999999747378752e-06,1778849911.4324532
grallator_flat,Loss/learning_rate,14,9.999999747378752e-06,1778849912.4068887
grallator_flat,Loss/learning_rate,15,9.999999747378752e-06,1778849913.4044516
grallator_flat,Loss/learning_rate,16,9.999999747378752e-06,1778849914.416839
grallator_flat,Loss/learning_rate,17,9.999999747378752e-06,1778849915.3887281
grallator_flat,Loss/learning_rate,18,9.999999747378752e-06,1778849916.3701158
grallator_flat,Loss/learning_rate,19,9.999999747378752e-06,1778849917.438367
grallator_flat,Loss/learning_rate,20,9.999999747378752e-06,1778849918.4146187
grallator_flat,Loss/learning_rate,21,9.999999747378752e-06,1778849919.3861918
grallator_flat,Loss/learning_rate,22,9.999999747378752e-06,1778849920.3522406
grallator_flat,Loss/learning_rate,23,9.999999747378752e-06,1778849921.3468273
grallator_flat,Loss/learning_rate,24,9.999999747378752e-06,1778849922.3223124
grallator_flat,Loss/learning_rate,25,9.999999747378752e-06,1778849923.3057463
grallator_flat,Loss/learning_rate,26,9.999999747378752e-06,1778849924.2864368
grallator_flat,Loss/learning_rate,27,9.999999747378752e-06,1778849925.2563958
grallator_flat,Loss/learning_rate,28,9.999999747378752e-06,1778849926.2370298
grallator_flat,Loss/learning_rate,29,9.999999747378752e-06,1778849927.2309794
grallator_flat,Loss/learning_rate,30,9.999999747378752e-06,1778849928.3126717
grallator_flat,Loss/learning_rate,31,9.999999747378752e-06,1778849929.34093
grallator_flat,Loss/learning_rate,32,9.999999747378752e-06,1778849930.3678973
grallator_flat,Loss/learning_rate,33,9.999999747378752e-06,1778849931.3737507
grallator_flat,Loss/learning_rate,34,9.999999747378752e-06,1778849932.3981538
grallator_flat,Loss/learning_rate,35,9.999999747378752e-06,1778849933.4102585
grallator_flat,Loss/learning_rate,36,9.999999747378752e-06,1778849934.4419587
grallator_flat,Loss/learning_rate,37,9.999999747378752e-06,1778849935.459809
grallator_flat,Loss/learning_rate,38,9.999999747378752e-06,1778849936.4824073
grallator_flat,Loss/learning_rate,39,9.999999747378752e-06,1778849937.5161128
grallator_flat,Loss/learning_rate,40,9.999999747378752e-06,1778849938.5565846
grallator_flat,Loss/learning_rate,41,9.999999747378752e-06,1778849939.5828166
grallator_flat,Loss/learning_rate,42,9.999999747378752e-06,1778849940.6079879
grallator_flat,Loss/learning_rate,43,9.999999747378752e-06,1778849941.6307406
grallator_flat,Loss/learning_rate,44,9.999999747378752e-06,1778849942.6605258
grallator_flat,Loss/learning_rate,45,1.4999999621068127e-05,1778849943.708705
grallator_flat,Loss/learning_rate,46,9.999999747378752e-06,1778849944.7320259
grallator_flat,Loss/learning_rate,47,9.999999747378752e-06,1778849945.7660246
grallator_flat,Loss/learning_rate,48,9.999999747378752e-06,1778849946.784611
grallator_flat,Loss/learning_rate,49,9.999999747378752e-06,1778849947.7955768
grallator_flat,Loss/learning_rate,50,9.999999747378752e-06,1778849948.8253067
grallator_flat,Loss/learning_rate,51,9.999999747378752e-06,1778849949.9134889
grallator_flat,Loss/learning_rate,52,9.999999747378752e-06,1778849950.9421086
grallator_flat,Loss/learning_rate,53,9.999999747378752e-06,1778849951.9715772
grallator_flat,Loss/learning_rate,54,9.999999747378752e-06,1778849952.9831061
grallator_flat,Loss/learning_rate,55,9.999999747378752e-06,1778849953.9990032
grallator_flat,Loss/learning_rate,56,9.999999747378752e-06,1778849955.0127997
grallator_flat,Loss/learning_rate,57,9.999999747378752e-06,1778849956.0646198
grallator_flat,Loss/learning_rate,58,9.999999747378752e-06,1778849957.0915835
grallator_flat,Loss/learning_rate,59,9.999999747378752e-06,1778849958.1050355
grallator_flat,Loss/learning_rate,60,9.999999747378752e-06,1778849959.1327398
grallator_flat,Loss/learning_rate,61,9.999999747378752e-06,1778849960.1678782
grallator_flat,Loss/learning_rate,62,9.999999747378752e-06,1778849961.2994835
grallator_flat,Loss/learning_rate,63,9.999999747378752e-06,1778849962.3186653
grallator_flat,Loss/learning_rate,64,9.999999747378752e-06,1778849963.334399
grallator_flat,Loss/learning_rate,65,9.999999747378752e-06,1778849964.3870242
grallator_flat,Loss/learning_rate,66,9.999999747378752e-06,1778849965.4077406
grallator_flat,Loss/learning_rate,67,9.999999747378752e-06,1778849966.4350276
grallator_flat,Loss/learning_rate,68,9.999999747378752e-06,1778849967.4546597
grallator_flat,Loss/learning_rate,69,9.999999747378752e-06,1778849968.473779
grallator_flat,Loss/learning_rate,70,9.999999747378752e-06,1778849969.4882977
grallator_flat,Loss/learning_rate,71,9.999999747378752e-06,1778849970.501776
grallator_flat,Loss/learning_rate,72,9.999999747378752e-06,1778849971.62901
grallator_flat,Loss/learning_rate,73,9.999999747378752e-06,1778849972.6539888
grallator_flat,Loss/learning_rate,74,9.999999747378752e-06,1778849973.6827657
grallator_flat,Loss/learning_rate,75,9.999999747378752e-06,1778849974.7140472
grallator_flat,Loss/learning_rate,76,9.999999747378752e-06,1778849975.7266228
grallator_flat,Loss/learning_rate,77,3.3749998692655936e-05,1778849976.7390501
grallator_flat,Loss/learning_rate,78,9.999999747378752e-06,1778849977.7517033
grallator_flat,Loss/learning_rate,79,9.999999747378752e-06,1778849978.760013
grallator_flat,Loss/learning_rate,80,9.999999747378752e-06,1778849979.786595
grallator_flat,Loss/learning_rate,81,9.999999747378752e-06,1778849980.7989166
grallator_flat,Loss/learning_rate,82,9.999999747378752e-06,1778849981.8147118
grallator_flat,Loss/learning_rate,83,9.999999747378752e-06,1778849982.8938785
grallator_flat,Loss/learning_rate,84,9.999999747378752e-06,1778849983.900725
grallator_flat,Loss/learning_rate,85,9.999999747378752e-06,1778849984.9098814
grallator_flat,Loss/learning_rate,86,9.999999747378752e-06,1778849985.9235895
grallator_flat,Loss/learning_rate,87,0.00011390625149942935,1778849986.9673002
grallator_flat,Loss/learning_rate,88,9.999999747378752e-06,1778849988.023503
grallator_flat,Loss/learning_rate,89,9.999999747378752e-06,1778849989.033362
grallator_flat,Loss/learning_rate,90,9.999999747378752e-06,1778849990.056956
grallator_flat,Loss/learning_rate,91,9.999999747378752e-06,1778849991.0634627
grallator_flat,Loss/learning_rate,92,9.999999747378752e-06,1778849992.070209
grallator_flat,Loss/learning_rate,93,9.999999747378752e-06,1778849993.0800858
grallator_flat,Loss/learning_rate,94,9.999999747378752e-06,1778849994.188054
grallator_flat,Loss/learning_rate,95,9.999999747378752e-06,1778849995.1879203
grallator_flat,Loss/learning_rate,96,9.999999747378752e-06,1778849996.1909568
grallator_flat,Loss/learning_rate,97,9.999999747378752e-06,1778849997.189728
grallator_flat,Loss/learning_rate,98,9.999999747378752e-06,1778849998.2127666
grallator_flat,Loss/learning_rate,99,9.999999747378752e-06,1778849999.2429616
grallator_flat,Policy/mean_noise_std,0,1.000490665435791,1778849898.0822434
grallator_flat,Policy/mean_noise_std,1,1.0003986358642578,1778849899.1205997
grallator_flat,Policy/mean_noise_std,2,1.0002764463424683,1778849900.097241
grallator_flat,Policy/mean_noise_std,3,1.0003687143325806,1778849901.538352
grallator_flat,Policy/mean_noise_std,4,1.000345230102539,1778849902.5347078
grallator_flat,Policy/mean_noise_std,5,1.000025987625122,1778849903.52563
grallator_flat,Policy/mean_noise_std,6,1.0002774000167847,1778849904.497854
grallator_flat,Policy/mean_noise_std,7,0.9999294281005859,1778849905.4736764
grallator_flat,Policy/mean_noise_std,8,0.9996739625930786,1778849906.5336356
grallator_flat,Policy/mean_noise_std,9,0.9999106526374817,1778849907.4992619
grallator_flat,Policy/mean_noise_std,10,0.9998224973678589,1778849908.487566
grallator_flat,Policy/mean_noise_std,11,0.9996630549430847,1778849909.4810376
grallator_flat,Policy/mean_noise_std,12,0.9995754957199097,1778849910.4583163
grallator_flat,Policy/mean_noise_std,13,0.9993481040000916,1778849911.432502
grallator_flat,Policy/mean_noise_std,14,0.9986816048622131,1778849912.4069362
grallator_flat,Policy/mean_noise_std,15,0.9987483620643616,1778849913.4045477
grallator_flat,Policy/mean_noise_std,16,0.9989497065544128,1778849914.4169424
grallator_flat,Policy/mean_noise_std,17,0.9987344741821289,1778849915.3887749
grallator_flat,Policy/mean_noise_std,18,0.9984144568443298,1778849916.3702347
grallator_flat,Policy/mean_noise_std,19,0.998205840587616,1778849917.4384778
grallator_flat,Policy/mean_noise_std,20,0.9980321526527405,1778849918.4147232
grallator_flat,Policy/mean_noise_std,21,0.9983386993408203,1778849919.3862896
grallator_flat,Policy/mean_noise_std,22,0.9983261227607727,1778849920.3523276
grallator_flat,Policy/mean_noise_std,23,0.9984052777290344,1778849921.3469236
grallator_flat,Policy/mean_noise_std,24,0.9986956119537354,1778849922.3224008
grallator_flat,Policy/mean_noise_std,25,0.9985430836677551,1778849923.3058412
grallator_flat,Policy/mean_noise_std,26,0.9981260299682617,1778849924.2865312
grallator_flat,Policy/mean_noise_std,27,0.9982381463050842,1778849925.2564943
grallator_flat,Policy/mean_noise_std,28,0.9981145858764648,1778849926.2371469
grallator_flat,Policy/mean_noise_std,29,0.9977971315383911,1778849927.2310658
grallator_flat,Policy/mean_noise_std,30,0.9978110194206238,1778849928.3127646
grallator_flat,Policy/mean_noise_std,31,0.9979031682014465,1778849929.341023
grallator_flat,Policy/mean_noise_std,32,0.9977502822875977,1778849930.3679433
grallator_flat,Policy/mean_noise_std,33,0.9978061318397522,1778849931.3738515
grallator_flat,Policy/mean_noise_std,34,0.9981317520141602,1778849932.3982525
grallator_flat,Policy/mean_noise_std,35,0.9982109069824219,1778849933.4103053
grallator_flat,Policy/mean_noise_std,36,0.9979031085968018,1778849934.4420397
grallator_flat,Policy/mean_noise_std,37,0.9976996183395386,1778849935.4598553
grallator_flat,Policy/mean_noise_std,38,0.997529149055481,1778849936.4825094
grallator_flat,Policy/mean_noise_std,39,0.9972057342529297,1778849937.5162065
grallator_flat,Policy/mean_noise_std,40,0.9970760345458984,1778849938.556677
grallator_flat,Policy/mean_noise_std,41,0.9971932172775269,1778849939.582898
grallator_flat,Policy/mean_noise_std,42,0.9973182678222656,1778849940.608111
grallator_flat,Policy/mean_noise_std,43,0.996934175491333,1778849941.6307878
grallator_flat,Policy/mean_noise_std,44,0.9965362548828125,1778849942.660606
grallator_flat,Policy/mean_noise_std,45,0.9963194727897644,1778849943.708802
grallator_flat,Policy/mean_noise_std,46,0.9963497519493103,1778849944.7321415
grallator_flat,Policy/mean_noise_std,47,0.9963390827178955,1778849945.7661436
grallator_flat,Policy/mean_noise_std,48,0.9962196350097656,1778849946.784704
grallator_flat,Policy/mean_noise_std,49,0.9960983991622925,1778849947.7956634
grallator_flat,Policy/mean_noise_std,50,0.9957979321479797,1778849948.8253522
grallator_flat,Policy/mean_noise_std,51,0.9955054521560669,1778849949.9135835
grallator_flat,Policy/mean_noise_std,52,0.9956705570220947,1778849950.9421988
grallator_flat,Policy/mean_noise_std,53,0.996001124382019,1778849951.971641
grallator_flat,Policy/mean_noise_std,54,0.9958981275558472,1778849952.9832065
grallator_flat,Policy/mean_noise_std,55,0.9957346320152283,1778849953.9990537
grallator_flat,Policy/mean_noise_std,56,0.9955241084098816,1778849955.0129087
grallator_flat,Policy/mean_noise_std,57,0.9954397678375244,1778849956.0647147
grallator_flat,Policy/mean_noise_std,58,0.995433509349823,1778849957.0916302
grallator_flat,Policy/mean_noise_std,59,0.9953592419624329,1778849958.1051648
grallator_flat,Policy/mean_noise_std,60,0.995337188243866,1778849959.1327856
grallator_flat,Policy/mean_noise_std,61,0.9952484965324402,1778849960.1679728
grallator_flat,Policy/mean_noise_std,62,0.995448887348175,1778849961.2995877
grallator_flat,Policy/mean_noise_std,63,0.9954062700271606,1778849962.3187275
grallator_flat,Policy/mean_noise_std,64,0.9952746629714966,1778849963.3344991
grallator_flat,Policy/mean_noise_std,65,0.9953098297119141,1778849964.3871233
grallator_flat,Policy/mean_noise_std,66,0.9953193664550781,1778849965.4078434
grallator_flat,Policy/mean_noise_std,67,0.9951978325843811,1778849966.4351506
grallator_flat,Policy/mean_noise_std,68,0.9951050281524658,1778849967.4547052
grallator_flat,Policy/mean_noise_std,69,0.9950502514839172,1778849968.4738684
grallator_flat,Policy/mean_noise_std,70,0.9949720501899719,1778849969.4884052
grallator_flat,Policy/mean_noise_std,71,0.9949016571044922,1778849970.5018687
grallator_flat,Policy/mean_noise_std,72,0.9948455095291138,1778849971.6290963
grallator_flat,Policy/mean_noise_std,73,0.9948908686637878,1778849972.6541054
grallator_flat,Policy/mean_noise_std,74,0.9949576258659363,1778849973.6828716
grallator_flat,Policy/mean_noise_std,75,0.9951589703559875,1778849974.7141154
grallator_flat,Policy/mean_noise_std,76,0.9951910376548767,1778849975.7267253
grallator_flat,Policy/mean_noise_std,77,0.9952288866043091,1778849976.739161
grallator_flat,Policy/mean_noise_std,78,0.9952143430709839,1778849977.7517996
grallator_flat,Policy/mean_noise_std,79,0.995146632194519,1778849978.7601218
grallator_flat,Policy/mean_noise_std,80,0.9950540661811829,1778849979.78671
grallator_flat,Policy/mean_noise_std,81,0.994990885257721,1778849980.7989619
grallator_flat,Policy/mean_noise_std,82,0.9949498772621155,1778849981.814806
grallator_flat,Policy/mean_noise_std,83,0.9949479699134827,1778849982.893938
grallator_flat,Policy/mean_noise_std,84,0.9948373436927795,1778849983.9008136
grallator_flat,Policy/mean_noise_std,85,0.9947575330734253,1778849984.9099278
grallator_flat,Policy/mean_noise_std,86,0.9946390986442566,1778849985.9236972
grallator_flat,Policy/mean_noise_std,87,0.994380533695221,1778849986.9673927
grallator_flat,Policy/mean_noise_std,88,0.994278073310852,1778849988.023594
grallator_flat,Policy/mean_noise_std,89,0.9943302869796753,1778849989.0334585
grallator_flat,Policy/mean_noise_std,90,0.9943455457687378,1778849990.0570018
grallator_flat,Policy/mean_noise_std,91,0.9943854212760925,1778849991.0635648
grallator_flat,Policy/mean_noise_std,92,0.9943884015083313,1778849992.070254
grallator_flat,Policy/mean_noise_std,93,0.9942284822463989,1778849993.0801563
grallator_flat,Policy/mean_noise_std,94,0.9940261840820312,1778849994.188157
grallator_flat,Policy/mean_noise_std,95,0.9940418601036072,1778849995.1880026
grallator_flat,Policy/mean_noise_std,96,0.9940804243087769,1778849996.1910558
grallator_flat,Policy/mean_noise_std,97,0.994066059589386,1778849997.1898217
grallator_flat,Policy/mean_noise_std,98,0.9940931797027588,1778849998.212813
grallator_flat,Policy/mean_noise_std,99,0.9940780997276306,1778849999.2430582
grallator_flat,Perf/total_fps,0,186.0,1778849898.082265
grallator_flat,Perf/total_fps,1,404.0,1778849899.120624
grallator_flat,Perf/total_fps,2,396.0,1778849900.0972607
grallator_flat,Perf/total_fps,3,267.0,1778849901.538372
grallator_flat,Perf/total_fps,4,388.0,1778849902.5347302
grallator_flat,Perf/total_fps,5,390.0,1778849903.5256507
grallator_flat,Perf/total_fps,6,398.0,1778849904.4978755
grallator_flat,Perf/total_fps,7,396.0,1778849905.4736974
grallator_flat,Perf/total_fps,8,364.0,1778849906.5336564
grallator_flat,Perf/total_fps,9,401.0,1778849907.4992838
grallator_flat,Perf/total_fps,10,392.0,1778849908.4875834
grallator_flat,Perf/total_fps,11,389.0,1778849909.4810586
grallator_flat,Perf/total_fps,12,396.0,1778849910.4583368
grallator_flat,Perf/total_fps,13,397.0,1778849911.4325202
grallator_flat,Perf/total_fps,14,397.0,1778849912.4069543
grallator_flat,Perf/total_fps,15,388.0,1778849913.4045715
grallator_flat,Perf/total_fps,16,382.0,1778849914.416963
grallator_flat,Perf/total_fps,17,398.0,1778849915.3887932
grallator_flat,Perf/total_fps,18,394.0,1778849916.3702574
grallator_flat,Perf/total_fps,19,362.0,1778849917.4385
grallator_flat,Perf/total_fps,20,396.0,1778849918.4147444
grallator_flat,Perf/total_fps,21,398.0,1778849919.3863115
grallator_flat,Perf/total_fps,22,401.0,1778849920.3523493
grallator_flat,Perf/total_fps,23,389.0,1778849921.3469434
grallator_flat,Perf/total_fps,24,397.0,1778849922.3224227
grallator_flat,Perf/total_fps,25,393.0,1778849923.305863
grallator_flat,Perf/total_fps,26,394.0,1778849924.286553
grallator_flat,Perf/total_fps,27,399.0,1778849925.2565167
grallator_flat,Perf/total_fps,28,394.0,1778849926.2371688
grallator_flat,Perf/total_fps,29,389.0,1778849927.231107
grallator_flat,Perf/total_fps,30,357.0,1778849928.312787
grallator_flat,Perf/total_fps,31,377.0,1778849929.3410447
grallator_flat,Perf/total_fps,32,377.0,1778849930.3679628
grallator_flat,Perf/total_fps,33,385.0,1778849931.3738778
grallator_flat,Perf/total_fps,34,378.0,1778849932.398274
grallator_flat,Perf/total_fps,35,382.0,1778849933.4103243
grallator_flat,Perf/total_fps,36,375.0,1778849934.4420617
grallator_flat,Perf/total_fps,37,380.0,1778849935.459873
grallator_flat,Perf/total_fps,38,378.0,1778849936.4825315
grallator_flat,Perf/total_fps,39,374.0,1778849937.5162282
grallator_flat,Perf/total_fps,40,372.0,1778849938.5566978
grallator_flat,Perf/total_fps,41,377.0,1778849939.5829196
grallator_flat,Perf/total_fps,42,377.0,1778849940.6081338
grallator_flat,Perf/total_fps,43,378.0,1778849941.630806
grallator_flat,Perf/total_fps,44,375.0,1778849942.6606271
grallator_flat,Perf/total_fps,45,369.0,1778849943.7088244
grallator_flat,Perf/total_fps,46,378.0,1778849944.7321641
grallator_flat,Perf/total_fps,47,374.0,1778849945.7661653
grallator_flat,Perf/total_fps,48,380.0,1778849946.784726
grallator_flat,Perf/total_fps,49,383.0,1778849947.7956843
grallator_flat,Perf/total_fps,50,375.0,1778849948.8253694
grallator_flat,Perf/total_fps,51,359.0,1778849949.913605
grallator_flat,Perf/total_fps,52,376.0,1778849950.9422195
grallator_flat,Perf/total_fps,53,376.0,1778849951.9716635
grallator_flat,Perf/total_fps,54,382.0,1778849952.9832292
grallator_flat,Perf/total_fps,55,381.0,1778849953.999096
grallator_flat,Perf/total_fps,56,382.0,1778849955.0129485
grallator_flat,Perf/total_fps,57,368.0,1778849956.0647364
grallator_flat,Perf/total_fps,58,377.0,1778849957.0916486
grallator_flat,Perf/total_fps,59,382.0,1778849958.1051888
grallator_flat,Perf/total_fps,60,376.0,1778849959.1328027
grallator_flat,Perf/total_fps,61,374.0,1778849960.1679955
grallator_flat,Perf/total_fps,62,342.0,1778849961.2996073
grallator_flat,Perf/total_fps,63,380.0,1778849962.3187487
grallator_flat,Perf/total_fps,64,381.0,1778849963.3345206
grallator_flat,Perf/total_fps,65,368.0,1778849964.3871508
grallator_flat,Perf/total_fps,66,379.0,1778849965.4078643
grallator_flat,Perf/total_fps,67,377.0,1778849966.435173
grallator_flat,Perf/total_fps,68,379.0,1778849967.4547231
grallator_flat,Perf/total_fps,69,379.0,1778849968.4738894
grallator_flat,Perf/total_fps,70,381.0,1778849969.4884255
grallator_flat,Perf/total_fps,71,382.0,1778849970.5018895
grallator_flat,Perf/total_fps,72,343.0,1778849971.629117
grallator_flat,Perf/total_fps,73,377.0,1778849972.6541321
grallator_flat,Perf/total_fps,74,376.0,1778849973.6828928
grallator_flat,Perf/total_fps,75,375.0,1778849974.7141364
grallator_flat,Perf/total_fps,76,382.0,1778849975.7267456
grallator_flat,Perf/total_fps,77,382.0,1778849976.739184
grallator_flat,Perf/total_fps,78,382.0,1778849977.7518213
grallator_flat,Perf/total_fps,79,384.0,1778849978.7601452
grallator_flat,Perf/total_fps,80,378.0,1778849979.7867339
grallator_flat,Perf/total_fps,81,382.0,1778849980.7989802
grallator_flat,Perf/total_fps,82,382.0,1778849981.814828
grallator_flat,Perf/total_fps,83,358.0,1778849982.8939576
grallator_flat,Perf/total_fps,84,384.0,1778849983.900835
grallator_flat,Perf/total_fps,85,383.0,1778849984.909945
grallator_flat,Perf/total_fps,86,382.0,1778849985.9237187
grallator_flat,Perf/total_fps,87,371.0,1778849986.9674144
grallator_flat,Perf/total_fps,88,366.0,1778849988.0236156
grallator_flat,Perf/total_fps,89,383.0,1778849989.0334797
grallator_flat,Perf/total_fps,90,378.0,1778849990.0570288
grallator_flat,Perf/total_fps,91,384.0,1778849991.0635858
grallator_flat,Perf/total_fps,92,384.0,1778849992.0702732
grallator_flat,Perf/total_fps,93,383.0,1778849993.080176
grallator_flat,Perf/total_fps,94,349.0,1778849994.1881795
grallator_flat,Perf/total_fps,95,387.0,1778849995.1880233
grallator_flat,Perf/total_fps,96,386.0,1778849996.1910982
grallator_flat,Perf/total_fps,97,387.0,1778849997.1898427
grallator_flat,Perf/total_fps,98,378.0,1778849998.212831
grallator_flat,Perf/total_fps,99,376.0,1778849999.2430978
grallator_flat,Perf/collection time,0,1.794806957244873,1778849898.0822794
grallator_flat,Perf/collection time,1,0.8577249050140381,1778849899.1206398
grallator_flat,Perf/collection time,2,0.8665041923522949,1778849900.0972745
grallator_flat,Perf/collection time,3,1.3424420356750488,1778849901.538386
grallator_flat,Perf/collection time,4,0.8924505710601807,1778849902.534745
grallator_flat,Perf/collection time,5,0.8879673480987549,1778849903.5256648
grallator_flat,Perf/collection time,6,0.8685331344604492,1778849904.4978898
grallator_flat,Perf/collection time,7,0.8780651092529297,1778849905.4737132
grallator_flat,Perf/collection time,8,0.9567098617553711,1778849906.533671
grallator_flat,Perf/collection time,9,0.8664448261260986,1778849907.4992979
grallator_flat,Perf/collection time,10,0.8870611190795898,1778849908.4875972
grallator_flat,Perf/collection time,11,0.892986536026001,1778849909.4810936
grallator_flat,Perf/collection time,12,0.8662099838256836,1778849910.4583514
grallator_flat,Perf/collection time,13,0.8771493434906006,1778849911.4325337
grallator_flat,Perf/collection time,14,0.8708822727203369,1778849912.4069676
grallator_flat,Perf/collection time,15,0.8877921104431152,1778849913.4045868
grallator_flat,Perf/collection time,16,0.9130940437316895,1778849914.4169772
grallator_flat,Perf/collection time,17,0.8733348846435547,1778849915.3888066
grallator_flat,Perf/collection time,18,0.8792650699615479,1778849916.3702724
grallator_flat,Perf/collection time,19,0.9671509265899658,1778849917.4385142
grallator_flat,Perf/collection time,20,0.8755016326904297,1778849918.4147587
grallator_flat,Perf/collection time,21,0.8667426109313965,1778849919.3863263
grallator_flat,Perf/collection time,22,0.8654227256774902,1778849920.3523629
grallator_flat,Perf/collection time,23,0.8933389186859131,1778849921.346958
grallator_flat,Perf/collection time,24,0.8775675296783447,1778849922.3224373
grallator_flat,Perf/collection time,25,0.883136510848999,1778849923.3058772
grallator_flat,Perf/collection time,26,0.8792495727539062,1778849924.2865674
grallator_flat,Perf/collection time,27,0.8693544864654541,1778849925.2565312
grallator_flat,Perf/collection time,28,0.8792500495910645,1778849926.2371836
grallator_flat,Perf/collection time,29,0.8965318202972412,1778849927.2311223
grallator_flat,Perf/collection time,30,0.9825823307037354,1778849928.3128016
grallator_flat,Perf/collection time,31,0.9136192798614502,1778849929.3410597
grallator_flat,Perf/collection time,32,0.9189705848693848,1778849930.3679767
grallator_flat,Perf/collection time,33,0.9060056209564209,1778849931.3738961
grallator_flat,Perf/collection time,34,0.9229891300201416,1778849932.3982878
grallator_flat,Perf/collection time,35,0.9115808010101318,1778849933.4103382
grallator_flat,Perf/collection time,36,0.9215362071990967,1778849934.4420958
grallator_flat,Perf/collection time,37,0.916764497756958,1778849935.459886
grallator_flat,Perf/collection time,38,0.9211783409118652,1778849936.482546
grallator_flat,Perf/collection time,39,0.9203143119812012,1778849937.516243
grallator_flat,Perf/collection time,40,0.9426131248474121,1778849938.5567126
grallator_flat,Perf/collection time,41,0.9204268455505371,1778849939.5829344
grallator_flat,Perf/collection time,42,0.9233658313751221,1778849940.6081488
grallator_flat,Perf/collection time,43,0.9231894016265869,1778849941.6308193
grallator_flat,Perf/collection time,44,0.9267218112945557,1778849942.6606414
grallator_flat,Perf/collection time,45,0.9456930160522461,1778849943.7088387
grallator_flat,Perf/collection time,46,0.9261655807495117,1778849944.732179
grallator_flat,Perf/collection time,47,0.9341690540313721,1778849945.7661798
grallator_flat,Perf/collection time,48,0.9154708385467529,1778849946.7847412
grallator_flat,Perf/collection time,49,0.9097452163696289,1778849947.7956984
grallator_flat,Perf/collection time,50,0.9150192737579346,1778849948.8253832
grallator_flat,Perf/collection time,51,0.9665305614471436,1778849949.9136198
grallator_flat,Perf/collection time,52,0.9279177188873291,1778849950.9422333
grallator_flat,Perf/collection time,53,0.927088737487793,1778849951.9716783
grallator_flat,Perf/collection time,54,0.9109206199645996,1778849952.983244
grallator_flat,Perf/collection time,55,0.9112834930419922,1778849953.9991128
grallator_flat,Perf/collection time,56,0.9114081859588623,1778849955.0129802
grallator_flat,Perf/collection time,57,0.9406917095184326,1778849956.0647504
grallator_flat,Perf/collection time,58,0.9276909828186035,1778849957.0916622
grallator_flat,Perf/collection time,59,0.9098258018493652,1778849958.105205
grallator_flat,Perf/collection time,60,0.9265837669372559,1778849959.1328158
grallator_flat,Perf/collection time,61,0.9341051578521729,1778849960.1680107
grallator_flat,Perf/collection time,62,1.0294156074523926,1778849961.2996228
grallator_flat,Perf/collection time,63,0.9103198051452637,1778849962.3187635
grallator_flat,Perf/collection time,64,0.9104642868041992,1778849963.3345351
grallator_flat,Perf/collection time,65,0.9334189891815186,1778849964.3871799
grallator_flat,Perf/collection time,66,0.9132721424102783,1778849965.4078786
grallator_flat,Perf/collection time,67,0.9135279655456543,1778849966.4351888
grallator_flat,Perf/collection time,68,0.9178211688995361,1778849967.4547367
grallator_flat,Perf/collection time,69,0.9126803874969482,1778849968.473904
grallator_flat,Perf/collection time,70,0.9141790866851807,1778849969.4884398
grallator_flat,Perf/collection time,71,0.911766529083252,1778849970.5019035
grallator_flat,Perf/collection time,72,1.017425537109375,1778849971.6291313
grallator_flat,Perf/collection time,73,0.9154980182647705,1778849972.6541479
grallator_flat,Perf/collection time,74,0.9282219409942627,1778849973.6829073
grallator_flat,Perf/collection time,75,0.928978681564331,1778849974.7141502
grallator_flat,Perf/collection time,76,0.9130110740661621,1778849975.7267601
grallator_flat,Perf/collection time,77,0.907343864440918,1778849976.7391992
grallator_flat,Perf/collection time,78,0.9125645160675049,1778849977.751836
grallator_flat,Perf/collection time,79,0.9075894355773926,1778849978.7601602
grallator_flat,Perf/collection time,80,0.912498950958252,1778849979.786749
grallator_flat,Perf/collection time,81,0.9131009578704834,1778849980.7989936
grallator_flat,Perf/collection time,82,0.9029548168182373,1778849981.8148422
grallator_flat,Perf/collection time,83,0.963921308517456,1778849982.8939712
grallator_flat,Perf/collection time,84,0.9063153266906738,1778849983.9008496
grallator_flat,Perf/collection time,85,0.9065799713134766,1778849984.9099584
grallator_flat,Perf/collection time,86,0.9049797058105469,1778849985.9237394
grallator_flat,Perf/collection time,87,0.9432060718536377,1778849986.967429
grallator_flat,Perf/collection time,88,0.9548587799072266,1778849988.0236304
grallator_flat,Perf/collection time,89,0.908916711807251,1778849989.033494
grallator_flat,Perf/collection time,90,0.9246664047241211,1778849990.0570595
grallator_flat,Perf/collection time,91,0.9070756435394287,1778849991.0636005
grallator_flat,Perf/collection time,92,0.9068202972412109,1778849992.0702875
grallator_flat,Perf/collection time,93,0.9106159210205078,1778849993.08019
grallator_flat,Perf/collection time,94,1.0047447681427002,1778849994.1881945
grallator_flat,Perf/collection time,95,0.9003794193267822,1778849995.1880379
grallator_flat,Perf/collection time,96,0.9020183086395264,1778849996.1911147
grallator_flat,Perf/collection time,97,0.901458740234375,1778849997.189857
grallator_flat,Perf/collection time,98,0.9170064926147461,1778849998.2128441
grallator_flat,Perf/collection time,99,0.9298994541168213,1778849999.2431147
grallator_flat,Perf/learning_time,0,0.26107239723205566,1778849898.0822923
grallator_flat,Perf/learning_time,1,0.09256172180175781,1778849899.1206539
grallator_flat,Perf/learning_time,2,0.10225081443786621,1778849900.0972877
grallator_flat,Perf/learning_time,3,0.09046792984008789,1778849901.5383987
grallator_flat,Perf/learning_time,4,0.09504532814025879,1778849902.534758
grallator_flat,Perf/learning_time,5,0.09428167343139648,1778849903.5256777
grallator_flat,Perf/learning_time,6,0.09490227699279785,1778849904.497904
grallator_flat,Perf/learning_time,7,0.08944964408874512,1778849905.4737263
grallator_flat,Perf/learning_time,8,0.09554386138916016,1778849906.5336838
grallator_flat,Perf/learning_time,9,0.09090781211853027,1778849907.4993105
grallator_flat,Perf/learning_time,10,0.09237337112426758,1778849908.48761
grallator_flat,Perf/learning_time,11,0.09190750122070312,1778849909.4811099
grallator_flat,Perf/learning_time,12,0.10188460350036621,1778849910.4583645
grallator_flat,Perf/learning_time,13,0.08883881568908691,1778849911.4325466
grallator_flat,Perf/learning_time,14,0.09422540664672852,1778849912.4069808
grallator_flat,Perf/learning_time,15,0.10049891471862793,1778849913.4046006
grallator_flat,Perf/learning_time,16,0.09087252616882324,1778849914.41699
grallator_flat,Perf/learning_time,17,0.09021687507629395,1778849915.3888195
grallator_flat,Perf/learning_time,18,0.09290623664855957,1778849916.3702855
grallator_flat,Perf/learning_time,19,0.09153461456298828,1778849917.4385269
grallator_flat,Perf/learning_time,20,0.09205341339111328,1778849918.4147718
grallator_flat,Perf/learning_time,21,0.09653806686401367,1778849919.38634
grallator_flat,Perf/learning_time,22,0.0911567211151123,1778849920.3523765
grallator_flat,Perf/learning_time,23,0.09264063835144043,1778849921.3469706
grallator_flat,Perf/learning_time,24,0.0895075798034668,1778849922.3224504
grallator_flat,Perf/learning_time,25,0.09199047088623047,1778849923.3058906
grallator_flat,Perf/learning_time,26,0.09299111366271973,1778849924.2865803
grallator_flat,Perf/learning_time,27,0.09230899810791016,1778849925.2565446
grallator_flat,Perf/learning_time,28,0.09310197830200195,1778849926.2371967
grallator_flat,Perf/learning_time,29,0.08890891075134277,1778849927.2311351
grallator_flat,Perf/learning_time,30,0.09097695350646973,1778849928.3128145
grallator_flat,Perf/learning_time,31,0.10355496406555176,1778849929.3410974
grallator_flat,Perf/learning_time,32,0.09940028190612793,1778849930.3679898
grallator_flat,Perf/learning_time,33,0.09132909774780273,1778849931.3739126
grallator_flat,Perf/learning_time,34,0.09234881401062012,1778849932.3983011
grallator_flat,Perf/learning_time,35,0.09203028678894043,1778849933.410351
grallator_flat,Perf/learning_time,36,0.1019906997680664,1778849934.4421108
grallator_flat,Perf/learning_time,37,0.09264874458312988,1778849935.4598987
grallator_flat,Perf/learning_time,38,0.09315085411071777,1778849936.4825597
grallator_flat,Perf/learning_time,39,0.10417509078979492,1778849937.5162563
grallator_flat,Perf/learning_time,40,0.08941006660461426,1778849938.556726
grallator_flat,Perf/learning_time,41,0.09751176834106445,1778849939.5829475
grallator_flat,Perf/learning_time,42,0.0929250717163086,1778849940.6081614
grallator_flat,Perf/learning_time,43,0.09137082099914551,1778849941.630832
grallator_flat,Perf/learning_time,44,0.09480071067810059,1778849942.6606543
grallator_flat,Perf/learning_time,45,0.0935206413269043,1778849943.7088518
grallator_flat,Perf/learning_time,46,0.08882403373718262,1778849944.7321925
grallator_flat,Perf/learning_time,47,0.09173393249511719,1778849945.7661932
grallator_flat,Perf/learning_time,48,0.09281563758850098,1778849946.7847543
grallator_flat,Perf/learning_time,49,0.09242010116577148,1778849947.7957118
grallator_flat,Perf/learning_time,50,0.1065058708190918,1778849948.8253963
grallator_flat,Perf/learning_time,51,0.10020637512207031,1778849949.9136329
grallator_flat,Perf/learning_time,52,0.09220099449157715,1778849950.9422462
grallator_flat,Perf/learning_time,53,0.09297013282775879,1778849951.9716914
grallator_flat,Perf/learning_time,54,0.09218239784240723,1778849952.9832575
grallator_flat,Perf/learning_time,55,0.09634852409362793,1778849953.9991262
grallator_flat,Perf/learning_time,56,0.09342145919799805,1778849955.013009
grallator_flat,Perf/learning_time,57,0.101898193359375,1778849956.0647633
grallator_flat,Perf/learning_time,58,0.09086751937866211,1778849957.0916753
grallator_flat,Perf/learning_time,59,0.09438133239746094,1778849958.1052186
grallator_flat,Perf/learning_time,60,0.09222650527954102,1778849959.1328287
grallator_flat,Perf/learning_time,61,0.09240412712097168,1778849960.168024
grallator_flat,Perf/learning_time,62,0.09326767921447754,1778849961.2996354
grallator_flat,Perf/learning_time,63,0.09966278076171875,1778849962.3187768
grallator_flat,Perf/learning_time,64,0.09683680534362793,1778849963.3345482
grallator_flat,Perf/learning_time,65,0.10834765434265137,1778849964.3871944
grallator_flat,Perf/learning_time,66,0.09852313995361328,1778849965.4078918
grallator_flat,Perf/learning_time,67,0.1028900146484375,1778849966.4352174
grallator_flat,Perf/learning_time,68,0.09331417083740234,1778849967.4547496
grallator_flat,Perf/learning_time,69,0.09793758392333984,1778849968.4739172
grallator_flat,Perf/learning_time,70,0.09205746650695801,1778849969.4884527
grallator_flat,Perf/learning_time,71,0.0933990478515625,1778849970.5019164
grallator_flat,Perf/learning_time,72,0.10130620002746582,1778849971.6291444
grallator_flat,Perf/learning_time,73,0.10121417045593262,1778849972.654161
grallator_flat,Perf/learning_time,74,0.0915980339050293,1778849973.6829205
grallator_flat,Perf/learning_time,75,0.09352946281433105,1778849974.7141633
grallator_flat,Perf/learning_time,76,0.09093070030212402,1778849975.7267733
grallator_flat,Perf/learning_time,77,0.09617018699645996,1778849976.7392123
grallator_flat,Perf/learning_time,78,0.09149956703186035,1778849977.7518494
grallator_flat,Perf/learning_time,79,0.09191083908081055,1778849978.7601736
grallator_flat,Perf/learning_time,80,0.10323786735534668,1778849979.7867758
grallator_flat,Perf/learning_time,81,0.09070396423339844,1778849980.7990065
grallator_flat,Perf/learning_time,82,0.10214662551879883,1778849981.814855
grallator_flat,Perf/learning_time,83,0.10605955123901367,1778849982.8939838
grallator_flat,Perf/learning_time,84,0.09217643737792969,1778849983.9008627
grallator_flat,Perf/learning_time,85,0.09423017501831055,1778849984.909971
grallator_flat,Perf/learning_time,86,0.09822273254394531,1778849985.9237666
grallator_flat,Perf/learning_time,87,0.09166145324707031,1778849986.967452
grallator_flat,Perf/learning_time,88,0.0925443172454834,1778849988.0236435
grallator_flat,Perf/learning_time,89,0.0924527645111084,1778849989.033507
grallator_flat,Perf/learning_time,90,0.09052157402038574,1778849990.0570939
grallator_flat,Perf/learning_time,91,0.09091377258300781,1778849991.0636141
grallator_flat,Perf/learning_time,92,0.09140467643737793,1778849992.0702999
grallator_flat,Perf/learning_time,93,0.09082412719726562,1778849993.0802028
grallator_flat,Perf/learning_time,94,0.09438252449035645,1778849994.1882079
grallator_flat,Perf/learning_time,95,0.09104371070861816,1778849995.1880517
grallator_flat,Perf/learning_time,96,0.0923771858215332,1778849996.1911278
grallator_flat,Perf/learning_time,97,0.08924412727355957,1778849997.1898704
grallator_flat,Perf/learning_time,98,0.09734272956848145,1778849998.2128568
grallator_flat,Perf/learning_time,99,0.09118032455444336,1778849999.2431285
grallator_flat,Train/mean_reward,3,-7.4312944412231445,1778849901.538489
grallator_flat,Train/mean_reward,4,-7.777289867401123,1778849902.534838
grallator_flat,Train/mean_reward,5,-8.119083404541016,1778849903.5257614
grallator_flat,Train/mean_reward,6,-8.119083404541016,1778849904.497987
grallator_flat,Train/mean_reward,7,-8.119083404541016,1778849905.473807
grallator_flat,Train/mean_reward,8,-8.119083404541016,1778849906.533765
grallator_flat,Train/mean_reward,9,-8.119083404541016,1778849907.4993916
grallator_flat,Train/mean_reward,10,-9.18199634552002,1778849908.4876926
grallator_flat,Train/mean_reward,11,-9.775500297546387,1778849909.4811933
grallator_flat,Train/mean_reward,12,-9.775500297546387,1778849910.4584503
grallator_flat,Train/mean_reward,13,-9.775500297546387,1778849911.4326286
grallator_flat,Train/mean_reward,14,-9.775500297546387,1778849912.4070635
grallator_flat,Train/mean_reward,15,-10.853960990905762,1778849913.404684
grallator_flat,Train/mean_reward,16,-12.342183113098145,1778849914.417094
grallator_flat,Train/mean_reward,17,-12.342183113098145,1778849915.3889053
grallator_flat,Train/mean_reward,18,-12.91736888885498,1778849916.370372
grallator_flat,Train/mean_reward,19,-13.309250831604004,1778849917.4386163
grallator_flat,Train/mean_reward,20,-13.309250831604004,1778849918.4148567
grallator_flat,Train/mean_reward,21,-13.309250831604004,1778849919.3864272
grallator_flat,Train/mean_reward,22,-13.309250831604004,1778849920.3524637
grallator_flat,Train/mean_reward,23,-13.867341995239258,1778849921.3470585
grallator_flat,Train/mean_reward,24,-13.867341995239258,1778849922.3225393
grallator_flat,Train/mean_reward,25,-13.867341995239258,1778849923.3059785
grallator_flat,Train/mean_reward,26,-13.867341995239258,1778849924.2866638
grallator_flat,Train/mean_reward,27,-13.867341995239258,1778849925.2566328
grallator_flat,Train/mean_reward,28,-13.867341995239258,1778849926.2372847
grallator_flat,Train/mean_reward,29,-13.867341995239258,1778849927.2312233
grallator_flat,Train/mean_reward,30,-13.867341995239258,1778849928.3129013
grallator_flat,Train/mean_reward,31,-14.91463851928711,1778849929.341196
grallator_flat,Train/mean_reward,32,-16.408716201782227,1778849930.3681285
grallator_flat,Train/mean_reward,33,-16.408716201782227,1778849931.374031
grallator_flat,Train/mean_reward,34,-17.51447868347168,1778849932.3983989
grallator_flat,Train/mean_reward,35,-17.51447868347168,1778849933.4104505
grallator_flat,Train/mean_reward,36,-17.51447868347168,1778849934.4422092
grallator_flat,Train/mean_reward,37,-17.51447868347168,1778849935.4599955
grallator_flat,Train/mean_reward,38,-17.51447868347168,1778849936.4826596
grallator_flat,Train/mean_reward,39,-17.51447868347168,1778849937.5163548
grallator_flat,Train/mean_reward,40,-19.553207397460938,1778849938.556827
grallator_flat,Train/mean_reward,41,-19.553207397460938,1778849939.5830476
grallator_flat,Train/mean_reward,42,-19.553207397460938,1778849940.6082623
grallator_flat,Train/mean_reward,43,-19.553207397460938,1778849941.6309276
grallator_flat,Train/mean_reward,44,-19.553207397460938,1778849942.660753
grallator_flat,Train/mean_reward,45,-22.063196182250977,1778849943.708954
grallator_flat,Train/mean_reward,46,-23.555362701416016,1778849944.7322948
grallator_flat,Train/mean_reward,47,-25.151948928833008,1778849945.7662952
grallator_flat,Train/mean_reward,48,-25.151948928833008,1778849946.7848606
grallator_flat,Train/mean_reward,49,-25.151948928833008,1778849947.7958138
grallator_flat,Train/mean_reward,50,-25.151948928833008,1778849948.8254986
grallator_flat,Train/mean_reward,51,-25.151948928833008,1778849949.913735
grallator_flat,Train/mean_reward,52,-26.218826293945312,1778849950.9423501
grallator_flat,Train/mean_reward,53,-27.174253463745117,1778849951.9717958
grallator_flat,Train/mean_reward,54,-27.174253463745117,1778849952.983364
grallator_flat,Train/mean_reward,55,-27.174253463745117,1778849953.9992318
grallator_flat,Train/mean_reward,56,-28.302595138549805,1778849955.0132136
grallator_flat,Train/mean_reward,57,-29.255769729614258,1778849956.0648692
grallator_flat,Train/mean_reward,58,-29.897119522094727,1778849957.0917869
grallator_flat,Train/mean_reward,59,-29.897119522094727,1778849958.1053324
grallator_flat,Train/mean_reward,60,-30.996780395507812,1778849959.1329415
grallator_flat,Train/mean_reward,61,-31.551376342773438,1778849960.16816
grallator_flat,Train/mean_reward,62,-31.551376342773438,1778849961.299747
grallator_flat,Train/mean_reward,63,-31.551376342773438,1778849962.3188903
grallator_flat,Train/mean_reward,64,-31.551376342773438,1778849963.3346615
grallator_flat,Train/mean_reward,65,-32.349609375,1778849964.3873427
grallator_flat,Train/mean_reward,66,-32.349609375,1778849965.4080076
grallator_flat,Train/mean_reward,67,-32.349609375,1778849966.4353518
grallator_flat,Train/mean_reward,68,-32.349609375,1778849967.4548645
grallator_flat,Train/mean_reward,69,-32.349609375,1778849968.4740307
grallator_flat,Train/mean_reward,70,-32.349609375,1778849969.4885657
grallator_flat,Train/mean_reward,71,-32.349609375,1778849970.5020285
grallator_flat,Train/mean_reward,72,-32.99970245361328,1778849971.629259
grallator_flat,Train/mean_reward,73,-32.99970245361328,1778849972.6542768
grallator_flat,Train/mean_reward,74,-33.682979583740234,1778849973.683042
grallator_flat,Train/mean_reward,75,-34.08711242675781,1778849974.7142835
grallator_flat,Train/mean_reward,76,-34.08711242675781,1778849975.7268913
grallator_flat,Train/mean_reward,77,-34.08711242675781,1778849976.739333
grallator_flat,Train/mean_reward,78,-34.08711242675781,1778849977.751969
grallator_flat,Train/mean_reward,79,-34.08711242675781,1778849978.7602947
grallator_flat,Train/mean_reward,80,-34.08711242675781,1778849979.7869272
grallator_flat,Train/mean_reward,81,-34.54330062866211,1778849980.7991529
grallator_flat,Train/mean_reward,82,-34.54330062866211,1778849981.8149765
grallator_flat,Train/mean_reward,83,-34.54330062866211,1778849982.8941307
grallator_flat,Train/mean_reward,84,-34.54330062866211,1778849983.900983
grallator_flat,Train/mean_reward,85,-34.54330062866211,1778849984.910117
grallator_flat,Train/mean_reward,86,-34.54330062866211,1778849985.9239047
grallator_flat,Train/mean_reward,87,-35.329139709472656,1778849986.967578
grallator_flat,Train/mean_reward,88,-36.11139678955078,1778849988.0237703
grallator_flat,Train/mean_reward,89,-36.11139678955078,1778849989.0336332
grallator_flat,Train/mean_reward,90,-36.11139678955078,1778849990.0572386
grallator_flat,Train/mean_reward,91,-36.11139678955078,1778849991.063742
grallator_flat,Train/mean_reward,92,-36.11139678955078,1778849992.070424
grallator_flat,Train/mean_reward,93,-36.11139678955078,1778849993.0803275
grallator_flat,Train/mean_reward,94,-36.679019927978516,1778849994.188351
grallator_flat,Train/mean_reward,95,-36.679019927978516,1778849995.1881988
grallator_flat,Train/mean_reward,96,-36.679019927978516,1778849996.1912558
grallator_flat,Train/mean_reward,97,-36.679019927978516,1778849997.1899924
grallator_flat,Train/mean_reward,98,-37.02402877807617,1778849998.2129831
grallator_flat,Train/mean_reward,99,-37.2251091003418,1778849999.2432585
grallator_flat,Train/mean_episode_length,3,90.5,1778849901.5385332
grallator_flat,Train/mean_episode_length,4,99.66666412353516,1778849902.5348814
grallator_flat,Train/mean_episode_length,5,107.0,1778849903.5258012
grallator_flat,Train/mean_episode_length,6,107.0,1778849904.4980285
grallator_flat,Train/mean_episode_length,7,107.0,1778849905.473849
grallator_flat,Train/mean_episode_length,8,107.0,1778849906.5338058
grallator_flat,Train/mean_episode_length,9,107.0,1778849907.4994457
grallator_flat,Train/mean_episode_length,10,137.8000030517578,1778849908.487735
grallator_flat,Train/mean_episode_length,11,161.0,1778849909.4812353
grallator_flat,Train/mean_episode_length,12,161.0,1778849910.458496
grallator_flat,Train/mean_episode_length,13,161.0,1778849911.4326758
grallator_flat,Train/mean_episode_length,14,161.0,1778849912.4071286
grallator_flat,Train/mean_episode_length,15,190.57142639160156,1778849913.4047298
grallator_flat,Train/mean_episode_length,16,235.88888549804688,1778849914.417143
grallator_flat,Train/mean_episode_length,17,235.88888549804688,1778849915.3889515
grallator_flat,Train/mean_episode_length,18,257.79998779296875,1778849916.3704188
grallator_flat,Train/mean_episode_length,19,277.6363525390625,1778849917.438662
grallator_flat,Train/mean_episode_length,20,277.6363525390625,1778849918.4149027
grallator_flat,Train/mean_episode_length,21,277.6363525390625,1778849919.3864732
grallator_flat,Train/mean_episode_length,22,277.6363525390625,1778849920.3525097
grallator_flat,Train/mean_episode_length,23,302.0,1778849921.3471293
grallator_flat,Train/mean_episode_length,24,302.0,1778849922.3225858
grallator_flat,Train/mean_episode_length,25,302.0,1778849923.3060288
grallator_flat,Train/mean_episode_length,26,302.0,1778849924.2867103
grallator_flat,Train/mean_episode_length,27,302.0,1778849925.256679
grallator_flat,Train/mean_episode_length,28,302.0,1778849926.2373307
grallator_flat,Train/mean_episode_length,29,302.0,1778849927.2312713
grallator_flat,Train/mean_episode_length,30,302.0,1778849928.3129478
grallator_flat,Train/mean_episode_length,31,336.4615478515625,1778849929.3412426
grallator_flat,Train/mean_episode_length,32,368.3571472167969,1778849930.368182
grallator_flat,Train/mean_episode_length,33,368.3571472167969,1778849931.374125
grallator_flat,Train/mean_episode_length,34,398.5333251953125,1778849932.3984473
grallator_flat,Train/mean_episode_length,35,398.5333251953125,1778849933.410503
grallator_flat,Train/mean_episode_length,36,398.5333251953125,1778849934.442261
grallator_flat,Train/mean_episode_length,37,398.5333251953125,1778849935.4600441
grallator_flat,Train/mean_episode_length,38,398.5333251953125,1778849936.482729
grallator_flat,Train/mean_episode_length,39,398.5333251953125,1778849937.5164042
grallator_flat,Train/mean_episode_length,40,433.9375,1778849938.5568779
grallator_flat,Train/mean_episode_length,41,433.9375,1778849939.5831234
grallator_flat,Train/mean_episode_length,42,433.9375,1778849940.6083117
grallator_flat,Train/mean_episode_length,43,433.9375,1778849941.6309755
grallator_flat,Train/mean_episode_length,44,433.9375,1778849942.6608021
grallator_flat,Train/mean_episode_length,45,496.8333435058594,1778849943.709005
grallator_flat,Train/mean_episode_length,46,523.3157958984375,1778849944.7323482
grallator_flat,Train/mean_episode_length,47,547.1500244140625,1778849945.7663457
grallator_flat,Train/mean_episode_length,48,547.1500244140625,1778849946.7849176
grallator_flat,Train/mean_episode_length,49,547.1500244140625,1778849947.7958646
grallator_flat,Train/mean_episode_length,50,547.1500244140625,1778849948.8255515
grallator_flat,Train/mean_episode_length,51,547.1500244140625,1778849949.9137864
grallator_flat,Train/mean_episode_length,52,568.7142944335938,1778849950.9424007
grallator_flat,Train/mean_episode_length,53,588.3181762695312,1778849951.9718494
grallator_flat,Train/mean_episode_length,54,588.3181762695312,1778849952.983416
grallator_flat,Train/mean_episode_length,55,588.3181762695312,1778849953.999284
grallator_flat,Train/mean_episode_length,56,606.2174072265625,1778849955.0133183
grallator_flat,Train/mean_episode_length,57,622.625,1778849956.0649238
grallator_flat,Train/mean_episode_length,58,637.719970703125,1778849957.0918453
grallator_flat,Train/mean_episode_length,59,637.719970703125,1778849958.1053886
grallator_flat,Train/mean_episode_length,60,651.6538696289062,1778849959.1329985
grallator_flat,Train/mean_episode_length,61,664.5555419921875,1778849960.1682184
grallator_flat,Train/mean_episode_length,62,664.5555419921875,1778849961.299805
grallator_flat,Train/mean_episode_length,63,664.5555419921875,1778849962.3189466
grallator_flat,Train/mean_episode_length,64,664.5555419921875,1778849963.3347166
grallator_flat,Train/mean_episode_length,65,676.5357055664062,1778849964.3874216
grallator_flat,Train/mean_episode_length,66,676.5357055664062,1778849965.4080646
grallator_flat,Train/mean_episode_length,67,676.5357055664062,1778849966.435432
grallator_flat,Train/mean_episode_length,68,676.5357055664062,1778849967.454922
grallator_flat,Train/mean_episode_length,69,676.5357055664062,1778849968.4741116
grallator_flat,Train/mean_episode_length,70,676.5357055664062,1778849969.4886215
grallator_flat,Train/mean_episode_length,71,676.5357055664062,1778849970.5021098
grallator_flat,Train/mean_episode_length,72,687.6896362304688,1778849971.629318
grallator_flat,Train/mean_episode_length,73,687.6896362304688,1778849972.6543357
grallator_flat,Train/mean_episode_length,74,698.0999755859375,1778849973.6831267
grallator_flat,Train/mean_episode_length,75,707.8386840820312,1778849974.7143424
grallator_flat,Train/mean_episode_length,76,707.8386840820312,1778849975.7269542
grallator_flat,Train/mean_episode_length,77,707.8386840820312,1778849976.739395
grallator_flat,Train/mean_episode_length,78,707.8386840820312,1778849977.752031
grallator_flat,Train/mean_episode_length,79,707.8386840820312,1778849978.7603552
grallator_flat,Train/mean_episode_length,80,707.8386840820312,1778849979.7870088
grallator_flat,Train/mean_episode_length,81,716.96875,1778849980.7992144
grallator_flat,Train/mean_episode_length,82,716.96875,1778849981.8150368
grallator_flat,Train/mean_episode_length,83,716.96875,1778849982.8941963
grallator_flat,Train/mean_episode_length,84,716.96875,1778849983.901044
grallator_flat,Train/mean_episode_length,85,716.96875,1778849984.9101794
grallator_flat,Train/mean_episode_length,86,716.96875,1778849985.9239855
grallator_flat,Train/mean_episode_length,87,733.61767578125,1778849986.967639
grallator_flat,Train/mean_episode_length,88,748.4166870117188,1778849988.0238373
grallator_flat,Train/mean_episode_length,89,748.4166870117188,1778849989.033696
grallator_flat,Train/mean_episode_length,90,748.4166870117188,1778849990.0573049
grallator_flat,Train/mean_episode_length,91,748.4166870117188,1778849991.0638072
grallator_flat,Train/mean_episode_length,92,748.4166870117188,1778849992.0704904
grallator_flat,Train/mean_episode_length,93,748.4166870117188,1778849993.0803945
grallator_flat,Train/mean_episode_length,94,761.6578979492188,1778849994.1884208
grallator_flat,Train/mean_episode_length,95,761.6578979492188,1778849995.1882668
grallator_flat,Train/mean_episode_length,96,761.6578979492188,1778849996.1913195
grallator_flat,Train/mean_episode_length,97,761.6578979492188,1778849997.1900547
grallator_flat,Train/mean_episode_length,98,767.7692260742188,1778849998.2130475
grallator_flat,Train/mean_episode_length,99,773.5750122070312,1778849999.2433293
grallator_flat,Train/mean_reward/time,5,-7.4312944412231445,1778849901.538574
grallator_flat,Train/mean_reward/time,6,-7.777289867401123,1778849902.534925
grallator_flat,Train/mean_reward/time,7,-8.119083404541016,1778849903.5258472
grallator_flat,Train/mean_reward/time,8,-8.119083404541016,1778849904.4981318
grallator_flat,Train/mean_reward/time,9,-8.119083404541016,1778849905.4738967
grallator_flat,Train/mean_reward/time,10,-8.119083404541016,1778849906.5338526
grallator_flat,Train/mean_reward/time,11,-8.119083404541016,1778849907.4994972
grallator_flat,Train/mean_reward/time,12,-9.18199634552002,1778849908.487784
grallator_flat,Train/mean_reward/time,13,-9.775500297546387,1778849909.4812825
grallator_flat,Train/mean_reward/time,14,-9.775500297546387,1778849910.4585464
grallator_flat,Train/mean_reward/time,15,-9.775500297546387,1778849911.432729
grallator_flat,Train/mean_reward/time,16,-9.775500297546387,1778849912.4071798
grallator_flat,Train/mean_reward/time,17,-10.853960990905762,1778849913.4047801
grallator_flat,Train/mean_reward/time,18,-12.342183113098145,1778849914.4171941
grallator_flat,Train/mean_reward/time,19,-12.342183113098145,1778849915.389004
grallator_flat,Train/mean_reward/time,20,-12.91736888885498,1778849916.3704693
grallator_flat,Train/mean_reward/time,21,-13.309250831604004,1778849917.4387138
grallator_flat,Train/mean_reward/time,22,-13.309250831604004,1778849918.4149532
grallator_flat,Train/mean_reward/time,23,-13.309250831604004,1778849919.386524
grallator_flat,Train/mean_reward/time,24,-13.309250831604004,1778849920.3525624
grallator_flat,Train/mean_reward/time,25,-13.867341995239258,1778849921.347185
grallator_flat,Train/mean_reward/time,26,-13.867341995239258,1778849922.3226407
grallator_flat,Train/mean_reward/time,26,-13.867341995239258,1778849923.3061073
grallator_flat,Train/mean_reward/time,27,-13.867341995239258,1778849924.2867622
grallator_flat,Train/mean_reward/time,28,-13.867341995239258,1778849925.2567303
grallator_flat,Train/mean_reward/time,29,-13.867341995239258,1778849926.237383
grallator_flat,Train/mean_reward/time,30,-13.867341995239258,1778849927.2313244
grallator_flat,Train/mean_reward/time,31,-13.867341995239258,1778849928.3130012
grallator_flat,Train/mean_reward/time,32,-14.91463851928711,1778849929.3413002
grallator_flat,Train/mean_reward/time,33,-16.408716201782227,1778849930.3682473
grallator_flat,Train/mean_reward/time,34,-16.408716201782227,1778849931.3742073
grallator_flat,Train/mean_reward/time,35,-17.51447868347168,1778849932.3985147
grallator_flat,Train/mean_reward/time,37,-17.51447868347168,1778849933.4105704
grallator_flat,Train/mean_reward/time,38,-17.51447868347168,1778849934.4423263
grallator_flat,Train/mean_reward/time,39,-17.51447868347168,1778849935.4601326
grallator_flat,Train/mean_reward/time,40,-17.51447868347168,1778849936.4828403
grallator_flat,Train/mean_reward/time,41,-17.51447868347168,1778849937.516468
grallator_flat,Train/mean_reward/time,42,-19.553207397460938,1778849938.556944
grallator_flat,Train/mean_reward/time,43,-19.553207397460938,1778849939.5831938
grallator_flat,Train/mean_reward/time,44,-19.553207397460938,1778849940.6083775
grallator_flat,Train/mean_reward/time,45,-19.553207397460938,1778849941.63104
grallator_flat,Train/mean_reward/time,46,-19.553207397460938,1778849942.66087
grallator_flat,Train/mean_reward/time,47,-22.063196182250977,1778849943.7090914
grallator_flat,Train/mean_reward/time,48,-23.555362701416016,1778849944.7324166
grallator_flat,Train/mean_reward/time,49,-25.151948928833008,1778849945.7664115
grallator_flat,Train/mean_reward/time,50,-25.151948928833008,1778849946.784989
grallator_flat,Train/mean_reward/time,51,-25.151948928833008,1778849947.795936
grallator_flat,Train/mean_reward/time,52,-25.151948928833008,1778849948.8256202
grallator_flat,Train/mean_reward/time,53,-25.151948928833008,1778849949.913853
grallator_flat,Train/mean_reward/time,54,-26.218826293945312,1778849950.942467
grallator_flat,Train/mean_reward/time,55,-27.174253463745117,1778849951.9719238
grallator_flat,Train/mean_reward/time,56,-27.174253463745117,1778849952.983499
grallator_flat,Train/mean_reward/time,57,-27.174253463745117,1778849953.999352
grallator_flat,Train/mean_reward/time,58,-28.302595138549805,1778849955.0134702
grallator_flat,Train/mean_reward/time,59,-29.255769729614258,1778849956.0649953
grallator_flat,Train/mean_reward/time,60,-29.897119522094727,1778849957.0919256
grallator_flat,Train/mean_reward/time,61,-29.897119522094727,1778849958.1054688
grallator_flat,Train/mean_reward/time,62,-30.996780395507812,1778849959.133099
grallator_flat,Train/mean_reward/time,63,-31.551376342773438,1778849960.1682968
grallator_flat,Train/mean_reward/time,64,-31.551376342773438,1778849961.2998836
grallator_flat,Train/mean_reward/time,65,-31.551376342773438,1778849962.3190293
grallator_flat,Train/mean_reward/time,66,-31.551376342773438,1778849963.334796
grallator_flat,Train/mean_reward/time,67,-32.349609375,1778849964.3875391
grallator_flat,Train/mean_reward/time,68,-32.349609375,1778849965.408284
grallator_flat,Train/mean_reward/time,69,-32.349609375,1778849966.4355562
grallator_flat,Train/mean_reward/time,70,-32.349609375,1778849967.455008
grallator_flat,Train/mean_reward/time,71,-32.349609375,1778849968.4741945
grallator_flat,Train/mean_reward/time,72,-32.349609375,1778849969.4886997
grallator_flat,Train/mean_reward/time,73,-32.349609375,1778849970.502192
grallator_flat,Train/mean_reward/time,74,-32.99970245361328,1778849971.6293974
grallator_flat,Train/mean_reward/time,75,-32.99970245361328,1778849972.6544154
grallator_flat,Train/mean_reward/time,76,-33.682979583740234,1778849973.683215
grallator_flat,Train/mean_reward/time,77,-34.08711242675781,1778849974.7144265
grallator_flat,Train/mean_reward/time,78,-34.08711242675781,1778849975.7270434
grallator_flat,Train/mean_reward/time,79,-34.08711242675781,1778849976.7394934
grallator_flat,Train/mean_reward/time,80,-34.08711242675781,1778849977.7521465
grallator_flat,Train/mean_reward/time,81,-34.08711242675781,1778849978.7604432
grallator_flat,Train/mean_reward/time,82,-34.08711242675781,1778849979.7871537
grallator_flat,Train/mean_reward/time,83,-34.54330062866211,1778849980.7993002
grallator_flat,Train/mean_reward/time,84,-34.54330062866211,1778849981.8151543
grallator_flat,Train/mean_reward/time,86,-34.54330062866211,1778849982.8942873
grallator_flat,Train/mean_reward/time,87,-34.54330062866211,1778849983.9011555
grallator_flat,Train/mean_reward/time,88,-34.54330062866211,1778849984.9102664
grallator_flat,Train/mean_reward/time,89,-34.54330062866211,1778849985.9241238
grallator_flat,Train/mean_reward/time,90,-35.329139709472656,1778849986.9677274
grallator_flat,Train/mean_reward/time,91,-36.11139678955078,1778849988.02393
grallator_flat,Train/mean_reward/time,92,-36.11139678955078,1778849989.0337842
grallator_flat,Train/mean_reward/time,93,-36.11139678955078,1778849990.0573967
grallator_flat,Train/mean_reward/time,94,-36.11139678955078,1778849991.0638967
grallator_flat,Train/mean_reward/time,95,-36.11139678955078,1778849992.070584
grallator_flat,Train/mean_reward/time,96,-36.11139678955078,1778849993.080488
grallator_flat,Train/mean_reward/time,97,-36.679019927978516,1778849994.1885204
grallator_flat,Train/mean_reward/time,98,-36.679019927978516,1778849995.188362
grallator_flat,Train/mean_reward/time,99,-36.679019927978516,1778849996.19141
grallator_flat,Train/mean_reward/time,100,-36.679019927978516,1778849997.1901708
grallator_flat,Train/mean_reward/time,101,-37.02402877807617,1778849998.2131662
grallator_flat,Train/mean_reward/time,102,-37.2251091003418,1778849999.2434278
grallator_flat,Train/mean_episode_length/time,5,90.5,1778849901.5386093
grallator_flat,Train/mean_episode_length/time,6,99.66666412353516,1778849902.534959
grallator_flat,Train/mean_episode_length/time,7,107.0,1778849903.5259867
grallator_flat,Train/mean_episode_length/time,8,107.0,1778849904.4981947
grallator_flat,Train/mean_episode_length/time,9,107.0,1778849905.4739325
grallator_flat,Train/mean_episode_length/time,10,107.0,1778849906.5338864
grallator_flat,Train/mean_episode_length/time,11,107.0,1778849907.4995325
grallator_flat,Train/mean_episode_length/time,12,137.8000030517578,1778849908.4879146
grallator_flat,Train/mean_episode_length/time,13,161.0,1778849909.4813182
grallator_flat,Train/mean_episode_length/time,14,161.0,1778849910.458585
grallator_flat,Train/mean_episode_length/time,15,161.0,1778849911.432856
grallator_flat,Train/mean_episode_length/time,16,161.0,1778849912.4073472
grallator_flat,Train/mean_episode_length/time,17,190.57142639160156,1778849913.4048164
grallator_flat,Train/mean_episode_length/time,18,235.88888549804688,1778849914.4172313
grallator_flat,Train/mean_episode_length/time,19,235.88888549804688,1778849915.389155
grallator_flat,Train/mean_episode_length/time,20,257.79998779296875,1778849916.3705065
grallator_flat,Train/mean_episode_length/time,21,277.6363525390625,1778849917.438754
grallator_flat,Train/mean_episode_length/time,22,277.6363525390625,1778849918.4149926
grallator_flat,Train/mean_episode_length/time,23,277.6363525390625,1778849919.3865638
grallator_flat,Train/mean_episode_length/time,24,277.6363525390625,1778849920.352603
grallator_flat,Train/mean_episode_length/time,25,302.0,1778849921.3472257
grallator_flat,Train/mean_episode_length/time,26,302.0,1778849922.3226829
grallator_flat,Train/mean_episode_length/time,26,302.0,1778849923.3061519
grallator_flat,Train/mean_episode_length/time,27,302.0,1778849924.2868016
grallator_flat,Train/mean_episode_length/time,28,302.0,1778849925.2567754
grallator_flat,Train/mean_episode_length/time,29,302.0,1778849926.2374241
grallator_flat,Train/mean_episode_length/time,30,302.0,1778849927.231366
grallator_flat,Train/mean_episode_length/time,31,302.0,1778849928.313042
grallator_flat,Train/mean_episode_length/time,32,336.4615478515625,1778849929.3413458
grallator_flat,Train/mean_episode_length/time,33,368.3571472167969,1778849930.3683858
grallator_flat,Train/mean_episode_length/time,34,368.3571472167969,1778849931.374266
grallator_flat,Train/mean_episode_length/time,35,398.5333251953125,1778849932.3985608
grallator_flat,Train/mean_episode_length/time,37,398.5333251953125,1778849933.4107168
grallator_flat,Train/mean_episode_length/time,38,398.5333251953125,1778849934.4423685
grallator_flat,Train/mean_episode_length/time,39,398.5333251953125,1778849935.4602656
grallator_flat,Train/mean_episode_length/time,40,398.5333251953125,1778849936.4829094
grallator_flat,Train/mean_episode_length/time,41,398.5333251953125,1778849937.5165124
grallator_flat,Train/mean_episode_length/time,42,433.9375,1778849938.5569932
grallator_flat,Train/mean_episode_length/time,43,433.9375,1778849939.5832376
grallator_flat,Train/mean_episode_length/time,44,433.9375,1778849940.6084201
grallator_flat,Train/mean_episode_length/time,45,433.9375,1778849941.6311917
grallator_flat,Train/mean_episode_length/time,46,433.9375,1778849942.6609175
grallator_flat,Train/mean_episode_length/time,47,496.8333435058594,1778849943.7091427
grallator_flat,Train/mean_episode_length/time,48,523.3157958984375,1778849944.732461
grallator_flat,Train/mean_episode_length/time,49,547.1500244140625,1778849945.7664564
grallator_flat,Train/mean_episode_length/time,50,547.1500244140625,1778849946.785036
grallator_flat,Train/mean_episode_length/time,51,547.1500244140625,1778849947.7959855
grallator_flat,Train/mean_episode_length/time,52,547.1500244140625,1778849948.8257546
grallator_flat,Train/mean_episode_length/time,53,547.1500244140625,1778849949.9138973
grallator_flat,Train/mean_episode_length/time,54,568.7142944335938,1778849950.9425118
grallator_flat,Train/mean_episode_length/time,55,588.3181762695312,1778849951.9721153
grallator_flat,Train/mean_episode_length/time,56,588.3181762695312,1778849952.9835474
grallator_flat,Train/mean_episode_length/time,57,588.3181762695312,1778849953.9994988
grallator_flat,Train/mean_episode_length/time,58,606.2174072265625,1778849955.013571
grallator_flat,Train/mean_episode_length/time,59,622.625,1778849956.0650432
grallator_flat,Train/mean_episode_length/time,60,637.719970703125,1778849957.092067
grallator_flat,Train/mean_episode_length/time,61,637.719970703125,1778849958.10552
grallator_flat,Train/mean_episode_length/time,62,651.6538696289062,1778849959.1332324
grallator_flat,Train/mean_episode_length/time,63,664.5555419921875,1778849960.168348
grallator_flat,Train/mean_episode_length/time,64,664.5555419921875,1778849961.2999365
grallator_flat,Train/mean_episode_length/time,65,664.5555419921875,1778849962.3192189
grallator_flat,Train/mean_episode_length/time,66,664.5555419921875,1778849963.334845
grallator_flat,Train/mean_episode_length/time,67,676.5357055664062,1778849964.3876197
grallator_flat,Train/mean_episode_length/time,68,676.5357055664062,1778849965.4083395
grallator_flat,Train/mean_episode_length/time,69,676.5357055664062,1778849966.4356222
grallator_flat,Train/mean_episode_length/time,70,676.5357055664062,1778849967.4551704
grallator_flat,Train/mean_episode_length/time,71,676.5357055664062,1778849968.4742465
grallator_flat,Train/mean_episode_length/time,72,676.5357055664062,1778849969.488751
grallator_flat,Train/mean_episode_length/time,73,676.5357055664062,1778849970.5022438
grallator_flat,Train/mean_episode_length/time,74,687.6896362304688,1778849971.6294477
grallator_flat,Train/mean_episode_length/time,75,687.6896362304688,1778849972.6544688
grallator_flat,Train/mean_episode_length/time,76,698.0999755859375,1778849973.683292
grallator_flat,Train/mean_episode_length/time,77,707.8386840820312,1778849974.7145844
grallator_flat,Train/mean_episode_length/time,78,707.8386840820312,1778849975.727124
grallator_flat,Train/mean_episode_length/time,79,707.8386840820312,1778849976.7395475
grallator_flat,Train/mean_episode_length/time,80,707.8386840820312,1778849977.7522042
grallator_flat,Train/mean_episode_length/time,81,707.8386840820312,1778849978.760496
grallator_flat,Train/mean_episode_length/time,82,707.8386840820312,1778849979.7872415
grallator_flat,Train/mean_episode_length/time,83,716.96875,1778849980.799451
grallator_flat,Train/mean_episode_length/time,84,716.96875,1778849981.8152113
grallator_flat,Train/mean_episode_length/time,86,716.96875,1778849982.8944454
grallator_flat,Train/mean_episode_length/time,87,716.96875,1778849983.9012132
grallator_flat,Train/mean_episode_length/time,88,716.96875,1778849984.9104097
grallator_flat,Train/mean_episode_length/time,89,716.96875,1778849985.9242082
grallator_flat,Train/mean_episode_length/time,90,733.61767578125,1778849986.9677837
grallator_flat,Train/mean_episode_length/time,91,748.4166870117188,1778849988.0239875
grallator_flat,Train/mean_episode_length/time,92,748.4166870117188,1778849989.0338447
grallator_flat,Train/mean_episode_length/time,93,748.4166870117188,1778849990.0575354
grallator_flat,Train/mean_episode_length/time,94,748.4166870117188,1778849991.0639522
grallator_flat,Train/mean_episode_length/time,95,748.4166870117188,1778849992.0707252
grallator_flat,Train/mean_episode_length/time,96,748.4166870117188,1778849993.0805464
grallator_flat,Train/mean_episode_length/time,97,761.6578979492188,1778849994.188583
grallator_flat,Train/mean_episode_length/time,98,761.6578979492188,1778849995.1884198
grallator_flat,Train/mean_episode_length/time,99,761.6578979492188,1778849996.1914804
grallator_flat,Train/mean_episode_length/time,100,761.6578979492188,1778849997.1902325
grallator_flat,Train/mean_episode_length/time,101,767.7692260742188,1778849998.213314
grallator_flat,Train/mean_episode_length/time,102,773.5750122070312,1778849999.2435045
