run,tag,step,value,wall_time
grallator_flat_new_actuator,Episode_Reward/track_lin_vel_xy_exp,0,0.0,1778931591.3172772
grallator_flat_new_actuator,Episode_Reward/track_lin_vel_xy_exp,1,0.0,1778931592.4391804
grallator_flat_new_actuator,Episode_Reward/track_lin_vel_xy_exp,2,0.0,1778931593.4020636
grallator_flat_new_actuator,Episode_Reward/track_lin_vel_xy_exp,3,0.026252437382936478,1778931594.8329434
grallator_flat_new_actuator,Episode_Reward/track_lin_vel_xy_exp,4,0.09492309391498566,1778931595.8296645
grallator_flat_new_actuator,Episode_Reward/track_lin_vel_xy_exp,5,0.0948476493358612,1778931596.8266008
grallator_flat_new_actuator,Episode_Reward/track_lin_vel_xy_exp,6,0.08776386827230453,1778931597.8106592
grallator_flat_new_actuator,Episode_Reward/track_lin_vel_xy_exp,7,0.08776386827230453,1778931598.8034844
grallator_flat_new_actuator,Episode_Reward/track_lin_vel_xy_exp,8,0.08776386827230453,1778931599.8108644
grallator_flat_new_actuator,Episode_Reward/track_lin_vel_xy_exp,9,0.08776386827230453,1778931600.8156347
grallator_flat_new_actuator,Episode_Reward/track_lin_vel_xy_exp,10,0.09857731312513351,1778931601.8651302
grallator_flat_new_actuator,Episode_Reward/track_lin_vel_xy_exp,11,0.22740444540977478,1778931602.9800944
grallator_flat_new_actuator,Episode_Reward/track_lin_vel_xy_exp,12,0.3021644055843353,1778931604.009704
grallator_flat_new_actuator,Episode_Reward/track_lin_vel_xy_exp,13,0.3021644055843353,1778931605.0373967
grallator_flat_new_actuator,Episode_Reward/track_lin_vel_xy_exp,14,0.3021644055843353,1778931606.0540118
grallator_flat_new_actuator,Episode_Reward/track_lin_vel_xy_exp,15,0.30922117829322815,1778931607.080787
grallator_flat_new_actuator,Episode_Reward/track_lin_vel_xy_exp,16,0.40728646516799927,1778931608.135765
grallator_flat_new_actuator,Episode_Reward/track_lin_vel_xy_exp,17,0.2641201913356781,1778931609.1653638
grallator_flat_new_actuator,Episode_Reward/track_lin_vel_xy_exp,18,0.28718066215515137,1778931610.2064755
grallator_flat_new_actuator,Episode_Reward/track_lin_vel_xy_exp,19,0.5565816164016724,1778931611.2661285
grallator_flat_new_actuator,Episode_Reward/track_lin_vel_xy_exp,20,0.6163784861564636,1778931612.295941
grallator_flat_new_actuator,Episode_Reward/track_lin_vel_xy_exp,21,0.6163784861564636,1778931613.3374116
grallator_flat_new_actuator,Episode_Reward/track_lin_vel_xy_exp,22,0.6163784861564636,1778931614.3641398
grallator_flat_new_actuator,Episode_Reward/track_lin_vel_xy_exp,23,0.654064416885376,1778931615.5352802
grallator_flat_new_actuator,Episode_Reward/track_lin_vel_xy_exp,24,0.7455875277519226,1778931616.5722878
grallator_flat_new_actuator,Episode_Reward/track_lin_vel_xy_exp,25,0.7455875277519226,1778931617.6094449
grallator_flat_new_actuator,Episode_Reward/track_lin_vel_xy_exp,26,0.7455875277519226,1778931618.6397712
grallator_flat_new_actuator,Episode_Reward/track_lin_vel_xy_exp,27,0.7455875277519226,1778931619.6602676
grallator_flat_new_actuator,Episode_Reward/track_lin_vel_xy_exp,28,0.7455875277519226,1778931620.684059
grallator_flat_new_actuator,Episode_Reward/track_lin_vel_xy_exp,29,0.7455875277519226,1778931621.704872
grallator_flat_new_actuator,Episode_Reward/track_lin_vel_xy_exp,30,0.7455875277519226,1778931622.741614
grallator_flat_new_actuator,Episode_Reward/track_lin_vel_xy_exp,31,0.8912863731384277,1778931623.7794335
grallator_flat_new_actuator,Episode_Reward/track_lin_vel_xy_exp,32,0.8438412547111511,1778931624.8318107
grallator_flat_new_actuator,Episode_Reward/track_lin_vel_xy_exp,33,0.723739504814148,1778931626.0023084
grallator_flat_new_actuator,Episode_Reward/track_lin_vel_xy_exp,34,0.8968731760978699,1778931627.0635588
grallator_flat_new_actuator,Episode_Reward/track_lin_vel_xy_exp,35,0.9314998984336853,1778931628.0939994
grallator_flat_new_actuator,Episode_Reward/track_lin_vel_xy_exp,36,0.9314998984336853,1778931629.119607
grallator_flat_new_actuator,Episode_Reward/track_lin_vel_xy_exp,37,0.9314998984336853,1778931630.1431048
grallator_flat_new_actuator,Episode_Reward/track_lin_vel_xy_exp,38,0.9314998984336853,1778931631.1708217
grallator_flat_new_actuator,Episode_Reward/track_lin_vel_xy_exp,39,0.9314998984336853,1778931632.1955898
grallator_flat_new_actuator,Episode_Reward/track_lin_vel_xy_exp,40,0.7577605247497559,1778931633.2423658
grallator_flat_new_actuator,Episode_Reward/track_lin_vel_xy_exp,41,0.7230126261711121,1778931634.290038
grallator_flat_new_actuator,Episode_Reward/track_lin_vel_xy_exp,42,0.7230126261711121,1778931635.3219655
grallator_flat_new_actuator,Episode_Reward/track_lin_vel_xy_exp,43,0.7230126261711121,1778931636.5142684
grallator_flat_new_actuator,Episode_Reward/track_lin_vel_xy_exp,44,0.7230126261711121,1778931637.5365438
grallator_flat_new_actuator,Episode_Reward/track_lin_vel_xy_exp,45,0.9036576151847839,1778931638.5878334
grallator_flat_new_actuator,Episode_Reward/track_lin_vel_xy_exp,46,0.9223877191543579,1778931639.639352
grallator_flat_new_actuator,Episode_Reward/track_lin_vel_xy_exp,47,0.7776963114738464,1778931640.6702957
grallator_flat_new_actuator,Episode_Reward/track_lin_vel_xy_exp,48,0.7776963114738464,1778931641.6806874
grallator_flat_new_actuator,Episode_Reward/track_lin_vel_xy_exp,49,0.7776963114738464,1778931642.6995428
grallator_flat_new_actuator,Episode_Reward/track_lin_vel_xy_exp,50,0.7776963114738464,1778931643.7160263
grallator_flat_new_actuator,Episode_Reward/track_lin_vel_xy_exp,51,0.7776963114738464,1778931644.7446196
grallator_flat_new_actuator,Episode_Reward/track_lin_vel_xy_exp,52,1.035569429397583,1778931645.7819827
grallator_flat_new_actuator,Episode_Reward/track_lin_vel_xy_exp,53,1.2740607261657715,1778931646.8135962
grallator_flat_new_actuator,Episode_Reward/track_lin_vel_xy_exp,54,1.2701842784881592,1778931647.9081771
grallator_flat_new_actuator,Episode_Reward/track_lin_vel_xy_exp,55,1.2701842784881592,1778931648.9215467
grallator_flat_new_actuator,Episode_Reward/track_lin_vel_xy_exp,56,1.2625123262405396,1778931649.92622
grallator_flat_new_actuator,Episode_Reward/track_lin_vel_xy_exp,57,1.1502208709716797,1778931650.9647882
grallator_flat_new_actuator,Episode_Reward/track_lin_vel_xy_exp,58,1.3492721319198608,1778931651.9977572
grallator_flat_new_actuator,Episode_Reward/track_lin_vel_xy_exp,59,1.3532050848007202,1778931653.0232663
grallator_flat_new_actuator,Episode_Reward/track_lin_vel_xy_exp,60,1.1486201286315918,1778931654.0515225
grallator_flat_new_actuator,Episode_Reward/track_lin_vel_xy_exp,61,1.1020138263702393,1778931655.0751536
grallator_flat_new_actuator,Episode_Reward/track_lin_vel_xy_exp,62,1.3049321174621582,1778931656.079973
grallator_flat_new_actuator,Episode_Reward/track_lin_vel_xy_exp,63,1.3049321174621582,1778931657.0880957
grallator_flat_new_actuator,Episode_Reward/track_lin_vel_xy_exp,64,1.3049321174621582,1778931658.0963387
grallator_flat_new_actuator,Episode_Reward/track_lin_vel_xy_exp,65,1.156369924545288,1778931659.1634464
grallator_flat_new_actuator,Episode_Reward/track_lin_vel_xy_exp,66,1.067232608795166,1778931660.175146
grallator_flat_new_actuator,Episode_Reward/track_lin_vel_xy_exp,67,1.067232608795166,1778931661.1877217
grallator_flat_new_actuator,Episode_Reward/track_lin_vel_xy_exp,68,1.067232608795166,1778931662.1891813
grallator_flat_new_actuator,Episode_Reward/track_lin_vel_xy_exp,69,1.067232608795166,1778931663.1935532
grallator_flat_new_actuator,Episode_Reward/track_lin_vel_xy_exp,70,1.067232608795166,1778931664.1911147
grallator_flat_new_actuator,Episode_Reward/track_lin_vel_xy_exp,71,1.067232608795166,1778931665.1940057
grallator_flat_new_actuator,Episode_Reward/track_lin_vel_xy_exp,72,1.072804570198059,1778931666.2049336
grallator_flat_new_actuator,Episode_Reward/track_lin_vel_xy_exp,73,1.1118078231811523,1778931667.230259
grallator_flat_new_actuator,Episode_Reward/track_lin_vel_xy_exp,74,1.0433415174484253,1778931668.2426422
grallator_flat_new_actuator,Episode_Reward/track_lin_vel_xy_exp,75,1.0804555416107178,1778931669.3190944
grallator_flat_new_actuator,Episode_Reward/track_lin_vel_xy_exp,76,1.3801358938217163,1778931670.3132608
grallator_flat_new_actuator,Episode_Reward/track_lin_vel_xy_exp,77,1.3801358938217163,1778931671.3083181
grallator_flat_new_actuator,Episode_Reward/track_lin_vel_xy_exp,78,1.3801358938217163,1778931672.2968833
grallator_flat_new_actuator,Episode_Reward/track_lin_vel_xy_exp,79,1.3801358938217163,1778931673.287686
grallator_flat_new_actuator,Episode_Reward/track_lin_vel_xy_exp,80,1.3801358938217163,1778931674.2729447
grallator_flat_new_actuator,Episode_Reward/track_lin_vel_xy_exp,81,1.3593311309814453,1778931675.2778745
grallator_flat_new_actuator,Episode_Reward/track_lin_vel_xy_exp,82,1.2553067207336426,1778931676.2721248
grallator_flat_new_actuator,Episode_Reward/track_lin_vel_xy_exp,83,1.2553067207336426,1778931677.2656608
grallator_flat_new_actuator,Episode_Reward/track_lin_vel_xy_exp,84,1.2553067207336426,1778931678.2654686
grallator_flat_new_actuator,Episode_Reward/track_lin_vel_xy_exp,85,1.2553067207336426,1778931679.2586913
grallator_flat_new_actuator,Episode_Reward/track_lin_vel_xy_exp,86,1.2553067207336426,1778931680.410655
grallator_flat_new_actuator,Episode_Reward/track_lin_vel_xy_exp,87,1.0588352680206299,1778931681.4297335
grallator_flat_new_actuator,Episode_Reward/track_lin_vel_xy_exp,88,1.0811328887939453,1778931682.4709558
grallator_flat_new_actuator,Episode_Reward/track_lin_vel_xy_exp,89,1.0939172506332397,1778931683.4674032
grallator_flat_new_actuator,Episode_Reward/track_lin_vel_xy_exp,90,1.0939172506332397,1778931684.4608176
grallator_flat_new_actuator,Episode_Reward/track_lin_vel_xy_exp,91,1.0939172506332397,1778931685.4524949
grallator_flat_new_actuator,Episode_Reward/track_lin_vel_xy_exp,92,1.0939172506332397,1778931686.4422328
grallator_flat_new_actuator,Episode_Reward/track_lin_vel_xy_exp,93,1.0939172506332397,1778931687.4341362
grallator_flat_new_actuator,Episode_Reward/track_lin_vel_xy_exp,94,1.2697831392288208,1778931688.4620705
grallator_flat_new_actuator,Episode_Reward/track_lin_vel_xy_exp,95,1.2266321182250977,1778931689.4540567
grallator_flat_new_actuator,Episode_Reward/track_lin_vel_xy_exp,96,1.2266321182250977,1778931690.451225
grallator_flat_new_actuator,Episode_Reward/track_lin_vel_xy_exp,97,1.2266321182250977,1778931691.4959285
grallator_flat_new_actuator,Episode_Reward/track_lin_vel_xy_exp,98,1.1737738847732544,1778931692.5033243
grallator_flat_new_actuator,Episode_Reward/track_lin_vel_xy_exp,99,1.2124217748641968,1778931693.5123804
grallator_flat_new_actuator,Episode_Reward/track_lin_vel_xy_exp,100,1.0458486080169678,1778931694.5352397
grallator_flat_new_actuator,Episode_Reward/track_lin_vel_xy_exp,101,1.034670114517212,1778931695.532892
grallator_flat_new_actuator,Episode_Reward/track_lin_vel_xy_exp,102,1.1837027072906494,1778931696.5277991
grallator_flat_new_actuator,Episode_Reward/track_lin_vel_xy_exp,103,1.1972049474716187,1778931697.521662
grallator_flat_new_actuator,Episode_Reward/track_lin_vel_xy_exp,104,1.1920369863510132,1778931698.4979887
grallator_flat_new_actuator,Episode_Reward/track_lin_vel_xy_exp,105,1.1920369863510132,1778931699.5005891
grallator_flat_new_actuator,Episode_Reward/track_lin_vel_xy_exp,106,1.1920369863510132,1778931700.4781027
grallator_flat_new_actuator,Episode_Reward/track_lin_vel_xy_exp,107,1.3169529438018799,1778931701.479666
grallator_flat_new_actuator,Episode_Reward/track_lin_vel_xy_exp,108,1.3223841190338135,1778931702.5627139
grallator_flat_new_actuator,Episode_Reward/track_lin_vel_xy_exp,109,1.3223841190338135,1778931703.5427768
grallator_flat_new_actuator,Episode_Reward/track_lin_vel_xy_exp,110,1.3223841190338135,1778931704.513499
grallator_flat_new_actuator,Episode_Reward/track_lin_vel_xy_exp,111,1.3223841190338135,1778931705.4879632
grallator_flat_new_actuator,Episode_Reward/track_lin_vel_xy_exp,112,1.3223841190338135,1778931706.470894
grallator_flat_new_actuator,Episode_Reward/track_lin_vel_xy_exp,113,1.3223841190338135,1778931707.4394376
grallator_flat_new_actuator,Episode_Reward/track_lin_vel_xy_exp,114,1.176587700843811,1778931708.430919
grallator_flat_new_actuator,Episode_Reward/track_lin_vel_xy_exp,115,1.0083179473876953,1778931709.411945
grallator_flat_new_actuator,Episode_Reward/track_lin_vel_xy_exp,116,1.0527032613754272,1778931710.4053454
grallator_flat_new_actuator,Episode_Reward/track_lin_vel_xy_exp,117,1.2453316450119019,1778931711.4060886
grallator_flat_new_actuator,Episode_Reward/track_lin_vel_xy_exp,118,1.4379600286483765,1778931712.3766167
grallator_flat_new_actuator,Episode_Reward/track_lin_vel_xy_exp,119,1.4379600286483765,1778931713.4479375
grallator_flat_new_actuator,Episode_Reward/track_lin_vel_xy_exp,120,1.4379600286483765,1778931714.4162288
grallator_flat_new_actuator,Episode_Reward/track_lin_vel_xy_exp,121,1.4379600286483765,1778931715.4024003
grallator_flat_new_actuator,Episode_Reward/track_lin_vel_xy_exp,122,1.4379600286483765,1778931716.3848577
grallator_flat_new_actuator,Episode_Reward/track_lin_vel_xy_exp,123,1.4387664794921875,1778931717.3774781
grallator_flat_new_actuator,Episode_Reward/track_lin_vel_xy_exp,124,1.439573049545288,1778931718.3419561
grallator_flat_new_actuator,Episode_Reward/track_lin_vel_xy_exp,125,1.439573049545288,1778931719.3171718
grallator_flat_new_actuator,Episode_Reward/track_lin_vel_xy_exp,126,1.439573049545288,1778931720.2979057
grallator_flat_new_actuator,Episode_Reward/track_lin_vel_xy_exp,127,1.439573049545288,1778931721.2825458
grallator_flat_new_actuator,Episode_Reward/track_lin_vel_xy_exp,128,1.4258203506469727,1778931722.2824693
grallator_flat_new_actuator,Episode_Reward/track_lin_vel_xy_exp,129,1.3782989978790283,1778931723.274453
grallator_flat_new_actuator,Episode_Reward/track_lin_vel_xy_exp,130,0.9931114912033081,1778931724.3539429
grallator_flat_new_actuator,Episode_Reward/track_lin_vel_xy_exp,131,0.9937223792076111,1778931725.3248622
grallator_flat_new_actuator,Episode_Reward/track_lin_vel_xy_exp,132,0.9937223792076111,1778931726.299988
grallator_flat_new_actuator,Episode_Reward/track_lin_vel_xy_exp,133,0.9937223792076111,1778931727.2781248
grallator_flat_new_actuator,Episode_Reward/track_lin_vel_xy_exp,134,0.9937223792076111,1778931728.2481897
grallator_flat_new_actuator,Episode_Reward/track_lin_vel_xy_exp,135,1.0014050006866455,1778931729.2377412
grallator_flat_new_actuator,Episode_Reward/track_lin_vel_xy_exp,136,1.0705657005310059,1778931730.2286882
grallator_flat_new_actuator,Episode_Reward/track_lin_vel_xy_exp,137,1.101313829421997,1778931731.1853287
grallator_flat_new_actuator,Episode_Reward/track_lin_vel_xy_exp,138,1.101313829421997,1778931732.1466148
grallator_flat_new_actuator,Episode_Reward/track_lin_vel_xy_exp,139,1.101313829421997,1778931733.1091328
grallator_flat_new_actuator,Episode_Reward/track_lin_vel_xy_exp,140,1.1860791444778442,1778931734.095959
grallator_flat_new_actuator,Episode_Reward/track_lin_vel_xy_exp,141,1.1142481565475464,1778931735.244485
grallator_flat_new_actuator,Episode_Reward/track_lin_vel_xy_exp,142,1.0227950811386108,1778931736.2199209
grallator_flat_new_actuator,Episode_Reward/track_lin_vel_xy_exp,143,1.0424320697784424,1778931737.1925063
grallator_flat_new_actuator,Episode_Reward/track_lin_vel_xy_exp,144,1.2305335998535156,1778931738.1889544
grallator_flat_new_actuator,Episode_Reward/track_lin_vel_xy_exp,145,1.1244958639144897,1778931739.1580732
grallator_flat_new_actuator,Episode_Reward/track_lin_vel_xy_exp,146,1.1244958639144897,1778931740.1209328
grallator_flat_new_actuator,Episode_Reward/track_lin_vel_xy_exp,147,1.1244958639144897,1778931741.0773919
grallator_flat_new_actuator,Episode_Reward/track_lin_vel_xy_exp,148,1.1035702228546143,1778931742.0627046
grallator_flat_new_actuator,Episode_Reward/track_lin_vel_xy_exp,149,1.0527504682540894,1778931743.0319028
grallator_flat_new_actuator,Episode_Reward/track_lin_vel_xy_exp,150,1.0527504682540894,1778931743.996098
grallator_flat_new_actuator,Episode_Reward/track_lin_vel_xy_exp,151,1.0527504682540894,1778931744.964782
grallator_flat_new_actuator,Episode_Reward/track_lin_vel_xy_exp,152,1.0527504682540894,1778931745.998083
grallator_flat_new_actuator,Episode_Reward/track_lin_vel_xy_exp,153,1.0527504682540894,1778931746.957628
grallator_flat_new_actuator,Episode_Reward/track_lin_vel_xy_exp,154,1.0527504682540894,1778931747.9192255
grallator_flat_new_actuator,Episode_Reward/track_lin_vel_xy_exp,155,1.0527504682540894,1778931748.878612
grallator_flat_new_actuator,Episode_Reward/track_lin_vel_xy_exp,156,1.0689024925231934,1778931749.8581135
grallator_flat_new_actuator,Episode_Reward/track_lin_vel_xy_exp,157,1.0949989557266235,1778931750.8442137
grallator_flat_new_actuator,Episode_Reward/track_lin_vel_xy_exp,158,1.1255834102630615,1778931751.8069124
grallator_flat_new_actuator,Episode_Reward/track_lin_vel_xy_exp,159,0.8444486856460571,1778931752.7934487
grallator_flat_new_actuator,Episode_Reward/track_lin_vel_xy_exp,160,0.7882217168807983,1778931753.755525
grallator_flat_new_actuator,Episode_Reward/track_lin_vel_xy_exp,161,0.7882217168807983,1778931754.739543
grallator_flat_new_actuator,Episode_Reward/track_lin_vel_xy_exp,162,0.7882217168807983,1778931755.7216737
grallator_flat_new_actuator,Episode_Reward/track_lin_vel_xy_exp,163,0.7882217168807983,1778931756.806765
grallator_flat_new_actuator,Episode_Reward/track_lin_vel_xy_exp,164,0.7882217168807983,1778931757.7634773
grallator_flat_new_actuator,Episode_Reward/track_lin_vel_xy_exp,165,0.9673376083374023,1778931758.744345
grallator_flat_new_actuator,Episode_Reward/track_lin_vel_xy_exp,166,1.003160834312439,1778931759.702274
grallator_flat_new_actuator,Episode_Reward/track_lin_vel_xy_exp,167,1.003160834312439,1778931760.6680255
grallator_flat_new_actuator,Episode_Reward/track_lin_vel_xy_exp,168,1.003160834312439,1778931761.6188736
grallator_flat_new_actuator,Episode_Reward/track_lin_vel_xy_exp,169,1.003160834312439,1778931762.5677803
grallator_flat_new_actuator,Episode_Reward/track_lin_vel_xy_exp,170,1.0215240716934204,1778931763.5546432
grallator_flat_new_actuator,Episode_Reward/track_lin_vel_xy_exp,171,1.103203535079956,1778931764.5486336
grallator_flat_new_actuator,Episode_Reward/track_lin_vel_xy_exp,172,1.4270765781402588,1778931765.526349
grallator_flat_new_actuator,Episode_Reward/track_lin_vel_xy_exp,173,1.4270765781402588,1778931766.4834175
grallator_flat_new_actuator,Episode_Reward/track_lin_vel_xy_exp,174,1.4270765781402588,1778931767.595359
grallator_flat_new_actuator,Episode_Reward/track_lin_vel_xy_exp,175,1.4270765781402588,1778931768.5571122
grallator_flat_new_actuator,Episode_Reward/track_lin_vel_xy_exp,176,1.4270765781402588,1778931769.5061028
grallator_flat_new_actuator,Episode_Reward/track_lin_vel_xy_exp,177,1.2874045372009277,1778931770.4891672
grallator_flat_new_actuator,Episode_Reward/track_lin_vel_xy_exp,178,1.168414831161499,1778931771.4616356
grallator_flat_new_actuator,Episode_Reward/track_lin_vel_xy_exp,179,1.1725513935089111,1778931772.4173317
grallator_flat_new_actuator,Episode_Reward/track_lin_vel_xy_exp,180,1.1725513935089111,1778931773.3764622
grallator_flat_new_actuator,Episode_Reward/track_lin_vel_xy_exp,181,1.167473554611206,1778931774.3297346
grallator_flat_new_actuator,Episode_Reward/track_lin_vel_xy_exp,182,1.129122018814087,1778931775.3300877
grallator_flat_new_actuator,Episode_Reward/track_lin_vel_xy_exp,183,1.3371593952178955,1778931776.3205464
grallator_flat_new_actuator,Episode_Reward/track_lin_vel_xy_exp,184,1.3207982778549194,1778931777.2741375
grallator_flat_new_actuator,Episode_Reward/track_lin_vel_xy_exp,185,1.3414685726165771,1778931778.3671594
grallator_flat_new_actuator,Episode_Reward/track_lin_vel_xy_exp,186,1.1558868885040283,1778931779.347473
grallator_flat_new_actuator,Episode_Reward/track_lin_vel_xy_exp,187,0.974370002746582,1778931780.3024395
grallator_flat_new_actuator,Episode_Reward/track_lin_vel_xy_exp,188,0.974370002746582,1778931781.2636783
grallator_flat_new_actuator,Episode_Reward/track_lin_vel_xy_exp,189,0.974370002746582,1778931782.2204723
grallator_flat_new_actuator,Episode_Reward/track_lin_vel_xy_exp,190,1.1692829132080078,1778931783.20152
grallator_flat_new_actuator,Episode_Reward/track_lin_vel_xy_exp,191,1.2862308025360107,1778931784.1577559
grallator_flat_new_actuator,Episode_Reward/track_lin_vel_xy_exp,192,1.2862308025360107,1778931785.1322572
grallator_flat_new_actuator,Episode_Reward/track_lin_vel_xy_exp,193,1.2862308025360107,1778931786.1029954
grallator_flat_new_actuator,Episode_Reward/track_lin_vel_xy_exp,194,1.2862308025360107,1778931787.0647898
grallator_flat_new_actuator,Episode_Reward/track_lin_vel_xy_exp,195,1.2862308025360107,1778931788.026789
grallator_flat_new_actuator,Episode_Reward/track_lin_vel_xy_exp,196,1.2862308025360107,1778931789.0901096
grallator_flat_new_actuator,Episode_Reward/track_lin_vel_xy_exp,197,1.258941650390625,1778931790.0590174
grallator_flat_new_actuator,Episode_Reward/track_lin_vel_xy_exp,198,1.0679190158843994,1778931791.0432737
grallator_flat_new_actuator,Episode_Reward/track_lin_vel_xy_exp,199,1.1294307708740234,1778931792.0307696
grallator_flat_new_actuator,Episode_Reward/track_lin_vel_xy_exp,200,1.2005040645599365,1778931793.0149832
grallator_flat_new_actuator,Episode_Reward/track_lin_vel_xy_exp,201,1.4533509016036987,1778931793.997175
grallator_flat_new_actuator,Episode_Reward/track_lin_vel_xy_exp,202,1.4533509016036987,1778931794.9835427
grallator_flat_new_actuator,Episode_Reward/track_lin_vel_xy_exp,203,1.4533509016036987,1778931795.9440496
grallator_flat_new_actuator,Episode_Reward/track_lin_vel_xy_exp,204,1.4533509016036987,1778931796.912422
grallator_flat_new_actuator,Episode_Reward/track_lin_vel_xy_exp,205,1.4533509016036987,1778931797.8734763
grallator_flat_new_actuator,Episode_Reward/track_lin_vel_xy_exp,206,1.3899716138839722,1778931798.8503745
grallator_flat_new_actuator,Episode_Reward/track_lin_vel_xy_exp,207,1.0730746984481812,1778931799.8193738
grallator_flat_new_actuator,Episode_Reward/track_lin_vel_xy_exp,208,1.0730746984481812,1778931800.7911396
grallator_flat_new_actuator,Episode_Reward/track_lin_vel_xy_exp,209,1.0730746984481812,1778931801.7616277
grallator_flat_new_actuator,Episode_Reward/track_lin_vel_xy_exp,210,1.0730746984481812,1778931802.7240992
grallator_flat_new_actuator,Episode_Reward/track_lin_vel_xy_exp,211,1.0730746984481812,1778931803.6884704
grallator_flat_new_actuator,Episode_Reward/track_lin_vel_xy_exp,212,1.2373807430267334,1778931804.699134
grallator_flat_new_actuator,Episode_Reward/track_lin_vel_xy_exp,213,1.0195634365081787,1778931805.7140064
grallator_flat_new_actuator,Episode_Reward/track_lin_vel_xy_exp,214,0.7556999921798706,1778931806.6819525
grallator_flat_new_actuator,Episode_Reward/track_lin_vel_xy_exp,215,0.7556999921798706,1778931807.6504266
grallator_flat_new_actuator,Episode_Reward/track_lin_vel_xy_exp,216,0.7556999921798706,1778931808.6127508
grallator_flat_new_actuator,Episode_Reward/track_lin_vel_xy_exp,217,0.7556999921798706,1778931809.585958
grallator_flat_new_actuator,Episode_Reward/track_lin_vel_xy_exp,218,0.7556999921798706,1778931810.5517902
grallator_flat_new_actuator,Episode_Reward/track_lin_vel_xy_exp,219,1.2913392782211304,1778931811.7037096
grallator_flat_new_actuator,Episode_Reward/track_lin_vel_xy_exp,220,1.1928303241729736,1778931812.6733184
grallator_flat_new_actuator,Episode_Reward/track_lin_vel_xy_exp,221,1.1928303241729736,1778931813.638879
grallator_flat_new_actuator,Episode_Reward/track_lin_vel_xy_exp,222,1.1928303241729736,1778931814.607799
grallator_flat_new_actuator,Episode_Reward/track_lin_vel_xy_exp,223,1.2731659412384033,1778931815.600142
grallator_flat_new_actuator,Episode_Reward/track_lin_vel_xy_exp,224,1.2597465515136719,1778931816.5914352
grallator_flat_new_actuator,Episode_Reward/track_lin_vel_xy_exp,225,0.9394509792327881,1778931817.5926588
grallator_flat_new_actuator,Episode_Reward/track_lin_vel_xy_exp,226,0.9300999641418457,1778931818.557625
grallator_flat_new_actuator,Episode_Reward/track_lin_vel_xy_exp,227,1.0793516635894775,1778931819.549752
grallator_flat_new_actuator,Episode_Reward/track_lin_vel_xy_exp,228,1.3392070531845093,1778931820.5555058
grallator_flat_new_actuator,Episode_Reward/track_lin_vel_xy_exp,229,1.3692220449447632,1778931821.5324438
grallator_flat_new_actuator,Episode_Reward/track_lin_vel_xy_exp,230,1.3692220449447632,1778931822.5323594
grallator_flat_new_actuator,Episode_Reward/track_lin_vel_xy_exp,231,1.3692220449447632,1778931823.5018177
grallator_flat_new_actuator,Episode_Reward/track_lin_vel_xy_exp,232,1.3756517171859741,1778931824.4876423
grallator_flat_new_actuator,Episode_Reward/track_lin_vel_xy_exp,233,1.3759311437606812,1778931825.4478972
grallator_flat_new_actuator,Episode_Reward/track_lin_vel_xy_exp,234,1.3759311437606812,1778931826.4262974
grallator_flat_new_actuator,Episode_Reward/track_lin_vel_xy_exp,235,1.3759311437606812,1778931827.399392
grallator_flat_new_actuator,Episode_Reward/track_lin_vel_xy_exp,236,1.3759311437606812,1778931828.3747952
grallator_flat_new_actuator,Episode_Reward/track_lin_vel_xy_exp,237,1.3759311437606812,1778931829.3534093
grallator_flat_new_actuator,Episode_Reward/track_lin_vel_xy_exp,238,1.3759311437606812,1778931830.3171468
grallator_flat_new_actuator,Episode_Reward/track_lin_vel_xy_exp,239,1.2716493606567383,1778931831.3030746
grallator_flat_new_actuator,Episode_Reward/track_lin_vel_xy_exp,240,1.158848762512207,1778931832.2942872
grallator_flat_new_actuator,Episode_Reward/track_lin_vel_xy_exp,241,1.273703932762146,1778931833.4254978
grallator_flat_new_actuator,Episode_Reward/track_lin_vel_xy_exp,242,1.1625937223434448,1778931834.410162
grallator_flat_new_actuator,Episode_Reward/track_lin_vel_xy_exp,243,1.0514835119247437,1778931835.3838522
grallator_flat_new_actuator,Episode_Reward/track_lin_vel_xy_exp,244,1.0514835119247437,1778931836.3607533
grallator_flat_new_actuator,Episode_Reward/track_lin_vel_xy_exp,245,1.0514835119247437,1778931837.3237655
grallator_flat_new_actuator,Episode_Reward/track_lin_vel_xy_exp,246,1.0514835119247437,1778931838.2943814
grallator_flat_new_actuator,Episode_Reward/track_lin_vel_xy_exp,247,1.0514835119247437,1778931839.2677784
grallator_flat_new_actuator,Episode_Reward/track_lin_vel_xy_exp,248,1.1595271825790405,1778931840.264161
grallator_flat_new_actuator,Episode_Reward/track_lin_vel_xy_exp,249,1.2675708532333374,1778931841.234498
grallator_flat_new_actuator,Episode_Reward/track_lin_vel_xy_exp,250,1.2675708532333374,1778931842.199194
grallator_flat_new_actuator,Episode_Reward/track_lin_vel_xy_exp,251,1.2675708532333374,1778931843.1734967
grallator_flat_new_actuator,Episode_Reward/track_lin_vel_xy_exp,252,1.2675708532333374,1778931844.2445648
grallator_flat_new_actuator,Episode_Reward/track_lin_vel_xy_exp,253,1.2785476446151733,1778931845.250043
grallator_flat_new_actuator,Episode_Reward/track_lin_vel_xy_exp,254,1.2595070600509644,1778931846.2283971
grallator_flat_new_actuator,Episode_Reward/track_lin_vel_xy_exp,255,1.2987430095672607,1778931847.2400343
grallator_flat_new_actuator,Episode_Reward/track_lin_vel_xy_exp,256,1.4305332899093628,1778931848.2146323
grallator_flat_new_actuator,Episode_Reward/track_lin_vel_xy_exp,257,1.4305332899093628,1778931849.1778345
grallator_flat_new_actuator,Episode_Reward/track_lin_vel_xy_exp,258,1.4305332899093628,1778931850.1669211
grallator_flat_new_actuator,Episode_Reward/track_lin_vel_xy_exp,259,1.4305332899093628,1778931851.1320908
grallator_flat_new_actuator,Episode_Reward/track_lin_vel_xy_exp,260,1.335846185684204,1778931852.1146104
grallator_flat_new_actuator,Episode_Reward/track_lin_vel_xy_exp,261,0.8927117586135864,1778931853.1092947
grallator_flat_new_actuator,Episode_Reward/track_lin_vel_xy_exp,262,0.9230138659477234,1778931854.0707183
grallator_flat_new_actuator,Episode_Reward/track_lin_vel_xy_exp,263,0.9230138659477234,1778931855.1461983
grallator_flat_new_actuator,Episode_Reward/track_lin_vel_xy_exp,264,0.9230138659477234,1778931856.1044471
grallator_flat_new_actuator,Episode_Reward/track_lin_vel_xy_exp,265,1.2706621885299683,1778931857.098708
grallator_flat_new_actuator,Episode_Reward/track_lin_vel_xy_exp,266,1.2010560035705566,1778931858.1142292
grallator_flat_new_actuator,Episode_Reward/track_lin_vel_xy_exp,267,1.3495734930038452,1778931859.0752912
grallator_flat_new_actuator,Episode_Reward/track_lin_vel_xy_exp,268,1.3201459646224976,1778931860.062606
grallator_flat_new_actuator,Episode_Reward/track_lin_vel_xy_exp,269,0.9786844253540039,1778931861.0680313
grallator_flat_new_actuator,Episode_Reward/track_lin_vel_xy_exp,270,0.9112052917480469,1778931862.035835
grallator_flat_new_actuator,Episode_Reward/track_lin_vel_xy_exp,271,0.9112052917480469,1778931863.008004
grallator_flat_new_actuator,Episode_Reward/track_lin_vel_xy_exp,272,0.9112052917480469,1778931863.971302
grallator_flat_new_actuator,Episode_Reward/track_lin_vel_xy_exp,273,1.0261831283569336,1778931864.9693742
grallator_flat_new_actuator,Episode_Reward/track_lin_vel_xy_exp,274,1.3054149150848389,1778931866.007938
grallator_flat_new_actuator,Episode_Reward/track_lin_vel_xy_exp,275,1.3054149150848389,1778931866.9715378
grallator_flat_new_actuator,Episode_Reward/track_lin_vel_xy_exp,276,1.3054149150848389,1778931867.9356472
grallator_flat_new_actuator,Episode_Reward/track_lin_vel_xy_exp,277,1.3054149150848389,1778931868.899182
grallator_flat_new_actuator,Episode_Reward/track_lin_vel_xy_exp,278,1.3054149150848389,1778931869.8554668
grallator_flat_new_actuator,Episode_Reward/track_lin_vel_xy_exp,279,1.3054149150848389,1778931870.8146298
grallator_flat_new_actuator,Episode_Reward/track_lin_vel_xy_exp,280,1.3054149150848389,1778931871.7801943
grallator_flat_new_actuator,Episode_Reward/track_lin_vel_xy_exp,281,1.2386069297790527,1778931872.7763488
grallator_flat_new_actuator,Episode_Reward/track_lin_vel_xy_exp,282,1.0862135887145996,1778931873.7673712
grallator_flat_new_actuator,Episode_Reward/track_lin_vel_xy_exp,283,0.8974766135215759,1778931874.7231352
grallator_flat_new_actuator,Episode_Reward/track_lin_vel_xy_exp,284,1.1583213806152344,1778931875.7112224
grallator_flat_new_actuator,Episode_Reward/track_lin_vel_xy_exp,285,1.2104902267456055,1778931876.7998614
grallator_flat_new_actuator,Episode_Reward/track_lin_vel_xy_exp,286,1.2104902267456055,1778931877.7564733
grallator_flat_new_actuator,Episode_Reward/track_lin_vel_xy_exp,287,1.2104902267456055,1778931878.711095
grallator_flat_new_actuator,Episode_Reward/track_lin_vel_xy_exp,288,1.2104902267456055,1778931879.6621432
grallator_flat_new_actuator,Episode_Reward/track_lin_vel_xy_exp,289,1.2104902267456055,1778931880.6184056
grallator_flat_new_actuator,Episode_Reward/track_lin_vel_xy_exp,290,1.1902453899383545,1778931881.6043332
grallator_flat_new_actuator,Episode_Reward/track_lin_vel_xy_exp,291,1.186196208000183,1778931882.5706565
grallator_flat_new_actuator,Episode_Reward/track_lin_vel_xy_exp,292,1.186196208000183,1778931883.5281384
grallator_flat_new_actuator,Episode_Reward/track_lin_vel_xy_exp,293,1.186196208000183,1778931884.488514
grallator_flat_new_actuator,Episode_Reward/track_lin_vel_xy_exp,294,1.186196208000183,1778931885.4406722
grallator_flat_new_actuator,Episode_Reward/track_lin_vel_xy_exp,295,1.0663440227508545,1778931886.4406464
grallator_flat_new_actuator,Episode_Reward/track_lin_vel_xy_exp,296,1.065420150756836,1778931887.5055687
grallator_flat_new_actuator,Episode_Reward/track_lin_vel_xy_exp,297,1.2502365112304688,1778931888.5078616
grallator_flat_new_actuator,Episode_Reward/track_lin_vel_xy_exp,298,1.2502365112304688,1778931889.4612563
grallator_flat_new_actuator,Episode_Reward/track_lin_vel_xy_exp,299,1.2502365112304688,1778931890.417845
grallator_flat_new_actuator,Episode_Reward/track_ang_vel_z_exp,0,0.0,1778931591.3179793
grallator_flat_new_actuator,Episode_Reward/track_ang_vel_z_exp,1,0.0,1778931592.4398038
grallator_flat_new_actuator,Episode_Reward/track_ang_vel_z_exp,2,0.0,1778931593.4027863
grallator_flat_new_actuator,Episode_Reward/track_ang_vel_z_exp,3,0.007491848431527615,1778931594.8336217
grallator_flat_new_actuator,Episode_Reward/track_ang_vel_z_exp,4,0.026452943682670593,1778931595.830449
grallator_flat_new_actuator,Episode_Reward/track_ang_vel_z_exp,5,0.035253822803497314,1778931596.827282
grallator_flat_new_actuator,Episode_Reward/track_ang_vel_z_exp,6,0.0369541309773922,1778931597.811238
grallator_flat_new_actuator,Episode_Reward/track_ang_vel_z_exp,7,0.0369541309773922,1778931598.8040845
grallator_flat_new_actuator,Episode_Reward/track_ang_vel_z_exp,8,0.0369541309773922,1778931599.811486
grallator_flat_new_actuator,Episode_Reward/track_ang_vel_z_exp,9,0.0369541309773922,1778931600.816365
grallator_flat_new_actuator,Episode_Reward/track_ang_vel_z_exp,10,0.043358735740184784,1778931601.8659294
grallator_flat_new_actuator,Episode_Reward/track_ang_vel_z_exp,11,0.07712133973836899,1778931602.980813
grallator_flat_new_actuator,Episode_Reward/track_ang_vel_z_exp,12,0.07886095345020294,1778931604.010318
grallator_flat_new_actuator,Episode_Reward/track_ang_vel_z_exp,13,0.07886095345020294,1778931605.0379844
grallator_flat_new_actuator,Episode_Reward/track_ang_vel_z_exp,14,0.07886095345020294,1778931606.054664
grallator_flat_new_actuator,Episode_Reward/track_ang_vel_z_exp,15,0.09944061934947968,1778931607.0814142
grallator_flat_new_actuator,Episode_Reward/track_ang_vel_z_exp,16,0.11381359398365021,1778931608.1363828
grallator_flat_new_actuator,Episode_Reward/track_ang_vel_z_exp,17,0.11695953458547592,1778931609.165986
grallator_flat_new_actuator,Episode_Reward/track_ang_vel_z_exp,18,0.11836948990821838,1778931610.2072299
grallator_flat_new_actuator,Episode_Reward/track_ang_vel_z_exp,19,0.1352594494819641,1778931611.2668767
grallator_flat_new_actuator,Episode_Reward/track_ang_vel_z_exp,20,0.14050522446632385,1778931612.296549
grallator_flat_new_actuator,Episode_Reward/track_ang_vel_z_exp,21,0.14050522446632385,1778931613.338095
grallator_flat_new_actuator,Episode_Reward/track_ang_vel_z_exp,22,0.14050522446632385,1778931614.3648248
grallator_flat_new_actuator,Episode_Reward/track_ang_vel_z_exp,23,0.1486356556415558,1778931615.5358958
grallator_flat_new_actuator,Episode_Reward/track_ang_vel_z_exp,24,0.1683809757232666,1778931616.572887
grallator_flat_new_actuator,Episode_Reward/track_ang_vel_z_exp,25,0.1683809757232666,1778931617.6100755
grallator_flat_new_actuator,Episode_Reward/track_ang_vel_z_exp,26,0.1683809757232666,1778931618.6404114
grallator_flat_new_actuator,Episode_Reward/track_ang_vel_z_exp,27,0.1683809757232666,1778931619.6608841
grallator_flat_new_actuator,Episode_Reward/track_ang_vel_z_exp,28,0.1683809757232666,1778931620.6847146
grallator_flat_new_actuator,Episode_Reward/track_ang_vel_z_exp,29,0.1683809757232666,1778931621.7054827
grallator_flat_new_actuator,Episode_Reward/track_ang_vel_z_exp,30,0.1683809757232666,1778931622.7422657
grallator_flat_new_actuator,Episode_Reward/track_ang_vel_z_exp,31,0.21101853251457214,1778931623.7800288
grallator_flat_new_actuator,Episode_Reward/track_ang_vel_z_exp,32,0.22649715840816498,1778931624.8324091
grallator_flat_new_actuator,Episode_Reward/track_ang_vel_z_exp,33,0.23245869576931,1778931626.0029519
grallator_flat_new_actuator,Episode_Reward/track_ang_vel_z_exp,34,0.2388094961643219,1778931627.0641656
grallator_flat_new_actuator,Episode_Reward/track_ang_vel_z_exp,35,0.24007964134216309,1778931628.0947118
grallator_flat_new_actuator,Episode_Reward/track_ang_vel_z_exp,36,0.24007964134216309,1778931629.120248
grallator_flat_new_actuator,Episode_Reward/track_ang_vel_z_exp,37,0.24007964134216309,1778931630.14375
grallator_flat_new_actuator,Episode_Reward/track_ang_vel_z_exp,38,0.24007964134216309,1778931631.1714284
grallator_flat_new_actuator,Episode_Reward/track_ang_vel_z_exp,39,0.24007964134216309,1778931632.1962013
grallator_flat_new_actuator,Episode_Reward/track_ang_vel_z_exp,40,0.27713894844055176,1778931633.243003
grallator_flat_new_actuator,Episode_Reward/track_ang_vel_z_exp,41,0.28455084562301636,1778931634.2908173
grallator_flat_new_actuator,Episode_Reward/track_ang_vel_z_exp,42,0.28455084562301636,1778931635.3225672
grallator_flat_new_actuator,Episode_Reward/track_ang_vel_z_exp,43,0.28455084562301636,1778931636.5149162
grallator_flat_new_actuator,Episode_Reward/track_ang_vel_z_exp,44,0.28455084562301636,1778931637.537176
grallator_flat_new_actuator,Episode_Reward/track_ang_vel_z_exp,45,0.2916942238807678,1778931638.588476
grallator_flat_new_actuator,Episode_Reward/track_ang_vel_z_exp,46,0.2952854037284851,1778931639.640109
grallator_flat_new_actuator,Episode_Reward/track_ang_vel_z_exp,47,0.2964123487472534,1778931640.6709208
grallator_flat_new_actuator,Episode_Reward/track_ang_vel_z_exp,48,0.2964123487472534,1778931641.6812892
grallator_flat_new_actuator,Episode_Reward/track_ang_vel_z_exp,49,0.2964123487472534,1778931642.7002258
grallator_flat_new_actuator,Episode_Reward/track_ang_vel_z_exp,50,0.2964123487472534,1778931643.716667
grallator_flat_new_actuator,Episode_Reward/track_ang_vel_z_exp,51,0.2964123487472534,1778931644.745216
grallator_flat_new_actuator,Episode_Reward/track_ang_vel_z_exp,52,0.29596805572509766,1778931645.7826211
grallator_flat_new_actuator,Episode_Reward/track_ang_vel_z_exp,53,0.2951713502407074,1778931646.814211
grallator_flat_new_actuator,Episode_Reward/track_ang_vel_z_exp,54,0.2951008677482605,1778931647.9088204
grallator_flat_new_actuator,Episode_Reward/track_ang_vel_z_exp,55,0.2951008677482605,1778931648.9222865
grallator_flat_new_actuator,Episode_Reward/track_ang_vel_z_exp,56,0.295138418674469,1778931649.926917
grallator_flat_new_actuator,Episode_Reward/track_ang_vel_z_exp,57,0.2961065173149109,1778931650.965421
grallator_flat_new_actuator,Episode_Reward/track_ang_vel_z_exp,58,0.2951487600803375,1778931651.9984884
grallator_flat_new_actuator,Episode_Reward/track_ang_vel_z_exp,59,0.29438650608062744,1778931653.0240085
grallator_flat_new_actuator,Episode_Reward/track_ang_vel_z_exp,60,0.2945697009563446,1778931654.052133
grallator_flat_new_actuator,Episode_Reward/track_ang_vel_z_exp,61,0.2949390411376953,1778931655.0757911
grallator_flat_new_actuator,Episode_Reward/track_ang_vel_z_exp,62,0.29503458738327026,1778931656.0806606
grallator_flat_new_actuator,Episode_Reward/track_ang_vel_z_exp,63,0.29503458738327026,1778931657.0887449
grallator_flat_new_actuator,Episode_Reward/track_ang_vel_z_exp,64,0.29503458738327026,1778931658.0969467
grallator_flat_new_actuator,Episode_Reward/track_ang_vel_z_exp,65,0.29575419425964355,1778931659.1641297
grallator_flat_new_actuator,Episode_Reward/track_ang_vel_z_exp,66,0.2961859405040741,1778931660.1757944
grallator_flat_new_actuator,Episode_Reward/track_ang_vel_z_exp,67,0.2961859405040741,1778931661.18838
grallator_flat_new_actuator,Episode_Reward/track_ang_vel_z_exp,68,0.2961859405040741,1778931662.1898463
grallator_flat_new_actuator,Episode_Reward/track_ang_vel_z_exp,69,0.2961859405040741,1778931663.1941576
grallator_flat_new_actuator,Episode_Reward/track_ang_vel_z_exp,70,0.2961859405040741,1778931664.1917455
grallator_flat_new_actuator,Episode_Reward/track_ang_vel_z_exp,71,0.2961859405040741,1778931665.1946826
grallator_flat_new_actuator,Episode_Reward/track_ang_vel_z_exp,72,0.2960984408855438,1778931666.2055647
grallator_flat_new_actuator,Episode_Reward/track_ang_vel_z_exp,73,0.2954859137535095,1778931667.2309277
grallator_flat_new_actuator,Episode_Reward/track_ang_vel_z_exp,74,0.29552891850471497,1778931668.2432516
grallator_flat_new_actuator,Episode_Reward/track_ang_vel_z_exp,75,0.29514676332473755,1778931669.319752
grallator_flat_new_actuator,Episode_Reward/track_ang_vel_z_exp,76,0.2931641936302185,1778931670.3139944
grallator_flat_new_actuator,Episode_Reward/track_ang_vel_z_exp,77,0.2931641936302185,1778931671.309035
grallator_flat_new_actuator,Episode_Reward/track_ang_vel_z_exp,78,0.2931641936302185,1778931672.2975638
grallator_flat_new_actuator,Episode_Reward/track_ang_vel_z_exp,79,0.2931641936302185,1778931673.288311
grallator_flat_new_actuator,Episode_Reward/track_ang_vel_z_exp,80,0.2931641936302185,1778931674.2735486
grallator_flat_new_actuator,Episode_Reward/track_ang_vel_z_exp,81,0.2934068441390991,1778931675.2785003
grallator_flat_new_actuator,Episode_Reward/track_ang_vel_z_exp,82,0.2946200966835022,1778931676.2727675
grallator_flat_new_actuator,Episode_Reward/track_ang_vel_z_exp,83,0.2946200966835022,1778931677.2663374
grallator_flat_new_actuator,Episode_Reward/track_ang_vel_z_exp,84,0.2946200966835022,1778931678.2661064
grallator_flat_new_actuator,Episode_Reward/track_ang_vel_z_exp,85,0.2946200966835022,1778931679.2592854
grallator_flat_new_actuator,Episode_Reward/track_ang_vel_z_exp,86,0.2946200966835022,1778931680.4112732
grallator_flat_new_actuator,Episode_Reward/track_ang_vel_z_exp,87,0.29064589738845825,1778931681.4303324
grallator_flat_new_actuator,Episode_Reward/track_ang_vel_z_exp,88,0.2919360399246216,1778931682.4717395
grallator_flat_new_actuator,Episode_Reward/track_ang_vel_z_exp,89,0.29556483030319214,1778931683.468033
grallator_flat_new_actuator,Episode_Reward/track_ang_vel_z_exp,90,0.29556483030319214,1778931684.4614487
grallator_flat_new_actuator,Episode_Reward/track_ang_vel_z_exp,91,0.29556483030319214,1778931685.4531107
grallator_flat_new_actuator,Episode_Reward/track_ang_vel_z_exp,92,0.29556483030319214,1778931686.4429312
grallator_flat_new_actuator,Episode_Reward/track_ang_vel_z_exp,93,0.29556483030319214,1778931687.43477
grallator_flat_new_actuator,Episode_Reward/track_ang_vel_z_exp,94,0.29427051544189453,1778931688.46278
grallator_flat_new_actuator,Episode_Reward/track_ang_vel_z_exp,95,0.2927078902721405,1778931689.4547307
grallator_flat_new_actuator,Episode_Reward/track_ang_vel_z_exp,96,0.2927078902721405,1778931690.45195
grallator_flat_new_actuator,Episode_Reward/track_ang_vel_z_exp,97,0.2927078902721405,1778931691.4965353
grallator_flat_new_actuator,Episode_Reward/track_ang_vel_z_exp,98,0.29416805505752563,1778931692.5039778
grallator_flat_new_actuator,Episode_Reward/track_ang_vel_z_exp,99,0.2945554256439209,1778931693.5130186
grallator_flat_new_actuator,Episode_Reward/track_ang_vel_z_exp,100,0.29475170373916626,1778931694.535969
grallator_flat_new_actuator,Episode_Reward/track_ang_vel_z_exp,101,0.2948237359523773,1778931695.5334923
grallator_flat_new_actuator,Episode_Reward/track_ang_vel_z_exp,102,0.294231116771698,1778931696.5285182
grallator_flat_new_actuator,Episode_Reward/track_ang_vel_z_exp,103,0.28992462158203125,1778931697.5222855
grallator_flat_new_actuator,Episode_Reward/track_ang_vel_z_exp,104,0.2893376052379608,1778931698.4987118
grallator_flat_new_actuator,Episode_Reward/track_ang_vel_z_exp,105,0.2893376052379608,1778931699.5012176
grallator_flat_new_actuator,Episode_Reward/track_ang_vel_z_exp,106,0.2893376052379608,1778931700.478749
grallator_flat_new_actuator,Episode_Reward/track_ang_vel_z_exp,107,0.29428890347480774,1778931701.4802806
grallator_flat_new_actuator,Episode_Reward/track_ang_vel_z_exp,108,0.29450416564941406,1778931702.5634718
grallator_flat_new_actuator,Episode_Reward/track_ang_vel_z_exp,109,0.29450416564941406,1778931703.5434008
grallator_flat_new_actuator,Episode_Reward/track_ang_vel_z_exp,110,0.29450416564941406,1778931704.5141263
grallator_flat_new_actuator,Episode_Reward/track_ang_vel_z_exp,111,0.29450416564941406,1778931705.4885683
grallator_flat_new_actuator,Episode_Reward/track_ang_vel_z_exp,112,0.29450416564941406,1778931706.471526
grallator_flat_new_actuator,Episode_Reward/track_ang_vel_z_exp,113,0.29450416564941406,1778931707.4400523
grallator_flat_new_actuator,Episode_Reward/track_ang_vel_z_exp,114,0.2938089668750763,1778931708.431523
grallator_flat_new_actuator,Episode_Reward/track_ang_vel_z_exp,115,0.29297536611557007,1778931709.412594
grallator_flat_new_actuator,Episode_Reward/track_ang_vel_z_exp,116,0.2928435206413269,1778931710.4059753
grallator_flat_new_actuator,Episode_Reward/track_ang_vel_z_exp,117,0.29315614700317383,1778931711.4067378
grallator_flat_new_actuator,Episode_Reward/track_ang_vel_z_exp,118,0.29346880316734314,1778931712.3772304
grallator_flat_new_actuator,Episode_Reward/track_ang_vel_z_exp,119,0.29346880316734314,1778931713.4485545
grallator_flat_new_actuator,Episode_Reward/track_ang_vel_z_exp,120,0.29346880316734314,1778931714.4169126
grallator_flat_new_actuator,Episode_Reward/track_ang_vel_z_exp,121,0.29346880316734314,1778931715.4031477
grallator_flat_new_actuator,Episode_Reward/track_ang_vel_z_exp,122,0.29346880316734314,1778931716.3854997
grallator_flat_new_actuator,Episode_Reward/track_ang_vel_z_exp,123,0.2927156090736389,1778931717.3781106
grallator_flat_new_actuator,Episode_Reward/track_ang_vel_z_exp,124,0.2919623553752899,1778931718.3425536
grallator_flat_new_actuator,Episode_Reward/track_ang_vel_z_exp,125,0.2919623553752899,1778931719.3178515
grallator_flat_new_actuator,Episode_Reward/track_ang_vel_z_exp,126,0.2919623553752899,1778931720.2986345
grallator_flat_new_actuator,Episode_Reward/track_ang_vel_z_exp,127,0.2919623553752899,1778931721.2831945
grallator_flat_new_actuator,Episode_Reward/track_ang_vel_z_exp,128,0.29238879680633545,1778931722.2831116
grallator_flat_new_actuator,Episode_Reward/track_ang_vel_z_exp,129,0.2934139370918274,1778931723.275127
grallator_flat_new_actuator,Episode_Reward/track_ang_vel_z_exp,130,0.2931707799434662,1778931724.3545945
grallator_flat_new_actuator,Episode_Reward/track_ang_vel_z_exp,131,0.292924702167511,1778931725.325453
grallator_flat_new_actuator,Episode_Reward/track_ang_vel_z_exp,132,0.292924702167511,1778931726.3006961
grallator_flat_new_actuator,Episode_Reward/track_ang_vel_z_exp,133,0.292924702167511,1778931727.2788992
grallator_flat_new_actuator,Episode_Reward/track_ang_vel_z_exp,134,0.292924702167511,1778931728.248832
grallator_flat_new_actuator,Episode_Reward/track_ang_vel_z_exp,135,0.29281890392303467,1778931729.238503
grallator_flat_new_actuator,Episode_Reward/track_ang_vel_z_exp,136,0.292598694562912,1778931730.2293034
grallator_flat_new_actuator,Episode_Reward/track_ang_vel_z_exp,137,0.2929072976112366,1778931731.1859307
grallator_flat_new_actuator,Episode_Reward/track_ang_vel_z_exp,138,0.2929072976112366,1778931732.147218
grallator_flat_new_actuator,Episode_Reward/track_ang_vel_z_exp,139,0.2929072976112366,1778931733.1098204
grallator_flat_new_actuator,Episode_Reward/track_ang_vel_z_exp,140,0.29375046491622925,1778931734.096609
grallator_flat_new_actuator,Episode_Reward/track_ang_vel_z_exp,141,0.2911774814128876,1778931735.2451963
grallator_flat_new_actuator,Episode_Reward/track_ang_vel_z_exp,142,0.29162389039993286,1778931736.2205536
grallator_flat_new_actuator,Episode_Reward/track_ang_vel_z_exp,143,0.29184573888778687,1778931737.193144
grallator_flat_new_actuator,Episode_Reward/track_ang_vel_z_exp,144,0.2940971851348877,1778931738.1895702
grallator_flat_new_actuator,Episode_Reward/track_ang_vel_z_exp,145,0.29337936639785767,1778931739.1587293
grallator_flat_new_actuator,Episode_Reward/track_ang_vel_z_exp,146,0.29337936639785767,1778931740.1215234
grallator_flat_new_actuator,Episode_Reward/track_ang_vel_z_exp,147,0.29337936639785767,1778931741.0780706
grallator_flat_new_actuator,Episode_Reward/track_ang_vel_z_exp,148,0.2934409976005554,1778931742.0633018
grallator_flat_new_actuator,Episode_Reward/track_ang_vel_z_exp,149,0.29359063506126404,1778931743.0325205
grallator_flat_new_actuator,Episode_Reward/track_ang_vel_z_exp,150,0.29359063506126404,1778931743.9967074
grallator_flat_new_actuator,Episode_Reward/track_ang_vel_z_exp,151,0.29359063506126404,1778931744.9653816
grallator_flat_new_actuator,Episode_Reward/track_ang_vel_z_exp,152,0.29359063506126404,1778931745.9987366
grallator_flat_new_actuator,Episode_Reward/track_ang_vel_z_exp,153,0.29359063506126404,1778931746.9582102
grallator_flat_new_actuator,Episode_Reward/track_ang_vel_z_exp,154,0.29359063506126404,1778931747.919851
grallator_flat_new_actuator,Episode_Reward/track_ang_vel_z_exp,155,0.29359063506126404,1778931748.8793142
grallator_flat_new_actuator,Episode_Reward/track_ang_vel_z_exp,156,0.29465198516845703,1778931749.8587637
grallator_flat_new_actuator,Episode_Reward/track_ang_vel_z_exp,157,0.29462742805480957,1778931750.8448668
grallator_flat_new_actuator,Episode_Reward/track_ang_vel_z_exp,158,0.29420197010040283,1778931751.8075283
grallator_flat_new_actuator,Episode_Reward/track_ang_vel_z_exp,159,0.29510390758514404,1778931752.7942045
grallator_flat_new_actuator,Episode_Reward/track_ang_vel_z_exp,160,0.29528433084487915,1778931753.7561502
grallator_flat_new_actuator,Episode_Reward/track_ang_vel_z_exp,161,0.29528433084487915,1778931754.7401872
grallator_flat_new_actuator,Episode_Reward/track_ang_vel_z_exp,162,0.29528433084487915,1778931755.72233
grallator_flat_new_actuator,Episode_Reward/track_ang_vel_z_exp,163,0.29528433084487915,1778931756.8073893
grallator_flat_new_actuator,Episode_Reward/track_ang_vel_z_exp,164,0.29528433084487915,1778931757.764262
grallator_flat_new_actuator,Episode_Reward/track_ang_vel_z_exp,165,0.2961830198764801,1778931758.7450507
grallator_flat_new_actuator,Episode_Reward/track_ang_vel_z_exp,166,0.2963627576828003,1778931759.7029595
grallator_flat_new_actuator,Episode_Reward/track_ang_vel_z_exp,167,0.2963627576828003,1778931760.6687462
grallator_flat_new_actuator,Episode_Reward/track_ang_vel_z_exp,168,0.2963627576828003,1778931761.6196213
grallator_flat_new_actuator,Episode_Reward/track_ang_vel_z_exp,169,0.2963627576828003,1778931762.5684257
grallator_flat_new_actuator,Episode_Reward/track_ang_vel_z_exp,170,0.2955414056777954,1778931763.5552633
grallator_flat_new_actuator,Episode_Reward/track_ang_vel_z_exp,171,0.2946133017539978,1778931764.5494387
grallator_flat_new_actuator,Episode_Reward/track_ang_vel_z_exp,172,0.29565390944480896,1778931765.5269766
grallator_flat_new_actuator,Episode_Reward/track_ang_vel_z_exp,173,0.29565390944480896,1778931766.4840372
grallator_flat_new_actuator,Episode_Reward/track_ang_vel_z_exp,174,0.29565390944480896,1778931767.5959828
grallator_flat_new_actuator,Episode_Reward/track_ang_vel_z_exp,175,0.29565390944480896,1778931768.5577657
grallator_flat_new_actuator,Episode_Reward/track_ang_vel_z_exp,176,0.29565390944480896,1778931769.5068421
grallator_flat_new_actuator,Episode_Reward/track_ang_vel_z_exp,177,0.29565703868865967,1778931770.4899101
grallator_flat_new_actuator,Episode_Reward/track_ang_vel_z_exp,178,0.29588207602500916,1778931771.4622622
grallator_flat_new_actuator,Episode_Reward/track_ang_vel_z_exp,179,0.29592642188072205,1778931772.4179456
grallator_flat_new_actuator,Episode_Reward/track_ang_vel_z_exp,180,0.29592642188072205,1778931773.3771865
grallator_flat_new_actuator,Episode_Reward/track_ang_vel_z_exp,181,0.2959209680557251,1778931774.330442
grallator_flat_new_actuator,Episode_Reward/track_ang_vel_z_exp,182,0.2952384352684021,1778931775.3307817
grallator_flat_new_actuator,Episode_Reward/track_ang_vel_z_exp,183,0.2945290207862854,1778931776.321268
grallator_flat_new_actuator,Episode_Reward/track_ang_vel_z_exp,184,0.2951059341430664,1778931777.2747884
grallator_flat_new_actuator,Episode_Reward/track_ang_vel_z_exp,185,0.29534849524497986,1778931778.3678093
grallator_flat_new_actuator,Episode_Reward/track_ang_vel_z_exp,186,0.29535630345344543,1778931779.3482122
grallator_flat_new_actuator,Episode_Reward/track_ang_vel_z_exp,187,0.29507559537887573,1778931780.3030863
grallator_flat_new_actuator,Episode_Reward/track_ang_vel_z_exp,188,0.29507559537887573,1778931781.2643437
grallator_flat_new_actuator,Episode_Reward/track_ang_vel_z_exp,189,0.29507559537887573,1778931782.2211301
grallator_flat_new_actuator,Episode_Reward/track_ang_vel_z_exp,190,0.29610714316368103,1778931783.2022653
grallator_flat_new_actuator,Episode_Reward/track_ang_vel_z_exp,191,0.2967260479927063,1778931784.1583946
grallator_flat_new_actuator,Episode_Reward/track_ang_vel_z_exp,192,0.2967260479927063,1778931785.1330209
grallator_flat_new_actuator,Episode_Reward/track_ang_vel_z_exp,193,0.2967260479927063,1778931786.1036334
grallator_flat_new_actuator,Episode_Reward/track_ang_vel_z_exp,194,0.2967260479927063,1778931787.0654109
grallator_flat_new_actuator,Episode_Reward/track_ang_vel_z_exp,195,0.2967260479927063,1778931788.0274992
grallator_flat_new_actuator,Episode_Reward/track_ang_vel_z_exp,196,0.2967260479927063,1778931789.0908303
grallator_flat_new_actuator,Episode_Reward/track_ang_vel_z_exp,197,0.29668140411376953,1778931790.0597284
grallator_flat_new_actuator,Episode_Reward/track_ang_vel_z_exp,198,0.296368807554245,1778931791.0438812
grallator_flat_new_actuator,Episode_Reward/track_ang_vel_z_exp,199,0.29655227065086365,1778931792.031469
grallator_flat_new_actuator,Episode_Reward/track_ang_vel_z_exp,200,0.2966124713420868,1778931793.0157022
grallator_flat_new_actuator,Episode_Reward/track_ang_vel_z_exp,201,0.2966075539588928,1778931793.9978075
grallator_flat_new_actuator,Episode_Reward/track_ang_vel_z_exp,202,0.2966075539588928,1778931794.98424
grallator_flat_new_actuator,Episode_Reward/track_ang_vel_z_exp,203,0.2966075539588928,1778931795.9447527
grallator_flat_new_actuator,Episode_Reward/track_ang_vel_z_exp,204,0.2966075539588928,1778931796.9130435
grallator_flat_new_actuator,Episode_Reward/track_ang_vel_z_exp,205,0.2966075539588928,1778931797.8741255
grallator_flat_new_actuator,Episode_Reward/track_ang_vel_z_exp,206,0.2964736223220825,1778931798.8509898
grallator_flat_new_actuator,Episode_Reward/track_ang_vel_z_exp,207,0.2958039939403534,1778931799.819991
grallator_flat_new_actuator,Episode_Reward/track_ang_vel_z_exp,208,0.2958039939403534,1778931800.7918193
grallator_flat_new_actuator,Episode_Reward/track_ang_vel_z_exp,209,0.2958039939403534,1778931801.76227
grallator_flat_new_actuator,Episode_Reward/track_ang_vel_z_exp,210,0.2958039939403534,1778931802.724736
grallator_flat_new_actuator,Episode_Reward/track_ang_vel_z_exp,211,0.2958039939403534,1778931803.68907
grallator_flat_new_actuator,Episode_Reward/track_ang_vel_z_exp,212,0.2967011332511902,1778931804.6999004
grallator_flat_new_actuator,Episode_Reward/track_ang_vel_z_exp,213,0.2968517541885376,1778931805.714684
grallator_flat_new_actuator,Episode_Reward/track_ang_vel_z_exp,214,0.2955303192138672,1778931806.6826057
grallator_flat_new_actuator,Episode_Reward/track_ang_vel_z_exp,215,0.2955303192138672,1778931807.651047
grallator_flat_new_actuator,Episode_Reward/track_ang_vel_z_exp,216,0.2955303192138672,1778931808.6133463
grallator_flat_new_actuator,Episode_Reward/track_ang_vel_z_exp,217,0.2955303192138672,1778931809.5865893
grallator_flat_new_actuator,Episode_Reward/track_ang_vel_z_exp,218,0.2955303192138672,1778931810.5524414
grallator_flat_new_actuator,Episode_Reward/track_ang_vel_z_exp,219,0.29585105180740356,1778931811.7043197
grallator_flat_new_actuator,Episode_Reward/track_ang_vel_z_exp,220,0.29608094692230225,1778931812.6740448
grallator_flat_new_actuator,Episode_Reward/track_ang_vel_z_exp,221,0.29608094692230225,1778931813.6394985
grallator_flat_new_actuator,Episode_Reward/track_ang_vel_z_exp,222,0.29608094692230225,1778931814.6083832
grallator_flat_new_actuator,Episode_Reward/track_ang_vel_z_exp,223,0.29565373063087463,1778931815.6007957
grallator_flat_new_actuator,Episode_Reward/track_ang_vel_z_exp,224,0.295818030834198,1778931816.5920722
grallator_flat_new_actuator,Episode_Reward/track_ang_vel_z_exp,225,0.29688069224357605,1778931817.5932772
grallator_flat_new_actuator,Episode_Reward/track_ang_vel_z_exp,226,0.2968996465206146,1778931818.5582633
grallator_flat_new_actuator,Episode_Reward/track_ang_vel_z_exp,227,0.2950007915496826,1778931819.5503943
grallator_flat_new_actuator,Episode_Reward/track_ang_vel_z_exp,228,0.29609760642051697,1778931820.5562186
grallator_flat_new_actuator,Episode_Reward/track_ang_vel_z_exp,229,0.29634469747543335,1778931821.533098
grallator_flat_new_actuator,Episode_Reward/track_ang_vel_z_exp,230,0.29634469747543335,1778931822.5329664
grallator_flat_new_actuator,Episode_Reward/track_ang_vel_z_exp,231,0.29634469747543335,1778931823.5024323
grallator_flat_new_actuator,Episode_Reward/track_ang_vel_z_exp,232,0.2954411208629608,1778931824.4882624
grallator_flat_new_actuator,Episode_Reward/track_ang_vel_z_exp,233,0.2954018712043762,1778931825.4485414
grallator_flat_new_actuator,Episode_Reward/track_ang_vel_z_exp,234,0.2954018712043762,1778931826.4269824
grallator_flat_new_actuator,Episode_Reward/track_ang_vel_z_exp,235,0.2954018712043762,1778931827.400034
grallator_flat_new_actuator,Episode_Reward/track_ang_vel_z_exp,236,0.2954018712043762,1778931828.3754103
grallator_flat_new_actuator,Episode_Reward/track_ang_vel_z_exp,237,0.2954018712043762,1778931829.3541577
grallator_flat_new_actuator,Episode_Reward/track_ang_vel_z_exp,238,0.2954018712043762,1778931830.3177829
grallator_flat_new_actuator,Episode_Reward/track_ang_vel_z_exp,239,0.2948009669780731,1778931831.303707
grallator_flat_new_actuator,Episode_Reward/track_ang_vel_z_exp,240,0.2943655848503113,1778931832.2949471
grallator_flat_new_actuator,Episode_Reward/track_ang_vel_z_exp,241,0.2973874509334564,1778931833.4261894
grallator_flat_new_actuator,Episode_Reward/track_ang_vel_z_exp,242,0.2964857518672943,1778931834.410881
grallator_flat_new_actuator,Episode_Reward/track_ang_vel_z_exp,243,0.2955840528011322,1778931835.384618
grallator_flat_new_actuator,Episode_Reward/track_ang_vel_z_exp,244,0.2955840528011322,1778931836.3613987
grallator_flat_new_actuator,Episode_Reward/track_ang_vel_z_exp,245,0.2955840528011322,1778931837.3243792
grallator_flat_new_actuator,Episode_Reward/track_ang_vel_z_exp,246,0.2955840528011322,1778931838.2950594
grallator_flat_new_actuator,Episode_Reward/track_ang_vel_z_exp,247,0.2955840528011322,1778931839.2683704
grallator_flat_new_actuator,Episode_Reward/track_ang_vel_z_exp,248,0.2954441010951996,1778931840.2648928
grallator_flat_new_actuator,Episode_Reward/track_ang_vel_z_exp,249,0.29530414938926697,1778931841.2351468
grallator_flat_new_actuator,Episode_Reward/track_ang_vel_z_exp,250,0.29530414938926697,1778931842.2003603
grallator_flat_new_actuator,Episode_Reward/track_ang_vel_z_exp,251,0.29530414938926697,1778931843.1741931
grallator_flat_new_actuator,Episode_Reward/track_ang_vel_z_exp,252,0.29530414938926697,1778931844.2452652
grallator_flat_new_actuator,Episode_Reward/track_ang_vel_z_exp,253,0.29564782977104187,1778931845.2507625
grallator_flat_new_actuator,Episode_Reward/track_ang_vel_z_exp,254,0.2962590754032135,1778931846.2290578
grallator_flat_new_actuator,Episode_Reward/track_ang_vel_z_exp,255,0.2951522469520569,1778931847.2407312
grallator_flat_new_actuator,Episode_Reward/track_ang_vel_z_exp,256,0.2945314049720764,1778931848.2152429
grallator_flat_new_actuator,Episode_Reward/track_ang_vel_z_exp,257,0.2945314049720764,1778931849.178476
grallator_flat_new_actuator,Episode_Reward/track_ang_vel_z_exp,258,0.2945314049720764,1778931850.1676779
grallator_flat_new_actuator,Episode_Reward/track_ang_vel_z_exp,259,0.2945314049720764,1778931851.1327457
grallator_flat_new_actuator,Episode_Reward/track_ang_vel_z_exp,260,0.29492077231407166,1778931852.1152403
grallator_flat_new_actuator,Episode_Reward/track_ang_vel_z_exp,261,0.2962114214897156,1778931853.1099775
grallator_flat_new_actuator,Episode_Reward/track_ang_vel_z_exp,262,0.2955549955368042,1778931854.0713272
grallator_flat_new_actuator,Episode_Reward/track_ang_vel_z_exp,263,0.2955549955368042,1778931855.1468365
grallator_flat_new_actuator,Episode_Reward/track_ang_vel_z_exp,264,0.2955549955368042,1778931856.105057
grallator_flat_new_actuator,Episode_Reward/track_ang_vel_z_exp,265,0.2962687015533447,1778931857.09933
grallator_flat_new_actuator,Episode_Reward/track_ang_vel_z_exp,266,0.2965371608734131,1778931858.1148803
grallator_flat_new_actuator,Episode_Reward/track_ang_vel_z_exp,267,0.29619988799095154,1778931859.0759313
grallator_flat_new_actuator,Episode_Reward/track_ang_vel_z_exp,268,0.29633888602256775,1778931860.063225
grallator_flat_new_actuator,Episode_Reward/track_ang_vel_z_exp,269,0.2977675199508667,1778931861.0686753
grallator_flat_new_actuator,Episode_Reward/track_ang_vel_z_exp,270,0.29738718271255493,1778931862.0364146
grallator_flat_new_actuator,Episode_Reward/track_ang_vel_z_exp,271,0.29738718271255493,1778931863.0086064
grallator_flat_new_actuator,Episode_Reward/track_ang_vel_z_exp,272,0.29738718271255493,1778931863.9719172
grallator_flat_new_actuator,Episode_Reward/track_ang_vel_z_exp,273,0.2970901429653168,1778931864.970001
grallator_flat_new_actuator,Episode_Reward/track_ang_vel_z_exp,274,0.296368807554245,1778931866.0085526
grallator_flat_new_actuator,Episode_Reward/track_ang_vel_z_exp,275,0.296368807554245,1778931866.9721727
grallator_flat_new_actuator,Episode_Reward/track_ang_vel_z_exp,276,0.296368807554245,1778931867.9363213
grallator_flat_new_actuator,Episode_Reward/track_ang_vel_z_exp,277,0.296368807554245,1778931868.899821
grallator_flat_new_actuator,Episode_Reward/track_ang_vel_z_exp,278,0.296368807554245,1778931869.8561263
grallator_flat_new_actuator,Episode_Reward/track_ang_vel_z_exp,279,0.296368807554245,1778931870.8152428
grallator_flat_new_actuator,Episode_Reward/track_ang_vel_z_exp,280,0.296368807554245,1778931871.780824
grallator_flat_new_actuator,Episode_Reward/track_ang_vel_z_exp,281,0.2961062788963318,1778931872.7769647
grallator_flat_new_actuator,Episode_Reward/track_ang_vel_z_exp,282,0.295629620552063,1778931873.7680252
grallator_flat_new_actuator,Episode_Reward/track_ang_vel_z_exp,283,0.2950590252876282,1778931874.7239342
grallator_flat_new_actuator,Episode_Reward/track_ang_vel_z_exp,284,0.2952542006969452,1778931875.7119045
grallator_flat_new_actuator,Episode_Reward/track_ang_vel_z_exp,285,0.29529327154159546,1778931876.800481
grallator_flat_new_actuator,Episode_Reward/track_ang_vel_z_exp,286,0.29529327154159546,1778931877.7571287
grallator_flat_new_actuator,Episode_Reward/track_ang_vel_z_exp,287,0.29529327154159546,1778931878.7117188
grallator_flat_new_actuator,Episode_Reward/track_ang_vel_z_exp,288,0.29529327154159546,1778931879.6627932
grallator_flat_new_actuator,Episode_Reward/track_ang_vel_z_exp,289,0.29529327154159546,1778931880.6190407
grallator_flat_new_actuator,Episode_Reward/track_ang_vel_z_exp,290,0.2953939437866211,1778931881.6049545
grallator_flat_new_actuator,Episode_Reward/track_ang_vel_z_exp,291,0.2954140603542328,1778931882.5712864
grallator_flat_new_actuator,Episode_Reward/track_ang_vel_z_exp,292,0.2954140603542328,1778931883.5287907
grallator_flat_new_actuator,Episode_Reward/track_ang_vel_z_exp,293,0.2954140603542328,1778931884.4891567
grallator_flat_new_actuator,Episode_Reward/track_ang_vel_z_exp,294,0.2954140603542328,1778931885.4413388
grallator_flat_new_actuator,Episode_Reward/track_ang_vel_z_exp,295,0.2963455319404602,1778931886.4413278
grallator_flat_new_actuator,Episode_Reward/track_ang_vel_z_exp,296,0.2965342104434967,1778931887.5067341
grallator_flat_new_actuator,Episode_Reward/track_ang_vel_z_exp,297,0.2963724732398987,1778931888.508492
grallator_flat_new_actuator,Episode_Reward/track_ang_vel_z_exp,298,0.2963724732398987,1778931889.4619224
grallator_flat_new_actuator,Episode_Reward/track_ang_vel_z_exp,299,0.2963724732398987,1778931890.4184937
grallator_flat_new_actuator,Episode_Reward/lin_vel_z_l2,0,0.0,1778931591.3186097
grallator_flat_new_actuator,Episode_Reward/lin_vel_z_l2,1,0.0,1778931592.4403367
grallator_flat_new_actuator,Episode_Reward/lin_vel_z_l2,2,0.0,1778931593.403361
grallator_flat_new_actuator,Episode_Reward/lin_vel_z_l2,3,-0.12423694133758545,1778931594.8341966
grallator_flat_new_actuator,Episode_Reward/lin_vel_z_l2,4,-0.42135748267173767,1778931595.8310518
grallator_flat_new_actuator,Episode_Reward/lin_vel_z_l2,5,-0.4388105273246765,1778931596.827847
grallator_flat_new_actuator,Episode_Reward/lin_vel_z_l2,6,-0.42004165053367615,1778931597.8117318
grallator_flat_new_actuator,Episode_Reward/lin_vel_z_l2,7,-0.42004165053367615,1778931598.8046381
grallator_flat_new_actuator,Episode_Reward/lin_vel_z_l2,8,-0.42004165053367615,1778931599.8120325
grallator_flat_new_actuator,Episode_Reward/lin_vel_z_l2,9,-0.42004165053367615,1778931600.8171175
grallator_flat_new_actuator,Episode_Reward/lin_vel_z_l2,10,-0.4281894564628601,1778931601.8665974
grallator_flat_new_actuator,Episode_Reward/lin_vel_z_l2,11,-0.4535943865776062,1778931602.9813344
grallator_flat_new_actuator,Episode_Reward/lin_vel_z_l2,12,-0.43826040625572205,1778931604.010835
grallator_flat_new_actuator,Episode_Reward/lin_vel_z_l2,13,-0.43826040625572205,1778931605.0385058
grallator_flat_new_actuator,Episode_Reward/lin_vel_z_l2,14,-0.43826040625572205,1778931606.055128
grallator_flat_new_actuator,Episode_Reward/lin_vel_z_l2,15,-0.4648774266242981,1778931607.081928
grallator_flat_new_actuator,Episode_Reward/lin_vel_z_l2,16,-0.4790899455547333,1778931608.1369362
grallator_flat_new_actuator,Episode_Reward/lin_vel_z_l2,17,-0.4431791305541992,1778931609.1665163
grallator_flat_new_actuator,Episode_Reward/lin_vel_z_l2,18,-0.4457241892814636,1778931610.2079282
grallator_flat_new_actuator,Episode_Reward/lin_vel_z_l2,19,-0.4688341021537781,1778931611.267473
grallator_flat_new_actuator,Episode_Reward/lin_vel_z_l2,20,-0.4502701461315155,1778931612.2971082
grallator_flat_new_actuator,Episode_Reward/lin_vel_z_l2,21,-0.4502701461315155,1778931613.338674
grallator_flat_new_actuator,Episode_Reward/lin_vel_z_l2,22,-0.4502701461315155,1778931614.3653736
grallator_flat_new_actuator,Episode_Reward/lin_vel_z_l2,23,-0.46214109659194946,1778931615.5363877
grallator_flat_new_actuator,Episode_Reward/lin_vel_z_l2,24,-0.49097055196762085,1778931616.5733964
grallator_flat_new_actuator,Episode_Reward/lin_vel_z_l2,25,-0.49097055196762085,1778931617.6106038
grallator_flat_new_actuator,Episode_Reward/lin_vel_z_l2,26,-0.49097055196762085,1778931618.6409402
grallator_flat_new_actuator,Episode_Reward/lin_vel_z_l2,27,-0.49097055196762085,1778931619.6614072
grallator_flat_new_actuator,Episode_Reward/lin_vel_z_l2,28,-0.49097055196762085,1778931620.6852047
grallator_flat_new_actuator,Episode_Reward/lin_vel_z_l2,29,-0.49097055196762085,1778931621.7059877
grallator_flat_new_actuator,Episode_Reward/lin_vel_z_l2,30,-0.49097055196762085,1778931622.742831
grallator_flat_new_actuator,Episode_Reward/lin_vel_z_l2,31,-0.42765530943870544,1778931623.780516
grallator_flat_new_actuator,Episode_Reward/lin_vel_z_l2,32,-0.4253045916557312,1778931624.8329422
grallator_flat_new_actuator,Episode_Reward/lin_vel_z_l2,33,-0.4453401565551758,1778931626.0034928
grallator_flat_new_actuator,Episode_Reward/lin_vel_z_l2,34,-0.43421971797943115,1778931627.0647159
grallator_flat_new_actuator,Episode_Reward/lin_vel_z_l2,35,-0.4319956302642822,1778931628.0953803
grallator_flat_new_actuator,Episode_Reward/lin_vel_z_l2,36,-0.4319956302642822,1778931629.1208334
grallator_flat_new_actuator,Episode_Reward/lin_vel_z_l2,37,-0.4319956302642822,1778931630.1442196
grallator_flat_new_actuator,Episode_Reward/lin_vel_z_l2,38,-0.4319956302642822,1778931631.1719532
grallator_flat_new_actuator,Episode_Reward/lin_vel_z_l2,39,-0.4319956302642822,1778931632.196759
grallator_flat_new_actuator,Episode_Reward/lin_vel_z_l2,40,-0.49401992559432983,1778931633.2435396
grallator_flat_new_actuator,Episode_Reward/lin_vel_z_l2,41,-0.5064247846603394,1778931634.2914526
grallator_flat_new_actuator,Episode_Reward/lin_vel_z_l2,42,-0.5064247846603394,1778931635.3230755
grallator_flat_new_actuator,Episode_Reward/lin_vel_z_l2,43,-0.5064247846603394,1778931636.515388
grallator_flat_new_actuator,Episode_Reward/lin_vel_z_l2,44,-0.5064247846603394,1778931637.5377355
grallator_flat_new_actuator,Episode_Reward/lin_vel_z_l2,45,-0.49756520986557007,1778931638.5889826
grallator_flat_new_actuator,Episode_Reward/lin_vel_z_l2,46,-0.4927721619606018,1778931639.6406703
grallator_flat_new_actuator,Episode_Reward/lin_vel_z_l2,47,-0.45302364230155945,1778931640.6714416
grallator_flat_new_actuator,Episode_Reward/lin_vel_z_l2,48,-0.45302364230155945,1778931641.6818378
grallator_flat_new_actuator,Episode_Reward/lin_vel_z_l2,49,-0.45302364230155945,1778931642.7007818
grallator_flat_new_actuator,Episode_Reward/lin_vel_z_l2,50,-0.45302364230155945,1778931643.7171748
grallator_flat_new_actuator,Episode_Reward/lin_vel_z_l2,51,-0.45302364230155945,1778931644.745732
grallator_flat_new_actuator,Episode_Reward/lin_vel_z_l2,52,-0.48225581645965576,1778931645.7831478
grallator_flat_new_actuator,Episode_Reward/lin_vel_z_l2,53,-0.5585319399833679,1778931646.8147469
grallator_flat_new_actuator,Episode_Reward/lin_vel_z_l2,54,-0.5679408311843872,1778931647.9093406
grallator_flat_new_actuator,Episode_Reward/lin_vel_z_l2,55,-0.5679408311843872,1778931648.9228172
grallator_flat_new_actuator,Episode_Reward/lin_vel_z_l2,56,-0.5662605166435242,1778931649.927437
grallator_flat_new_actuator,Episode_Reward/lin_vel_z_l2,57,-0.5239709615707397,1778931650.965966
grallator_flat_new_actuator,Episode_Reward/lin_vel_z_l2,58,-0.5687134265899658,1778931651.9990017
grallator_flat_new_actuator,Episode_Reward/lin_vel_z_l2,59,-0.6021189093589783,1778931653.0246627
grallator_flat_new_actuator,Episode_Reward/lin_vel_z_l2,60,-0.5535802841186523,1778931654.052675
grallator_flat_new_actuator,Episode_Reward/lin_vel_z_l2,61,-0.4691983163356781,1778931655.0763063
grallator_flat_new_actuator,Episode_Reward/lin_vel_z_l2,62,-0.4552977979183197,1778931656.0811882
grallator_flat_new_actuator,Episode_Reward/lin_vel_z_l2,63,-0.4552977979183197,1778931657.0892446
grallator_flat_new_actuator,Episode_Reward/lin_vel_z_l2,64,-0.4552977979183197,1778931658.097449
grallator_flat_new_actuator,Episode_Reward/lin_vel_z_l2,65,-0.4341936707496643,1778931659.1647396
grallator_flat_new_actuator,Episode_Reward/lin_vel_z_l2,66,-0.42153117060661316,1778931660.1763306
grallator_flat_new_actuator,Episode_Reward/lin_vel_z_l2,67,-0.42153117060661316,1778931661.1889043
grallator_flat_new_actuator,Episode_Reward/lin_vel_z_l2,68,-0.42153117060661316,1778931662.1903713
grallator_flat_new_actuator,Episode_Reward/lin_vel_z_l2,69,-0.42153117060661316,1778931663.1947284
grallator_flat_new_actuator,Episode_Reward/lin_vel_z_l2,70,-0.42153117060661316,1778931664.1922362
grallator_flat_new_actuator,Episode_Reward/lin_vel_z_l2,71,-0.42153117060661316,1778931665.195206
grallator_flat_new_actuator,Episode_Reward/lin_vel_z_l2,72,-0.42002686858177185,1778931666.2060962
grallator_flat_new_actuator,Episode_Reward/lin_vel_z_l2,73,-0.40949663519859314,1778931667.231468
grallator_flat_new_actuator,Episode_Reward/lin_vel_z_l2,74,-0.4112783372402191,1778931668.2438178
grallator_flat_new_actuator,Episode_Reward/lin_vel_z_l2,75,-0.41131824254989624,1778931669.32025
grallator_flat_new_actuator,Episode_Reward/lin_vel_z_l2,76,-0.4085484445095062,1778931670.3145964
grallator_flat_new_actuator,Episode_Reward/lin_vel_z_l2,77,-0.4085484445095062,1778931671.3096159
grallator_flat_new_actuator,Episode_Reward/lin_vel_z_l2,78,-0.4085484445095062,1778931672.2980905
grallator_flat_new_actuator,Episode_Reward/lin_vel_z_l2,79,-0.4085484445095062,1778931673.288862
grallator_flat_new_actuator,Episode_Reward/lin_vel_z_l2,80,-0.4085484445095062,1778931674.2740982
grallator_flat_new_actuator,Episode_Reward/lin_vel_z_l2,81,-0.4304463267326355,1778931675.2790532
grallator_flat_new_actuator,Episode_Reward/lin_vel_z_l2,82,-0.5399355292320251,1778931676.2732573
grallator_flat_new_actuator,Episode_Reward/lin_vel_z_l2,83,-0.5399355292320251,1778931677.26693
grallator_flat_new_actuator,Episode_Reward/lin_vel_z_l2,84,-0.5399355292320251,1778931678.2666993
grallator_flat_new_actuator,Episode_Reward/lin_vel_z_l2,85,-0.5399355292320251,1778931679.259811
grallator_flat_new_actuator,Episode_Reward/lin_vel_z_l2,86,-0.5399355292320251,1778931680.4118
grallator_flat_new_actuator,Episode_Reward/lin_vel_z_l2,87,-0.3942110538482666,1778931681.4308643
grallator_flat_new_actuator,Episode_Reward/lin_vel_z_l2,88,-0.4293014407157898,1778931682.4723833
grallator_flat_new_actuator,Episode_Reward/lin_vel_z_l2,89,-0.4270452857017517,1778931683.468526
grallator_flat_new_actuator,Episode_Reward/lin_vel_z_l2,90,-0.4270452857017517,1778931684.4619756
grallator_flat_new_actuator,Episode_Reward/lin_vel_z_l2,91,-0.4270452857017517,1778931685.4536436
grallator_flat_new_actuator,Episode_Reward/lin_vel_z_l2,92,-0.4270452857017517,1778931686.4435139
grallator_flat_new_actuator,Episode_Reward/lin_vel_z_l2,93,-0.4270452857017517,1778931687.4352577
grallator_flat_new_actuator,Episode_Reward/lin_vel_z_l2,94,-0.39315518736839294,1778931688.4633262
grallator_flat_new_actuator,Episode_Reward/lin_vel_z_l2,95,-0.4266783595085144,1778931689.4552822
grallator_flat_new_actuator,Episode_Reward/lin_vel_z_l2,96,-0.4266783595085144,1778931690.452461
grallator_flat_new_actuator,Episode_Reward/lin_vel_z_l2,97,-0.4266783595085144,1778931691.4970484
grallator_flat_new_actuator,Episode_Reward/lin_vel_z_l2,98,-0.41961202025413513,1778931692.5045
grallator_flat_new_actuator,Episode_Reward/lin_vel_z_l2,99,-0.4126945734024048,1778931693.5135238
grallator_flat_new_actuator,Episode_Reward/lin_vel_z_l2,100,-0.5452921390533447,1778931694.536626
grallator_flat_new_actuator,Episode_Reward/lin_vel_z_l2,101,-0.5509063005447388,1778931695.5340343
grallator_flat_new_actuator,Episode_Reward/lin_vel_z_l2,102,-0.5144006609916687,1778931696.5290403
grallator_flat_new_actuator,Episode_Reward/lin_vel_z_l2,103,-0.40942880511283875,1778931697.5228422
grallator_flat_new_actuator,Episode_Reward/lin_vel_z_l2,104,-0.3961711823940277,1778931698.4992347
grallator_flat_new_actuator,Episode_Reward/lin_vel_z_l2,105,-0.3961711823940277,1778931699.5017533
grallator_flat_new_actuator,Episode_Reward/lin_vel_z_l2,106,-0.3961711823940277,1778931700.4792166
grallator_flat_new_actuator,Episode_Reward/lin_vel_z_l2,107,-0.403003066778183,1778931701.4808083
grallator_flat_new_actuator,Episode_Reward/lin_vel_z_l2,108,-0.40330013632774353,1778931702.5641005
grallator_flat_new_actuator,Episode_Reward/lin_vel_z_l2,109,-0.40330013632774353,1778931703.5439117
grallator_flat_new_actuator,Episode_Reward/lin_vel_z_l2,110,-0.40330013632774353,1778931704.5146883
grallator_flat_new_actuator,Episode_Reward/lin_vel_z_l2,111,-0.40330013632774353,1778931705.4890876
grallator_flat_new_actuator,Episode_Reward/lin_vel_z_l2,112,-0.40330013632774353,1778931706.4720361
grallator_flat_new_actuator,Episode_Reward/lin_vel_z_l2,113,-0.40330013632774353,1778931707.4405298
grallator_flat_new_actuator,Episode_Reward/lin_vel_z_l2,114,-0.4316745698451996,1778931708.4320345
grallator_flat_new_actuator,Episode_Reward/lin_vel_z_l2,115,-0.4614447355270386,1778931709.4131265
grallator_flat_new_actuator,Episode_Reward/lin_vel_z_l2,116,-0.42004823684692383,1778931710.4065108
grallator_flat_new_actuator,Episode_Reward/lin_vel_z_l2,117,-0.4359971284866333,1778931711.4072669
grallator_flat_new_actuator,Episode_Reward/lin_vel_z_l2,118,-0.4519460201263428,1778931712.3777626
grallator_flat_new_actuator,Episode_Reward/lin_vel_z_l2,119,-0.4519460201263428,1778931713.4490733
grallator_flat_new_actuator,Episode_Reward/lin_vel_z_l2,120,-0.4519460201263428,1778931714.4174867
grallator_flat_new_actuator,Episode_Reward/lin_vel_z_l2,121,-0.4519460201263428,1778931715.4037929
grallator_flat_new_actuator,Episode_Reward/lin_vel_z_l2,122,-0.4519460201263428,1778931716.3860216
grallator_flat_new_actuator,Episode_Reward/lin_vel_z_l2,123,-0.447263240814209,1778931717.3786438
grallator_flat_new_actuator,Episode_Reward/lin_vel_z_l2,124,-0.4425804316997528,1778931718.3430538
grallator_flat_new_actuator,Episode_Reward/lin_vel_z_l2,125,-0.4425804316997528,1778931719.3184433
grallator_flat_new_actuator,Episode_Reward/lin_vel_z_l2,126,-0.4425804316997528,1778931720.2992241
grallator_flat_new_actuator,Episode_Reward/lin_vel_z_l2,127,-0.4425804316997528,1778931721.2836928
grallator_flat_new_actuator,Episode_Reward/lin_vel_z_l2,128,-0.445937842130661,1778931722.2836564
grallator_flat_new_actuator,Episode_Reward/lin_vel_z_l2,129,-0.4558147192001343,1778931723.275713
grallator_flat_new_actuator,Episode_Reward/lin_vel_z_l2,130,-0.46151143312454224,1778931724.3551266
grallator_flat_new_actuator,Episode_Reward/lin_vel_z_l2,131,-0.4669906497001648,1778931725.3259647
grallator_flat_new_actuator,Episode_Reward/lin_vel_z_l2,132,-0.4669906497001648,1778931726.3012462
grallator_flat_new_actuator,Episode_Reward/lin_vel_z_l2,133,-0.4669906497001648,1778931727.2794573
grallator_flat_new_actuator,Episode_Reward/lin_vel_z_l2,134,-0.4669906497001648,1778931728.2493362
grallator_flat_new_actuator,Episode_Reward/lin_vel_z_l2,135,-0.471213161945343,1778931729.239116
grallator_flat_new_actuator,Episode_Reward/lin_vel_z_l2,136,-0.4671097695827484,1778931730.2298288
grallator_flat_new_actuator,Episode_Reward/lin_vel_z_l2,137,-0.44189366698265076,1778931731.1864266
grallator_flat_new_actuator,Episode_Reward/lin_vel_z_l2,138,-0.44189366698265076,1778931732.1477487
grallator_flat_new_actuator,Episode_Reward/lin_vel_z_l2,139,-0.44189366698265076,1778931733.110417
grallator_flat_new_actuator,Episode_Reward/lin_vel_z_l2,140,-0.4760230481624603,1778931734.0970914
grallator_flat_new_actuator,Episode_Reward/lin_vel_z_l2,141,-0.43632444739341736,1778931735.2457898
grallator_flat_new_actuator,Episode_Reward/lin_vel_z_l2,142,-0.42612847685813904,1778931736.2210782
grallator_flat_new_actuator,Episode_Reward/lin_vel_z_l2,143,-0.43015584349632263,1778931737.1937087
grallator_flat_new_actuator,Episode_Reward/lin_vel_z_l2,144,-0.4653173089027405,1778931738.1901107
grallator_flat_new_actuator,Episode_Reward/lin_vel_z_l2,145,-0.4305882453918457,1778931739.1592257
grallator_flat_new_actuator,Episode_Reward/lin_vel_z_l2,146,-0.4305882453918457,1778931740.1220841
grallator_flat_new_actuator,Episode_Reward/lin_vel_z_l2,147,-0.4305882453918457,1778931741.0785677
grallator_flat_new_actuator,Episode_Reward/lin_vel_z_l2,148,-0.43326377868652344,1778931742.0638678
grallator_flat_new_actuator,Episode_Reward/lin_vel_z_l2,149,-0.43976157903671265,1778931743.0330226
grallator_flat_new_actuator,Episode_Reward/lin_vel_z_l2,150,-0.43976157903671265,1778931743.9972007
grallator_flat_new_actuator,Episode_Reward/lin_vel_z_l2,151,-0.43976157903671265,1778931744.9659042
grallator_flat_new_actuator,Episode_Reward/lin_vel_z_l2,152,-0.43976157903671265,1778931745.9992814
grallator_flat_new_actuator,Episode_Reward/lin_vel_z_l2,153,-0.43976157903671265,1778931746.9587393
grallator_flat_new_actuator,Episode_Reward/lin_vel_z_l2,154,-0.43976157903671265,1778931747.920344
grallator_flat_new_actuator,Episode_Reward/lin_vel_z_l2,155,-0.43976157903671265,1778931748.879929
grallator_flat_new_actuator,Episode_Reward/lin_vel_z_l2,156,-0.4015602469444275,1778931749.8592796
grallator_flat_new_actuator,Episode_Reward/lin_vel_z_l2,157,-0.3803516626358032,1778931750.8453832
grallator_flat_new_actuator,Episode_Reward/lin_vel_z_l2,158,-0.3647337853908539,1778931751.808082
grallator_flat_new_actuator,Episode_Reward/lin_vel_z_l2,159,-0.4254938066005707,1778931752.7948356
grallator_flat_new_actuator,Episode_Reward/lin_vel_z_l2,160,-0.4376458525657654,1778931753.7566879
grallator_flat_new_actuator,Episode_Reward/lin_vel_z_l2,161,-0.4376458525657654,1778931754.7407014
grallator_flat_new_actuator,Episode_Reward/lin_vel_z_l2,162,-0.4376458525657654,1778931755.7228403
grallator_flat_new_actuator,Episode_Reward/lin_vel_z_l2,163,-0.4376458525657654,1778931756.8078907
grallator_flat_new_actuator,Episode_Reward/lin_vel_z_l2,164,-0.4376458525657654,1778931757.7649534
grallator_flat_new_actuator,Episode_Reward/lin_vel_z_l2,165,-0.4479183554649353,1778931758.7456646
grallator_flat_new_actuator,Episode_Reward/lin_vel_z_l2,166,-0.44997286796569824,1778931759.7034833
grallator_flat_new_actuator,Episode_Reward/lin_vel_z_l2,167,-0.44997286796569824,1778931760.6693385
grallator_flat_new_actuator,Episode_Reward/lin_vel_z_l2,168,-0.44997286796569824,1778931761.6201165
grallator_flat_new_actuator,Episode_Reward/lin_vel_z_l2,169,-0.44997286796569824,1778931762.56889
grallator_flat_new_actuator,Episode_Reward/lin_vel_z_l2,170,-0.4092247486114502,1778931763.5558531
grallator_flat_new_actuator,Episode_Reward/lin_vel_z_l2,171,-0.40257155895233154,1778931764.5501394
grallator_flat_new_actuator,Episode_Reward/lin_vel_z_l2,172,-0.38728028535842896,1778931765.5275266
grallator_flat_new_actuator,Episode_Reward/lin_vel_z_l2,173,-0.38728028535842896,1778931766.4845989
grallator_flat_new_actuator,Episode_Reward/lin_vel_z_l2,174,-0.38728028535842896,1778931767.5964756
grallator_flat_new_actuator,Episode_Reward/lin_vel_z_l2,175,-0.38728028535842896,1778931768.5582829
grallator_flat_new_actuator,Episode_Reward/lin_vel_z_l2,176,-0.38728028535842896,1778931769.50734
grallator_flat_new_actuator,Episode_Reward/lin_vel_z_l2,177,-0.38390398025512695,1778931770.490426
grallator_flat_new_actuator,Episode_Reward/lin_vel_z_l2,178,-0.4132487177848816,1778931771.4628055
grallator_flat_new_actuator,Episode_Reward/lin_vel_z_l2,179,-0.41979289054870605,1778931772.4184368
grallator_flat_new_actuator,Episode_Reward/lin_vel_z_l2,180,-0.41979289054870605,1778931773.3777475
grallator_flat_new_actuator,Episode_Reward/lin_vel_z_l2,181,-0.4182814061641693,1778931774.3310504
grallator_flat_new_actuator,Episode_Reward/lin_vel_z_l2,182,-0.3958103656768799,1778931775.3313127
grallator_flat_new_actuator,Episode_Reward/lin_vel_z_l2,183,-0.388059139251709,1778931776.3217952
grallator_flat_new_actuator,Episode_Reward/lin_vel_z_l2,184,-0.3612794876098633,1778931777.2752914
grallator_flat_new_actuator,Episode_Reward/lin_vel_z_l2,185,-0.3658643662929535,1778931778.368338
grallator_flat_new_actuator,Episode_Reward/lin_vel_z_l2,186,-0.35317009687423706,1778931779.3488832
grallator_flat_new_actuator,Episode_Reward/lin_vel_z_l2,187,-0.33699747920036316,1778931780.3036528
grallator_flat_new_actuator,Episode_Reward/lin_vel_z_l2,188,-0.33699747920036316,1778931781.264941
grallator_flat_new_actuator,Episode_Reward/lin_vel_z_l2,189,-0.33699747920036316,1778931782.221661
grallator_flat_new_actuator,Episode_Reward/lin_vel_z_l2,190,-0.36430904269218445,1778931783.2028084
grallator_flat_new_actuator,Episode_Reward/lin_vel_z_l2,191,-0.38069599866867065,1778931784.1589556
grallator_flat_new_actuator,Episode_Reward/lin_vel_z_l2,192,-0.38069599866867065,1778931785.1335697
grallator_flat_new_actuator,Episode_Reward/lin_vel_z_l2,193,-0.38069599866867065,1778931786.1041486
grallator_flat_new_actuator,Episode_Reward/lin_vel_z_l2,194,-0.38069599866867065,1778931787.0659811
grallator_flat_new_actuator,Episode_Reward/lin_vel_z_l2,195,-0.38069599866867065,1778931788.0280023
grallator_flat_new_actuator,Episode_Reward/lin_vel_z_l2,196,-0.38069599866867065,1778931789.0913398
grallator_flat_new_actuator,Episode_Reward/lin_vel_z_l2,197,-0.3806804418563843,1778931790.0602303
grallator_flat_new_actuator,Episode_Reward/lin_vel_z_l2,198,-0.38057178258895874,1778931791.0443776
grallator_flat_new_actuator,Episode_Reward/lin_vel_z_l2,199,-0.3684138059616089,1778931792.0320406
grallator_flat_new_actuator,Episode_Reward/lin_vel_z_l2,200,-0.36580294370651245,1778931793.0162077
grallator_flat_new_actuator,Episode_Reward/lin_vel_z_l2,201,-0.37301191687583923,1778931793.9983
grallator_flat_new_actuator,Episode_Reward/lin_vel_z_l2,202,-0.37301191687583923,1778931794.984832
grallator_flat_new_actuator,Episode_Reward/lin_vel_z_l2,203,-0.37301191687583923,1778931795.9452543
grallator_flat_new_actuator,Episode_Reward/lin_vel_z_l2,204,-0.37301191687583923,1778931796.9135602
grallator_flat_new_actuator,Episode_Reward/lin_vel_z_l2,205,-0.37301191687583923,1778931797.8746653
grallator_flat_new_actuator,Episode_Reward/lin_vel_z_l2,206,-0.3721214532852173,1778931798.8514652
grallator_flat_new_actuator,Episode_Reward/lin_vel_z_l2,207,-0.36766907572746277,1778931799.8204741
grallator_flat_new_actuator,Episode_Reward/lin_vel_z_l2,208,-0.36766907572746277,1778931800.792363
grallator_flat_new_actuator,Episode_Reward/lin_vel_z_l2,209,-0.36766907572746277,1778931801.7628386
grallator_flat_new_actuator,Episode_Reward/lin_vel_z_l2,210,-0.36766907572746277,1778931802.7252455
grallator_flat_new_actuator,Episode_Reward/lin_vel_z_l2,211,-0.36766907572746277,1778931803.6895597
grallator_flat_new_actuator,Episode_Reward/lin_vel_z_l2,212,-0.40065139532089233,1778931804.7005646
grallator_flat_new_actuator,Episode_Reward/lin_vel_z_l2,213,-0.35642009973526,1778931805.7151957
grallator_flat_new_actuator,Episode_Reward/lin_vel_z_l2,214,-0.36989912390708923,1778931806.6830866
grallator_flat_new_actuator,Episode_Reward/lin_vel_z_l2,215,-0.36989912390708923,1778931807.651552
grallator_flat_new_actuator,Episode_Reward/lin_vel_z_l2,216,-0.36989912390708923,1778931808.61386
grallator_flat_new_actuator,Episode_Reward/lin_vel_z_l2,217,-0.36989912390708923,1778931809.5870767
grallator_flat_new_actuator,Episode_Reward/lin_vel_z_l2,218,-0.36989912390708923,1778931810.5529978
grallator_flat_new_actuator,Episode_Reward/lin_vel_z_l2,219,-0.3809989094734192,1778931811.7048767
grallator_flat_new_actuator,Episode_Reward/lin_vel_z_l2,220,-0.36785537004470825,1778931812.6745257
grallator_flat_new_actuator,Episode_Reward/lin_vel_z_l2,221,-0.36785537004470825,1778931813.6400015
grallator_flat_new_actuator,Episode_Reward/lin_vel_z_l2,222,-0.36785537004470825,1778931814.6089082
grallator_flat_new_actuator,Episode_Reward/lin_vel_z_l2,223,-0.3674813210964203,1778931815.6013184
grallator_flat_new_actuator,Episode_Reward/lin_vel_z_l2,224,-0.3747163414955139,1778931816.592607
grallator_flat_new_actuator,Episode_Reward/lin_vel_z_l2,225,-0.3578018546104431,1778931817.5938141
grallator_flat_new_actuator,Episode_Reward/lin_vel_z_l2,226,-0.35682234168052673,1778931818.5588293
grallator_flat_new_actuator,Episode_Reward/lin_vel_z_l2,227,-0.3332177996635437,1778931819.5509582
grallator_flat_new_actuator,Episode_Reward/lin_vel_z_l2,228,-0.350930780172348,1778931820.5568058
grallator_flat_new_actuator,Episode_Reward/lin_vel_z_l2,229,-0.3545852601528168,1778931821.5336187
grallator_flat_new_actuator,Episode_Reward/lin_vel_z_l2,230,-0.3545852601528168,1778931822.5334394
grallator_flat_new_actuator,Episode_Reward/lin_vel_z_l2,231,-0.3545852601528168,1778931823.502961
grallator_flat_new_actuator,Episode_Reward/lin_vel_z_l2,232,-0.36096811294555664,1778931824.4888186
grallator_flat_new_actuator,Episode_Reward/lin_vel_z_l2,233,-0.36124563217163086,1778931825.4491167
grallator_flat_new_actuator,Episode_Reward/lin_vel_z_l2,234,-0.36124563217163086,1778931826.4274473
grallator_flat_new_actuator,Episode_Reward/lin_vel_z_l2,235,-0.36124563217163086,1778931827.4005504
grallator_flat_new_actuator,Episode_Reward/lin_vel_z_l2,236,-0.36124563217163086,1778931828.375923
grallator_flat_new_actuator,Episode_Reward/lin_vel_z_l2,237,-0.36124563217163086,1778931829.3548515
grallator_flat_new_actuator,Episode_Reward/lin_vel_z_l2,238,-0.36124563217163086,1778931830.318247
grallator_flat_new_actuator,Episode_Reward/lin_vel_z_l2,239,-0.3701370358467102,1778931831.304202
grallator_flat_new_actuator,Episode_Reward/lin_vel_z_l2,240,-0.37668001651763916,1778931832.295471
grallator_flat_new_actuator,Episode_Reward/lin_vel_z_l2,241,-0.33306485414505005,1778931833.4267838
grallator_flat_new_actuator,Episode_Reward/lin_vel_z_l2,242,-0.3071998357772827,1778931834.4114268
grallator_flat_new_actuator,Episode_Reward/lin_vel_z_l2,243,-0.2813348174095154,1778931835.3851745
grallator_flat_new_actuator,Episode_Reward/lin_vel_z_l2,244,-0.2813348174095154,1778931836.3619368
grallator_flat_new_actuator,Episode_Reward/lin_vel_z_l2,245,-0.2813348174095154,1778931837.3249447
grallator_flat_new_actuator,Episode_Reward/lin_vel_z_l2,246,-0.2813348174095154,1778931838.295539
grallator_flat_new_actuator,Episode_Reward/lin_vel_z_l2,247,-0.2813348174095154,1778931839.2688947
grallator_flat_new_actuator,Episode_Reward/lin_vel_z_l2,248,-0.3137734532356262,1778931840.2655115
grallator_flat_new_actuator,Episode_Reward/lin_vel_z_l2,249,-0.3462120294570923,1778931841.2356591
grallator_flat_new_actuator,Episode_Reward/lin_vel_z_l2,250,-0.3462120294570923,1778931842.201118
grallator_flat_new_actuator,Episode_Reward/lin_vel_z_l2,251,-0.3462120294570923,1778931843.1748292
grallator_flat_new_actuator,Episode_Reward/lin_vel_z_l2,252,-0.3462120294570923,1778931844.2458467
grallator_flat_new_actuator,Episode_Reward/lin_vel_z_l2,253,-0.32885631918907166,1778931845.2513309
grallator_flat_new_actuator,Episode_Reward/lin_vel_z_l2,254,-0.2749798595905304,1778931846.2296247
grallator_flat_new_actuator,Episode_Reward/lin_vel_z_l2,255,-0.27291882038116455,1778931847.2412732
grallator_flat_new_actuator,Episode_Reward/lin_vel_z_l2,256,-0.26484057307243347,1778931848.2157857
grallator_flat_new_actuator,Episode_Reward/lin_vel_z_l2,257,-0.26484057307243347,1778931849.1790416
grallator_flat_new_actuator,Episode_Reward/lin_vel_z_l2,258,-0.26484057307243347,1778931850.1683512
grallator_flat_new_actuator,Episode_Reward/lin_vel_z_l2,259,-0.26484057307243347,1778931851.1332672
grallator_flat_new_actuator,Episode_Reward/lin_vel_z_l2,260,-0.27377399802207947,1778931852.1157675
grallator_flat_new_actuator,Episode_Reward/lin_vel_z_l2,261,-0.2900058627128601,1778931853.1105695
grallator_flat_new_actuator,Episode_Reward/lin_vel_z_l2,262,-0.2615705728530884,1778931854.0718508
grallator_flat_new_actuator,Episode_Reward/lin_vel_z_l2,263,-0.2615705728530884,1778931855.1473515
grallator_flat_new_actuator,Episode_Reward/lin_vel_z_l2,264,-0.2615705728530884,1778931856.1055648
grallator_flat_new_actuator,Episode_Reward/lin_vel_z_l2,265,-0.2703145146369934,1778931857.099893
grallator_flat_new_actuator,Episode_Reward/lin_vel_z_l2,266,-0.24153748154640198,1778931858.1154006
grallator_flat_new_actuator,Episode_Reward/lin_vel_z_l2,267,-0.24715225398540497,1778931859.0764449
grallator_flat_new_actuator,Episode_Reward/lin_vel_z_l2,268,-0.2524285316467285,1778931860.0637608
grallator_flat_new_actuator,Episode_Reward/lin_vel_z_l2,269,-0.31380027532577515,1778931861.0691676
grallator_flat_new_actuator,Episode_Reward/lin_vel_z_l2,270,-0.32646486163139343,1778931862.0368962
grallator_flat_new_actuator,Episode_Reward/lin_vel_z_l2,271,-0.32646486163139343,1778931863.0090947
grallator_flat_new_actuator,Episode_Reward/lin_vel_z_l2,272,-0.32646486163139343,1778931863.9724104
grallator_flat_new_actuator,Episode_Reward/lin_vel_z_l2,273,-0.31165069341659546,1778931864.9704995
grallator_flat_new_actuator,Episode_Reward/lin_vel_z_l2,274,-0.27567335963249207,1778931866.0090852
grallator_flat_new_actuator,Episode_Reward/lin_vel_z_l2,275,-0.27567335963249207,1778931866.9726887
grallator_flat_new_actuator,Episode_Reward/lin_vel_z_l2,276,-0.27567335963249207,1778931867.936906
grallator_flat_new_actuator,Episode_Reward/lin_vel_z_l2,277,-0.27567335963249207,1778931868.9003317
grallator_flat_new_actuator,Episode_Reward/lin_vel_z_l2,278,-0.27567335963249207,1778931869.8566551
grallator_flat_new_actuator,Episode_Reward/lin_vel_z_l2,279,-0.27567335963249207,1778931870.8157527
grallator_flat_new_actuator,Episode_Reward/lin_vel_z_l2,280,-0.27567335963249207,1778931871.7813225
grallator_flat_new_actuator,Episode_Reward/lin_vel_z_l2,281,-0.2548089027404785,1778931872.777476
grallator_flat_new_actuator,Episode_Reward/lin_vel_z_l2,282,-0.24451029300689697,1778931873.7685678
grallator_flat_new_actuator,Episode_Reward/lin_vel_z_l2,283,-0.2377791851758957,1778931874.7245033
grallator_flat_new_actuator,Episode_Reward/lin_vel_z_l2,284,-0.31309404969215393,1778931875.7124295
grallator_flat_new_actuator,Episode_Reward/lin_vel_z_l2,285,-0.3281570076942444,1778931876.8010354
grallator_flat_new_actuator,Episode_Reward/lin_vel_z_l2,286,-0.3281570076942444,1778931877.75768
grallator_flat_new_actuator,Episode_Reward/lin_vel_z_l2,287,-0.3281570076942444,1778931878.7122135
grallator_flat_new_actuator,Episode_Reward/lin_vel_z_l2,288,-0.3281570076942444,1778931879.663326
grallator_flat_new_actuator,Episode_Reward/lin_vel_z_l2,289,-0.3281570076942444,1778931880.6195498
grallator_flat_new_actuator,Episode_Reward/lin_vel_z_l2,290,-0.29674285650253296,1778931881.6054525
grallator_flat_new_actuator,Episode_Reward/lin_vel_z_l2,291,-0.2904600501060486,1778931882.5718293
grallator_flat_new_actuator,Episode_Reward/lin_vel_z_l2,292,-0.2904600501060486,1778931883.5292842
grallator_flat_new_actuator,Episode_Reward/lin_vel_z_l2,293,-0.2904600501060486,1778931884.4897034
grallator_flat_new_actuator,Episode_Reward/lin_vel_z_l2,294,-0.2904600501060486,1778931885.441877
grallator_flat_new_actuator,Episode_Reward/lin_vel_z_l2,295,-0.29848188161849976,1778931886.4418716
grallator_flat_new_actuator,Episode_Reward/lin_vel_z_l2,296,-0.3011496663093567,1778931887.507789
grallator_flat_new_actuator,Episode_Reward/lin_vel_z_l2,297,-0.31750863790512085,1778931888.5089948
grallator_flat_new_actuator,Episode_Reward/lin_vel_z_l2,298,-0.31750863790512085,1778931889.462482
grallator_flat_new_actuator,Episode_Reward/lin_vel_z_l2,299,-0.31750863790512085,1778931890.4190297
grallator_flat_new_actuator,Episode_Reward/ang_vel_xy_l2,0,0.0,1778931591.3191621
grallator_flat_new_actuator,Episode_Reward/ang_vel_xy_l2,1,0.0,1778931592.4408522
grallator_flat_new_actuator,Episode_Reward/ang_vel_xy_l2,2,0.0,1778931593.4039106
grallator_flat_new_actuator,Episode_Reward/ang_vel_xy_l2,3,-0.000499783200211823,1778931594.834796
grallator_flat_new_actuator,Episode_Reward/ang_vel_xy_l2,4,-0.0016687435563653708,1778931595.8316402
grallator_flat_new_actuator,Episode_Reward/ang_vel_xy_l2,5,-0.0016175135970115662,1778931596.8284047
grallator_flat_new_actuator,Episode_Reward/ang_vel_xy_l2,6,-0.0018695391481742263,1778931597.812217
grallator_flat_new_actuator,Episode_Reward/ang_vel_xy_l2,7,-0.0018695391481742263,1778931598.805158
grallator_flat_new_actuator,Episode_Reward/ang_vel_xy_l2,8,-0.0018695391481742263,1778931599.8125968
grallator_flat_new_actuator,Episode_Reward/ang_vel_xy_l2,9,-0.0018695391481742263,1778931600.817845
grallator_flat_new_actuator,Episode_Reward/ang_vel_xy_l2,10,-0.0018869087798520923,1778931601.8672147
grallator_flat_new_actuator,Episode_Reward/ang_vel_xy_l2,11,-0.012708420865237713,1778931602.981854
grallator_flat_new_actuator,Episode_Reward/ang_vel_xy_l2,12,-0.023443084210157394,1778931604.011308
grallator_flat_new_actuator,Episode_Reward/ang_vel_xy_l2,13,-0.023443084210157394,1778931605.0390024
grallator_flat_new_actuator,Episode_Reward/ang_vel_xy_l2,14,-0.023443084210157394,1778931606.055619
grallator_flat_new_actuator,Episode_Reward/ang_vel_xy_l2,15,-0.008103135973215103,1778931607.0824387
grallator_flat_new_actuator,Episode_Reward/ang_vel_xy_l2,16,-0.007280233781784773,1778931608.1374524
grallator_flat_new_actuator,Episode_Reward/ang_vel_xy_l2,17,-0.020593266934156418,1778931609.1670275
grallator_flat_new_actuator,Episode_Reward/ang_vel_xy_l2,18,-0.01900303363800049,1778931610.2085476
grallator_flat_new_actuator,Episode_Reward/ang_vel_xy_l2,19,-0.0016610645689070225,1778931611.2681427
grallator_flat_new_actuator,Episode_Reward/ang_vel_xy_l2,20,-0.002233360894024372,1778931612.2976205
grallator_flat_new_actuator,Episode_Reward/ang_vel_xy_l2,21,-0.002233360894024372,1778931613.3392317
grallator_flat_new_actuator,Episode_Reward/ang_vel_xy_l2,22,-0.002233360894024372,1778931614.3659215
grallator_flat_new_actuator,Episode_Reward/ang_vel_xy_l2,23,-0.0019268710166215897,1778931615.5368996
grallator_flat_new_actuator,Episode_Reward/ang_vel_xy_l2,24,-0.001182538690045476,1778931616.5738642
grallator_flat_new_actuator,Episode_Reward/ang_vel_xy_l2,25,-0.001182538690045476,1778931617.6110916
grallator_flat_new_actuator,Episode_Reward/ang_vel_xy_l2,26,-0.001182538690045476,1778931618.641466
grallator_flat_new_actuator,Episode_Reward/ang_vel_xy_l2,27,-0.001182538690045476,1778931619.6619146
grallator_flat_new_actuator,Episode_Reward/ang_vel_xy_l2,28,-0.001182538690045476,1778931620.6857102
grallator_flat_new_actuator,Episode_Reward/ang_vel_xy_l2,29,-0.001182538690045476,1778931621.70648
grallator_flat_new_actuator,Episode_Reward/ang_vel_xy_l2,30,-0.001182538690045476,1778931622.7433755
grallator_flat_new_actuator,Episode_Reward/ang_vel_xy_l2,31,-0.0026736590079963207,1778931623.7809966
grallator_flat_new_actuator,Episode_Reward/ang_vel_xy_l2,32,-0.002730052452534437,1778931624.8334575
grallator_flat_new_actuator,Episode_Reward/ang_vel_xy_l2,33,-0.0022596425842493773,1778931626.0039945
grallator_flat_new_actuator,Episode_Reward/ang_vel_xy_l2,34,-0.011936947703361511,1778931627.0652232
grallator_flat_new_actuator,Episode_Reward/ang_vel_xy_l2,35,-0.013872410170733929,1778931628.0960171
grallator_flat_new_actuator,Episode_Reward/ang_vel_xy_l2,36,-0.013872410170733929,1778931629.1213396
grallator_flat_new_actuator,Episode_Reward/ang_vel_xy_l2,37,-0.013872410170733929,1778931630.1447132
grallator_flat_new_actuator,Episode_Reward/ang_vel_xy_l2,38,-0.013872410170733929,1778931631.1724072
grallator_flat_new_actuator,Episode_Reward/ang_vel_xy_l2,39,-0.013872410170733929,1778931632.1972482
grallator_flat_new_actuator,Episode_Reward/ang_vel_xy_l2,40,-0.0199850182980299,1778931633.2440445
grallator_flat_new_actuator,Episode_Reward/ang_vel_xy_l2,41,-0.02120753936469555,1778931634.2920759
grallator_flat_new_actuator,Episode_Reward/ang_vel_xy_l2,42,-0.02120753936469555,1778931635.323556
grallator_flat_new_actuator,Episode_Reward/ang_vel_xy_l2,43,-0.02120753936469555,1778931636.515878
grallator_flat_new_actuator,Episode_Reward/ang_vel_xy_l2,44,-0.02120753936469555,1778931637.5381966
grallator_flat_new_actuator,Episode_Reward/ang_vel_xy_l2,45,-0.018672043457627296,1778931638.589441
grallator_flat_new_actuator,Episode_Reward/ang_vel_xy_l2,46,-0.02054324746131897,1778931639.6412969
grallator_flat_new_actuator,Episode_Reward/ang_vel_xy_l2,47,-0.0012329340679571033,1778931640.6719596
grallator_flat_new_actuator,Episode_Reward/ang_vel_xy_l2,48,-0.0012329340679571033,1778931641.6823397
grallator_flat_new_actuator,Episode_Reward/ang_vel_xy_l2,49,-0.0012329340679571033,1778931642.7013142
grallator_flat_new_actuator,Episode_Reward/ang_vel_xy_l2,50,-0.0012329340679571033,1778931643.7177048
grallator_flat_new_actuator,Episode_Reward/ang_vel_xy_l2,51,-0.0012329340679571033,1778931644.7462347
grallator_flat_new_actuator,Episode_Reward/ang_vel_xy_l2,52,-0.0030763777904212475,1778931645.7836633
grallator_flat_new_actuator,Episode_Reward/ang_vel_xy_l2,53,-0.003691447898745537,1778931646.815236
grallator_flat_new_actuator,Episode_Reward/ang_vel_xy_l2,54,-0.0034457731526345015,1778931647.9098525
grallator_flat_new_actuator,Episode_Reward/ang_vel_xy_l2,55,-0.0034457731526345015,1778931648.923284
grallator_flat_new_actuator,Episode_Reward/ang_vel_xy_l2,56,-0.003492392599582672,1778931649.9279912
grallator_flat_new_actuator,Episode_Reward/ang_vel_xy_l2,57,-0.004252394661307335,1778931650.9665096
grallator_flat_new_actuator,Episode_Reward/ang_vel_xy_l2,58,-0.013718051835894585,1778931651.9995058
grallator_flat_new_actuator,Episode_Reward/ang_vel_xy_l2,59,-0.019959483295679092,1778931653.0252762
grallator_flat_new_actuator,Episode_Reward/ang_vel_xy_l2,60,-0.013760596513748169,1778931654.0531447
grallator_flat_new_actuator,Episode_Reward/ang_vel_xy_l2,61,-0.014762925915420055,1778931655.0768256
grallator_flat_new_actuator,Episode_Reward/ang_vel_xy_l2,62,-0.022954342886805534,1778931656.0817668
grallator_flat_new_actuator,Episode_Reward/ang_vel_xy_l2,63,-0.022954342886805534,1778931657.0897574
grallator_flat_new_actuator,Episode_Reward/ang_vel_xy_l2,64,-0.022954342886805534,1778931658.0979795
grallator_flat_new_actuator,Episode_Reward/ang_vel_xy_l2,65,-0.010944154113531113,1778931659.1652877
grallator_flat_new_actuator,Episode_Reward/ang_vel_xy_l2,66,-0.0037380398716777563,1778931660.1768486
grallator_flat_new_actuator,Episode_Reward/ang_vel_xy_l2,67,-0.0037380398716777563,1778931661.1894388
grallator_flat_new_actuator,Episode_Reward/ang_vel_xy_l2,68,-0.0037380398716777563,1778931662.1908634
grallator_flat_new_actuator,Episode_Reward/ang_vel_xy_l2,69,-0.0037380398716777563,1778931663.1952417
grallator_flat_new_actuator,Episode_Reward/ang_vel_xy_l2,70,-0.0037380398716777563,1778931664.192735
grallator_flat_new_actuator,Episode_Reward/ang_vel_xy_l2,71,-0.0037380398716777563,1778931665.1957319
grallator_flat_new_actuator,Episode_Reward/ang_vel_xy_l2,72,-0.0036901147104799747,1778931666.2066762
grallator_flat_new_actuator,Episode_Reward/ang_vel_xy_l2,73,-0.00335463578812778,1778931667.2319655
grallator_flat_new_actuator,Episode_Reward/ang_vel_xy_l2,74,-0.0024461362045258284,1778931668.2443352
grallator_flat_new_actuator,Episode_Reward/ang_vel_xy_l2,75,-0.0030764066614210606,1778931669.320763
grallator_flat_new_actuator,Episode_Reward/ang_vel_xy_l2,76,-0.007741925772279501,1778931670.3151503
grallator_flat_new_actuator,Episode_Reward/ang_vel_xy_l2,77,-0.007741925772279501,1778931671.3101752
grallator_flat_new_actuator,Episode_Reward/ang_vel_xy_l2,78,-0.007741925772279501,1778931672.2986083
grallator_flat_new_actuator,Episode_Reward/ang_vel_xy_l2,79,-0.007741925772279501,1778931673.289354
grallator_flat_new_actuator,Episode_Reward/ang_vel_xy_l2,80,-0.007741925772279501,1778931674.274609
grallator_flat_new_actuator,Episode_Reward/ang_vel_xy_l2,81,-0.006735927425324917,1778931675.2795649
grallator_flat_new_actuator,Episode_Reward/ang_vel_xy_l2,82,-0.0017059341771528125,1778931676.2737617
grallator_flat_new_actuator,Episode_Reward/ang_vel_xy_l2,83,-0.0017059341771528125,1778931677.2674854
grallator_flat_new_actuator,Episode_Reward/ang_vel_xy_l2,84,-0.0017059341771528125,1778931678.267201
grallator_flat_new_actuator,Episode_Reward/ang_vel_xy_l2,85,-0.0017059341771528125,1778931679.260323
grallator_flat_new_actuator,Episode_Reward/ang_vel_xy_l2,86,-0.0017059341771528125,1778931680.412308
grallator_flat_new_actuator,Episode_Reward/ang_vel_xy_l2,87,-0.0058897919952869415,1778931681.4313643
grallator_flat_new_actuator,Episode_Reward/ang_vel_xy_l2,88,-0.0040797218680381775,1778931682.4730234
grallator_flat_new_actuator,Episode_Reward/ang_vel_xy_l2,89,-0.0025397944264113903,1778931683.4690123
grallator_flat_new_actuator,Episode_Reward/ang_vel_xy_l2,90,-0.0025397944264113903,1778931684.4625049
grallator_flat_new_actuator,Episode_Reward/ang_vel_xy_l2,91,-0.0025397944264113903,1778931685.4541342
grallator_flat_new_actuator,Episode_Reward/ang_vel_xy_l2,92,-0.0025397944264113903,1778931686.444085
grallator_flat_new_actuator,Episode_Reward/ang_vel_xy_l2,93,-0.0025397944264113903,1778931687.435794
grallator_flat_new_actuator,Episode_Reward/ang_vel_xy_l2,94,-0.0036103527527302504,1778931688.4638803
grallator_flat_new_actuator,Episode_Reward/ang_vel_xy_l2,95,-0.0034347549080848694,1778931689.4558215
grallator_flat_new_actuator,Episode_Reward/ang_vel_xy_l2,96,-0.0034347549080848694,1778931690.4529963
grallator_flat_new_actuator,Episode_Reward/ang_vel_xy_l2,97,-0.0034347549080848694,1778931691.497592
grallator_flat_new_actuator,Episode_Reward/ang_vel_xy_l2,98,-0.0035230666399002075,1778931692.50504
grallator_flat_new_actuator,Episode_Reward/ang_vel_xy_l2,99,-0.003962975926697254,1778931693.5140326
grallator_flat_new_actuator,Episode_Reward/ang_vel_xy_l2,100,-0.0035125091671943665,1778931694.5372467
grallator_flat_new_actuator,Episode_Reward/ang_vel_xy_l2,101,-0.0034838332794606686,1778931695.5345407
grallator_flat_new_actuator,Episode_Reward/ang_vel_xy_l2,102,-0.004085318185389042,1778931696.5295367
grallator_flat_new_actuator,Episode_Reward/ang_vel_xy_l2,103,-0.005227583460509777,1778931697.523384
grallator_flat_new_actuator,Episode_Reward/ang_vel_xy_l2,104,-0.005362122319638729,1778931698.4997566
grallator_flat_new_actuator,Episode_Reward/ang_vel_xy_l2,105,-0.005362122319638729,1778931699.5022857
grallator_flat_new_actuator,Episode_Reward/ang_vel_xy_l2,106,-0.005362122319638729,1778931700.479719
grallator_flat_new_actuator,Episode_Reward/ang_vel_xy_l2,107,-0.005930854007601738,1778931701.4813187
grallator_flat_new_actuator,Episode_Reward/ang_vel_xy_l2,108,-0.005955582018941641,1778931702.5646615
grallator_flat_new_actuator,Episode_Reward/ang_vel_xy_l2,109,-0.005955582018941641,1778931703.5444114
grallator_flat_new_actuator,Episode_Reward/ang_vel_xy_l2,110,-0.005955582018941641,1778931704.5151386
grallator_flat_new_actuator,Episode_Reward/ang_vel_xy_l2,111,-0.005955582018941641,1778931705.4895623
grallator_flat_new_actuator,Episode_Reward/ang_vel_xy_l2,112,-0.005955582018941641,1778931706.4725378
grallator_flat_new_actuator,Episode_Reward/ang_vel_xy_l2,113,-0.005955582018941641,1778931707.4410534
grallator_flat_new_actuator,Episode_Reward/ang_vel_xy_l2,114,-0.006994682364165783,1778931708.4325378
grallator_flat_new_actuator,Episode_Reward/ang_vel_xy_l2,115,-0.007957727648317814,1778931709.41363
grallator_flat_new_actuator,Episode_Reward/ang_vel_xy_l2,116,-0.005042915232479572,1778931710.407008
grallator_flat_new_actuator,Episode_Reward/ang_vel_xy_l2,117,-0.00624573789536953,1778931711.4078088
grallator_flat_new_actuator,Episode_Reward/ang_vel_xy_l2,118,-0.007448561489582062,1778931712.3782604
grallator_flat_new_actuator,Episode_Reward/ang_vel_xy_l2,119,-0.007448561489582062,1778931713.4495277
grallator_flat_new_actuator,Episode_Reward/ang_vel_xy_l2,120,-0.007448561489582062,1778931714.4180567
grallator_flat_new_actuator,Episode_Reward/ang_vel_xy_l2,121,-0.007448561489582062,1778931715.4044008
grallator_flat_new_actuator,Episode_Reward/ang_vel_xy_l2,122,-0.007448561489582062,1778931716.386541
grallator_flat_new_actuator,Episode_Reward/ang_vel_xy_l2,123,-0.006904534064233303,1778931717.3791168
grallator_flat_new_actuator,Episode_Reward/ang_vel_xy_l2,124,-0.006360506173223257,1778931718.343555
grallator_flat_new_actuator,Episode_Reward/ang_vel_xy_l2,125,-0.006360506173223257,1778931719.3190353
grallator_flat_new_actuator,Episode_Reward/ang_vel_xy_l2,126,-0.006360506173223257,1778931720.2997894
grallator_flat_new_actuator,Episode_Reward/ang_vel_xy_l2,127,-0.006360506173223257,1778931721.2841747
grallator_flat_new_actuator,Episode_Reward/ang_vel_xy_l2,128,-0.005873805843293667,1778931722.2841716
grallator_flat_new_actuator,Episode_Reward/ang_vel_xy_l2,129,-0.004011983051896095,1778931723.276155
grallator_flat_new_actuator,Episode_Reward/ang_vel_xy_l2,130,-0.005734140053391457,1778931724.3556576
grallator_flat_new_actuator,Episode_Reward/ang_vel_xy_l2,131,-0.005904895719140768,1778931725.3264954
grallator_flat_new_actuator,Episode_Reward/ang_vel_xy_l2,132,-0.005904895719140768,1778931726.3018386
grallator_flat_new_actuator,Episode_Reward/ang_vel_xy_l2,133,-0.005904895719140768,1778931727.279981
grallator_flat_new_actuator,Episode_Reward/ang_vel_xy_l2,134,-0.005904895719140768,1778931728.249849
grallator_flat_new_actuator,Episode_Reward/ang_vel_xy_l2,135,-0.005772284232079983,1778931729.2397108
grallator_flat_new_actuator,Episode_Reward/ang_vel_xy_l2,136,-0.008737991563975811,1778931730.2303329
grallator_flat_new_actuator,Episode_Reward/ang_vel_xy_l2,137,-0.012366759590804577,1778931731.1869333
grallator_flat_new_actuator,Episode_Reward/ang_vel_xy_l2,138,-0.012366759590804577,1778931732.1482348
grallator_flat_new_actuator,Episode_Reward/ang_vel_xy_l2,139,-0.012366759590804577,1778931733.1110005
grallator_flat_new_actuator,Episode_Reward/ang_vel_xy_l2,140,-0.00839187391102314,1778931734.0975978
grallator_flat_new_actuator,Episode_Reward/ang_vel_xy_l2,141,-0.005945991724729538,1778931735.2463865
grallator_flat_new_actuator,Episode_Reward/ang_vel_xy_l2,142,-0.005088436417281628,1778931736.221522
grallator_flat_new_actuator,Episode_Reward/ang_vel_xy_l2,143,-0.005177785642445087,1778931737.1942394
grallator_flat_new_actuator,Episode_Reward/ang_vel_xy_l2,144,-0.006211910396814346,1778931738.1906593
grallator_flat_new_actuator,Episode_Reward/ang_vel_xy_l2,145,-0.0064067835919559,1778931739.1597335
grallator_flat_new_actuator,Episode_Reward/ang_vel_xy_l2,146,-0.0064067835919559,1778931740.1226215
grallator_flat_new_actuator,Episode_Reward/ang_vel_xy_l2,147,-0.0064067835919559,1778931741.079059
grallator_flat_new_actuator,Episode_Reward/ang_vel_xy_l2,148,-0.0071142446249723434,1778931742.064367
grallator_flat_new_actuator,Episode_Reward/ang_vel_xy_l2,149,-0.008832364343106747,1778931743.0334804
grallator_flat_new_actuator,Episode_Reward/ang_vel_xy_l2,150,-0.008832364343106747,1778931743.9976938
grallator_flat_new_actuator,Episode_Reward/ang_vel_xy_l2,151,-0.008832364343106747,1778931744.9663918
grallator_flat_new_actuator,Episode_Reward/ang_vel_xy_l2,152,-0.008832364343106747,1778931745.9998312
grallator_flat_new_actuator,Episode_Reward/ang_vel_xy_l2,153,-0.008832364343106747,1778931746.959209
grallator_flat_new_actuator,Episode_Reward/ang_vel_xy_l2,154,-0.008832364343106747,1778931747.9207497
grallator_flat_new_actuator,Episode_Reward/ang_vel_xy_l2,155,-0.008832364343106747,1778931748.8804424
grallator_flat_new_actuator,Episode_Reward/ang_vel_xy_l2,156,-0.009121261537075043,1778931749.8597991
grallator_flat_new_actuator,Episode_Reward/ang_vel_xy_l2,157,-0.008913978934288025,1778931750.8459158
grallator_flat_new_actuator,Episode_Reward/ang_vel_xy_l2,158,-0.00851734634488821,1778931751.8085546
grallator_flat_new_actuator,Episode_Reward/ang_vel_xy_l2,159,-0.00718224560841918,1778931752.7953796
grallator_flat_new_actuator,Episode_Reward/ang_vel_xy_l2,160,-0.006915225647389889,1778931753.7571847
grallator_flat_new_actuator,Episode_Reward/ang_vel_xy_l2,161,-0.006915225647389889,1778931754.7411728
grallator_flat_new_actuator,Episode_Reward/ang_vel_xy_l2,162,-0.006915225647389889,1778931755.723316
grallator_flat_new_actuator,Episode_Reward/ang_vel_xy_l2,163,-0.006915225647389889,1778931756.8083758
grallator_flat_new_actuator,Episode_Reward/ang_vel_xy_l2,164,-0.006915225647389889,1778931757.7655923
grallator_flat_new_actuator,Episode_Reward/ang_vel_xy_l2,165,-0.007350406609475613,1778931758.746177
grallator_flat_new_actuator,Episode_Reward/ang_vel_xy_l2,166,-0.007437442895025015,1778931759.7040048
grallator_flat_new_actuator,Episode_Reward/ang_vel_xy_l2,167,-0.007437442895025015,1778931760.6698272
grallator_flat_new_actuator,Episode_Reward/ang_vel_xy_l2,168,-0.007437442895025015,1778931761.620631
grallator_flat_new_actuator,Episode_Reward/ang_vel_xy_l2,169,-0.007437442895025015,1778931762.5692585
grallator_flat_new_actuator,Episode_Reward/ang_vel_xy_l2,170,-0.008131763897836208,1778931763.5563493
grallator_flat_new_actuator,Episode_Reward/ang_vel_xy_l2,171,-0.009050250053405762,1778931764.5508423
grallator_flat_new_actuator,Episode_Reward/ang_vel_xy_l2,172,-0.011310680769383907,1778931765.5280168
grallator_flat_new_actuator,Episode_Reward/ang_vel_xy_l2,173,-0.011310680769383907,1778931766.4850593
grallator_flat_new_actuator,Episode_Reward/ang_vel_xy_l2,174,-0.011310680769383907,1778931767.5969603
grallator_flat_new_actuator,Episode_Reward/ang_vel_xy_l2,175,-0.011310680769383907,1778931768.5587902
grallator_flat_new_actuator,Episode_Reward/ang_vel_xy_l2,176,-0.011310680769383907,1778931769.5078516
grallator_flat_new_actuator,Episode_Reward/ang_vel_xy_l2,177,-0.010591519996523857,1778931770.4909568
grallator_flat_new_actuator,Episode_Reward/ang_vel_xy_l2,178,-0.010276543907821178,1778931771.4632733
grallator_flat_new_actuator,Episode_Reward/ang_vel_xy_l2,179,-0.010357381775975227,1778931772.418922
grallator_flat_new_actuator,Episode_Reward/ang_vel_xy_l2,180,-0.010357381775975227,1778931773.378237
grallator_flat_new_actuator,Episode_Reward/ang_vel_xy_l2,181,-0.010533375665545464,1778931774.3316257
grallator_flat_new_actuator,Episode_Reward/ang_vel_xy_l2,182,-0.013474896550178528,1778931775.3318372
grallator_flat_new_actuator,Episode_Reward/ang_vel_xy_l2,183,-0.01214343961328268,1778931776.3223288
grallator_flat_new_actuator,Episode_Reward/ang_vel_xy_l2,184,-0.01333601027727127,1778931777.275807
grallator_flat_new_actuator,Episode_Reward/ang_vel_xy_l2,185,-0.013533996418118477,1778931778.3688467
grallator_flat_new_actuator,Episode_Reward/ang_vel_xy_l2,186,-0.01282862015068531,1778931779.3494854
grallator_flat_new_actuator,Episode_Reward/ang_vel_xy_l2,187,-0.011997225694358349,1778931780.3041828
grallator_flat_new_actuator,Episode_Reward/ang_vel_xy_l2,188,-0.011997225694358349,1778931781.2654898
grallator_flat_new_actuator,Episode_Reward/ang_vel_xy_l2,189,-0.011997225694358349,1778931782.222159
grallator_flat_new_actuator,Episode_Reward/ang_vel_xy_l2,190,-0.01311122439801693,1778931783.2033036
grallator_flat_new_actuator,Episode_Reward/ang_vel_xy_l2,191,-0.013779623433947563,1778931784.1594963
grallator_flat_new_actuator,Episode_Reward/ang_vel_xy_l2,192,-0.013779623433947563,1778931785.1341448
grallator_flat_new_actuator,Episode_Reward/ang_vel_xy_l2,193,-0.013779623433947563,1778931786.1046717
grallator_flat_new_actuator,Episode_Reward/ang_vel_xy_l2,194,-0.013779623433947563,1778931787.0665524
grallator_flat_new_actuator,Episode_Reward/ang_vel_xy_l2,195,-0.013779623433947563,1778931788.0284796
grallator_flat_new_actuator,Episode_Reward/ang_vel_xy_l2,196,-0.013779623433947563,1778931789.0918782
grallator_flat_new_actuator,Episode_Reward/ang_vel_xy_l2,197,-0.013237717561423779,1778931790.0607455
grallator_flat_new_actuator,Episode_Reward/ang_vel_xy_l2,198,-0.009444380179047585,1778931791.0448737
grallator_flat_new_actuator,Episode_Reward/ang_vel_xy_l2,199,-0.009767632000148296,1778931792.0325274
grallator_flat_new_actuator,Episode_Reward/ang_vel_xy_l2,200,-0.010366253554821014,1778931793.016723
grallator_flat_new_actuator,Episode_Reward/ang_vel_xy_l2,201,-0.012820600531995296,1778931793.998802
grallator_flat_new_actuator,Episode_Reward/ang_vel_xy_l2,202,-0.012820600531995296,1778931794.985367
grallator_flat_new_actuator,Episode_Reward/ang_vel_xy_l2,203,-0.012820600531995296,1778931795.9457796
grallator_flat_new_actuator,Episode_Reward/ang_vel_xy_l2,204,-0.012820600531995296,1778931796.9140348
grallator_flat_new_actuator,Episode_Reward/ang_vel_xy_l2,205,-0.012820600531995296,1778931797.8751793
grallator_flat_new_actuator,Episode_Reward/ang_vel_xy_l2,206,-0.012969019822776318,1778931798.851968
grallator_flat_new_actuator,Episode_Reward/ang_vel_xy_l2,207,-0.013711112551391125,1778931799.8209844
grallator_flat_new_actuator,Episode_Reward/ang_vel_xy_l2,208,-0.013711112551391125,1778931800.792877
grallator_flat_new_actuator,Episode_Reward/ang_vel_xy_l2,209,-0.013711112551391125,1778931801.7633653
grallator_flat_new_actuator,Episode_Reward/ang_vel_xy_l2,210,-0.013711112551391125,1778931802.7257605
grallator_flat_new_actuator,Episode_Reward/ang_vel_xy_l2,211,-0.013711112551391125,1778931803.6900592
grallator_flat_new_actuator,Episode_Reward/ang_vel_xy_l2,212,-0.009391766041517258,1778931804.701252
grallator_flat_new_actuator,Episode_Reward/ang_vel_xy_l2,213,-0.012095375917851925,1778931805.7157156
grallator_flat_new_actuator,Episode_Reward/ang_vel_xy_l2,214,-0.01306439470499754,1778931806.6835957
grallator_flat_new_actuator,Episode_Reward/ang_vel_xy_l2,215,-0.01306439470499754,1778931807.6520867
grallator_flat_new_actuator,Episode_Reward/ang_vel_xy_l2,216,-0.01306439470499754,1778931808.6143367
grallator_flat_new_actuator,Episode_Reward/ang_vel_xy_l2,217,-0.01306439470499754,1778931809.587549
grallator_flat_new_actuator,Episode_Reward/ang_vel_xy_l2,218,-0.01306439470499754,1778931810.5535586
grallator_flat_new_actuator,Episode_Reward/ang_vel_xy_l2,219,-0.012371189892292023,1778931811.7053852
grallator_flat_new_actuator,Episode_Reward/ang_vel_xy_l2,220,-0.013694352470338345,1778931812.6750057
grallator_flat_new_actuator,Episode_Reward/ang_vel_xy_l2,221,-0.013694352470338345,1778931813.6404984
grallator_flat_new_actuator,Episode_Reward/ang_vel_xy_l2,222,-0.013694352470338345,1778931814.6094031
grallator_flat_new_actuator,Episode_Reward/ang_vel_xy_l2,223,-0.01277161668986082,1778931815.601842
grallator_flat_new_actuator,Episode_Reward/ang_vel_xy_l2,224,-0.011360409669578075,1778931816.593084
grallator_flat_new_actuator,Episode_Reward/ang_vel_xy_l2,225,-0.014382670633494854,1778931817.5943015
grallator_flat_new_actuator,Episode_Reward/ang_vel_xy_l2,226,-0.014510138891637325,1778931818.559351
grallator_flat_new_actuator,Episode_Reward/ang_vel_xy_l2,227,-0.014825612306594849,1778931819.5514762
grallator_flat_new_actuator,Episode_Reward/ang_vel_xy_l2,228,-0.011849800124764442,1778931820.5573785
grallator_flat_new_actuator,Episode_Reward/ang_vel_xy_l2,229,-0.011409660801291466,1778931821.5341234
grallator_flat_new_actuator,Episode_Reward/ang_vel_xy_l2,230,-0.011409660801291466,1778931822.5339189
grallator_flat_new_actuator,Episode_Reward/ang_vel_xy_l2,231,-0.011409660801291466,1778931823.5034323
grallator_flat_new_actuator,Episode_Reward/ang_vel_xy_l2,232,-0.01308438926935196,1778931824.489307
grallator_flat_new_actuator,Episode_Reward/ang_vel_xy_l2,233,-0.013157203793525696,1778931825.449689
grallator_flat_new_actuator,Episode_Reward/ang_vel_xy_l2,234,-0.013157203793525696,1778931826.4279404
grallator_flat_new_actuator,Episode_Reward/ang_vel_xy_l2,235,-0.013157203793525696,1778931827.401136
grallator_flat_new_actuator,Episode_Reward/ang_vel_xy_l2,236,-0.013157203793525696,1778931828.3764133
grallator_flat_new_actuator,Episode_Reward/ang_vel_xy_l2,237,-0.013157203793525696,1778931829.3554497
grallator_flat_new_actuator,Episode_Reward/ang_vel_xy_l2,238,-0.013157203793525696,1778931830.3187528
grallator_flat_new_actuator,Episode_Reward/ang_vel_xy_l2,239,-0.013410862535238266,1778931831.3047247
grallator_flat_new_actuator,Episode_Reward/ang_vel_xy_l2,240,-0.01361750066280365,1778931832.295991
grallator_flat_new_actuator,Episode_Reward/ang_vel_xy_l2,241,-0.012592977844178677,1778931833.427325
grallator_flat_new_actuator,Episode_Reward/ang_vel_xy_l2,242,-0.01549564115703106,1778931834.4119651
grallator_flat_new_actuator,Episode_Reward/ang_vel_xy_l2,243,-0.018398305401206017,1778931835.385747
grallator_flat_new_actuator,Episode_Reward/ang_vel_xy_l2,244,-0.018398305401206017,1778931836.362454
grallator_flat_new_actuator,Episode_Reward/ang_vel_xy_l2,245,-0.018398305401206017,1778931837.3254302
grallator_flat_new_actuator,Episode_Reward/ang_vel_xy_l2,246,-0.018398305401206017,1778931838.296032
grallator_flat_new_actuator,Episode_Reward/ang_vel_xy_l2,247,-0.018398305401206017,1778931839.2694142
grallator_flat_new_actuator,Episode_Reward/ang_vel_xy_l2,248,-0.01588287204504013,1778931840.2661564
grallator_flat_new_actuator,Episode_Reward/ang_vel_xy_l2,249,-0.013367436826229095,1778931841.2361667
grallator_flat_new_actuator,Episode_Reward/ang_vel_xy_l2,250,-0.013367436826229095,1778931842.2018185
grallator_flat_new_actuator,Episode_Reward/ang_vel_xy_l2,251,-0.013367436826229095,1778931843.1754017
grallator_flat_new_actuator,Episode_Reward/ang_vel_xy_l2,252,-0.013367436826229095,1778931844.246408
grallator_flat_new_actuator,Episode_Reward/ang_vel_xy_l2,253,-0.014620027504861355,1778931845.251877
grallator_flat_new_actuator,Episode_Reward/ang_vel_xy_l2,254,-0.018726002424955368,1778931846.230152
grallator_flat_new_actuator,Episode_Reward/ang_vel_xy_l2,255,-0.019386228173971176,1778931847.241801
grallator_flat_new_actuator,Episode_Reward/ang_vel_xy_l2,256,-0.02045748196542263,1778931848.2162833
grallator_flat_new_actuator,Episode_Reward/ang_vel_xy_l2,257,-0.02045748196542263,1778931849.1795511
grallator_flat_new_actuator,Episode_Reward/ang_vel_xy_l2,258,-0.02045748196542263,1778931850.1689885
grallator_flat_new_actuator,Episode_Reward/ang_vel_xy_l2,259,-0.02045748196542263,1778931851.1337898
grallator_flat_new_actuator,Episode_Reward/ang_vel_xy_l2,260,-0.01932344399392605,1778931852.1162536
grallator_flat_new_actuator,Episode_Reward/ang_vel_xy_l2,261,-0.016909200698137283,1778931853.1111422
grallator_flat_new_actuator,Episode_Reward/ang_vel_xy_l2,262,-0.020165150985121727,1778931854.0723467
grallator_flat_new_actuator,Episode_Reward/ang_vel_xy_l2,263,-0.020165150985121727,1778931855.1478717
grallator_flat_new_actuator,Episode_Reward/ang_vel_xy_l2,264,-0.020165150985121727,1778931856.106044
grallator_flat_new_actuator,Episode_Reward/ang_vel_xy_l2,265,-0.01770101487636566,1778931857.100385
grallator_flat_new_actuator,Episode_Reward/ang_vel_xy_l2,266,-0.01819203421473503,1778931858.1159375
grallator_flat_new_actuator,Episode_Reward/ang_vel_xy_l2,267,-0.019277039915323257,1778931859.0769732
grallator_flat_new_actuator,Episode_Reward/ang_vel_xy_l2,268,-0.01884964108467102,1778931860.0642333
grallator_flat_new_actuator,Episode_Reward/ang_vel_xy_l2,269,-0.013051341287791729,1778931861.0696752
grallator_flat_new_actuator,Episode_Reward/ang_vel_xy_l2,270,-0.008882926777005196,1778931862.0373583
grallator_flat_new_actuator,Episode_Reward/ang_vel_xy_l2,271,-0.008882926777005196,1778931863.0095654
grallator_flat_new_actuator,Episode_Reward/ang_vel_xy_l2,272,-0.008882926777005196,1778931863.972969
grallator_flat_new_actuator,Episode_Reward/ang_vel_xy_l2,273,-0.01113804616034031,1778931864.9710114
grallator_flat_new_actuator,Episode_Reward/ang_vel_xy_l2,274,-0.0166147630661726,1778931866.0095675
grallator_flat_new_actuator,Episode_Reward/ang_vel_xy_l2,275,-0.0166147630661726,1778931866.9731588
grallator_flat_new_actuator,Episode_Reward/ang_vel_xy_l2,276,-0.0166147630661726,1778931867.9374344
grallator_flat_new_actuator,Episode_Reward/ang_vel_xy_l2,277,-0.0166147630661726,1778931868.9008825
grallator_flat_new_actuator,Episode_Reward/ang_vel_xy_l2,278,-0.0166147630661726,1778931869.8571594
grallator_flat_new_actuator,Episode_Reward/ang_vel_xy_l2,279,-0.0166147630661726,1778931870.8162537
grallator_flat_new_actuator,Episode_Reward/ang_vel_xy_l2,280,-0.0166147630661726,1778931871.781825
grallator_flat_new_actuator,Episode_Reward/ang_vel_xy_l2,281,-0.015074087306857109,1778931872.777969
grallator_flat_new_actuator,Episode_Reward/ang_vel_xy_l2,282,-0.016144730150699615,1778931873.7691236
grallator_flat_new_actuator,Episode_Reward/ang_vel_xy_l2,283,-0.0182112455368042,1778931874.7250457
grallator_flat_new_actuator,Episode_Reward/ang_vel_xy_l2,284,-0.013406689278781414,1778931875.7129493
grallator_flat_new_actuator,Episode_Reward/ang_vel_xy_l2,285,-0.012445776723325253,1778931876.8015492
grallator_flat_new_actuator,Episode_Reward/ang_vel_xy_l2,286,-0.012445776723325253,1778931877.7581897
grallator_flat_new_actuator,Episode_Reward/ang_vel_xy_l2,287,-0.012445776723325253,1778931878.7127216
grallator_flat_new_actuator,Episode_Reward/ang_vel_xy_l2,288,-0.012445776723325253,1778931879.6638174
grallator_flat_new_actuator,Episode_Reward/ang_vel_xy_l2,289,-0.012445776723325253,1778931880.6201036
grallator_flat_new_actuator,Episode_Reward/ang_vel_xy_l2,290,-0.013315314427018166,1778931881.6059382
grallator_flat_new_actuator,Episode_Reward/ang_vel_xy_l2,291,-0.013489222154021263,1778931882.5722713
grallator_flat_new_actuator,Episode_Reward/ang_vel_xy_l2,292,-0.013489222154021263,1778931883.5297906
grallator_flat_new_actuator,Episode_Reward/ang_vel_xy_l2,293,-0.013489222154021263,1778931884.490188
grallator_flat_new_actuator,Episode_Reward/ang_vel_xy_l2,294,-0.013489222154021263,1778931885.4424121
grallator_flat_new_actuator,Episode_Reward/ang_vel_xy_l2,295,-0.013330827467143536,1778931886.442389
grallator_flat_new_actuator,Episode_Reward/ang_vel_xy_l2,296,-0.012676134705543518,1778931887.5088243
grallator_flat_new_actuator,Episode_Reward/ang_vel_xy_l2,297,-0.013220293447375298,1778931888.5095239
grallator_flat_new_actuator,Episode_Reward/ang_vel_xy_l2,298,-0.013220293447375298,1778931889.4630315
grallator_flat_new_actuator,Episode_Reward/ang_vel_xy_l2,299,-0.013220293447375298,1778931890.419515
grallator_flat_new_actuator,Episode_Reward/dof_torques_l2,0,0.0,1778931591.3197367
grallator_flat_new_actuator,Episode_Reward/dof_torques_l2,1,0.0,1778931592.441365
grallator_flat_new_actuator,Episode_Reward/dof_torques_l2,2,0.0,1778931593.404453
grallator_flat_new_actuator,Episode_Reward/dof_torques_l2,3,-0.031069889664649963,1778931594.8353822
grallator_flat_new_actuator,Episode_Reward/dof_torques_l2,4,-0.11374793946743011,1778931595.8322024
grallator_flat_new_actuator,Episode_Reward/dof_torques_l2,5,-0.1441642940044403,1778931596.8289392
grallator_flat_new_actuator,Episode_Reward/dof_torques_l2,6,-0.13641665875911713,1778931597.8127282
grallator_flat_new_actuator,Episode_Reward/dof_torques_l2,7,-0.13641665875911713,1778931598.805669
grallator_flat_new_actuator,Episode_Reward/dof_torques_l2,8,-0.13641665875911713,1778931599.813111
grallator_flat_new_actuator,Episode_Reward/dof_torques_l2,9,-0.13641665875911713,1778931600.8185072
grallator_flat_new_actuator,Episode_Reward/dof_torques_l2,10,-0.167312890291214,1778931601.867889
grallator_flat_new_actuator,Episode_Reward/dof_torques_l2,11,-0.2758881449699402,1778931602.982365
grallator_flat_new_actuator,Episode_Reward/dof_torques_l2,12,-0.22998230159282684,1778931604.0118055
grallator_flat_new_actuator,Episode_Reward/dof_torques_l2,13,-0.22998230159282684,1778931605.0394585
grallator_flat_new_actuator,Episode_Reward/dof_torques_l2,14,-0.22998230159282684,1778931606.056093
grallator_flat_new_actuator,Episode_Reward/dof_torques_l2,15,-0.44070062041282654,1778931607.0829575
grallator_flat_new_actuator,Episode_Reward/dof_torques_l2,16,-0.49701642990112305,1778931608.1379633
grallator_flat_new_actuator,Episode_Reward/dof_torques_l2,17,-0.3581179082393646,1778931609.1675124
grallator_flat_new_actuator,Episode_Reward/dof_torques_l2,18,-0.3869560658931732,1778931610.2092206
grallator_flat_new_actuator,Episode_Reward/dof_torques_l2,19,-0.7051113843917847,1778931611.2688322
grallator_flat_new_actuator,Episode_Reward/dof_torques_l2,20,-0.7086671590805054,1778931612.2981675
grallator_flat_new_actuator,Episode_Reward/dof_torques_l2,21,-0.7086671590805054,1778931613.3398151
grallator_flat_new_actuator,Episode_Reward/dof_torques_l2,22,-0.7086671590805054,1778931614.366514
grallator_flat_new_actuator,Episode_Reward/dof_torques_l2,23,-0.7555152177810669,1778931615.5373962
grallator_flat_new_actuator,Episode_Reward/dof_torques_l2,24,-0.8692892789840698,1778931616.5743804
grallator_flat_new_actuator,Episode_Reward/dof_torques_l2,25,-0.8692892789840698,1778931617.611561
grallator_flat_new_actuator,Episode_Reward/dof_torques_l2,26,-0.8692892789840698,1778931618.6420007
grallator_flat_new_actuator,Episode_Reward/dof_torques_l2,27,-0.8692892789840698,1778931619.6624217
grallator_flat_new_actuator,Episode_Reward/dof_torques_l2,28,-0.8692892789840698,1778931620.686206
grallator_flat_new_actuator,Episode_Reward/dof_torques_l2,29,-0.8692892789840698,1778931621.7069924
grallator_flat_new_actuator,Episode_Reward/dof_torques_l2,30,-0.8692892789840698,1778931622.743923
grallator_flat_new_actuator,Episode_Reward/dof_torques_l2,31,-1.1235243082046509,1778931623.7814968
grallator_flat_new_actuator,Episode_Reward/dof_torques_l2,32,-1.2339433431625366,1778931624.8339732
grallator_flat_new_actuator,Episode_Reward/dof_torques_l2,33,-1.2948644161224365,1778931626.0044656
grallator_flat_new_actuator,Episode_Reward/dof_torques_l2,34,-0.942419171333313,1778931627.0657458
grallator_flat_new_actuator,Episode_Reward/dof_torques_l2,35,-0.8719300627708435,1778931628.0967119
grallator_flat_new_actuator,Episode_Reward/dof_torques_l2,36,-0.8719300627708435,1778931629.1218565
grallator_flat_new_actuator,Episode_Reward/dof_torques_l2,37,-0.8719300627708435,1778931630.1451643
grallator_flat_new_actuator,Episode_Reward/dof_torques_l2,38,-0.8719300627708435,1778931631.1728892
grallator_flat_new_actuator,Episode_Reward/dof_torques_l2,39,-0.8719300627708435,1778931632.1977596
grallator_flat_new_actuator,Episode_Reward/dof_torques_l2,40,-0.7726746797561646,1778931633.244523
grallator_flat_new_actuator,Episode_Reward/dof_torques_l2,41,-0.752823531627655,1778931634.2927234
grallator_flat_new_actuator,Episode_Reward/dof_torques_l2,42,-0.752823531627655,1778931635.3240342
grallator_flat_new_actuator,Episode_Reward/dof_torques_l2,43,-0.752823531627655,1778931636.5163333
grallator_flat_new_actuator,Episode_Reward/dof_torques_l2,44,-0.752823531627655,1778931637.5387197
grallator_flat_new_actuator,Episode_Reward/dof_torques_l2,45,-0.7858396768569946,1778931638.5899472
grallator_flat_new_actuator,Episode_Reward/dof_torques_l2,46,-0.7923235893249512,1778931639.641985
grallator_flat_new_actuator,Episode_Reward/dof_torques_l2,47,-1.5156153440475464,1778931640.6724653
grallator_flat_new_actuator,Episode_Reward/dof_torques_l2,48,-1.5156153440475464,1778931641.682859
grallator_flat_new_actuator,Episode_Reward/dof_torques_l2,49,-1.5156153440475464,1778931642.7018378
grallator_flat_new_actuator,Episode_Reward/dof_torques_l2,50,-1.5156153440475464,1778931643.7181857
grallator_flat_new_actuator,Episode_Reward/dof_torques_l2,51,-1.5156153440475464,1778931644.74675
grallator_flat_new_actuator,Episode_Reward/dof_torques_l2,52,-1.5402578115463257,1778931645.7841952
grallator_flat_new_actuator,Episode_Reward/dof_torques_l2,53,-1.576972246170044,1778931646.815774
grallator_flat_new_actuator,Episode_Reward/dof_torques_l2,54,-1.579386591911316,1778931647.9103663
grallator_flat_new_actuator,Episode_Reward/dof_torques_l2,55,-1.579386591911316,1778931648.9238093
grallator_flat_new_actuator,Episode_Reward/dof_torques_l2,56,-1.5783286094665527,1778931649.9285002
grallator_flat_new_actuator,Episode_Reward/dof_torques_l2,57,-1.5459612607955933,1778931650.9670513
grallator_flat_new_actuator,Episode_Reward/dof_torques_l2,58,-1.0960688591003418,1778931651.9999907
grallator_flat_new_actuator,Episode_Reward/dof_torques_l2,59,-0.8405928015708923,1778931653.0258806
grallator_flat_new_actuator,Episode_Reward/dof_torques_l2,60,-1.114377498626709,1778931654.0536265
grallator_flat_new_actuator,Episode_Reward/dof_torques_l2,61,-1.11273193359375,1778931655.0772815
grallator_flat_new_actuator,Episode_Reward/dof_torques_l2,62,-0.7870097160339355,1778931656.0824113
grallator_flat_new_actuator,Episode_Reward/dof_torques_l2,63,-0.7870097160339355,1778931657.0902045
grallator_flat_new_actuator,Episode_Reward/dof_torques_l2,64,-0.7870097160339355,1778931658.0984838
grallator_flat_new_actuator,Episode_Reward/dof_torques_l2,65,-1.1591691970825195,1778931659.16585
grallator_flat_new_actuator,Episode_Reward/dof_torques_l2,66,-1.3824647665023804,1778931660.1773095
grallator_flat_new_actuator,Episode_Reward/dof_torques_l2,67,-1.3824647665023804,1778931661.1899664
grallator_flat_new_actuator,Episode_Reward/dof_torques_l2,68,-1.3824647665023804,1778931662.1913464
grallator_flat_new_actuator,Episode_Reward/dof_torques_l2,69,-1.3824647665023804,1778931663.1957867
grallator_flat_new_actuator,Episode_Reward/dof_torques_l2,70,-1.3824647665023804,1778931664.1932487
grallator_flat_new_actuator,Episode_Reward/dof_torques_l2,71,-1.3824647665023804,1778931665.1962347
grallator_flat_new_actuator,Episode_Reward/dof_torques_l2,72,-1.3772313594818115,1778931666.2071877
grallator_flat_new_actuator,Episode_Reward/dof_torques_l2,73,-1.3405965566635132,1778931667.2324588
grallator_flat_new_actuator,Episode_Reward/dof_torques_l2,74,-1.360109806060791,1778931668.244841
grallator_flat_new_actuator,Episode_Reward/dof_torques_l2,75,-1.361060380935669,1778931669.3212447
grallator_flat_new_actuator,Episode_Reward/dof_torques_l2,76,-1.333290934562683,1778931670.3157132
grallator_flat_new_actuator,Episode_Reward/dof_torques_l2,77,-1.333290934562683,1778931671.3107758
grallator_flat_new_actuator,Episode_Reward/dof_torques_l2,78,-1.333290934562683,1778931672.2991114
grallator_flat_new_actuator,Episode_Reward/dof_torques_l2,79,-1.333290934562683,1778931673.2898693
grallator_flat_new_actuator,Episode_Reward/dof_torques_l2,80,-1.333290934562683,1778931674.2750843
grallator_flat_new_actuator,Episode_Reward/dof_torques_l2,81,-1.3295254707336426,1778931675.2800803
grallator_flat_new_actuator,Episode_Reward/dof_torques_l2,82,-1.310698390007019,1778931676.2742264
grallator_flat_new_actuator,Episode_Reward/dof_torques_l2,83,-1.310698390007019,1778931677.268038
grallator_flat_new_actuator,Episode_Reward/dof_torques_l2,84,-1.310698390007019,1778931678.2677052
grallator_flat_new_actuator,Episode_Reward/dof_torques_l2,85,-1.310698390007019,1778931679.2608364
grallator_flat_new_actuator,Episode_Reward/dof_torques_l2,86,-1.310698390007019,1778931680.4128478
grallator_flat_new_actuator,Episode_Reward/dof_torques_l2,87,-1.3170827627182007,1778931681.4318612
grallator_flat_new_actuator,Episode_Reward/dof_torques_l2,88,-1.2705646753311157,1778931682.4736388
grallator_flat_new_actuator,Episode_Reward/dof_torques_l2,89,-1.2513434886932373,1778931683.469482
grallator_flat_new_actuator,Episode_Reward/dof_torques_l2,90,-1.2513434886932373,1778931684.4629734
grallator_flat_new_actuator,Episode_Reward/dof_torques_l2,91,-1.2513434886932373,1778931685.4546466
grallator_flat_new_actuator,Episode_Reward/dof_torques_l2,92,-1.2513434886932373,1778931686.4447117
grallator_flat_new_actuator,Episode_Reward/dof_torques_l2,93,-1.2513434886932373,1778931687.4362924
grallator_flat_new_actuator,Episode_Reward/dof_torques_l2,94,-1.2321399450302124,1778931688.464395
grallator_flat_new_actuator,Episode_Reward/dof_torques_l2,95,-1.255357027053833,1778931689.45632
grallator_flat_new_actuator,Episode_Reward/dof_torques_l2,96,-1.255357027053833,1778931690.453525
grallator_flat_new_actuator,Episode_Reward/dof_torques_l2,97,-1.255357027053833,1778931691.4980738
grallator_flat_new_actuator,Episode_Reward/dof_torques_l2,98,-1.2494690418243408,1778931692.505554
grallator_flat_new_actuator,Episode_Reward/dof_torques_l2,99,-1.227494239807129,1778931693.5145316
grallator_flat_new_actuator,Episode_Reward/dof_torques_l2,100,-1.2022678852081299,1778931694.5378997
grallator_flat_new_actuator,Episode_Reward/dof_torques_l2,101,-1.2015488147735596,1778931695.535011
grallator_flat_new_actuator,Episode_Reward/dof_torques_l2,102,-1.2258380651474,1778931696.530045
grallator_flat_new_actuator,Episode_Reward/dof_torques_l2,103,-1.8223323822021484,1778931697.5239136
grallator_flat_new_actuator,Episode_Reward/dof_torques_l2,104,-1.9063892364501953,1778931698.5002105
grallator_flat_new_actuator,Episode_Reward/dof_torques_l2,105,-1.9063892364501953,1778931699.5028396
grallator_flat_new_actuator,Episode_Reward/dof_torques_l2,106,-1.9063892364501953,1778931700.4801705
grallator_flat_new_actuator,Episode_Reward/dof_torques_l2,107,-1.163200855255127,1778931701.481833
grallator_flat_new_actuator,Episode_Reward/dof_torques_l2,108,-1.1308883428573608,1778931702.5654671
grallator_flat_new_actuator,Episode_Reward/dof_torques_l2,109,-1.1308883428573608,1778931703.5449495
grallator_flat_new_actuator,Episode_Reward/dof_torques_l2,110,-1.1308883428573608,1778931704.5156016
grallator_flat_new_actuator,Episode_Reward/dof_torques_l2,111,-1.1308883428573608,1778931705.4900758
grallator_flat_new_actuator,Episode_Reward/dof_torques_l2,112,-1.1308883428573608,1778931706.473085
grallator_flat_new_actuator,Episode_Reward/dof_torques_l2,113,-1.1308883428573608,1778931707.4415255
grallator_flat_new_actuator,Episode_Reward/dof_torques_l2,114,-1.112372875213623,1778931708.4330306
grallator_flat_new_actuator,Episode_Reward/dof_torques_l2,115,-1.0917515754699707,1778931709.4141006
grallator_flat_new_actuator,Episode_Reward/dof_torques_l2,116,-1.105619192123413,1778931710.4075012
grallator_flat_new_actuator,Episode_Reward/dof_torques_l2,117,-1.0814869403839111,1778931711.4082885
grallator_flat_new_actuator,Episode_Reward/dof_torques_l2,118,-1.0573546886444092,1778931712.378766
grallator_flat_new_actuator,Episode_Reward/dof_torques_l2,119,-1.0573546886444092,1778931713.4500053
grallator_flat_new_actuator,Episode_Reward/dof_torques_l2,120,-1.0573546886444092,1778931714.4186647
grallator_flat_new_actuator,Episode_Reward/dof_torques_l2,121,-1.0573546886444092,1778931715.4050221
grallator_flat_new_actuator,Episode_Reward/dof_torques_l2,122,-1.0573546886444092,1778931716.3870378
grallator_flat_new_actuator,Episode_Reward/dof_torques_l2,123,-1.057553768157959,1778931717.3796053
grallator_flat_new_actuator,Episode_Reward/dof_torques_l2,124,-1.0577529668807983,1778931718.3440478
grallator_flat_new_actuator,Episode_Reward/dof_torques_l2,125,-1.0577529668807983,1778931719.3196266
grallator_flat_new_actuator,Episode_Reward/dof_torques_l2,126,-1.0577529668807983,1778931720.3003361
grallator_flat_new_actuator,Episode_Reward/dof_torques_l2,127,-1.0577529668807983,1778931721.2846696
grallator_flat_new_actuator,Episode_Reward/dof_torques_l2,128,-1.0700358152389526,1778931722.2846973
grallator_flat_new_actuator,Episode_Reward/dof_torques_l2,129,-1.0982306003570557,1778931723.2767441
grallator_flat_new_actuator,Episode_Reward/dof_torques_l2,130,-1.0368517637252808,1778931724.3561454
grallator_flat_new_actuator,Episode_Reward/dof_torques_l2,131,-1.0383408069610596,1778931725.32697
grallator_flat_new_actuator,Episode_Reward/dof_torques_l2,132,-1.0383408069610596,1778931726.3023937
grallator_flat_new_actuator,Episode_Reward/dof_torques_l2,133,-1.0383408069610596,1778931727.280487
grallator_flat_new_actuator,Episode_Reward/dof_torques_l2,134,-1.0383408069610596,1778931728.2503197
grallator_flat_new_actuator,Episode_Reward/dof_torques_l2,135,-1.0439741611480713,1778931729.2402704
grallator_flat_new_actuator,Episode_Reward/dof_torques_l2,136,-1.04500412940979,1778931730.2308433
grallator_flat_new_actuator,Episode_Reward/dof_torques_l2,137,-1.0178673267364502,1778931731.1874008
grallator_flat_new_actuator,Episode_Reward/dof_torques_l2,138,-1.0178673267364502,1778931732.1487453
grallator_flat_new_actuator,Episode_Reward/dof_torques_l2,139,-1.0178673267364502,1778931733.1115472
grallator_flat_new_actuator,Episode_Reward/dof_torques_l2,140,-1.0232031345367432,1778931734.0980713
grallator_flat_new_actuator,Episode_Reward/dof_torques_l2,141,-1.0014146566390991,1778931735.2470484
grallator_flat_new_actuator,Episode_Reward/dof_torques_l2,142,-0.9876499176025391,1778931736.2219958
grallator_flat_new_actuator,Episode_Reward/dof_torques_l2,143,-0.9897493720054626,1778931737.1947386
grallator_flat_new_actuator,Episode_Reward/dof_torques_l2,144,-1.014326810836792,1778931738.191153
grallator_flat_new_actuator,Episode_Reward/dof_torques_l2,145,-1.0199660062789917,1778931739.160236
grallator_flat_new_actuator,Episode_Reward/dof_torques_l2,146,-1.0199660062789917,1778931740.1230946
grallator_flat_new_actuator,Episode_Reward/dof_torques_l2,147,-1.0199660062789917,1778931741.0795014
grallator_flat_new_actuator,Episode_Reward/dof_torques_l2,148,-1.0068649053573608,1778931742.0649126
grallator_flat_new_actuator,Episode_Reward/dof_torques_l2,149,-0.9750475287437439,1778931743.0339627
grallator_flat_new_actuator,Episode_Reward/dof_torques_l2,150,-0.9750475287437439,1778931743.998177
grallator_flat_new_actuator,Episode_Reward/dof_torques_l2,151,-0.9750475287437439,1778931744.9669104
grallator_flat_new_actuator,Episode_Reward/dof_torques_l2,152,-0.9750475287437439,1778931746.0003169
grallator_flat_new_actuator,Episode_Reward/dof_torques_l2,153,-0.9750475287437439,1778931746.9596987
grallator_flat_new_actuator,Episode_Reward/dof_torques_l2,154,-0.9750475287437439,1778931747.9211183
grallator_flat_new_actuator,Episode_Reward/dof_torques_l2,155,-0.9750475287437439,1778931748.8809826
grallator_flat_new_actuator,Episode_Reward/dof_torques_l2,156,-0.992330014705658,1778931749.860297
grallator_flat_new_actuator,Episode_Reward/dof_torques_l2,157,-0.9828475713729858,1778931750.8464842
grallator_flat_new_actuator,Episode_Reward/dof_torques_l2,158,-0.9632048010826111,1778931751.8090725
grallator_flat_new_actuator,Episode_Reward/dof_torques_l2,159,-0.9783726930618286,1778931752.7959251
grallator_flat_new_actuator,Episode_Reward/dof_torques_l2,160,-0.9814062118530273,1778931753.7577302
grallator_flat_new_actuator,Episode_Reward/dof_torques_l2,161,-0.9814062118530273,1778931754.7416677
grallator_flat_new_actuator,Episode_Reward/dof_torques_l2,162,-0.9814062118530273,1778931755.723824
grallator_flat_new_actuator,Episode_Reward/dof_torques_l2,163,-0.9814062118530273,1778931756.8088868
grallator_flat_new_actuator,Episode_Reward/dof_torques_l2,164,-0.9814062118530273,1778931757.7662454
grallator_flat_new_actuator,Episode_Reward/dof_torques_l2,165,-0.9738398790359497,1778931758.7467914
grallator_flat_new_actuator,Episode_Reward/dof_torques_l2,166,-0.9723266363143921,1778931759.7045
grallator_flat_new_actuator,Episode_Reward/dof_torques_l2,167,-0.9723266363143921,1778931760.6702995
grallator_flat_new_actuator,Episode_Reward/dof_torques_l2,168,-0.9723266363143921,1778931761.6211245
grallator_flat_new_actuator,Episode_Reward/dof_torques_l2,169,-0.9723266363143921,1778931762.5696473
grallator_flat_new_actuator,Episode_Reward/dof_torques_l2,170,-1.0202268362045288,1778931763.5569072
grallator_flat_new_actuator,Episode_Reward/dof_torques_l2,171,-1.0353749990463257,1778931764.5514898
grallator_flat_new_actuator,Episode_Reward/dof_torques_l2,172,-1.0308997631072998,1778931765.528496
grallator_flat_new_actuator,Episode_Reward/dof_torques_l2,173,-1.0308997631072998,1778931766.485535
grallator_flat_new_actuator,Episode_Reward/dof_torques_l2,174,-1.0308997631072998,1778931767.597462
grallator_flat_new_actuator,Episode_Reward/dof_torques_l2,175,-1.0308997631072998,1778931768.5592613
grallator_flat_new_actuator,Episode_Reward/dof_torques_l2,176,-1.0308997631072998,1778931769.5083456
grallator_flat_new_actuator,Episode_Reward/dof_torques_l2,177,-1.0605063438415527,1778931770.4914384
grallator_flat_new_actuator,Episode_Reward/dof_torques_l2,178,-1.055152416229248,1778931771.4637601
grallator_flat_new_actuator,Episode_Reward/dof_torques_l2,179,-1.0481603145599365,1778931772.4193757
grallator_flat_new_actuator,Episode_Reward/dof_torques_l2,180,-1.0481603145599365,1778931773.3787594
grallator_flat_new_actuator,Episode_Reward/dof_torques_l2,181,-1.0501470565795898,1778931774.3321712
grallator_flat_new_actuator,Episode_Reward/dof_torques_l2,182,-1.0879442691802979,1778931775.3323412
grallator_flat_new_actuator,Episode_Reward/dof_torques_l2,183,-1.042362093925476,1778931776.3228908
grallator_flat_new_actuator,Episode_Reward/dof_torques_l2,184,-1.0292282104492188,1778931777.2762716
grallator_flat_new_actuator,Episode_Reward/dof_torques_l2,185,-1.052097201347351,1778931778.3693779
grallator_flat_new_actuator,Episode_Reward/dof_torques_l2,186,-1.0815668106079102,1778931779.350126
grallator_flat_new_actuator,Episode_Reward/dof_torques_l2,187,-1.0794117450714111,1778931780.304711
grallator_flat_new_actuator,Episode_Reward/dof_torques_l2,188,-1.0794117450714111,1778931781.2660437
grallator_flat_new_actuator,Episode_Reward/dof_torques_l2,189,-1.0794117450714111,1778931782.2226615
grallator_flat_new_actuator,Episode_Reward/dof_torques_l2,190,-1.066685438156128,1778931783.2038343
grallator_flat_new_actuator,Episode_Reward/dof_torques_l2,191,-1.0590496063232422,1778931784.1600125
grallator_flat_new_actuator,Episode_Reward/dof_torques_l2,192,-1.0590496063232422,1778931785.1347203
grallator_flat_new_actuator,Episode_Reward/dof_torques_l2,193,-1.0590496063232422,1778931786.105149
grallator_flat_new_actuator,Episode_Reward/dof_torques_l2,194,-1.0590496063232422,1778931787.0670776
grallator_flat_new_actuator,Episode_Reward/dof_torques_l2,195,-1.0590496063232422,1778931788.0289624
grallator_flat_new_actuator,Episode_Reward/dof_torques_l2,196,-1.0590496063232422,1778931789.0924163
grallator_flat_new_actuator,Episode_Reward/dof_torques_l2,197,-1.0629427433013916,1778931790.0612442
grallator_flat_new_actuator,Episode_Reward/dof_torques_l2,198,-1.090194582939148,1778931791.0453446
grallator_flat_new_actuator,Episode_Reward/dof_torques_l2,199,-1.07400643825531,1778931792.0330167
grallator_flat_new_actuator,Episode_Reward/dof_torques_l2,200,-1.0632760524749756,1778931793.0172434
grallator_flat_new_actuator,Episode_Reward/dof_torques_l2,201,-1.0366041660308838,1778931793.9992495
grallator_flat_new_actuator,Episode_Reward/dof_torques_l2,202,-1.0366041660308838,1778931794.9858916
grallator_flat_new_actuator,Episode_Reward/dof_torques_l2,203,-1.0366041660308838,1778931795.946278
grallator_flat_new_actuator,Episode_Reward/dof_torques_l2,204,-1.0366041660308838,1778931796.914551
grallator_flat_new_actuator,Episode_Reward/dof_torques_l2,205,-1.0366041660308838,1778931797.8756938
grallator_flat_new_actuator,Episode_Reward/dof_torques_l2,206,-1.0396054983139038,1778931798.8524551
grallator_flat_new_actuator,Episode_Reward/dof_torques_l2,207,-1.0546128749847412,1778931799.821505
grallator_flat_new_actuator,Episode_Reward/dof_torques_l2,208,-1.0546128749847412,1778931800.7933755
grallator_flat_new_actuator,Episode_Reward/dof_torques_l2,209,-1.0546128749847412,1778931801.7638888
grallator_flat_new_actuator,Episode_Reward/dof_torques_l2,210,-1.0546128749847412,1778931802.7262712
grallator_flat_new_actuator,Episode_Reward/dof_torques_l2,211,-1.0546128749847412,1778931803.6905591
grallator_flat_new_actuator,Episode_Reward/dof_torques_l2,212,-1.051269292831421,1778931804.7018797
grallator_flat_new_actuator,Episode_Reward/dof_torques_l2,213,-1.035261631011963,1778931805.7162232
grallator_flat_new_actuator,Episode_Reward/dof_torques_l2,214,-1.041653037071228,1778931806.6840866
grallator_flat_new_actuator,Episode_Reward/dof_torques_l2,215,-1.041653037071228,1778931807.6526
grallator_flat_new_actuator,Episode_Reward/dof_torques_l2,216,-1.041653037071228,1778931808.6148357
grallator_flat_new_actuator,Episode_Reward/dof_torques_l2,217,-1.041653037071228,1778931809.5880706
grallator_flat_new_actuator,Episode_Reward/dof_torques_l2,218,-1.041653037071228,1778931810.5541267
grallator_flat_new_actuator,Episode_Reward/dof_torques_l2,219,-1.0204293727874756,1778931811.705935
grallator_flat_new_actuator,Episode_Reward/dof_torques_l2,220,-1.0329926013946533,1778931812.6755214
grallator_flat_new_actuator,Episode_Reward/dof_torques_l2,221,-1.0329926013946533,1778931813.6410043
grallator_flat_new_actuator,Episode_Reward/dof_torques_l2,222,-1.0329926013946533,1778931814.6099043
grallator_flat_new_actuator,Episode_Reward/dof_torques_l2,223,-1.0319929122924805,1778931815.6023073
grallator_flat_new_actuator,Episode_Reward/dof_torques_l2,224,-1.0003654956817627,1778931816.5935626
grallator_flat_new_actuator,Episode_Reward/dof_torques_l2,225,-0.9835370779037476,1778931817.5948215
grallator_flat_new_actuator,Episode_Reward/dof_torques_l2,226,-0.9837359189987183,1778931818.5599449
grallator_flat_new_actuator,Episode_Reward/dof_torques_l2,227,-0.9911555051803589,1778931819.551967
grallator_flat_new_actuator,Episode_Reward/dof_torques_l2,228,-1.0319445133209229,1778931820.55796
grallator_flat_new_actuator,Episode_Reward/dof_torques_l2,229,-1.0374181270599365,1778931821.5346322
grallator_flat_new_actuator,Episode_Reward/dof_torques_l2,230,-1.0374181270599365,1778931822.534393
grallator_flat_new_actuator,Episode_Reward/dof_torques_l2,231,-1.0374181270599365,1778931823.503944
grallator_flat_new_actuator,Episode_Reward/dof_torques_l2,232,-0.9878717660903931,1778931824.4898586
grallator_flat_new_actuator,Episode_Reward/dof_torques_l2,233,-0.9857174754142761,1778931825.4502351
grallator_flat_new_actuator,Episode_Reward/dof_torques_l2,234,-0.9857174754142761,1778931826.4284
grallator_flat_new_actuator,Episode_Reward/dof_torques_l2,235,-0.9857174754142761,1778931827.401714
grallator_flat_new_actuator,Episode_Reward/dof_torques_l2,236,-0.9857174754142761,1778931828.3769288
grallator_flat_new_actuator,Episode_Reward/dof_torques_l2,237,-0.9857174754142761,1778931829.3561034
grallator_flat_new_actuator,Episode_Reward/dof_torques_l2,238,-0.9857174754142761,1778931830.3192117
grallator_flat_new_actuator,Episode_Reward/dof_torques_l2,239,-0.979283332824707,1778931831.30521
grallator_flat_new_actuator,Episode_Reward/dof_torques_l2,240,-0.968268632888794,1778931832.296491
grallator_flat_new_actuator,Episode_Reward/dof_torques_l2,241,-0.9307510256767273,1778931833.4278817
grallator_flat_new_actuator,Episode_Reward/dof_torques_l2,242,-0.9248761534690857,1778931834.4124827
grallator_flat_new_actuator,Episode_Reward/dof_torques_l2,243,-0.9190012812614441,1778931835.3863392
grallator_flat_new_actuator,Episode_Reward/dof_torques_l2,244,-0.9190012812614441,1778931836.3629577
grallator_flat_new_actuator,Episode_Reward/dof_torques_l2,245,-0.9190012812614441,1778931837.3259478
grallator_flat_new_actuator,Episode_Reward/dof_torques_l2,246,-0.9190012812614441,1778931838.2965074
grallator_flat_new_actuator,Episode_Reward/dof_torques_l2,247,-0.9190012812614441,1778931839.2699378
grallator_flat_new_actuator,Episode_Reward/dof_torques_l2,248,-0.9308085441589355,1778931840.266809
grallator_flat_new_actuator,Episode_Reward/dof_torques_l2,249,-0.9426158666610718,1778931841.2366598
grallator_flat_new_actuator,Episode_Reward/dof_torques_l2,250,-0.9426158666610718,1778931842.2023478
grallator_flat_new_actuator,Episode_Reward/dof_torques_l2,251,-0.9426158666610718,1778931843.1759622
grallator_flat_new_actuator,Episode_Reward/dof_torques_l2,252,-0.9426158666610718,1778931844.2469919
grallator_flat_new_actuator,Episode_Reward/dof_torques_l2,253,-0.93557208776474,1778931845.2523952
grallator_flat_new_actuator,Episode_Reward/dof_torques_l2,254,-0.9176873564720154,1778931846.2307448
grallator_flat_new_actuator,Episode_Reward/dof_torques_l2,255,-0.9109586477279663,1778931847.2422972
grallator_flat_new_actuator,Episode_Reward/dof_torques_l2,256,-0.9066049456596375,1778931848.21681
grallator_flat_new_actuator,Episode_Reward/dof_torques_l2,257,-0.9066049456596375,1778931849.1800852
grallator_flat_new_actuator,Episode_Reward/dof_torques_l2,258,-0.9066049456596375,1778931850.1696596
grallator_flat_new_actuator,Episode_Reward/dof_torques_l2,259,-0.9066049456596375,1778931851.1342812
grallator_flat_new_actuator,Episode_Reward/dof_torques_l2,260,-0.905592143535614,1778931852.116778
grallator_flat_new_actuator,Episode_Reward/dof_torques_l2,261,-0.9195592403411865,1778931853.1117208
grallator_flat_new_actuator,Episode_Reward/dof_torques_l2,262,-0.9385900497436523,1778931854.072843
grallator_flat_new_actuator,Episode_Reward/dof_torques_l2,263,-0.9385900497436523,1778931855.148359
grallator_flat_new_actuator,Episode_Reward/dof_torques_l2,264,-0.9385900497436523,1778931856.106549
grallator_flat_new_actuator,Episode_Reward/dof_torques_l2,265,-0.9113678336143494,1778931857.1009276
grallator_flat_new_actuator,Episode_Reward/dof_torques_l2,266,-0.8827199339866638,1778931858.1164315
grallator_flat_new_actuator,Episode_Reward/dof_torques_l2,267,-0.8763027191162109,1778931859.0774403
grallator_flat_new_actuator,Episode_Reward/dof_torques_l2,268,-0.8759622573852539,1778931860.0647247
grallator_flat_new_actuator,Episode_Reward/dof_torques_l2,269,-0.8722941875457764,1778931861.0701683
grallator_flat_new_actuator,Episode_Reward/dof_torques_l2,270,-0.8725878596305847,1778931862.0378656
grallator_flat_new_actuator,Episode_Reward/dof_torques_l2,271,-0.8725878596305847,1778931863.0100396
grallator_flat_new_actuator,Episode_Reward/dof_torques_l2,272,-0.8725878596305847,1778931863.9734504
grallator_flat_new_actuator,Episode_Reward/dof_torques_l2,273,-0.8751751184463501,1778931864.9714909
grallator_flat_new_actuator,Episode_Reward/dof_torques_l2,274,-0.8814582228660583,1778931866.0100567
grallator_flat_new_actuator,Episode_Reward/dof_torques_l2,275,-0.8814582228660583,1778931866.9737217
grallator_flat_new_actuator,Episode_Reward/dof_torques_l2,276,-0.8814582228660583,1778931867.9380233
grallator_flat_new_actuator,Episode_Reward/dof_torques_l2,277,-0.8814582228660583,1778931868.9013712
grallator_flat_new_actuator,Episode_Reward/dof_torques_l2,278,-0.8814582228660583,1778931869.857662
grallator_flat_new_actuator,Episode_Reward/dof_torques_l2,279,-0.8814582228660583,1778931870.816794
grallator_flat_new_actuator,Episode_Reward/dof_torques_l2,280,-0.8814582228660583,1778931871.7823322
grallator_flat_new_actuator,Episode_Reward/dof_torques_l2,281,-0.8792729377746582,1778931872.7784526
grallator_flat_new_actuator,Episode_Reward/dof_torques_l2,282,-0.8766183853149414,1778931873.7696755
grallator_flat_new_actuator,Episode_Reward/dof_torques_l2,283,-0.8737071752548218,1778931874.725629
grallator_flat_new_actuator,Episode_Reward/dof_torques_l2,284,-0.8775452971458435,1778931875.7134504
grallator_flat_new_actuator,Episode_Reward/dof_torques_l2,285,-0.8783129453659058,1778931876.8020718
grallator_flat_new_actuator,Episode_Reward/dof_torques_l2,286,-0.8783129453659058,1778931877.7587087
grallator_flat_new_actuator,Episode_Reward/dof_torques_l2,287,-0.8783129453659058,1778931878.7131932
grallator_flat_new_actuator,Episode_Reward/dof_torques_l2,288,-0.8783129453659058,1778931879.6642828
grallator_flat_new_actuator,Episode_Reward/dof_torques_l2,289,-0.8783129453659058,1778931880.6206064
grallator_flat_new_actuator,Episode_Reward/dof_torques_l2,290,-0.8895516395568848,1778931881.6064038
grallator_flat_new_actuator,Episode_Reward/dof_torques_l2,291,-0.8917993903160095,1778931882.5728297
grallator_flat_new_actuator,Episode_Reward/dof_torques_l2,292,-0.8917993903160095,1778931883.5302715
grallator_flat_new_actuator,Episode_Reward/dof_torques_l2,293,-0.8917993903160095,1778931884.490703
grallator_flat_new_actuator,Episode_Reward/dof_torques_l2,294,-0.8917993903160095,1778931885.4429226
grallator_flat_new_actuator,Episode_Reward/dof_torques_l2,295,-0.8733531832695007,1778931886.4428885
grallator_flat_new_actuator,Episode_Reward/dof_torques_l2,296,-0.8785075545310974,1778931887.5097353
grallator_flat_new_actuator,Episode_Reward/dof_torques_l2,297,-0.8658584356307983,1778931888.510059
grallator_flat_new_actuator,Episode_Reward/dof_torques_l2,298,-0.8658584356307983,1778931889.463608
grallator_flat_new_actuator,Episode_Reward/dof_torques_l2,299,-0.8658584356307983,1778931890.4200122
grallator_flat_new_actuator,Episode_Reward/dof_acc_l2,0,0.0,1778931591.3202765
grallator_flat_new_actuator,Episode_Reward/dof_acc_l2,1,0.0,1778931592.4418614
grallator_flat_new_actuator,Episode_Reward/dof_acc_l2,2,0.0,1778931593.4050188
grallator_flat_new_actuator,Episode_Reward/dof_acc_l2,3,-0.0026335911825299263,1778931594.8359683
grallator_flat_new_actuator,Episode_Reward/dof_acc_l2,4,-0.008085008710622787,1778931595.8327951
grallator_flat_new_actuator,Episode_Reward/dof_acc_l2,5,-0.004090595059096813,1778931596.8294644
grallator_flat_new_actuator,Episode_Reward/dof_acc_l2,6,-0.003479198319837451,1778931597.81318
grallator_flat_new_actuator,Episode_Reward/dof_acc_l2,7,-0.003479198319837451,1778931598.806154
grallator_flat_new_actuator,Episode_Reward/dof_acc_l2,8,-0.003479198319837451,1778931599.813647
grallator_flat_new_actuator,Episode_Reward/dof_acc_l2,9,-0.003479198319837451,1778931600.8190176
grallator_flat_new_actuator,Episode_Reward/dof_acc_l2,10,-0.003993109799921513,1778931601.8685215
grallator_flat_new_actuator,Episode_Reward/dof_acc_l2,11,-0.008170238696038723,1778931602.982906
grallator_flat_new_actuator,Episode_Reward/dof_acc_l2,12,-0.009777809493243694,1778931604.0123096
grallator_flat_new_actuator,Episode_Reward/dof_acc_l2,13,-0.009777809493243694,1778931605.0399537
grallator_flat_new_actuator,Episode_Reward/dof_acc_l2,14,-0.009777809493243694,1778931606.0566008
grallator_flat_new_actuator,Episode_Reward/dof_acc_l2,15,-0.009452924132347107,1778931607.083544
grallator_flat_new_actuator,Episode_Reward/dof_acc_l2,16,-0.010008531622588634,1778931608.1384642
grallator_flat_new_actuator,Episode_Reward/dof_acc_l2,17,-0.006890141870826483,1778931609.1680026
grallator_flat_new_actuator,Episode_Reward/dof_acc_l2,18,-0.007069069892168045,1778931610.209884
grallator_flat_new_actuator,Episode_Reward/dof_acc_l2,19,-0.008338811807334423,1778931611.2694495
grallator_flat_new_actuator,Episode_Reward/dof_acc_l2,20,-0.005684643983840942,1778931612.2987363
grallator_flat_new_actuator,Episode_Reward/dof_acc_l2,21,-0.005684643983840942,1778931613.3403697
grallator_flat_new_actuator,Episode_Reward/dof_acc_l2,22,-0.005684643983840942,1778931614.3670776
grallator_flat_new_actuator,Episode_Reward/dof_acc_l2,23,-0.006709950976073742,1778931615.537912
grallator_flat_new_actuator,Episode_Reward/dof_acc_l2,24,-0.00919998250901699,1778931616.5748658
grallator_flat_new_actuator,Episode_Reward/dof_acc_l2,25,-0.00919998250901699,1778931617.6120872
grallator_flat_new_actuator,Episode_Reward/dof_acc_l2,26,-0.00919998250901699,1778931618.6425269
grallator_flat_new_actuator,Episode_Reward/dof_acc_l2,27,-0.00919998250901699,1778931619.6629379
grallator_flat_new_actuator,Episode_Reward/dof_acc_l2,28,-0.00919998250901699,1778931620.6867502
grallator_flat_new_actuator,Episode_Reward/dof_acc_l2,29,-0.00919998250901699,1778931621.7074661
grallator_flat_new_actuator,Episode_Reward/dof_acc_l2,30,-0.00919998250901699,1778931622.7444649
grallator_flat_new_actuator,Episode_Reward/dof_acc_l2,31,-0.0071695419028401375,1778931623.782027
grallator_flat_new_actuator,Episode_Reward/dof_acc_l2,32,-0.005681298207491636,1778931624.8345046
grallator_flat_new_actuator,Episode_Reward/dof_acc_l2,33,-0.004345813300460577,1778931626.0049758
grallator_flat_new_actuator,Episode_Reward/dof_acc_l2,34,-0.009186684153974056,1778931627.0662465
grallator_flat_new_actuator,Episode_Reward/dof_acc_l2,35,-0.01015485730022192,1778931628.0973291
grallator_flat_new_actuator,Episode_Reward/dof_acc_l2,36,-0.01015485730022192,1778931629.1223543
grallator_flat_new_actuator,Episode_Reward/dof_acc_l2,37,-0.01015485730022192,1778931630.145717
grallator_flat_new_actuator,Episode_Reward/dof_acc_l2,38,-0.01015485730022192,1778931631.1733594
grallator_flat_new_actuator,Episode_Reward/dof_acc_l2,39,-0.01015485730022192,1778931632.198247
grallator_flat_new_actuator,Episode_Reward/dof_acc_l2,40,-0.016869500279426575,1778931633.2450066
grallator_flat_new_actuator,Episode_Reward/dof_acc_l2,41,-0.01821242645382881,1778931634.293321
grallator_flat_new_actuator,Episode_Reward/dof_acc_l2,42,-0.01821242645382881,1778931635.3245215
grallator_flat_new_actuator,Episode_Reward/dof_acc_l2,43,-0.01821242645382881,1778931636.5168428
grallator_flat_new_actuator,Episode_Reward/dof_acc_l2,44,-0.01821242645382881,1778931637.5391753
grallator_flat_new_actuator,Episode_Reward/dof_acc_l2,45,-0.01744976080954075,1778931638.59057
grallator_flat_new_actuator,Episode_Reward/dof_acc_l2,46,-0.018590668216347694,1778931639.6426191
grallator_flat_new_actuator,Episode_Reward/dof_acc_l2,47,-0.009443695656955242,1778931640.6729379
grallator_flat_new_actuator,Episode_Reward/dof_acc_l2,48,-0.009443695656955242,1778931641.6833336
grallator_flat_new_actuator,Episode_Reward/dof_acc_l2,49,-0.009443695656955242,1778931642.7023265
grallator_flat_new_actuator,Episode_Reward/dof_acc_l2,50,-0.009443695656955242,1778931643.7187448
grallator_flat_new_actuator,Episode_Reward/dof_acc_l2,51,-0.009443695656955242,1778931644.747221
grallator_flat_new_actuator,Episode_Reward/dof_acc_l2,52,-0.007187938317656517,1778931645.7847083
grallator_flat_new_actuator,Episode_Reward/dof_acc_l2,53,-0.003339284798130393,1778931646.8162587
grallator_flat_new_actuator,Episode_Reward/dof_acc_l2,54,-0.0030207056552171707,1778931647.9108403
grallator_flat_new_actuator,Episode_Reward/dof_acc_l2,55,-0.0030207056552171707,1778931648.924306
grallator_flat_new_actuator,Episode_Reward/dof_acc_l2,56,-0.0033561985474079847,1778931649.9290462
grallator_flat_new_actuator,Episode_Reward/dof_acc_l2,57,-0.013464264571666718,1778931650.967535
grallator_flat_new_actuator,Episode_Reward/dof_acc_l2,58,-0.01613735407590866,1778931652.0004945
grallator_flat_new_actuator,Episode_Reward/dof_acc_l2,59,-0.013436086475849152,1778931653.026472
grallator_flat_new_actuator,Episode_Reward/dof_acc_l2,60,-0.01016555167734623,1778931654.0541039
grallator_flat_new_actuator,Episode_Reward/dof_acc_l2,61,-0.014217233285307884,1778931655.0777848
grallator_flat_new_actuator,Episode_Reward/dof_acc_l2,62,-0.02151990495622158,1778931656.0829403
grallator_flat_new_actuator,Episode_Reward/dof_acc_l2,63,-0.02151990495622158,1778931657.0907152
grallator_flat_new_actuator,Episode_Reward/dof_acc_l2,64,-0.02151990495622158,1778931658.098978
grallator_flat_new_actuator,Episode_Reward/dof_acc_l2,65,-0.012409113347530365,1778931659.1664093
grallator_flat_new_actuator,Episode_Reward/dof_acc_l2,66,-0.00694264005869627,1778931660.1778388
grallator_flat_new_actuator,Episode_Reward/dof_acc_l2,67,-0.00694264005869627,1778931661.1904824
grallator_flat_new_actuator,Episode_Reward/dof_acc_l2,68,-0.00694264005869627,1778931662.1918967
grallator_flat_new_actuator,Episode_Reward/dof_acc_l2,69,-0.00694264005869627,1778931663.1962674
grallator_flat_new_actuator,Episode_Reward/dof_acc_l2,70,-0.00694264005869627,1778931664.1937535
grallator_flat_new_actuator,Episode_Reward/dof_acc_l2,71,-0.00694264005869627,1778931665.1967647
grallator_flat_new_actuator,Episode_Reward/dof_acc_l2,72,-0.006947169080376625,1778931666.2077107
grallator_flat_new_actuator,Episode_Reward/dof_acc_l2,73,-0.006978874560445547,1778931667.2329574
grallator_flat_new_actuator,Episode_Reward/dof_acc_l2,74,-0.007859076373279095,1778931668.245327
grallator_flat_new_actuator,Episode_Reward/dof_acc_l2,75,-0.008237894624471664,1778931669.3217382
grallator_flat_new_actuator,Episode_Reward/dof_acc_l2,76,-0.00866498053073883,1778931670.316214
grallator_flat_new_actuator,Episode_Reward/dof_acc_l2,77,-0.00866498053073883,1778931671.3113155
grallator_flat_new_actuator,Episode_Reward/dof_acc_l2,78,-0.00866498053073883,1778931672.2996328
grallator_flat_new_actuator,Episode_Reward/dof_acc_l2,79,-0.00866498053073883,1778931673.2903404
grallator_flat_new_actuator,Episode_Reward/dof_acc_l2,80,-0.00866498053073883,1778931674.2755697
grallator_flat_new_actuator,Episode_Reward/dof_acc_l2,81,-0.009111259132623672,1778931675.2806225
grallator_flat_new_actuator,Episode_Reward/dof_acc_l2,82,-0.011342654004693031,1778931676.2747424
grallator_flat_new_actuator,Episode_Reward/dof_acc_l2,83,-0.011342654004693031,1778931677.2686205
grallator_flat_new_actuator,Episode_Reward/dof_acc_l2,84,-0.011342654004693031,1778931678.2682047
grallator_flat_new_actuator,Episode_Reward/dof_acc_l2,85,-0.011342654004693031,1778931679.2613013
grallator_flat_new_actuator,Episode_Reward/dof_acc_l2,86,-0.011342654004693031,1778931680.4133215
grallator_flat_new_actuator,Episode_Reward/dof_acc_l2,87,-0.015161599032580853,1778931681.4323444
grallator_flat_new_actuator,Episode_Reward/dof_acc_l2,88,-0.00732757244259119,1778931682.4742281
grallator_flat_new_actuator,Episode_Reward/dof_acc_l2,89,-0.0057481578551232815,1778931683.46997
grallator_flat_new_actuator,Episode_Reward/dof_acc_l2,90,-0.0057481578551232815,1778931684.4634395
grallator_flat_new_actuator,Episode_Reward/dof_acc_l2,91,-0.0057481578551232815,1778931685.4551215
grallator_flat_new_actuator,Episode_Reward/dof_acc_l2,92,-0.0057481578551232815,1778931686.4452555
grallator_flat_new_actuator,Episode_Reward/dof_acc_l2,93,-0.0057481578551232815,1778931687.4368165
grallator_flat_new_actuator,Episode_Reward/dof_acc_l2,94,-0.010883226990699768,1778931688.464944
grallator_flat_new_actuator,Episode_Reward/dof_acc_l2,95,-0.011980464681982994,1778931689.456821
grallator_flat_new_actuator,Episode_Reward/dof_acc_l2,96,-0.011980464681982994,1778931690.4540582
grallator_flat_new_actuator,Episode_Reward/dof_acc_l2,97,-0.011980464681982994,1778931691.4986005
grallator_flat_new_actuator,Episode_Reward/dof_acc_l2,98,-0.009753268212080002,1778931692.5060787
grallator_flat_new_actuator,Episode_Reward/dof_acc_l2,99,-0.007809511385858059,1778931693.5150454
grallator_flat_new_actuator,Episode_Reward/dof_acc_l2,100,-0.015548674389719963,1778931694.5385108
grallator_flat_new_actuator,Episode_Reward/dof_acc_l2,101,-0.01583024486899376,1778931695.535477
grallator_flat_new_actuator,Episode_Reward/dof_acc_l2,102,-0.009714468382298946,1778931696.5305285
grallator_flat_new_actuator,Episode_Reward/dof_acc_l2,103,-0.011240842752158642,1778931697.524425
grallator_flat_new_actuator,Episode_Reward/dof_acc_l2,104,-0.011750124394893646,1778931698.5007136
grallator_flat_new_actuator,Episode_Reward/dof_acc_l2,105,-0.011750124394893646,1778931699.5033514
grallator_flat_new_actuator,Episode_Reward/dof_acc_l2,106,-0.011750124394893646,1778931700.4806864
grallator_flat_new_actuator,Episode_Reward/dof_acc_l2,107,-0.007030510809272528,1778931701.4823205
grallator_flat_new_actuator,Episode_Reward/dof_acc_l2,108,-0.00682531064376235,1778931702.566103
grallator_flat_new_actuator,Episode_Reward/dof_acc_l2,109,-0.00682531064376235,1778931703.5454254
grallator_flat_new_actuator,Episode_Reward/dof_acc_l2,110,-0.00682531064376235,1778931704.5160763
grallator_flat_new_actuator,Episode_Reward/dof_acc_l2,111,-0.00682531064376235,1778931705.4906058
grallator_flat_new_actuator,Episode_Reward/dof_acc_l2,112,-0.00682531064376235,1778931706.473552
grallator_flat_new_actuator,Episode_Reward/dof_acc_l2,113,-0.00682531064376235,1778931707.4420326
grallator_flat_new_actuator,Episode_Reward/dof_acc_l2,114,-0.010114009492099285,1778931708.433501
grallator_flat_new_actuator,Episode_Reward/dof_acc_l2,115,-0.013591347262263298,1778931709.4146004
grallator_flat_new_actuator,Episode_Reward/dof_acc_l2,116,-0.009088972583413124,1778931710.4079847
grallator_flat_new_actuator,Episode_Reward/dof_acc_l2,117,-0.013899188488721848,1778931711.4087694
grallator_flat_new_actuator,Episode_Reward/dof_acc_l2,118,-0.01870940439403057,1778931712.3792653
grallator_flat_new_actuator,Episode_Reward/dof_acc_l2,119,-0.01870940439403057,1778931713.4504838
grallator_flat_new_actuator,Episode_Reward/dof_acc_l2,120,-0.01870940439403057,1778931714.419247
grallator_flat_new_actuator,Episode_Reward/dof_acc_l2,121,-0.01870940439403057,1778931715.4056537
grallator_flat_new_actuator,Episode_Reward/dof_acc_l2,122,-0.01870940439403057,1778931716.3875208
grallator_flat_new_actuator,Episode_Reward/dof_acc_l2,123,-0.013067031279206276,1778931717.3800995
grallator_flat_new_actuator,Episode_Reward/dof_acc_l2,124,-0.007424655836075544,1778931718.344527
grallator_flat_new_actuator,Episode_Reward/dof_acc_l2,125,-0.007424655836075544,1778931719.3201995
grallator_flat_new_actuator,Episode_Reward/dof_acc_l2,126,-0.007424655836075544,1778931720.3008718
grallator_flat_new_actuator,Episode_Reward/dof_acc_l2,127,-0.007424655836075544,1778931721.2851248
grallator_flat_new_actuator,Episode_Reward/dof_acc_l2,128,-0.008376996964216232,1778931722.2852252
grallator_flat_new_actuator,Episode_Reward/dof_acc_l2,129,-0.010480986908078194,1778931723.2772958
grallator_flat_new_actuator,Episode_Reward/dof_acc_l2,130,-0.016174286603927612,1778931724.3566208
grallator_flat_new_actuator,Episode_Reward/dof_acc_l2,131,-0.018007760867476463,1778931725.327411
grallator_flat_new_actuator,Episode_Reward/dof_acc_l2,132,-0.018007760867476463,1778931726.3029845
grallator_flat_new_actuator,Episode_Reward/dof_acc_l2,133,-0.018007760867476463,1778931727.2809982
grallator_flat_new_actuator,Episode_Reward/dof_acc_l2,134,-0.018007760867476463,1778931728.250828
grallator_flat_new_actuator,Episode_Reward/dof_acc_l2,135,-0.01642962545156479,1778931729.240846
grallator_flat_new_actuator,Episode_Reward/dof_acc_l2,136,-0.012196140363812447,1778931730.231331
grallator_flat_new_actuator,Episode_Reward/dof_acc_l2,137,-0.015853330492973328,1778931731.1878772
grallator_flat_new_actuator,Episode_Reward/dof_acc_l2,138,-0.015853330492973328,1778931732.1492178
grallator_flat_new_actuator,Episode_Reward/dof_acc_l2,139,-0.015853330492973328,1778931733.1121123
grallator_flat_new_actuator,Episode_Reward/dof_acc_l2,140,-0.012874322012066841,1778931734.0985699
grallator_flat_new_actuator,Episode_Reward/dof_acc_l2,141,-0.010728918015956879,1778931735.2476158
grallator_flat_new_actuator,Episode_Reward/dof_acc_l2,142,-0.010497446171939373,1778931736.222536
grallator_flat_new_actuator,Episode_Reward/dof_acc_l2,143,-0.010732468217611313,1778931737.1952183
grallator_flat_new_actuator,Episode_Reward/dof_acc_l2,144,-0.013563171029090881,1778931738.1916678
grallator_flat_new_actuator,Episode_Reward/dof_acc_l2,145,-0.01449588593095541,1778931739.16076
grallator_flat_new_actuator,Episode_Reward/dof_acc_l2,146,-0.01449588593095541,1778931740.1235614
grallator_flat_new_actuator,Episode_Reward/dof_acc_l2,147,-0.01449588593095541,1778931741.079976
grallator_flat_new_actuator,Episode_Reward/dof_acc_l2,148,-0.018956676125526428,1778931742.0654368
grallator_flat_new_actuator,Episode_Reward/dof_acc_l2,149,-0.02979002520442009,1778931743.0344234
grallator_flat_new_actuator,Episode_Reward/dof_acc_l2,150,-0.02979002520442009,1778931743.9986632
grallator_flat_new_actuator,Episode_Reward/dof_acc_l2,151,-0.02979002520442009,1778931744.9673781
grallator_flat_new_actuator,Episode_Reward/dof_acc_l2,152,-0.02979002520442009,1778931746.0008328
grallator_flat_new_actuator,Episode_Reward/dof_acc_l2,153,-0.02979002520442009,1778931746.9601805
grallator_flat_new_actuator,Episode_Reward/dof_acc_l2,154,-0.02979002520442009,1778931747.9218493
grallator_flat_new_actuator,Episode_Reward/dof_acc_l2,155,-0.02979002520442009,1778931748.881502
grallator_flat_new_actuator,Episode_Reward/dof_acc_l2,156,-0.021389849483966827,1778931749.8608313
grallator_flat_new_actuator,Episode_Reward/dof_acc_l2,157,-0.01772906631231308,1778931750.8470163
grallator_flat_new_actuator,Episode_Reward/dof_acc_l2,158,-0.015698768198490143,1778931751.8095472
grallator_flat_new_actuator,Episode_Reward/dof_acc_l2,159,-0.018354561179876328,1778931752.7964473
grallator_flat_new_actuator,Episode_Reward/dof_acc_l2,160,-0.018885720521211624,1778931753.758212
grallator_flat_new_actuator,Episode_Reward/dof_acc_l2,161,-0.018885720521211624,1778931754.7421584
grallator_flat_new_actuator,Episode_Reward/dof_acc_l2,162,-0.018885720521211624,1778931755.7243073
grallator_flat_new_actuator,Episode_Reward/dof_acc_l2,163,-0.018885720521211624,1778931756.8093488
grallator_flat_new_actuator,Episode_Reward/dof_acc_l2,164,-0.018885720521211624,1778931757.7669017
grallator_flat_new_actuator,Episode_Reward/dof_acc_l2,165,-0.02507512830197811,1778931758.7473476
grallator_flat_new_actuator,Episode_Reward/dof_acc_l2,166,-0.026313012465834618,1778931759.7050178
grallator_flat_new_actuator,Episode_Reward/dof_acc_l2,167,-0.026313012465834618,1778931760.6708038
grallator_flat_new_actuator,Episode_Reward/dof_acc_l2,168,-0.026313012465834618,1778931761.6216602
grallator_flat_new_actuator,Episode_Reward/dof_acc_l2,169,-0.026313012465834618,1778931762.5702956
grallator_flat_new_actuator,Episode_Reward/dof_acc_l2,170,-0.02256685122847557,1778931763.5573874
grallator_flat_new_actuator,Episode_Reward/dof_acc_l2,171,-0.01669558882713318,1778931764.552157
grallator_flat_new_actuator,Episode_Reward/dof_acc_l2,172,-0.01872868649661541,1778931765.5289679
grallator_flat_new_actuator,Episode_Reward/dof_acc_l2,173,-0.01872868649661541,1778931766.4860284
grallator_flat_new_actuator,Episode_Reward/dof_acc_l2,174,-0.01872868649661541,1778931767.597953
grallator_flat_new_actuator,Episode_Reward/dof_acc_l2,175,-0.01872868649661541,1778931768.5597582
grallator_flat_new_actuator,Episode_Reward/dof_acc_l2,176,-0.01872868649661541,1778931769.50888
grallator_flat_new_actuator,Episode_Reward/dof_acc_l2,177,-0.020663131028413773,1778931770.4919312
grallator_flat_new_actuator,Episode_Reward/dof_acc_l2,178,-0.025863518938422203,1778931771.464272
grallator_flat_new_actuator,Episode_Reward/dof_acc_l2,179,-0.026516711339354515,1778931772.4198685
grallator_flat_new_actuator,Episode_Reward/dof_acc_l2,180,-0.026516711339354515,1778931773.3792472
grallator_flat_new_actuator,Episode_Reward/dof_acc_l2,181,-0.02595493197441101,1778931774.3327236
grallator_flat_new_actuator,Episode_Reward/dof_acc_l2,182,-0.01599114015698433,1778931775.3328485
grallator_flat_new_actuator,Episode_Reward/dof_acc_l2,183,-0.01981952413916588,1778931776.3234057
grallator_flat_new_actuator,Episode_Reward/dof_acc_l2,184,-0.016793711110949516,1778931777.2767646
grallator_flat_new_actuator,Episode_Reward/dof_acc_l2,185,-0.016197580844163895,1778931778.3699126
grallator_flat_new_actuator,Episode_Reward/dof_acc_l2,186,-0.014652689918875694,1778931779.350807
grallator_flat_new_actuator,Episode_Reward/dof_acc_l2,187,-0.014051663689315319,1778931780.3052266
grallator_flat_new_actuator,Episode_Reward/dof_acc_l2,188,-0.014051663689315319,1778931781.266617
grallator_flat_new_actuator,Episode_Reward/dof_acc_l2,189,-0.014051663689315319,1778931782.2231374
grallator_flat_new_actuator,Episode_Reward/dof_acc_l2,190,-0.013394023291766644,1778931783.2043157
grallator_flat_new_actuator,Episode_Reward/dof_acc_l2,191,-0.012999440543353558,1778931784.1605158
grallator_flat_new_actuator,Episode_Reward/dof_acc_l2,192,-0.012999440543353558,1778931785.1352358
grallator_flat_new_actuator,Episode_Reward/dof_acc_l2,193,-0.012999440543353558,1778931786.1056566
grallator_flat_new_actuator,Episode_Reward/dof_acc_l2,194,-0.012999440543353558,1778931787.0675597
grallator_flat_new_actuator,Episode_Reward/dof_acc_l2,195,-0.012999440543353558,1778931788.029434
grallator_flat_new_actuator,Episode_Reward/dof_acc_l2,196,-0.012999440543353558,1778931789.092941
grallator_flat_new_actuator,Episode_Reward/dof_acc_l2,197,-0.01392027735710144,1778931790.0617495
grallator_flat_new_actuator,Episode_Reward/dof_acc_l2,198,-0.020366132259368896,1778931791.0458593
grallator_flat_new_actuator,Episode_Reward/dof_acc_l2,199,-0.01575908623635769,1778931792.0334873
grallator_flat_new_actuator,Episode_Reward/dof_acc_l2,200,-0.014090066775679588,1778931793.0177941
grallator_flat_new_actuator,Episode_Reward/dof_acc_l2,201,-0.013423382304608822,1778931793.999802
grallator_flat_new_actuator,Episode_Reward/dof_acc_l2,202,-0.013423382304608822,1778931794.9864182
grallator_flat_new_actuator,Episode_Reward/dof_acc_l2,203,-0.013423382304608822,1778931795.946775
grallator_flat_new_actuator,Episode_Reward/dof_acc_l2,204,-0.013423382304608822,1778931796.9150677
grallator_flat_new_actuator,Episode_Reward/dof_acc_l2,205,-0.013423382304608822,1778931797.8762317
grallator_flat_new_actuator,Episode_Reward/dof_acc_l2,206,-0.014771625399589539,1778931798.8529742
grallator_flat_new_actuator,Episode_Reward/dof_acc_l2,207,-0.021512841805815697,1778931799.8220115
grallator_flat_new_actuator,Episode_Reward/dof_acc_l2,208,-0.021512841805815697,1778931800.793885
grallator_flat_new_actuator,Episode_Reward/dof_acc_l2,209,-0.021512841805815697,1778931801.7643886
grallator_flat_new_actuator,Episode_Reward/dof_acc_l2,210,-0.021512841805815697,1778931802.7267983
grallator_flat_new_actuator,Episode_Reward/dof_acc_l2,211,-0.021512841805815697,1778931803.6910956
grallator_flat_new_actuator,Episode_Reward/dof_acc_l2,212,-0.025843000039458275,1778931804.7025192
grallator_flat_new_actuator,Episode_Reward/dof_acc_l2,213,-0.019969630986452103,1778931805.7167087
grallator_flat_new_actuator,Episode_Reward/dof_acc_l2,214,-0.020631803199648857,1778931806.6846128
grallator_flat_new_actuator,Episode_Reward/dof_acc_l2,215,-0.020631803199648857,1778931807.6530707
grallator_flat_new_actuator,Episode_Reward/dof_acc_l2,216,-0.020631803199648857,1778931808.6152883
grallator_flat_new_actuator,Episode_Reward/dof_acc_l2,217,-0.020631803199648857,1778931809.5885644
grallator_flat_new_actuator,Episode_Reward/dof_acc_l2,218,-0.020631803199648857,1778931810.5547442
grallator_flat_new_actuator,Episode_Reward/dof_acc_l2,219,-0.01864824816584587,1778931811.706465
grallator_flat_new_actuator,Episode_Reward/dof_acc_l2,220,-0.01745159551501274,1778931812.6760087
grallator_flat_new_actuator,Episode_Reward/dof_acc_l2,221,-0.01745159551501274,1778931813.6415088
grallator_flat_new_actuator,Episode_Reward/dof_acc_l2,222,-0.01745159551501274,1778931814.6103983
grallator_flat_new_actuator,Episode_Reward/dof_acc_l2,223,-0.01738152652978897,1778931815.6028025
grallator_flat_new_actuator,Episode_Reward/dof_acc_l2,224,-0.01585371047258377,1778931816.5940568
grallator_flat_new_actuator,Episode_Reward/dof_acc_l2,225,-0.017968272790312767,1778931817.5952923
grallator_flat_new_actuator,Episode_Reward/dof_acc_l2,226,-0.018104029819369316,1778931818.5605066
grallator_flat_new_actuator,Episode_Reward/dof_acc_l2,227,-0.017428379505872726,1778931819.552456
grallator_flat_new_actuator,Episode_Reward/dof_acc_l2,228,-0.02601170539855957,1778931820.558526
grallator_flat_new_actuator,Episode_Reward/dof_acc_l2,229,-0.02727006934583187,1778931821.535105
grallator_flat_new_actuator,Episode_Reward/dof_acc_l2,230,-0.02727006934583187,1778931822.5349102
grallator_flat_new_actuator,Episode_Reward/dof_acc_l2,231,-0.02727006934583187,1778931823.5044987
grallator_flat_new_actuator,Episode_Reward/dof_acc_l2,232,-0.017559658735990524,1778931824.490389
grallator_flat_new_actuator,Episode_Reward/dof_acc_l2,233,-0.017137465998530388,1778931825.4508064
grallator_flat_new_actuator,Episode_Reward/dof_acc_l2,234,-0.017137465998530388,1778931826.4288783
grallator_flat_new_actuator,Episode_Reward/dof_acc_l2,235,-0.017137465998530388,1778931827.402173
grallator_flat_new_actuator,Episode_Reward/dof_acc_l2,236,-0.017137465998530388,1778931828.3774428
grallator_flat_new_actuator,Episode_Reward/dof_acc_l2,237,-0.017137465998530388,1778931829.356691
grallator_flat_new_actuator,Episode_Reward/dof_acc_l2,238,-0.017137465998530388,1778931830.3197272
grallator_flat_new_actuator,Episode_Reward/dof_acc_l2,239,-0.01759861595928669,1778931831.3057294
grallator_flat_new_actuator,Episode_Reward/dof_acc_l2,240,-0.01866995356976986,1778931832.2969975
grallator_flat_new_actuator,Episode_Reward/dof_acc_l2,241,-0.024459730833768845,1778931833.4283977
grallator_flat_new_actuator,Episode_Reward/dof_acc_l2,242,-0.021443814039230347,1778931834.412997
grallator_flat_new_actuator,Episode_Reward/dof_acc_l2,243,-0.018427899107336998,1778931835.3869123
grallator_flat_new_actuator,Episode_Reward/dof_acc_l2,244,-0.018427899107336998,1778931836.3634214
grallator_flat_new_actuator,Episode_Reward/dof_acc_l2,245,-0.018427899107336998,1778931837.3264382
grallator_flat_new_actuator,Episode_Reward/dof_acc_l2,246,-0.018427899107336998,1778931838.296969
grallator_flat_new_actuator,Episode_Reward/dof_acc_l2,247,-0.018427899107336998,1778931839.270468
grallator_flat_new_actuator,Episode_Reward/dof_acc_l2,248,-0.018017780035734177,1778931840.2674553
grallator_flat_new_actuator,Episode_Reward/dof_acc_l2,249,-0.017607662826776505,1778931841.2371676
grallator_flat_new_actuator,Episode_Reward/dof_acc_l2,250,-0.017607662826776505,1778931842.203046
grallator_flat_new_actuator,Episode_Reward/dof_acc_l2,251,-0.017607662826776505,1778931843.1765049
grallator_flat_new_actuator,Episode_Reward/dof_acc_l2,252,-0.017607662826776505,1778931844.2475514
grallator_flat_new_actuator,Episode_Reward/dof_acc_l2,253,-0.019431304186582565,1778931845.2529151
grallator_flat_new_actuator,Episode_Reward/dof_acc_l2,254,-0.023639490827918053,1778931846.2312477
grallator_flat_new_actuator,Episode_Reward/dof_acc_l2,255,-0.019586017355322838,1778931847.2428122
grallator_flat_new_actuator,Episode_Reward/dof_acc_l2,256,-0.019382428377866745,1778931848.217286
grallator_flat_new_actuator,Episode_Reward/dof_acc_l2,257,-0.019382428377866745,1778931849.180616
grallator_flat_new_actuator,Episode_Reward/dof_acc_l2,258,-0.019382428377866745,1778931850.17028
grallator_flat_new_actuator,Episode_Reward/dof_acc_l2,259,-0.019382428377866745,1778931851.134802
grallator_flat_new_actuator,Episode_Reward/dof_acc_l2,260,-0.019822759553790092,1778931852.1172578
grallator_flat_new_actuator,Episode_Reward/dof_acc_l2,261,-0.021177833899855614,1778931853.1122613
grallator_flat_new_actuator,Episode_Reward/dof_acc_l2,262,-0.0203312486410141,1778931854.0732977
grallator_flat_new_actuator,Episode_Reward/dof_acc_l2,263,-0.0203312486410141,1778931855.1488717
grallator_flat_new_actuator,Episode_Reward/dof_acc_l2,264,-0.0203312486410141,1778931856.1070445
grallator_flat_new_actuator,Episode_Reward/dof_acc_l2,265,-0.01955438405275345,1778931857.1014383
grallator_flat_new_actuator,Episode_Reward/dof_acc_l2,266,-0.021453827619552612,1778931858.1169608
grallator_flat_new_actuator,Episode_Reward/dof_acc_l2,267,-0.017544208094477654,1778931859.0779426
grallator_flat_new_actuator,Episode_Reward/dof_acc_l2,268,-0.018062569200992584,1778931860.065227
grallator_flat_new_actuator,Episode_Reward/dof_acc_l2,269,-0.023394888266921043,1778931861.0706692
grallator_flat_new_actuator,Episode_Reward/dof_acc_l2,270,-0.0219902154058218,1778931862.0383167
grallator_flat_new_actuator,Episode_Reward/dof_acc_l2,271,-0.0219902154058218,1778931863.0105271
grallator_flat_new_actuator,Episode_Reward/dof_acc_l2,272,-0.0219902154058218,1778931863.9739516
grallator_flat_new_actuator,Episode_Reward/dof_acc_l2,273,-0.023513993248343468,1778931864.9720163
grallator_flat_new_actuator,Episode_Reward/dof_acc_l2,274,-0.02721460722386837,1778931866.0105147
grallator_flat_new_actuator,Episode_Reward/dof_acc_l2,275,-0.02721460722386837,1778931866.9742215
grallator_flat_new_actuator,Episode_Reward/dof_acc_l2,276,-0.02721460722386837,1778931867.9385657
grallator_flat_new_actuator,Episode_Reward/dof_acc_l2,277,-0.02721460722386837,1778931868.9018755
grallator_flat_new_actuator,Episode_Reward/dof_acc_l2,278,-0.02721460722386837,1778931869.8581402
grallator_flat_new_actuator,Episode_Reward/dof_acc_l2,279,-0.02721460722386837,1778931870.8172805
grallator_flat_new_actuator,Episode_Reward/dof_acc_l2,280,-0.02721460722386837,1778931871.7828708
grallator_flat_new_actuator,Episode_Reward/dof_acc_l2,281,-0.021916378289461136,1778931872.7790365
grallator_flat_new_actuator,Episode_Reward/dof_acc_l2,282,-0.01933964341878891,1778931873.7701766
grallator_flat_new_actuator,Episode_Reward/dof_acc_l2,283,-0.01768418960273266,1778931874.7261577
grallator_flat_new_actuator,Episode_Reward/dof_acc_l2,284,-0.01748819835484028,1778931875.7139854
grallator_flat_new_actuator,Episode_Reward/dof_acc_l2,285,-0.017448998987674713,1778931876.802608
grallator_flat_new_actuator,Episode_Reward/dof_acc_l2,286,-0.017448998987674713,1778931877.7592034
grallator_flat_new_actuator,Episode_Reward/dof_acc_l2,287,-0.017448998987674713,1778931878.7136843
grallator_flat_new_actuator,Episode_Reward/dof_acc_l2,288,-0.017448998987674713,1778931879.6647737
grallator_flat_new_actuator,Episode_Reward/dof_acc_l2,289,-0.017448998987674713,1778931880.621096
grallator_flat_new_actuator,Episode_Reward/dof_acc_l2,290,-0.01645265519618988,1778931881.6068723
grallator_flat_new_actuator,Episode_Reward/dof_acc_l2,291,-0.016253385692834854,1778931882.573337
grallator_flat_new_actuator,Episode_Reward/dof_acc_l2,292,-0.016253385692834854,1778931883.5307765
grallator_flat_new_actuator,Episode_Reward/dof_acc_l2,293,-0.016253385692834854,1778931884.4911757
grallator_flat_new_actuator,Episode_Reward/dof_acc_l2,294,-0.016253385692834854,1778931885.4434295
grallator_flat_new_actuator,Episode_Reward/dof_acc_l2,295,-0.018626652657985687,1778931886.4433591
grallator_flat_new_actuator,Episode_Reward/dof_acc_l2,296,-0.019740499556064606,1778931887.5107486
grallator_flat_new_actuator,Episode_Reward/dof_acc_l2,297,-0.01942414417862892,1778931888.5106068
grallator_flat_new_actuator,Episode_Reward/dof_acc_l2,298,-0.01942414417862892,1778931889.4641657
grallator_flat_new_actuator,Episode_Reward/dof_acc_l2,299,-0.01942414417862892,1778931890.4204972
grallator_flat_new_actuator,Episode_Reward/action_rate_l2,0,0.0,1778931591.320852
grallator_flat_new_actuator,Episode_Reward/action_rate_l2,1,0.0,1778931592.4423358
grallator_flat_new_actuator,Episode_Reward/action_rate_l2,2,0.0,1778931593.4055595
grallator_flat_new_actuator,Episode_Reward/action_rate_l2,3,-0.00681968592107296,1778931594.8365166
grallator_flat_new_actuator,Episode_Reward/action_rate_l2,4,-0.024089081212878227,1778931595.8333552
grallator_flat_new_actuator,Episode_Reward/action_rate_l2,5,-0.0303568746894598,1778931596.830042
grallator_flat_new_actuator,Episode_Reward/action_rate_l2,6,-0.03194072097539902,1778931597.8136544
grallator_flat_new_actuator,Episode_Reward/action_rate_l2,7,-0.03194072097539902,1778931598.806651
grallator_flat_new_actuator,Episode_Reward/action_rate_l2,8,-0.03194072097539902,1778931599.814152
grallator_flat_new_actuator,Episode_Reward/action_rate_l2,9,-0.03194072097539902,1778931600.819509
grallator_flat_new_actuator,Episode_Reward/action_rate_l2,10,-0.037333667278289795,1778931601.86915
grallator_flat_new_actuator,Episode_Reward/action_rate_l2,11,-0.06661276519298553,1778931602.983395
grallator_flat_new_actuator,Episode_Reward/action_rate_l2,12,-0.06892707943916321,1778931604.012838
grallator_flat_new_actuator,Episode_Reward/action_rate_l2,13,-0.06892707943916321,1778931605.0404718
grallator_flat_new_actuator,Episode_Reward/action_rate_l2,14,-0.06892707943916321,1778931606.0570588
grallator_flat_new_actuator,Episode_Reward/action_rate_l2,15,-0.08292656391859055,1778931607.0840576
grallator_flat_new_actuator,Episode_Reward/action_rate_l2,16,-0.10110347718000412,1778931608.1389878
grallator_flat_new_actuator,Episode_Reward/action_rate_l2,17,-0.10638805478811264,1778931609.1685052
grallator_flat_new_actuator,Episode_Reward/action_rate_l2,18,-0.10718540847301483,1778931610.2104862
grallator_flat_new_actuator,Episode_Reward/action_rate_l2,19,-0.1180645078420639,1778931611.2700849
grallator_flat_new_actuator,Episode_Reward/action_rate_l2,20,-0.12607614696025848,1778931612.299214
grallator_flat_new_actuator,Episode_Reward/action_rate_l2,21,-0.12607614696025848,1778931613.34094
grallator_flat_new_actuator,Episode_Reward/action_rate_l2,22,-0.12607614696025848,1778931614.3676448
grallator_flat_new_actuator,Episode_Reward/action_rate_l2,23,-0.13113850355148315,1778931615.538407
grallator_flat_new_actuator,Episode_Reward/action_rate_l2,24,-0.1434328258037567,1778931616.575319
grallator_flat_new_actuator,Episode_Reward/action_rate_l2,25,-0.1434328258037567,1778931617.6126804
grallator_flat_new_actuator,Episode_Reward/action_rate_l2,26,-0.1434328258037567,1778931618.643056
grallator_flat_new_actuator,Episode_Reward/action_rate_l2,27,-0.1434328258037567,1778931619.6634035
grallator_flat_new_actuator,Episode_Reward/action_rate_l2,28,-0.1434328258037567,1778931620.6872172
grallator_flat_new_actuator,Episode_Reward/action_rate_l2,29,-0.1434328258037567,1778931621.7079606
grallator_flat_new_actuator,Episode_Reward/action_rate_l2,30,-0.1434328258037567,1778931622.7450259
grallator_flat_new_actuator,Episode_Reward/action_rate_l2,31,-0.18363110721111298,1778931623.782531
grallator_flat_new_actuator,Episode_Reward/action_rate_l2,32,-0.19808408617973328,1778931624.835034
grallator_flat_new_actuator,Episode_Reward/action_rate_l2,33,-0.20350834727287292,1778931626.0054822
grallator_flat_new_actuator,Episode_Reward/action_rate_l2,34,-0.22136223316192627,1778931627.0667377
grallator_flat_new_actuator,Episode_Reward/action_rate_l2,35,-0.22493302822113037,1778931628.097976
grallator_flat_new_actuator,Episode_Reward/action_rate_l2,36,-0.22493302822113037,1778931629.1228683
grallator_flat_new_actuator,Episode_Reward/action_rate_l2,37,-0.22493302822113037,1778931630.1462092
grallator_flat_new_actuator,Episode_Reward/action_rate_l2,38,-0.22493302822113037,1778931631.1738505
grallator_flat_new_actuator,Episode_Reward/action_rate_l2,39,-0.22493302822113037,1778931632.1987662
grallator_flat_new_actuator,Episode_Reward/action_rate_l2,40,-0.2652730345726013,1778931633.2454832
grallator_flat_new_actuator,Episode_Reward/action_rate_l2,41,-0.27334102988243103,1778931634.2939713
grallator_flat_new_actuator,Episode_Reward/action_rate_l2,42,-0.27334102988243103,1778931635.3249917
grallator_flat_new_actuator,Episode_Reward/action_rate_l2,43,-0.27334102988243103,1778931636.5173025
grallator_flat_new_actuator,Episode_Reward/action_rate_l2,44,-0.27334102988243103,1778931637.539662
grallator_flat_new_actuator,Episode_Reward/action_rate_l2,45,-0.2839204967021942,1778931638.5910587
grallator_flat_new_actuator,Episode_Reward/action_rate_l2,46,-0.2897728383541107,1778931639.643251
grallator_flat_new_actuator,Episode_Reward/action_rate_l2,47,-0.26780784130096436,1778931640.6734383
grallator_flat_new_actuator,Episode_Reward/action_rate_l2,48,-0.26780784130096436,1778931641.6838334
grallator_flat_new_actuator,Episode_Reward/action_rate_l2,49,-0.26780784130096436,1778931642.70284
grallator_flat_new_actuator,Episode_Reward/action_rate_l2,50,-0.26780784130096436,1778931643.7192178
grallator_flat_new_actuator,Episode_Reward/action_rate_l2,51,-0.26780784130096436,1778931644.747761
grallator_flat_new_actuator,Episode_Reward/action_rate_l2,52,-0.26925039291381836,1778931645.7852123
grallator_flat_new_actuator,Episode_Reward/action_rate_l2,53,-0.2684714198112488,1778931646.816781
grallator_flat_new_actuator,Episode_Reward/action_rate_l2,54,-0.268027126789093,1778931647.91134
grallator_flat_new_actuator,Episode_Reward/action_rate_l2,55,-0.268027126789093,1778931648.924805
grallator_flat_new_actuator,Episode_Reward/action_rate_l2,56,-0.26830238103866577,1778931649.929554
grallator_flat_new_actuator,Episode_Reward/action_rate_l2,57,-0.27547693252563477,1778931650.9680429
grallator_flat_new_actuator,Episode_Reward/action_rate_l2,58,-0.30380088090896606,1778931652.000986
grallator_flat_new_actuator,Episode_Reward/action_rate_l2,59,-0.31927618384361267,1778931653.0270457
grallator_flat_new_actuator,Episode_Reward/action_rate_l2,60,-0.3001701831817627,1778931654.0546508
grallator_flat_new_actuator,Episode_Reward/action_rate_l2,61,-0.2991131544113159,1778931655.0782673
grallator_flat_new_actuator,Episode_Reward/action_rate_l2,62,-0.32085201144218445,1778931656.0834239
grallator_flat_new_actuator,Episode_Reward/action_rate_l2,63,-0.32085201144218445,1778931657.0911672
grallator_flat_new_actuator,Episode_Reward/action_rate_l2,64,-0.32085201144218445,1778931658.0994942
grallator_flat_new_actuator,Episode_Reward/action_rate_l2,65,-0.2894044518470764,1778931659.1669917
grallator_flat_new_actuator,Episode_Reward/action_rate_l2,66,-0.2705358862876892,1778931660.178328
grallator_flat_new_actuator,Episode_Reward/action_rate_l2,67,-0.2705358862876892,1778931661.19096
grallator_flat_new_actuator,Episode_Reward/action_rate_l2,68,-0.2705358862876892,1778931662.1923988
grallator_flat_new_actuator,Episode_Reward/action_rate_l2,69,-0.2705358862876892,1778931663.1967835
grallator_flat_new_actuator,Episode_Reward/action_rate_l2,70,-0.2705358862876892,1778931664.1942253
grallator_flat_new_actuator,Episode_Reward/action_rate_l2,71,-0.2705358862876892,1778931665.1972988
grallator_flat_new_actuator,Episode_Reward/action_rate_l2,72,-0.27084702253341675,1778931666.2082016
grallator_flat_new_actuator,Episode_Reward/action_rate_l2,73,-0.27302488684654236,1778931667.2334552
grallator_flat_new_actuator,Episode_Reward/action_rate_l2,74,-0.26373153924942017,1778931668.2458398
grallator_flat_new_actuator,Episode_Reward/action_rate_l2,75,-0.2634648084640503,1778931669.3222032
grallator_flat_new_actuator,Episode_Reward/action_rate_l2,76,-0.2776201665401459,1778931670.3167608
grallator_flat_new_actuator,Episode_Reward/action_rate_l2,77,-0.2776201665401459,1778931671.3118534
grallator_flat_new_actuator,Episode_Reward/action_rate_l2,78,-0.2776201665401459,1778931672.300142
grallator_flat_new_actuator,Episode_Reward/action_rate_l2,79,-0.2776201665401459,1778931673.2908518
grallator_flat_new_actuator,Episode_Reward/action_rate_l2,80,-0.2776201665401459,1778931674.2760575
grallator_flat_new_actuator,Episode_Reward/action_rate_l2,81,-0.27651554346084595,1778931675.2811043
grallator_flat_new_actuator,Episode_Reward/action_rate_l2,82,-0.2709922194480896,1778931676.2752116
grallator_flat_new_actuator,Episode_Reward/action_rate_l2,83,-0.2709922194480896,1778931677.2691598
grallator_flat_new_actuator,Episode_Reward/action_rate_l2,84,-0.2709922194480896,1778931678.2686982
grallator_flat_new_actuator,Episode_Reward/action_rate_l2,85,-0.2709922194480896,1778931679.2617872
grallator_flat_new_actuator,Episode_Reward/action_rate_l2,86,-0.2709922194480896,1778931680.4138184
grallator_flat_new_actuator,Episode_Reward/action_rate_l2,87,-0.25649210810661316,1778931681.4328501
grallator_flat_new_actuator,Episode_Reward/action_rate_l2,88,-0.26478976011276245,1778931682.474866
grallator_flat_new_actuator,Episode_Reward/action_rate_l2,89,-0.2604309320449829,1778931683.4704497
grallator_flat_new_actuator,Episode_Reward/action_rate_l2,90,-0.2604309320449829,1778931684.4639215
grallator_flat_new_actuator,Episode_Reward/action_rate_l2,91,-0.2604309320449829,1778931685.4556634
grallator_flat_new_actuator,Episode_Reward/action_rate_l2,92,-0.2604309320449829,1778931686.4458652
grallator_flat_new_actuator,Episode_Reward/action_rate_l2,93,-0.2604309320449829,1778931687.437312
grallator_flat_new_actuator,Episode_Reward/action_rate_l2,94,-0.26288121938705444,1778931688.4654472
grallator_flat_new_actuator,Episode_Reward/action_rate_l2,95,-0.2676764130592346,1778931689.4573197
grallator_flat_new_actuator,Episode_Reward/action_rate_l2,96,-0.2676764130592346,1778931690.4545681
grallator_flat_new_actuator,Episode_Reward/action_rate_l2,97,-0.2676764130592346,1778931691.4991167
grallator_flat_new_actuator,Episode_Reward/action_rate_l2,98,-0.2672624886035919,1778931692.506621
grallator_flat_new_actuator,Episode_Reward/action_rate_l2,99,-0.2610054016113281,1778931693.5155213
grallator_flat_new_actuator,Episode_Reward/action_rate_l2,100,-0.259893000125885,1778931694.5391674
grallator_flat_new_actuator,Episode_Reward/action_rate_l2,101,-0.2600175142288208,1778931695.5359712
grallator_flat_new_actuator,Episode_Reward/action_rate_l2,102,-0.2609158158302307,1778931696.5310018
grallator_flat_new_actuator,Episode_Reward/action_rate_l2,103,-0.2613087594509125,1778931697.5249841
grallator_flat_new_actuator,Episode_Reward/action_rate_l2,104,-0.26132211089134216,1778931698.5011563
grallator_flat_new_actuator,Episode_Reward/action_rate_l2,105,-0.26132211089134216,1778931699.5038555
grallator_flat_new_actuator,Episode_Reward/action_rate_l2,106,-0.26132211089134216,1778931700.4811594
grallator_flat_new_actuator,Episode_Reward/action_rate_l2,107,-0.2683888375759125,1778931701.4828262
grallator_flat_new_actuator,Episode_Reward/action_rate_l2,108,-0.268696129322052,1778931702.5667412
grallator_flat_new_actuator,Episode_Reward/action_rate_l2,109,-0.268696129322052,1778931703.545928
grallator_flat_new_actuator,Episode_Reward/action_rate_l2,110,-0.268696129322052,1778931704.516568
grallator_flat_new_actuator,Episode_Reward/action_rate_l2,111,-0.268696129322052,1778931705.4910944
grallator_flat_new_actuator,Episode_Reward/action_rate_l2,112,-0.268696129322052,1778931706.4740458
grallator_flat_new_actuator,Episode_Reward/action_rate_l2,113,-0.268696129322052,1778931707.4425337
grallator_flat_new_actuator,Episode_Reward/action_rate_l2,114,-0.26183754205703735,1778931708.4339979
grallator_flat_new_actuator,Episode_Reward/action_rate_l2,115,-0.2542192339897156,1778931709.4151042
grallator_flat_new_actuator,Episode_Reward/action_rate_l2,116,-0.25957930088043213,1778931710.4084468
grallator_flat_new_actuator,Episode_Reward/action_rate_l2,117,-0.26256319880485535,1778931711.4092495
grallator_flat_new_actuator,Episode_Reward/action_rate_l2,118,-0.26554709672927856,1778931712.3797467
grallator_flat_new_actuator,Episode_Reward/action_rate_l2,119,-0.26554709672927856,1778931713.45096
grallator_flat_new_actuator,Episode_Reward/action_rate_l2,120,-0.26554709672927856,1778931714.4198384
grallator_flat_new_actuator,Episode_Reward/action_rate_l2,121,-0.26554709672927856,1778931715.406276
grallator_flat_new_actuator,Episode_Reward/action_rate_l2,122,-0.26554709672927856,1778931716.388042
grallator_flat_new_actuator,Episode_Reward/action_rate_l2,123,-0.2610093951225281,1778931717.3806012
grallator_flat_new_actuator,Episode_Reward/action_rate_l2,124,-0.2564716339111328,1778931718.345007
grallator_flat_new_actuator,Episode_Reward/action_rate_l2,125,-0.2564716339111328,1778931719.320788
grallator_flat_new_actuator,Episode_Reward/action_rate_l2,126,-0.2564716339111328,1778931720.3014145
grallator_flat_new_actuator,Episode_Reward/action_rate_l2,127,-0.2564716339111328,1778931721.285612
grallator_flat_new_actuator,Episode_Reward/action_rate_l2,128,-0.2559443414211273,1778931722.2857206
grallator_flat_new_actuator,Episode_Reward/action_rate_l2,129,-0.25407060980796814,1778931723.2778382
grallator_flat_new_actuator,Episode_Reward/action_rate_l2,130,-0.2584231495857239,1778931724.3570743
grallator_flat_new_actuator,Episode_Reward/action_rate_l2,131,-0.2614009976387024,1778931725.3278964
grallator_flat_new_actuator,Episode_Reward/action_rate_l2,132,-0.2614009976387024,1778931726.3035204
grallator_flat_new_actuator,Episode_Reward/action_rate_l2,133,-0.2614009976387024,1778931727.2815154
grallator_flat_new_actuator,Episode_Reward/action_rate_l2,134,-0.2614009976387024,1778931728.251296
grallator_flat_new_actuator,Episode_Reward/action_rate_l2,135,-0.26097869873046875,1778931729.2413638
grallator_flat_new_actuator,Episode_Reward/action_rate_l2,136,-0.25652095675468445,1778931730.2318592
grallator_flat_new_actuator,Episode_Reward/action_rate_l2,137,-0.25417476892471313,1778931731.1883512
grallator_flat_new_actuator,Episode_Reward/action_rate_l2,138,-0.25417476892471313,1778931732.1497293
grallator_flat_new_actuator,Episode_Reward/action_rate_l2,139,-0.25417476892471313,1778931733.1126833
grallator_flat_new_actuator,Episode_Reward/action_rate_l2,140,-0.25275883078575134,1778931734.099104
grallator_flat_new_actuator,Episode_Reward/action_rate_l2,141,-0.25807443261146545,1778931735.2481773
grallator_flat_new_actuator,Episode_Reward/action_rate_l2,142,-0.2598981559276581,1778931736.223028
grallator_flat_new_actuator,Episode_Reward/action_rate_l2,143,-0.2584708333015442,1778931737.1957154
grallator_flat_new_actuator,Episode_Reward/action_rate_l2,144,-0.24529670178890228,1778931738.1921494
grallator_flat_new_actuator,Episode_Reward/action_rate_l2,145,-0.2548982799053192,1778931739.1612477
grallator_flat_new_actuator,Episode_Reward/action_rate_l2,146,-0.2548982799053192,1778931740.124077
grallator_flat_new_actuator,Episode_Reward/action_rate_l2,147,-0.2548982799053192,1778931741.0804503
grallator_flat_new_actuator,Episode_Reward/action_rate_l2,148,-0.2560296058654785,1778931742.0659626
grallator_flat_new_actuator,Episode_Reward/action_rate_l2,149,-0.25877711176872253,1778931743.034906
grallator_flat_new_actuator,Episode_Reward/action_rate_l2,150,-0.25877711176872253,1778931743.9991245
grallator_flat_new_actuator,Episode_Reward/action_rate_l2,151,-0.25877711176872253,1778931744.9678624
grallator_flat_new_actuator,Episode_Reward/action_rate_l2,152,-0.25877711176872253,1778931746.0013092
grallator_flat_new_actuator,Episode_Reward/action_rate_l2,153,-0.25877711176872253,1778931746.9606972
grallator_flat_new_actuator,Episode_Reward/action_rate_l2,154,-0.25877711176872253,1778931747.922355
grallator_flat_new_actuator,Episode_Reward/action_rate_l2,155,-0.25877711176872253,1778931748.882068
grallator_flat_new_actuator,Episode_Reward/action_rate_l2,156,-0.24950605630874634,1778931749.8613293
grallator_flat_new_actuator,Episode_Reward/action_rate_l2,157,-0.2468242645263672,1778931750.847543
grallator_flat_new_actuator,Episode_Reward/action_rate_l2,158,-0.24648544192314148,1778931751.8100493
grallator_flat_new_actuator,Episode_Reward/action_rate_l2,159,-0.25535640120506287,1778931752.7969995
grallator_flat_new_actuator,Episode_Reward/action_rate_l2,160,-0.25713059306144714,1778931753.758736
grallator_flat_new_actuator,Episode_Reward/action_rate_l2,161,-0.25713059306144714,1778931754.7426934
grallator_flat_new_actuator,Episode_Reward/action_rate_l2,162,-0.25713059306144714,1778931755.7248313
grallator_flat_new_actuator,Episode_Reward/action_rate_l2,163,-0.25713059306144714,1778931756.8098319
grallator_flat_new_actuator,Episode_Reward/action_rate_l2,164,-0.25713059306144714,1778931757.7675192
grallator_flat_new_actuator,Episode_Reward/action_rate_l2,165,-0.2515644431114197,1778931758.7479
grallator_flat_new_actuator,Episode_Reward/action_rate_l2,166,-0.2504511773586273,1778931759.7055137
grallator_flat_new_actuator,Episode_Reward/action_rate_l2,167,-0.2504511773586273,1778931760.6712885
grallator_flat_new_actuator,Episode_Reward/action_rate_l2,168,-0.2504511773586273,1778931761.622126
grallator_flat_new_actuator,Episode_Reward/action_rate_l2,169,-0.2504511773586273,1778931762.5708
grallator_flat_new_actuator,Episode_Reward/action_rate_l2,170,-0.2506970167160034,1778931763.557898
grallator_flat_new_actuator,Episode_Reward/action_rate_l2,171,-0.2488791048526764,1778931764.5527282
grallator_flat_new_actuator,Episode_Reward/action_rate_l2,172,-0.24319791793823242,1778931765.5294704
grallator_flat_new_actuator,Episode_Reward/action_rate_l2,173,-0.24319791793823242,1778931766.4864898
grallator_flat_new_actuator,Episode_Reward/action_rate_l2,174,-0.24319791793823242,1778931767.5984604
grallator_flat_new_actuator,Episode_Reward/action_rate_l2,175,-0.24319791793823242,1778931768.560222
grallator_flat_new_actuator,Episode_Reward/action_rate_l2,176,-0.24319791793823242,1778931769.509332
grallator_flat_new_actuator,Episode_Reward/action_rate_l2,177,-0.24514567852020264,1778931770.492431
grallator_flat_new_actuator,Episode_Reward/action_rate_l2,178,-0.24189375340938568,1778931771.4647803
grallator_flat_new_actuator,Episode_Reward/action_rate_l2,179,-0.24085383117198944,1778931772.4204068
grallator_flat_new_actuator,Episode_Reward/action_rate_l2,180,-0.24085383117198944,1778931773.379766
grallator_flat_new_actuator,Episode_Reward/action_rate_l2,181,-0.2409650981426239,1778931774.3332775
grallator_flat_new_actuator,Episode_Reward/action_rate_l2,182,-0.24431346356868744,1778931775.3333647
grallator_flat_new_actuator,Episode_Reward/action_rate_l2,183,-0.24659857153892517,1778931776.3239503
grallator_flat_new_actuator,Episode_Reward/action_rate_l2,184,-0.24654972553253174,1778931777.2772417
grallator_flat_new_actuator,Episode_Reward/action_rate_l2,185,-0.24689017236232758,1778931778.3704228
grallator_flat_new_actuator,Episode_Reward/action_rate_l2,186,-0.24981680512428284,1778931779.3514266
grallator_flat_new_actuator,Episode_Reward/action_rate_l2,187,-0.2518898844718933,1778931780.3057537
grallator_flat_new_actuator,Episode_Reward/action_rate_l2,188,-0.2518898844718933,1778931781.2671692
grallator_flat_new_actuator,Episode_Reward/action_rate_l2,189,-0.2518898844718933,1778931782.2236536
grallator_flat_new_actuator,Episode_Reward/action_rate_l2,190,-0.2538030445575714,1778931783.2048144
grallator_flat_new_actuator,Episode_Reward/action_rate_l2,191,-0.25495094060897827,1778931784.1610408
grallator_flat_new_actuator,Episode_Reward/action_rate_l2,192,-0.25495094060897827,1778931785.1357694
grallator_flat_new_actuator,Episode_Reward/action_rate_l2,193,-0.25495094060897827,1778931786.1061146
grallator_flat_new_actuator,Episode_Reward/action_rate_l2,194,-0.25495094060897827,1778931787.0680754
grallator_flat_new_actuator,Episode_Reward/action_rate_l2,195,-0.25495094060897827,1778931788.0299273
grallator_flat_new_actuator,Episode_Reward/action_rate_l2,196,-0.25495094060897827,1778931789.0934014
grallator_flat_new_actuator,Episode_Reward/action_rate_l2,197,-0.25464850664138794,1778931790.0622883
grallator_flat_new_actuator,Episode_Reward/action_rate_l2,198,-0.25253161787986755,1778931791.0463662
grallator_flat_new_actuator,Episode_Reward/action_rate_l2,199,-0.24326404929161072,1778931792.0339787
grallator_flat_new_actuator,Episode_Reward/action_rate_l2,200,-0.23902055621147156,1778931793.0183017
grallator_flat_new_actuator,Episode_Reward/action_rate_l2,201,-0.23324905335903168,1778931794.000281
grallator_flat_new_actuator,Episode_Reward/action_rate_l2,202,-0.23324905335903168,1778931794.9868944
grallator_flat_new_actuator,Episode_Reward/action_rate_l2,203,-0.23324905335903168,1778931795.9472573
grallator_flat_new_actuator,Episode_Reward/action_rate_l2,204,-0.23324905335903168,1778931796.9155302
grallator_flat_new_actuator,Episode_Reward/action_rate_l2,205,-0.23324905335903168,1778931797.8767653
grallator_flat_new_actuator,Episode_Reward/action_rate_l2,206,-0.23521506786346436,1778931798.853467
grallator_flat_new_actuator,Episode_Reward/action_rate_l2,207,-0.24504517018795013,1778931799.8225152
grallator_flat_new_actuator,Episode_Reward/action_rate_l2,208,-0.24504517018795013,1778931800.7944138
grallator_flat_new_actuator,Episode_Reward/action_rate_l2,209,-0.24504517018795013,1778931801.7649026
grallator_flat_new_actuator,Episode_Reward/action_rate_l2,210,-0.24504517018795013,1778931802.7272844
grallator_flat_new_actuator,Episode_Reward/action_rate_l2,211,-0.24504517018795013,1778931803.6916113
grallator_flat_new_actuator,Episode_Reward/action_rate_l2,212,-0.25218692421913147,1778931804.703156
grallator_flat_new_actuator,Episode_Reward/action_rate_l2,213,-0.2474016398191452,1778931805.7171805
grallator_flat_new_actuator,Episode_Reward/action_rate_l2,214,-0.24564312398433685,1778931806.6850975
grallator_flat_new_actuator,Episode_Reward/action_rate_l2,215,-0.24564312398433685,1778931807.6535194
grallator_flat_new_actuator,Episode_Reward/action_rate_l2,216,-0.24564312398433685,1778931808.6157792
grallator_flat_new_actuator,Episode_Reward/action_rate_l2,217,-0.24564312398433685,1778931809.5890503
grallator_flat_new_actuator,Episode_Reward/action_rate_l2,218,-0.24564312398433685,1778931810.5552986
grallator_flat_new_actuator,Episode_Reward/action_rate_l2,219,-0.24244259297847748,1778931811.7069986
grallator_flat_new_actuator,Episode_Reward/action_rate_l2,220,-0.2497415989637375,1778931812.6764903
grallator_flat_new_actuator,Episode_Reward/action_rate_l2,221,-0.2497415989637375,1778931813.641993
grallator_flat_new_actuator,Episode_Reward/action_rate_l2,222,-0.2497415989637375,1778931814.6108716
grallator_flat_new_actuator,Episode_Reward/action_rate_l2,223,-0.2480240762233734,1778931815.6032987
grallator_flat_new_actuator,Episode_Reward/action_rate_l2,224,-0.24508582055568695,1778931816.594562
grallator_flat_new_actuator,Episode_Reward/action_rate_l2,225,-0.24107412993907928,1778931817.595803
grallator_flat_new_actuator,Episode_Reward/action_rate_l2,226,-0.24090206623077393,1778931818.561034
grallator_flat_new_actuator,Episode_Reward/action_rate_l2,227,-0.24430963397026062,1778931819.552926
grallator_flat_new_actuator,Episode_Reward/action_rate_l2,228,-0.24509462714195251,1778931820.5590973
grallator_flat_new_actuator,Episode_Reward/action_rate_l2,229,-0.2450445145368576,1778931821.5355659
grallator_flat_new_actuator,Episode_Reward/action_rate_l2,230,-0.2450445145368576,1778931822.5354056
grallator_flat_new_actuator,Episode_Reward/action_rate_l2,231,-0.2450445145368576,1778931823.5050027
grallator_flat_new_actuator,Episode_Reward/action_rate_l2,232,-0.24310718476772308,1778931824.490931
grallator_flat_new_actuator,Episode_Reward/action_rate_l2,233,-0.24302296340465546,1778931825.4513419
grallator_flat_new_actuator,Episode_Reward/action_rate_l2,234,-0.24302296340465546,1778931826.4293594
grallator_flat_new_actuator,Episode_Reward/action_rate_l2,235,-0.24302296340465546,1778931827.402705
grallator_flat_new_actuator,Episode_Reward/action_rate_l2,236,-0.24302296340465546,1778931828.3779356
grallator_flat_new_actuator,Episode_Reward/action_rate_l2,237,-0.24302296340465546,1778931829.3572638
grallator_flat_new_actuator,Episode_Reward/action_rate_l2,238,-0.24302296340465546,1778931830.3202043
grallator_flat_new_actuator,Episode_Reward/action_rate_l2,239,-0.24437379837036133,1778931831.3062055
grallator_flat_new_actuator,Episode_Reward/action_rate_l2,240,-0.24597576260566711,1778931832.297501
grallator_flat_new_actuator,Episode_Reward/action_rate_l2,241,-0.24603578448295593,1778931833.428927
grallator_flat_new_actuator,Episode_Reward/action_rate_l2,242,-0.24146196246147156,1778931834.4135263
grallator_flat_new_actuator,Episode_Reward/action_rate_l2,243,-0.23688817024230957,1778931835.3874798
grallator_flat_new_actuator,Episode_Reward/action_rate_l2,244,-0.23688817024230957,1778931836.3638763
grallator_flat_new_actuator,Episode_Reward/action_rate_l2,245,-0.23688817024230957,1778931837.326993
grallator_flat_new_actuator,Episode_Reward/action_rate_l2,246,-0.23688817024230957,1778931838.2974365
grallator_flat_new_actuator,Episode_Reward/action_rate_l2,247,-0.23688817024230957,1778931839.2709758
grallator_flat_new_actuator,Episode_Reward/action_rate_l2,248,-0.24136504530906677,1778931840.2680998
grallator_flat_new_actuator,Episode_Reward/action_rate_l2,249,-0.24584195017814636,1778931841.237702
grallator_flat_new_actuator,Episode_Reward/action_rate_l2,250,-0.24584195017814636,1778931842.2035537
grallator_flat_new_actuator,Episode_Reward/action_rate_l2,251,-0.24584195017814636,1778931843.1770601
grallator_flat_new_actuator,Episode_Reward/action_rate_l2,252,-0.24584195017814636,1778931844.2481313
grallator_flat_new_actuator,Episode_Reward/action_rate_l2,253,-0.24436527490615845,1778931845.253458
grallator_flat_new_actuator,Episode_Reward/action_rate_l2,254,-0.24088367819786072,1778931846.231732
grallator_flat_new_actuator,Episode_Reward/action_rate_l2,255,-0.24524174630641937,1778931847.243284
grallator_flat_new_actuator,Episode_Reward/action_rate_l2,256,-0.24284212291240692,1778931848.2177975
grallator_flat_new_actuator,Episode_Reward/action_rate_l2,257,-0.24284212291240692,1778931849.1811051
grallator_flat_new_actuator,Episode_Reward/action_rate_l2,258,-0.24284212291240692,1778931850.1708803
grallator_flat_new_actuator,Episode_Reward/action_rate_l2,259,-0.24284212291240692,1778931851.1352947
grallator_flat_new_actuator,Episode_Reward/action_rate_l2,260,-0.24300305545330048,1778931852.1178048
grallator_flat_new_actuator,Episode_Reward/action_rate_l2,261,-0.2448853701353073,1778931853.1128447
grallator_flat_new_actuator,Episode_Reward/action_rate_l2,262,-0.24596306681632996,1778931854.0737925
grallator_flat_new_actuator,Episode_Reward/action_rate_l2,263,-0.24596306681632996,1778931855.1493597
grallator_flat_new_actuator,Episode_Reward/action_rate_l2,264,-0.24596306681632996,1778931856.107491
grallator_flat_new_actuator,Episode_Reward/action_rate_l2,265,-0.24201492965221405,1778931857.1019762
grallator_flat_new_actuator,Episode_Reward/action_rate_l2,266,-0.24001136422157288,1778931858.1174595
grallator_flat_new_actuator,Episode_Reward/action_rate_l2,267,-0.24038457870483398,1778931859.0784261
grallator_flat_new_actuator,Episode_Reward/action_rate_l2,268,-0.2403232306241989,1778931860.0657115
grallator_flat_new_actuator,Episode_Reward/action_rate_l2,269,-0.2406073808670044,1778931861.0711963
grallator_flat_new_actuator,Episode_Reward/action_rate_l2,270,-0.2442517727613449,1778931862.038816
grallator_flat_new_actuator,Episode_Reward/action_rate_l2,271,-0.2442517727613449,1778931863.0110173
grallator_flat_new_actuator,Episode_Reward/action_rate_l2,272,-0.2442517727613449,1778931863.974397
grallator_flat_new_actuator,Episode_Reward/action_rate_l2,273,-0.24451637268066406,1778931864.9725182
grallator_flat_new_actuator,Episode_Reward/action_rate_l2,274,-0.2451590746641159,1778931866.0109944
grallator_flat_new_actuator,Episode_Reward/action_rate_l2,275,-0.2451590746641159,1778931866.9747832
grallator_flat_new_actuator,Episode_Reward/action_rate_l2,276,-0.2451590746641159,1778931867.939122
grallator_flat_new_actuator,Episode_Reward/action_rate_l2,277,-0.2451590746641159,1778931868.902386
grallator_flat_new_actuator,Episode_Reward/action_rate_l2,278,-0.2451590746641159,1778931869.8586938
grallator_flat_new_actuator,Episode_Reward/action_rate_l2,279,-0.2451590746641159,1778931870.8177767
grallator_flat_new_actuator,Episode_Reward/action_rate_l2,280,-0.2451590746641159,1778931871.78335
grallator_flat_new_actuator,Episode_Reward/action_rate_l2,281,-0.23886561393737793,1778931872.779567
grallator_flat_new_actuator,Episode_Reward/action_rate_l2,282,-0.23432528972625732,1778931873.770727
grallator_flat_new_actuator,Episode_Reward/action_rate_l2,283,-0.23028747737407684,1778931874.7267435
grallator_flat_new_actuator,Episode_Reward/action_rate_l2,284,-0.23904351890087128,1778931875.7144632
grallator_flat_new_actuator,Episode_Reward/action_rate_l2,285,-0.24079474806785583,1778931876.8031375
grallator_flat_new_actuator,Episode_Reward/action_rate_l2,286,-0.24079474806785583,1778931877.7597132
grallator_flat_new_actuator,Episode_Reward/action_rate_l2,287,-0.24079474806785583,1778931878.71416
grallator_flat_new_actuator,Episode_Reward/action_rate_l2,288,-0.24079474806785583,1778931879.6652699
grallator_flat_new_actuator,Episode_Reward/action_rate_l2,289,-0.24079474806785583,1778931880.621603
grallator_flat_new_actuator,Episode_Reward/action_rate_l2,290,-0.23892557621002197,1778931881.6073198
grallator_flat_new_actuator,Episode_Reward/action_rate_l2,291,-0.23855173587799072,1778931882.5738668
grallator_flat_new_actuator,Episode_Reward/action_rate_l2,292,-0.23855173587799072,1778931883.531235
grallator_flat_new_actuator,Episode_Reward/action_rate_l2,293,-0.23855173587799072,1778931884.4916825
grallator_flat_new_actuator,Episode_Reward/action_rate_l2,294,-0.23855173587799072,1778931885.4439642
grallator_flat_new_actuator,Episode_Reward/action_rate_l2,295,-0.23789799213409424,1778931886.4438722
grallator_flat_new_actuator,Episode_Reward/action_rate_l2,296,-0.23952989280223846,1778931887.5117602
grallator_flat_new_actuator,Episode_Reward/action_rate_l2,297,-0.24001479148864746,1778931888.511081
grallator_flat_new_actuator,Episode_Reward/action_rate_l2,298,-0.24001479148864746,1778931889.4647465
grallator_flat_new_actuator,Episode_Reward/action_rate_l2,299,-0.24001479148864746,1778931890.420986
grallator_flat_new_actuator,Episode_Reward/flat_orientation_l2,0,0.0,1778931591.3214157
grallator_flat_new_actuator,Episode_Reward/flat_orientation_l2,1,0.0,1778931592.4429007
grallator_flat_new_actuator,Episode_Reward/flat_orientation_l2,2,0.0,1778931593.4061244
grallator_flat_new_actuator,Episode_Reward/flat_orientation_l2,3,-0.0008726409869268537,1778931594.837084
grallator_flat_new_actuator,Episode_Reward/flat_orientation_l2,4,-0.0013145720586180687,1778931595.8339176
grallator_flat_new_actuator,Episode_Reward/flat_orientation_l2,5,-0.0023238928988575935,1778931596.830627
grallator_flat_new_actuator,Episode_Reward/flat_orientation_l2,6,-0.002738372189924121,1778931597.8141024
grallator_flat_new_actuator,Episode_Reward/flat_orientation_l2,7,-0.002738372189924121,1778931598.8071415
grallator_flat_new_actuator,Episode_Reward/flat_orientation_l2,8,-0.002738372189924121,1778931599.8147163
grallator_flat_new_actuator,Episode_Reward/flat_orientation_l2,9,-0.002738372189924121,1778931600.8199942
grallator_flat_new_actuator,Episode_Reward/flat_orientation_l2,10,-0.0041437773033976555,1778931601.8697922
grallator_flat_new_actuator,Episode_Reward/flat_orientation_l2,11,-0.04953429102897644,1778931602.9839118
grallator_flat_new_actuator,Episode_Reward/flat_orientation_l2,12,-0.08789779245853424,1778931604.013337
grallator_flat_new_actuator,Episode_Reward/flat_orientation_l2,13,-0.08789779245853424,1778931605.0409427
grallator_flat_new_actuator,Episode_Reward/flat_orientation_l2,14,-0.08789779245853424,1778931606.057525
grallator_flat_new_actuator,Episode_Reward/flat_orientation_l2,15,-0.039535023272037506,1778931607.0846348
grallator_flat_new_actuator,Episode_Reward/flat_orientation_l2,16,-0.05391345173120499,1778931608.1394806
grallator_flat_new_actuator,Episode_Reward/flat_orientation_l2,17,-0.1283303201198578,1778931609.1689928
grallator_flat_new_actuator,Episode_Reward/flat_orientation_l2,18,-0.11991553008556366,1778931610.211122
grallator_flat_new_actuator,Episode_Reward/flat_orientation_l2,19,-0.028425566852092743,1778931611.2707217
grallator_flat_new_actuator,Episode_Reward/flat_orientation_l2,20,-0.03250136226415634,1778931612.2997382
grallator_flat_new_actuator,Episode_Reward/flat_orientation_l2,21,-0.03250136226415634,1778931613.3414998
grallator_flat_new_actuator,Episode_Reward/flat_orientation_l2,22,-0.03250136226415634,1778931614.3682013
grallator_flat_new_actuator,Episode_Reward/flat_orientation_l2,23,-0.03770469129085541,1778931615.5389218
grallator_flat_new_actuator,Episode_Reward/flat_orientation_l2,24,-0.050341349095106125,1778931616.575817
grallator_flat_new_actuator,Episode_Reward/flat_orientation_l2,25,-0.050341349095106125,1778931617.613174
grallator_flat_new_actuator,Episode_Reward/flat_orientation_l2,26,-0.050341349095106125,1778931618.643596
grallator_flat_new_actuator,Episode_Reward/flat_orientation_l2,27,-0.050341349095106125,1778931619.6639078
grallator_flat_new_actuator,Episode_Reward/flat_orientation_l2,28,-0.050341349095106125,1778931620.6877327
grallator_flat_new_actuator,Episode_Reward/flat_orientation_l2,29,-0.050341349095106125,1778931621.7084386
grallator_flat_new_actuator,Episode_Reward/flat_orientation_l2,30,-0.050341349095106125,1778931622.7455664
grallator_flat_new_actuator,Episode_Reward/flat_orientation_l2,31,-0.06547652184963226,1778931623.7830489
grallator_flat_new_actuator,Episode_Reward/flat_orientation_l2,32,-0.07076632231473923,1778931624.8355045
grallator_flat_new_actuator,Episode_Reward/flat_orientation_l2,33,-0.07259591668844223,1778931626.0059655
grallator_flat_new_actuator,Episode_Reward/flat_orientation_l2,34,-0.7702001929283142,1778931627.0672166
grallator_flat_new_actuator,Episode_Reward/flat_orientation_l2,35,-0.9097210764884949,1778931628.0986567
grallator_flat_new_actuator,Episode_Reward/flat_orientation_l2,36,-0.9097210764884949,1778931629.1233506
grallator_flat_new_actuator,Episode_Reward/flat_orientation_l2,37,-0.9097210764884949,1778931630.1467614
grallator_flat_new_actuator,Episode_Reward/flat_orientation_l2,38,-0.9097210764884949,1778931631.1743314
grallator_flat_new_actuator,Episode_Reward/flat_orientation_l2,39,-0.9097210764884949,1778931632.199283
grallator_flat_new_actuator,Episode_Reward/flat_orientation_l2,40,-0.24384823441505432,1778931633.245997
grallator_flat_new_actuator,Episode_Reward/flat_orientation_l2,41,-0.110673688352108,1778931634.294628
grallator_flat_new_actuator,Episode_Reward/flat_orientation_l2,42,-0.110673688352108,1778931635.3254535
grallator_flat_new_actuator,Episode_Reward/flat_orientation_l2,43,-0.110673688352108,1778931636.5178146
grallator_flat_new_actuator,Episode_Reward/flat_orientation_l2,44,-0.110673688352108,1778931637.5401342
grallator_flat_new_actuator,Episode_Reward/flat_orientation_l2,45,-1.2831408977508545,1778931638.591524
grallator_flat_new_actuator,Episode_Reward/flat_orientation_l2,46,-1.1981971263885498,1778931639.6438885
grallator_flat_new_actuator,Episode_Reward/flat_orientation_l2,47,-0.08535977452993393,1778931640.6739607
grallator_flat_new_actuator,Episode_Reward/flat_orientation_l2,48,-0.08535977452993393,1778931641.6842837
grallator_flat_new_actuator,Episode_Reward/flat_orientation_l2,49,-0.08535977452993393,1778931642.7033148
grallator_flat_new_actuator,Episode_Reward/flat_orientation_l2,50,-0.08535977452993393,1778931643.7197194
grallator_flat_new_actuator,Episode_Reward/flat_orientation_l2,51,-0.08535977452993393,1778931644.7482219
grallator_flat_new_actuator,Episode_Reward/flat_orientation_l2,52,-0.08814503252506256,1778931645.785744
grallator_flat_new_actuator,Episode_Reward/flat_orientation_l2,53,-0.09098617732524872,1778931646.817272
grallator_flat_new_actuator,Episode_Reward/flat_orientation_l2,54,-0.0909973606467247,1778931647.911836
grallator_flat_new_actuator,Episode_Reward/flat_orientation_l2,55,-0.0909973606467247,1778931648.925283
grallator_flat_new_actuator,Episode_Reward/flat_orientation_l2,56,-0.09070728719234467,1778931649.9300735
grallator_flat_new_actuator,Episode_Reward/flat_orientation_l2,57,-0.08650588989257812,1778931650.9685304
grallator_flat_new_actuator,Episode_Reward/flat_orientation_l2,58,-0.12421669811010361,1778931652.0014744
grallator_flat_new_actuator,Episode_Reward/flat_orientation_l2,59,-0.14239703118801117,1778931653.0276887
grallator_flat_new_actuator,Episode_Reward/flat_orientation_l2,60,-0.12094871699810028,1778931654.0551496
grallator_flat_new_actuator,Episode_Reward/flat_orientation_l2,61,-0.9403080344200134,1778931655.0788167
grallator_flat_new_actuator,Episode_Reward/flat_orientation_l2,62,-1.659020185470581,1778931656.0839536
grallator_flat_new_actuator,Episode_Reward/flat_orientation_l2,63,-1.659020185470581,1778931657.0916903
grallator_flat_new_actuator,Episode_Reward/flat_orientation_l2,64,-1.659020185470581,1778931658.1000018
grallator_flat_new_actuator,Episode_Reward/flat_orientation_l2,65,-0.6827211380004883,1778931659.167539
grallator_flat_new_actuator,Episode_Reward/flat_orientation_l2,66,-0.09694179892539978,1778931660.1788337
grallator_flat_new_actuator,Episode_Reward/flat_orientation_l2,67,-0.09694179892539978,1778931661.1915479
grallator_flat_new_actuator,Episode_Reward/flat_orientation_l2,68,-0.09694179892539978,1778931662.1929035
grallator_flat_new_actuator,Episode_Reward/flat_orientation_l2,69,-0.09694179892539978,1778931663.1973193
grallator_flat_new_actuator,Episode_Reward/flat_orientation_l2,70,-0.09694179892539978,1778931664.1947737
grallator_flat_new_actuator,Episode_Reward/flat_orientation_l2,71,-0.09694179892539978,1778931665.1978414
grallator_flat_new_actuator,Episode_Reward/flat_orientation_l2,72,-0.09410228580236435,1778931666.208704
grallator_flat_new_actuator,Episode_Reward/flat_orientation_l2,73,-0.07422567903995514,1778931667.2339616
grallator_flat_new_actuator,Episode_Reward/flat_orientation_l2,74,-0.0771421492099762,1778931668.2463381
grallator_flat_new_actuator,Episode_Reward/flat_orientation_l2,75,-0.07985734939575195,1778931669.322725
grallator_flat_new_actuator,Episode_Reward/flat_orientation_l2,76,-0.08857258409261703,1778931670.3172646
grallator_flat_new_actuator,Episode_Reward/flat_orientation_l2,77,-0.08857258409261703,1778931671.3123803
grallator_flat_new_actuator,Episode_Reward/flat_orientation_l2,78,-0.08857258409261703,1778931672.300663
grallator_flat_new_actuator,Episode_Reward/flat_orientation_l2,79,-0.08857258409261703,1778931673.2913296
grallator_flat_new_actuator,Episode_Reward/flat_orientation_l2,80,-0.08857258409261703,1778931674.2765508
grallator_flat_new_actuator,Episode_Reward/flat_orientation_l2,81,-0.0860159620642662,1778931675.2816386
grallator_flat_new_actuator,Episode_Reward/flat_orientation_l2,82,-0.07323284447193146,1778931676.2757258
grallator_flat_new_actuator,Episode_Reward/flat_orientation_l2,83,-0.07323284447193146,1778931677.2697237
grallator_flat_new_actuator,Episode_Reward/flat_orientation_l2,84,-0.07323284447193146,1778931678.2691917
grallator_flat_new_actuator,Episode_Reward/flat_orientation_l2,85,-0.07323284447193146,1778931679.2622414
grallator_flat_new_actuator,Episode_Reward/flat_orientation_l2,86,-0.07323284447193146,1778931680.4143472
grallator_flat_new_actuator,Episode_Reward/flat_orientation_l2,87,-0.06646807491779327,1778931681.4333375
grallator_flat_new_actuator,Episode_Reward/flat_orientation_l2,88,-0.06794239580631256,1778931682.4754784
grallator_flat_new_actuator,Episode_Reward/flat_orientation_l2,89,-0.06538739055395126,1778931683.4709537
grallator_flat_new_actuator,Episode_Reward/flat_orientation_l2,90,-0.06538739055395126,1778931684.4644334
grallator_flat_new_actuator,Episode_Reward/flat_orientation_l2,91,-0.06538739055395126,1778931685.4561508
grallator_flat_new_actuator,Episode_Reward/flat_orientation_l2,92,-0.06538739055395126,1778931686.4464185
grallator_flat_new_actuator,Episode_Reward/flat_orientation_l2,93,-0.06538739055395126,1778931687.4378622
grallator_flat_new_actuator,Episode_Reward/flat_orientation_l2,94,-0.05393953248858452,1778931688.4659705
grallator_flat_new_actuator,Episode_Reward/flat_orientation_l2,95,-0.04757571220397949,1778931689.4578247
grallator_flat_new_actuator,Episode_Reward/flat_orientation_l2,96,-0.04757571220397949,1778931690.4550648
grallator_flat_new_actuator,Episode_Reward/flat_orientation_l2,97,-0.04757571220397949,1778931691.4996192
grallator_flat_new_actuator,Episode_Reward/flat_orientation_l2,98,-0.046762894839048386,1778931692.5071154
grallator_flat_new_actuator,Episode_Reward/flat_orientation_l2,99,-0.05778270587325096,1778931693.5160415
grallator_flat_new_actuator,Episode_Reward/flat_orientation_l2,100,-0.05725015699863434,1778931694.539796
grallator_flat_new_actuator,Episode_Reward/flat_orientation_l2,101,-0.056842707097530365,1778931695.5364559
grallator_flat_new_actuator,Episode_Reward/flat_orientation_l2,102,-0.044094931334257126,1778931696.5314767
grallator_flat_new_actuator,Episode_Reward/flat_orientation_l2,103,-0.26197221875190735,1778931697.525492
grallator_flat_new_actuator,Episode_Reward/flat_orientation_l2,104,-0.2937045693397522,1778931698.501643
grallator_flat_new_actuator,Episode_Reward/flat_orientation_l2,105,-0.2937045693397522,1778931699.504332
grallator_flat_new_actuator,Episode_Reward/flat_orientation_l2,106,-0.2937045693397522,1778931700.48168
grallator_flat_new_actuator,Episode_Reward/flat_orientation_l2,107,-0.06634961813688278,1778931701.4833322
grallator_flat_new_actuator,Episode_Reward/flat_orientation_l2,108,-0.05646462365984917,1778931702.5673568
grallator_flat_new_actuator,Episode_Reward/flat_orientation_l2,109,-0.05646462365984917,1778931703.5463855
grallator_flat_new_actuator,Episode_Reward/flat_orientation_l2,110,-0.05646462365984917,1778931704.517032
grallator_flat_new_actuator,Episode_Reward/flat_orientation_l2,111,-0.05646462365984917,1778931705.491605
grallator_flat_new_actuator,Episode_Reward/flat_orientation_l2,112,-0.05646462365984917,1778931706.4745398
grallator_flat_new_actuator,Episode_Reward/flat_orientation_l2,113,-0.05646462365984917,1778931707.443065
grallator_flat_new_actuator,Episode_Reward/flat_orientation_l2,114,-0.05218881368637085,1778931708.4344954
grallator_flat_new_actuator,Episode_Reward/flat_orientation_l2,115,-0.0474013090133667,1778931709.415602
grallator_flat_new_actuator,Episode_Reward/flat_orientation_l2,116,-0.05032425373792648,1778931710.4089367
grallator_flat_new_actuator,Episode_Reward/flat_orientation_l2,117,-0.05847155302762985,1778931711.409715
grallator_flat_new_actuator,Episode_Reward/flat_orientation_l2,118,-0.06661885231733322,1778931712.3802025
grallator_flat_new_actuator,Episode_Reward/flat_orientation_l2,119,-0.06661885231733322,1778931713.4514349
grallator_flat_new_actuator,Episode_Reward/flat_orientation_l2,120,-0.06661885231733322,1778931714.4204006
grallator_flat_new_actuator,Episode_Reward/flat_orientation_l2,121,-0.06661885231733322,1778931715.4069118
grallator_flat_new_actuator,Episode_Reward/flat_orientation_l2,122,-0.06661885231733322,1778931716.3885303
grallator_flat_new_actuator,Episode_Reward/flat_orientation_l2,123,-0.062316328287124634,1778931717.3810773
grallator_flat_new_actuator,Episode_Reward/flat_orientation_l2,124,-0.058013807982206345,1778931718.345466
grallator_flat_new_actuator,Episode_Reward/flat_orientation_l2,125,-0.058013807982206345,1778931719.3213537
grallator_flat_new_actuator,Episode_Reward/flat_orientation_l2,126,-0.058013807982206345,1778931720.301922
grallator_flat_new_actuator,Episode_Reward/flat_orientation_l2,127,-0.058013807982206345,1778931721.286102
grallator_flat_new_actuator,Episode_Reward/flat_orientation_l2,128,-0.06112971156835556,1778931722.286192
grallator_flat_new_actuator,Episode_Reward/flat_orientation_l2,129,-0.06743729114532471,1778931723.2783716
grallator_flat_new_actuator,Episode_Reward/flat_orientation_l2,130,-0.06278342008590698,1778931724.35756
grallator_flat_new_actuator,Episode_Reward/flat_orientation_l2,131,-0.0640588328242302,1778931725.3283644
grallator_flat_new_actuator,Episode_Reward/flat_orientation_l2,132,-0.0640588328242302,1778931726.3040838
grallator_flat_new_actuator,Episode_Reward/flat_orientation_l2,133,-0.0640588328242302,1778931727.2820504
grallator_flat_new_actuator,Episode_Reward/flat_orientation_l2,134,-0.0640588328242302,1778931728.2517793
grallator_flat_new_actuator,Episode_Reward/flat_orientation_l2,135,-0.06242728233337402,1778931729.2419012
grallator_flat_new_actuator,Episode_Reward/flat_orientation_l2,136,-0.0543830469250679,1778931730.2323434
grallator_flat_new_actuator,Episode_Reward/flat_orientation_l2,137,-0.054496537894010544,1778931731.1888304
grallator_flat_new_actuator,Episode_Reward/flat_orientation_l2,138,-0.054496537894010544,1778931732.1502047
grallator_flat_new_actuator,Episode_Reward/flat_orientation_l2,139,-0.054496537894010544,1778931733.1132517
grallator_flat_new_actuator,Episode_Reward/flat_orientation_l2,140,-0.05242374166846275,1778931734.099613
grallator_flat_new_actuator,Episode_Reward/flat_orientation_l2,141,-0.06315861642360687,1778931735.248752
grallator_flat_new_actuator,Episode_Reward/flat_orientation_l2,142,-0.07077540457248688,1778931736.2234964
grallator_flat_new_actuator,Episode_Reward/flat_orientation_l2,143,-0.06959166377782822,1778931737.1961794
grallator_flat_new_actuator,Episode_Reward/flat_orientation_l2,144,-0.05492863059043884,1778931738.1930015
grallator_flat_new_actuator,Episode_Reward/flat_orientation_l2,145,-0.04868931695818901,1778931739.1617362
grallator_flat_new_actuator,Episode_Reward/flat_orientation_l2,146,-0.04868931695818901,1778931740.1245584
grallator_flat_new_actuator,Episode_Reward/flat_orientation_l2,147,-0.04868931695818901,1778931741.080927
grallator_flat_new_actuator,Episode_Reward/flat_orientation_l2,148,-0.05263029783964157,1778931742.0664933
grallator_flat_new_actuator,Episode_Reward/flat_orientation_l2,149,-0.06220124289393425,1778931743.0353723
grallator_flat_new_actuator,Episode_Reward/flat_orientation_l2,150,-0.06220124289393425,1778931743.9996374
grallator_flat_new_actuator,Episode_Reward/flat_orientation_l2,151,-0.06220124289393425,1778931744.9683535
grallator_flat_new_actuator,Episode_Reward/flat_orientation_l2,152,-0.06220124289393425,1778931746.0018356
grallator_flat_new_actuator,Episode_Reward/flat_orientation_l2,153,-0.06220124289393425,1778931746.9612002
grallator_flat_new_actuator,Episode_Reward/flat_orientation_l2,154,-0.06220124289393425,1778931747.9228523
grallator_flat_new_actuator,Episode_Reward/flat_orientation_l2,155,-0.06220124289393425,1778931748.8826096
grallator_flat_new_actuator,Episode_Reward/flat_orientation_l2,156,-0.050560615956783295,1778931749.8618252
grallator_flat_new_actuator,Episode_Reward/flat_orientation_l2,157,-0.048391588032245636,1778931750.8480608
grallator_flat_new_actuator,Episode_Reward/flat_orientation_l2,158,-0.049643613398075104,1778931751.8105462
grallator_flat_new_actuator,Episode_Reward/flat_orientation_l2,159,-0.04987248033285141,1778931752.7975104
grallator_flat_new_actuator,Episode_Reward/flat_orientation_l2,160,-0.04991824924945831,1778931753.759202
grallator_flat_new_actuator,Episode_Reward/flat_orientation_l2,161,-0.04991824924945831,1778931754.7431915
grallator_flat_new_actuator,Episode_Reward/flat_orientation_l2,162,-0.04991824924945831,1778931755.7252975
grallator_flat_new_actuator,Episode_Reward/flat_orientation_l2,163,-0.04991824924945831,1778931756.8103223
grallator_flat_new_actuator,Episode_Reward/flat_orientation_l2,164,-0.04991824924945831,1778931757.768187
grallator_flat_new_actuator,Episode_Reward/flat_orientation_l2,165,-0.041482191532850266,1778931758.7484298
grallator_flat_new_actuator,Episode_Reward/flat_orientation_l2,166,-0.03979497775435448,1778931759.7059853
grallator_flat_new_actuator,Episode_Reward/flat_orientation_l2,167,-0.03979497775435448,1778931760.6718047
grallator_flat_new_actuator,Episode_Reward/flat_orientation_l2,168,-0.03979497775435448,1778931761.622638
grallator_flat_new_actuator,Episode_Reward/flat_orientation_l2,169,-0.03979497775435448,1778931762.571256
grallator_flat_new_actuator,Episode_Reward/flat_orientation_l2,170,-0.03743438050150871,1778931763.5585651
grallator_flat_new_actuator,Episode_Reward/flat_orientation_l2,171,-0.035824015736579895,1778931764.5532339
grallator_flat_new_actuator,Episode_Reward/flat_orientation_l2,172,-0.03861667960882187,1778931765.5299442
grallator_flat_new_actuator,Episode_Reward/flat_orientation_l2,173,-0.03861667960882187,1778931766.4870002
grallator_flat_new_actuator,Episode_Reward/flat_orientation_l2,174,-0.03861667960882187,1778931767.5989835
grallator_flat_new_actuator,Episode_Reward/flat_orientation_l2,175,-0.03861667960882187,1778931768.5607004
grallator_flat_new_actuator,Episode_Reward/flat_orientation_l2,176,-0.03861667960882187,1778931769.5098524
grallator_flat_new_actuator,Episode_Reward/flat_orientation_l2,177,-0.036169640719890594,1778931770.4929528
grallator_flat_new_actuator,Episode_Reward/flat_orientation_l2,178,-0.028187811374664307,1778931771.4652662
grallator_flat_new_actuator,Episode_Reward/flat_orientation_l2,179,-0.027080854400992393,1778931772.4209163
grallator_flat_new_actuator,Episode_Reward/flat_orientation_l2,180,-0.027080854400992393,1778931773.3802767
grallator_flat_new_actuator,Episode_Reward/flat_orientation_l2,181,-0.027161866426467896,1778931774.3338513
grallator_flat_new_actuator,Episode_Reward/flat_orientation_l2,182,-0.027793392539024353,1778931775.3339033
grallator_flat_new_actuator,Episode_Reward/flat_orientation_l2,183,-0.03322359547019005,1778931776.3244433
grallator_flat_new_actuator,Episode_Reward/flat_orientation_l2,184,-0.03869883343577385,1778931777.2777803
grallator_flat_new_actuator,Episode_Reward/flat_orientation_l2,185,-0.03425076976418495,1778931778.3709254
grallator_flat_new_actuator,Episode_Reward/flat_orientation_l2,186,-0.03143849968910217,1778931779.3521104
grallator_flat_new_actuator,Episode_Reward/flat_orientation_l2,187,-0.03432812914252281,1778931780.306222
grallator_flat_new_actuator,Episode_Reward/flat_orientation_l2,188,-0.03432812914252281,1778931781.267733
grallator_flat_new_actuator,Episode_Reward/flat_orientation_l2,189,-0.03432812914252281,1778931782.2241292
grallator_flat_new_actuator,Episode_Reward/flat_orientation_l2,190,-0.029502972960472107,1778931783.205296
grallator_flat_new_actuator,Episode_Reward/flat_orientation_l2,191,-0.026607882231473923,1778931784.1615481
grallator_flat_new_actuator,Episode_Reward/flat_orientation_l2,192,-0.026607882231473923,1778931785.1362786
grallator_flat_new_actuator,Episode_Reward/flat_orientation_l2,193,-0.026607882231473923,1778931786.1066272
grallator_flat_new_actuator,Episode_Reward/flat_orientation_l2,194,-0.026607882231473923,1778931787.0685594
grallator_flat_new_actuator,Episode_Reward/flat_orientation_l2,195,-0.026607882231473923,1778931788.030411
grallator_flat_new_actuator,Episode_Reward/flat_orientation_l2,196,-0.026607882231473923,1778931789.093899
grallator_flat_new_actuator,Episode_Reward/flat_orientation_l2,197,-0.02598309889435768,1778931790.0628014
grallator_flat_new_actuator,Episode_Reward/flat_orientation_l2,198,-0.021609624847769737,1778931791.0468712
grallator_flat_new_actuator,Episode_Reward/flat_orientation_l2,199,-0.02071113884449005,1778931792.0345094
grallator_flat_new_actuator,Episode_Reward/flat_orientation_l2,200,-0.020718656480312347,1778931793.0188317
grallator_flat_new_actuator,Episode_Reward/flat_orientation_l2,201,-0.022253718227148056,1778931794.0007997
grallator_flat_new_actuator,Episode_Reward/flat_orientation_l2,202,-0.022253718227148056,1778931794.987351
grallator_flat_new_actuator,Episode_Reward/flat_orientation_l2,203,-0.022253718227148056,1778931795.947774
grallator_flat_new_actuator,Episode_Reward/flat_orientation_l2,204,-0.022253718227148056,1778931796.9160347
grallator_flat_new_actuator,Episode_Reward/flat_orientation_l2,205,-0.022253718227148056,1778931797.8772495
grallator_flat_new_actuator,Episode_Reward/flat_orientation_l2,206,-0.02160400152206421,1778931798.853986
grallator_flat_new_actuator,Episode_Reward/flat_orientation_l2,207,-0.018355410546064377,1778931799.8230271
grallator_flat_new_actuator,Episode_Reward/flat_orientation_l2,208,-0.018355410546064377,1778931800.7949421
grallator_flat_new_actuator,Episode_Reward/flat_orientation_l2,209,-0.018355410546064377,1778931801.765407
grallator_flat_new_actuator,Episode_Reward/flat_orientation_l2,210,-0.018355410546064377,1778931802.727797
grallator_flat_new_actuator,Episode_Reward/flat_orientation_l2,211,-0.018355410546064377,1778931803.6921113
grallator_flat_new_actuator,Episode_Reward/flat_orientation_l2,212,-0.014290004968643188,1778931804.703751
grallator_flat_new_actuator,Episode_Reward/flat_orientation_l2,213,-0.018794499337673187,1778931805.717656
grallator_flat_new_actuator,Episode_Reward/flat_orientation_l2,214,-0.017080089077353477,1778931806.68561
grallator_flat_new_actuator,Episode_Reward/flat_orientation_l2,215,-0.017080089077353477,1778931807.6539953
grallator_flat_new_actuator,Episode_Reward/flat_orientation_l2,216,-0.017080089077353477,1778931808.6162536
grallator_flat_new_actuator,Episode_Reward/flat_orientation_l2,217,-0.017080089077353477,1778931809.589537
grallator_flat_new_actuator,Episode_Reward/flat_orientation_l2,218,-0.017080089077353477,1778931810.555899
grallator_flat_new_actuator,Episode_Reward/flat_orientation_l2,219,-0.014508260414004326,1778931811.7075388
grallator_flat_new_actuator,Episode_Reward/flat_orientation_l2,220,-0.01709876023232937,1778931812.6769276
grallator_flat_new_actuator,Episode_Reward/flat_orientation_l2,221,-0.01709876023232937,1778931813.6425238
grallator_flat_new_actuator,Episode_Reward/flat_orientation_l2,222,-0.01709876023232937,1778931814.6113644
grallator_flat_new_actuator,Episode_Reward/flat_orientation_l2,223,-0.01800987683236599,1778931815.6037874
grallator_flat_new_actuator,Episode_Reward/flat_orientation_l2,224,-0.017325349152088165,1778931816.5950928
grallator_flat_new_actuator,Episode_Reward/flat_orientation_l2,225,-0.019021861255168915,1778931817.596274
grallator_flat_new_actuator,Episode_Reward/flat_orientation_l2,226,-0.019164038822054863,1778931818.5615625
grallator_flat_new_actuator,Episode_Reward/flat_orientation_l2,227,-0.02504415437579155,1778931819.5534232
grallator_flat_new_actuator,Episode_Reward/flat_orientation_l2,228,-0.0159845519810915,1778931820.5596895
grallator_flat_new_actuator,Episode_Reward/flat_orientation_l2,229,-0.014410316944122314,1778931821.5360966
grallator_flat_new_actuator,Episode_Reward/flat_orientation_l2,230,-0.014410316944122314,1778931822.5359073
grallator_flat_new_actuator,Episode_Reward/flat_orientation_l2,231,-0.014410316944122314,1778931823.5054684
grallator_flat_new_actuator,Episode_Reward/flat_orientation_l2,232,-0.0216373261064291,1778931824.4914327
grallator_flat_new_actuator,Episode_Reward/flat_orientation_l2,233,-0.021951545029878616,1778931825.4518905
grallator_flat_new_actuator,Episode_Reward/flat_orientation_l2,234,-0.021951545029878616,1778931826.429858
grallator_flat_new_actuator,Episode_Reward/flat_orientation_l2,235,-0.021951545029878616,1778931827.4031634
grallator_flat_new_actuator,Episode_Reward/flat_orientation_l2,236,-0.021951545029878616,1778931828.3784318
grallator_flat_new_actuator,Episode_Reward/flat_orientation_l2,237,-0.021951545029878616,1778931829.3578985
grallator_flat_new_actuator,Episode_Reward/flat_orientation_l2,238,-0.021951545029878616,1778931830.3207386
grallator_flat_new_actuator,Episode_Reward/flat_orientation_l2,239,-0.018907597288489342,1778931831.3067322
grallator_flat_new_actuator,Episode_Reward/flat_orientation_l2,240,-0.015363859012722969,1778931832.298016
grallator_flat_new_actuator,Episode_Reward/flat_orientation_l2,241,-0.015954051166772842,1778931833.4294407
grallator_flat_new_actuator,Episode_Reward/flat_orientation_l2,242,-0.017183247953653336,1778931834.4140728
grallator_flat_new_actuator,Episode_Reward/flat_orientation_l2,243,-0.018412446603178978,1778931835.3880491
grallator_flat_new_actuator,Episode_Reward/flat_orientation_l2,244,-0.018412446603178978,1778931836.364366
grallator_flat_new_actuator,Episode_Reward/flat_orientation_l2,245,-0.018412446603178978,1778931837.3274708
grallator_flat_new_actuator,Episode_Reward/flat_orientation_l2,246,-0.018412446603178978,1778931838.2979126
grallator_flat_new_actuator,Episode_Reward/flat_orientation_l2,247,-0.018412446603178978,1778931839.2715027
grallator_flat_new_actuator,Episode_Reward/flat_orientation_l2,248,-0.018621189519762993,1778931840.2687745
grallator_flat_new_actuator,Episode_Reward/flat_orientation_l2,249,-0.018829932436347008,1778931841.2381902
grallator_flat_new_actuator,Episode_Reward/flat_orientation_l2,250,-0.018829932436347008,1778931842.2040975
grallator_flat_new_actuator,Episode_Reward/flat_orientation_l2,251,-0.018829932436347008,1778931843.1776593
grallator_flat_new_actuator,Episode_Reward/flat_orientation_l2,252,-0.018829932436347008,1778931844.2487082
grallator_flat_new_actuator,Episode_Reward/flat_orientation_l2,253,-0.019280385226011276,1778931845.2540145
grallator_flat_new_actuator,Episode_Reward/flat_orientation_l2,254,-0.021295640617609024,1778931846.2322156
grallator_flat_new_actuator,Episode_Reward/flat_orientation_l2,255,-0.021414881572127342,1778931847.2437713
grallator_flat_new_actuator,Episode_Reward/flat_orientation_l2,256,-0.023677391931414604,1778931848.2182844
grallator_flat_new_actuator,Episode_Reward/flat_orientation_l2,257,-0.023677391931414604,1778931849.181625
grallator_flat_new_actuator,Episode_Reward/flat_orientation_l2,258,-0.023677391931414604,1778931850.171506
grallator_flat_new_actuator,Episode_Reward/flat_orientation_l2,259,-0.023677391931414604,1778931851.1358392
grallator_flat_new_actuator,Episode_Reward/flat_orientation_l2,260,-0.02227087691426277,1778931852.1182907
grallator_flat_new_actuator,Episode_Reward/flat_orientation_l2,261,-0.019688529893755913,1778931853.1134489
grallator_flat_new_actuator,Episode_Reward/flat_orientation_l2,262,-0.024138763546943665,1778931854.0742962
grallator_flat_new_actuator,Episode_Reward/flat_orientation_l2,263,-0.024138763546943665,1778931855.149864
grallator_flat_new_actuator,Episode_Reward/flat_orientation_l2,264,-0.024138763546943665,1778931856.10794
grallator_flat_new_actuator,Episode_Reward/flat_orientation_l2,265,-0.025018490850925446,1778931857.1024919
grallator_flat_new_actuator,Episode_Reward/flat_orientation_l2,266,-0.032493047416210175,1778931858.11798
grallator_flat_new_actuator,Episode_Reward/flat_orientation_l2,267,-0.026668375357985497,1778931859.0789266
grallator_flat_new_actuator,Episode_Reward/flat_orientation_l2,268,-0.025731749832630157,1778931860.0661922
grallator_flat_new_actuator,Episode_Reward/flat_orientation_l2,269,-0.014039426110684872,1778931861.0717733
grallator_flat_new_actuator,Episode_Reward/flat_orientation_l2,270,-0.008759470656514168,1778931862.0392668
grallator_flat_new_actuator,Episode_Reward/flat_orientation_l2,271,-0.008759470656514168,1778931863.0114975
grallator_flat_new_actuator,Episode_Reward/flat_orientation_l2,272,-0.008759470656514168,1778931863.9748936
grallator_flat_new_actuator,Episode_Reward/flat_orientation_l2,273,-0.013126766309142113,1778931864.9729857
grallator_flat_new_actuator,Episode_Reward/flat_orientation_l2,274,-0.023733055219054222,1778931866.0114596
grallator_flat_new_actuator,Episode_Reward/flat_orientation_l2,275,-0.023733055219054222,1778931866.9752948
grallator_flat_new_actuator,Episode_Reward/flat_orientation_l2,276,-0.023733055219054222,1778931867.9396741
grallator_flat_new_actuator,Episode_Reward/flat_orientation_l2,277,-0.023733055219054222,1778931868.9028974
grallator_flat_new_actuator,Episode_Reward/flat_orientation_l2,278,-0.023733055219054222,1778931869.8592215
grallator_flat_new_actuator,Episode_Reward/flat_orientation_l2,279,-0.023733055219054222,1778931870.818305
grallator_flat_new_actuator,Episode_Reward/flat_orientation_l2,280,-0.023733055219054222,1778931871.783906
grallator_flat_new_actuator,Episode_Reward/flat_orientation_l2,281,-0.027237657457590103,1778931872.7800944
grallator_flat_new_actuator,Episode_Reward/flat_orientation_l2,282,-0.032182708382606506,1778931873.7712243
grallator_flat_new_actuator,Episode_Reward/flat_orientation_l2,283,-0.037814609706401825,1778931874.727281
grallator_flat_new_actuator,Episode_Reward/flat_orientation_l2,284,-0.018188808113336563,1778931875.7149835
grallator_flat_new_actuator,Episode_Reward/flat_orientation_l2,285,-0.01426365040242672,1778931876.8036337
grallator_flat_new_actuator,Episode_Reward/flat_orientation_l2,286,-0.01426365040242672,1778931877.7601702
grallator_flat_new_actuator,Episode_Reward/flat_orientation_l2,287,-0.01426365040242672,1778931878.714646
grallator_flat_new_actuator,Episode_Reward/flat_orientation_l2,288,-0.01426365040242672,1778931879.6657863
grallator_flat_new_actuator,Episode_Reward/flat_orientation_l2,289,-0.01426365040242672,1778931880.622086
grallator_flat_new_actuator,Episode_Reward/flat_orientation_l2,290,-0.017506463453173637,1778931881.6078465
grallator_flat_new_actuator,Episode_Reward/flat_orientation_l2,291,-0.01815502718091011,1778931882.5743706
grallator_flat_new_actuator,Episode_Reward/flat_orientation_l2,292,-0.01815502718091011,1778931883.5317357
grallator_flat_new_actuator,Episode_Reward/flat_orientation_l2,293,-0.01815502718091011,1778931884.4921706
grallator_flat_new_actuator,Episode_Reward/flat_orientation_l2,294,-0.01815502718091011,1778931885.444497
grallator_flat_new_actuator,Episode_Reward/flat_orientation_l2,295,-0.01644986681640148,1778931886.4443805
grallator_flat_new_actuator,Episode_Reward/flat_orientation_l2,296,-0.015813324600458145,1778931887.512786
grallator_flat_new_actuator,Episode_Reward/flat_orientation_l2,297,-0.018855078145861626,1778931888.5115542
grallator_flat_new_actuator,Episode_Reward/flat_orientation_l2,298,-0.018855078145861626,1778931889.4652944
grallator_flat_new_actuator,Episode_Reward/flat_orientation_l2,299,-0.018855078145861626,1778931890.4214542
grallator_flat_new_actuator,Episode_Reward/dof_pos_limits,0,0.0,1778931591.321968
grallator_flat_new_actuator,Episode_Reward/dof_pos_limits,1,0.0,1778931592.4433894
grallator_flat_new_actuator,Episode_Reward/dof_pos_limits,2,0.0,1778931593.4067154
grallator_flat_new_actuator,Episode_Reward/dof_pos_limits,3,0.0,1778931594.8376775
grallator_flat_new_actuator,Episode_Reward/dof_pos_limits,4,0.0,1778931595.8344755
grallator_flat_new_actuator,Episode_Reward/dof_pos_limits,5,0.0,1778931596.8311477
grallator_flat_new_actuator,Episode_Reward/dof_pos_limits,6,0.0,1778931597.8146038
grallator_flat_new_actuator,Episode_Reward/dof_pos_limits,7,0.0,1778931598.8076913
grallator_flat_new_actuator,Episode_Reward/dof_pos_limits,8,0.0,1778931599.8152366
grallator_flat_new_actuator,Episode_Reward/dof_pos_limits,9,0.0,1778931600.8204684
grallator_flat_new_actuator,Episode_Reward/dof_pos_limits,10,0.0,1778931601.870424
grallator_flat_new_actuator,Episode_Reward/dof_pos_limits,11,0.0,1778931602.984429
grallator_flat_new_actuator,Episode_Reward/dof_pos_limits,12,0.0,1778931604.0138314
grallator_flat_new_actuator,Episode_Reward/dof_pos_limits,13,0.0,1778931605.0414212
grallator_flat_new_actuator,Episode_Reward/dof_pos_limits,14,0.0,1778931606.057992
grallator_flat_new_actuator,Episode_Reward/dof_pos_limits,15,0.0,1778931607.0851207
grallator_flat_new_actuator,Episode_Reward/dof_pos_limits,16,0.0,1778931608.1399827
grallator_flat_new_actuator,Episode_Reward/dof_pos_limits,17,0.0,1778931609.1694698
grallator_flat_new_actuator,Episode_Reward/dof_pos_limits,18,0.0,1778931610.21178
grallator_flat_new_actuator,Episode_Reward/dof_pos_limits,19,0.0,1778931611.2713404
grallator_flat_new_actuator,Episode_Reward/dof_pos_limits,20,0.0,1778931612.300293
grallator_flat_new_actuator,Episode_Reward/dof_pos_limits,21,0.0,1778931613.3420699
grallator_flat_new_actuator,Episode_Reward/dof_pos_limits,22,0.0,1778931614.3687544
grallator_flat_new_actuator,Episode_Reward/dof_pos_limits,23,0.0,1778931615.5393782
grallator_flat_new_actuator,Episode_Reward/dof_pos_limits,24,0.0,1778931616.5763166
grallator_flat_new_actuator,Episode_Reward/dof_pos_limits,25,0.0,1778931617.6136453
grallator_flat_new_actuator,Episode_Reward/dof_pos_limits,26,0.0,1778931618.6440635
grallator_flat_new_actuator,Episode_Reward/dof_pos_limits,27,0.0,1778931619.6643932
grallator_flat_new_actuator,Episode_Reward/dof_pos_limits,28,0.0,1778931620.688226
grallator_flat_new_actuator,Episode_Reward/dof_pos_limits,29,0.0,1778931621.7089326
grallator_flat_new_actuator,Episode_Reward/dof_pos_limits,30,0.0,1778931622.7461333
grallator_flat_new_actuator,Episode_Reward/dof_pos_limits,31,0.0,1778931623.7835522
grallator_flat_new_actuator,Episode_Reward/dof_pos_limits,32,0.0,1778931624.8359838
grallator_flat_new_actuator,Episode_Reward/dof_pos_limits,33,0.0,1778931626.006449
grallator_flat_new_actuator,Episode_Reward/dof_pos_limits,34,0.0,1778931627.06775
grallator_flat_new_actuator,Episode_Reward/dof_pos_limits,35,0.0,1778931628.099269
grallator_flat_new_actuator,Episode_Reward/dof_pos_limits,36,0.0,1778931629.123867
grallator_flat_new_actuator,Episode_Reward/dof_pos_limits,37,0.0,1778931630.1472516
grallator_flat_new_actuator,Episode_Reward/dof_pos_limits,38,0.0,1778931631.1748323
grallator_flat_new_actuator,Episode_Reward/dof_pos_limits,39,0.0,1778931632.199778
grallator_flat_new_actuator,Episode_Reward/dof_pos_limits,40,0.0,1778931633.246483
grallator_flat_new_actuator,Episode_Reward/dof_pos_limits,41,0.0,1778931634.2952914
grallator_flat_new_actuator,Episode_Reward/dof_pos_limits,42,0.0,1778931635.3259192
grallator_flat_new_actuator,Episode_Reward/dof_pos_limits,43,0.0,1778931636.5183349
grallator_flat_new_actuator,Episode_Reward/dof_pos_limits,44,0.0,1778931637.5406055
grallator_flat_new_actuator,Episode_Reward/dof_pos_limits,45,0.0,1778931638.5920327
grallator_flat_new_actuator,Episode_Reward/dof_pos_limits,46,0.0,1778931639.64446
grallator_flat_new_actuator,Episode_Reward/dof_pos_limits,47,0.0,1778931640.6744757
grallator_flat_new_actuator,Episode_Reward/dof_pos_limits,48,0.0,1778931641.6847887
grallator_flat_new_actuator,Episode_Reward/dof_pos_limits,49,0.0,1778931642.703845
grallator_flat_new_actuator,Episode_Reward/dof_pos_limits,50,0.0,1778931643.720182
grallator_flat_new_actuator,Episode_Reward/dof_pos_limits,51,0.0,1778931644.7487202
grallator_flat_new_actuator,Episode_Reward/dof_pos_limits,52,0.0,1778931645.7862227
grallator_flat_new_actuator,Episode_Reward/dof_pos_limits,53,0.0,1778931646.817799
grallator_flat_new_actuator,Episode_Reward/dof_pos_limits,54,0.0,1778931647.912309
grallator_flat_new_actuator,Episode_Reward/dof_pos_limits,55,0.0,1778931648.9258244
grallator_flat_new_actuator,Episode_Reward/dof_pos_limits,56,0.0,1778931649.9305975
grallator_flat_new_actuator,Episode_Reward/dof_pos_limits,57,0.0,1778931650.9690309
grallator_flat_new_actuator,Episode_Reward/dof_pos_limits,58,0.0,1778931652.0019474
grallator_flat_new_actuator,Episode_Reward/dof_pos_limits,59,0.0,1778931653.0282571
grallator_flat_new_actuator,Episode_Reward/dof_pos_limits,60,0.0,1778931654.0556638
grallator_flat_new_actuator,Episode_Reward/dof_pos_limits,61,0.0,1778931655.0792642
grallator_flat_new_actuator,Episode_Reward/dof_pos_limits,62,0.0,1778931656.0844684
grallator_flat_new_actuator,Episode_Reward/dof_pos_limits,63,0.0,1778931657.092167
grallator_flat_new_actuator,Episode_Reward/dof_pos_limits,64,0.0,1778931658.1004925
grallator_flat_new_actuator,Episode_Reward/dof_pos_limits,65,0.0,1778931659.1681046
grallator_flat_new_actuator,Episode_Reward/dof_pos_limits,66,0.0,1778931660.1793056
grallator_flat_new_actuator,Episode_Reward/dof_pos_limits,67,0.0,1778931661.1921399
grallator_flat_new_actuator,Episode_Reward/dof_pos_limits,68,0.0,1778931662.1933982
grallator_flat_new_actuator,Episode_Reward/dof_pos_limits,69,0.0,1778931663.1978283
grallator_flat_new_actuator,Episode_Reward/dof_pos_limits,70,0.0,1778931664.1952446
grallator_flat_new_actuator,Episode_Reward/dof_pos_limits,71,0.0,1778931665.1983874
grallator_flat_new_actuator,Episode_Reward/dof_pos_limits,72,0.0,1778931666.2092004
grallator_flat_new_actuator,Episode_Reward/dof_pos_limits,73,0.0,1778931667.2344837
grallator_flat_new_actuator,Episode_Reward/dof_pos_limits,74,0.0,1778931668.246862
grallator_flat_new_actuator,Episode_Reward/dof_pos_limits,75,0.0,1778931669.32319
grallator_flat_new_actuator,Episode_Reward/dof_pos_limits,76,0.0,1778931670.3178005
grallator_flat_new_actuator,Episode_Reward/dof_pos_limits,77,0.0,1778931671.3129122
grallator_flat_new_actuator,Episode_Reward/dof_pos_limits,78,0.0,1778931672.3011315
grallator_flat_new_actuator,Episode_Reward/dof_pos_limits,79,0.0,1778931673.2918181
grallator_flat_new_actuator,Episode_Reward/dof_pos_limits,80,0.0,1778931674.277063
grallator_flat_new_actuator,Episode_Reward/dof_pos_limits,81,0.0,1778931675.2821407
grallator_flat_new_actuator,Episode_Reward/dof_pos_limits,82,0.0,1778931676.276215
grallator_flat_new_actuator,Episode_Reward/dof_pos_limits,83,0.0,1778931677.2702596
grallator_flat_new_actuator,Episode_Reward/dof_pos_limits,84,0.0,1778931678.2697287
grallator_flat_new_actuator,Episode_Reward/dof_pos_limits,85,0.0,1778931679.2627316
grallator_flat_new_actuator,Episode_Reward/dof_pos_limits,86,0.0,1778931680.414886
grallator_flat_new_actuator,Episode_Reward/dof_pos_limits,87,0.0,1778931681.433838
grallator_flat_new_actuator,Episode_Reward/dof_pos_limits,88,0.0,1778931682.4761102
grallator_flat_new_actuator,Episode_Reward/dof_pos_limits,89,0.0,1778931683.4714363
grallator_flat_new_actuator,Episode_Reward/dof_pos_limits,90,0.0,1778931684.464958
grallator_flat_new_actuator,Episode_Reward/dof_pos_limits,91,0.0,1778931685.456661
grallator_flat_new_actuator,Episode_Reward/dof_pos_limits,92,0.0,1778931686.4470146
grallator_flat_new_actuator,Episode_Reward/dof_pos_limits,93,0.0,1778931687.4383655
grallator_flat_new_actuator,Episode_Reward/dof_pos_limits,94,0.0,1778931688.4665015
grallator_flat_new_actuator,Episode_Reward/dof_pos_limits,95,0.0,1778931689.458366
grallator_flat_new_actuator,Episode_Reward/dof_pos_limits,96,0.0,1778931690.4555454
grallator_flat_new_actuator,Episode_Reward/dof_pos_limits,97,0.0,1778931691.500104
grallator_flat_new_actuator,Episode_Reward/dof_pos_limits,98,0.0,1778931692.5076492
grallator_flat_new_actuator,Episode_Reward/dof_pos_limits,99,0.0,1778931693.5165424
grallator_flat_new_actuator,Episode_Reward/dof_pos_limits,100,0.0,1778931694.5404024
grallator_flat_new_actuator,Episode_Reward/dof_pos_limits,101,0.0,1778931695.5369766
grallator_flat_new_actuator,Episode_Reward/dof_pos_limits,102,0.0,1778931696.5319693
grallator_flat_new_actuator,Episode_Reward/dof_pos_limits,103,0.0,1778931697.526006
grallator_flat_new_actuator,Episode_Reward/dof_pos_limits,104,0.0,1778931698.5021105
grallator_flat_new_actuator,Episode_Reward/dof_pos_limits,105,0.0,1778931699.5048397
grallator_flat_new_actuator,Episode_Reward/dof_pos_limits,106,0.0,1778931700.4821851
grallator_flat_new_actuator,Episode_Reward/dof_pos_limits,107,0.0,1778931701.4838557
grallator_flat_new_actuator,Episode_Reward/dof_pos_limits,108,0.0,1778931702.568024
grallator_flat_new_actuator,Episode_Reward/dof_pos_limits,109,0.0,1778931703.5469134
grallator_flat_new_actuator,Episode_Reward/dof_pos_limits,110,0.0,1778931704.5174751
grallator_flat_new_actuator,Episode_Reward/dof_pos_limits,111,0.0,1778931705.4920418
grallator_flat_new_actuator,Episode_Reward/dof_pos_limits,112,0.0,1778931706.4750345
grallator_flat_new_actuator,Episode_Reward/dof_pos_limits,113,0.0,1778931707.4435399
grallator_flat_new_actuator,Episode_Reward/dof_pos_limits,114,0.0,1778931708.4350092
grallator_flat_new_actuator,Episode_Reward/dof_pos_limits,115,0.0,1778931709.4160683
grallator_flat_new_actuator,Episode_Reward/dof_pos_limits,116,0.0,1778931710.4094086
grallator_flat_new_actuator,Episode_Reward/dof_pos_limits,117,0.0,1778931711.410197
grallator_flat_new_actuator,Episode_Reward/dof_pos_limits,118,0.0,1778931712.3807216
grallator_flat_new_actuator,Episode_Reward/dof_pos_limits,119,0.0,1778931713.451928
grallator_flat_new_actuator,Episode_Reward/dof_pos_limits,120,0.0,1778931714.4209864
grallator_flat_new_actuator,Episode_Reward/dof_pos_limits,121,0.0,1778931715.4075165
grallator_flat_new_actuator,Episode_Reward/dof_pos_limits,122,0.0,1778931716.3890312
grallator_flat_new_actuator,Episode_Reward/dof_pos_limits,123,0.0,1778931717.381526
grallator_flat_new_actuator,Episode_Reward/dof_pos_limits,124,0.0,1778931718.345937
grallator_flat_new_actuator,Episode_Reward/dof_pos_limits,125,0.0,1778931719.3219495
grallator_flat_new_actuator,Episode_Reward/dof_pos_limits,126,0.0,1778931720.3024628
grallator_flat_new_actuator,Episode_Reward/dof_pos_limits,127,0.0,1778931721.2866337
grallator_flat_new_actuator,Episode_Reward/dof_pos_limits,128,0.0,1778931722.2867248
grallator_flat_new_actuator,Episode_Reward/dof_pos_limits,129,0.0,1778931723.2789288
grallator_flat_new_actuator,Episode_Reward/dof_pos_limits,130,0.0,1778931724.3580403
grallator_flat_new_actuator,Episode_Reward/dof_pos_limits,131,0.0,1778931725.328873
grallator_flat_new_actuator,Episode_Reward/dof_pos_limits,132,0.0,1778931726.3046465
grallator_flat_new_actuator,Episode_Reward/dof_pos_limits,133,0.0,1778931727.282617
grallator_flat_new_actuator,Episode_Reward/dof_pos_limits,134,0.0,1778931728.2522292
grallator_flat_new_actuator,Episode_Reward/dof_pos_limits,135,0.0,1778931729.2424293
grallator_flat_new_actuator,Episode_Reward/dof_pos_limits,136,0.0,1778931730.2328854
grallator_flat_new_actuator,Episode_Reward/dof_pos_limits,137,0.0,1778931731.1892748
grallator_flat_new_actuator,Episode_Reward/dof_pos_limits,138,0.0,1778931732.1507056
grallator_flat_new_actuator,Episode_Reward/dof_pos_limits,139,0.0,1778931733.1138184
grallator_flat_new_actuator,Episode_Reward/dof_pos_limits,140,0.0,1778931734.1000679
grallator_flat_new_actuator,Episode_Reward/dof_pos_limits,141,0.0,1778931735.2493045
grallator_flat_new_actuator,Episode_Reward/dof_pos_limits,142,0.0,1778931736.2240205
grallator_flat_new_actuator,Episode_Reward/dof_pos_limits,143,0.0,1778931737.1966772
grallator_flat_new_actuator,Episode_Reward/dof_pos_limits,144,0.0,1778931738.1937683
grallator_flat_new_actuator,Episode_Reward/dof_pos_limits,145,0.0,1778931739.162215
grallator_flat_new_actuator,Episode_Reward/dof_pos_limits,146,0.0,1778931740.125086
grallator_flat_new_actuator,Episode_Reward/dof_pos_limits,147,0.0,1778931741.0814269
grallator_flat_new_actuator,Episode_Reward/dof_pos_limits,148,0.0,1778931742.0670078
grallator_flat_new_actuator,Episode_Reward/dof_pos_limits,149,0.0,1778931743.0358484
grallator_flat_new_actuator,Episode_Reward/dof_pos_limits,150,0.0,1778931744.0001173
grallator_flat_new_actuator,Episode_Reward/dof_pos_limits,151,0.0,1778931744.968838
grallator_flat_new_actuator,Episode_Reward/dof_pos_limits,152,0.0,1778931746.0023158
grallator_flat_new_actuator,Episode_Reward/dof_pos_limits,153,0.0,1778931746.9617293
grallator_flat_new_actuator,Episode_Reward/dof_pos_limits,154,0.0,1778931747.923333
grallator_flat_new_actuator,Episode_Reward/dof_pos_limits,155,0.0,1778931748.883124
grallator_flat_new_actuator,Episode_Reward/dof_pos_limits,156,0.0,1778931749.8623044
grallator_flat_new_actuator,Episode_Reward/dof_pos_limits,157,0.0,1778931750.8485968
grallator_flat_new_actuator,Episode_Reward/dof_pos_limits,158,0.0,1778931751.8110387
grallator_flat_new_actuator,Episode_Reward/dof_pos_limits,159,0.0,1778931752.7980475
grallator_flat_new_actuator,Episode_Reward/dof_pos_limits,160,0.0,1778931753.7596972
grallator_flat_new_actuator,Episode_Reward/dof_pos_limits,161,0.0,1778931754.7436745
grallator_flat_new_actuator,Episode_Reward/dof_pos_limits,162,0.0,1778931755.725811
grallator_flat_new_actuator,Episode_Reward/dof_pos_limits,163,0.0,1778931756.8108292
grallator_flat_new_actuator,Episode_Reward/dof_pos_limits,164,0.0,1778931757.7688625
grallator_flat_new_actuator,Episode_Reward/dof_pos_limits,165,0.0,1778931758.7489762
grallator_flat_new_actuator,Episode_Reward/dof_pos_limits,166,0.0,1778931759.7064981
grallator_flat_new_actuator,Episode_Reward/dof_pos_limits,167,0.0,1778931760.6722724
grallator_flat_new_actuator,Episode_Reward/dof_pos_limits,168,0.0,1778931761.6231053
grallator_flat_new_actuator,Episode_Reward/dof_pos_limits,169,0.0,1778931762.5717537
grallator_flat_new_actuator,Episode_Reward/dof_pos_limits,170,0.0,1778931763.559099
grallator_flat_new_actuator,Episode_Reward/dof_pos_limits,171,0.0,1778931764.5537498
grallator_flat_new_actuator,Episode_Reward/dof_pos_limits,172,0.0,1778931765.5306191
grallator_flat_new_actuator,Episode_Reward/dof_pos_limits,173,0.0,1778931766.487471
grallator_flat_new_actuator,Episode_Reward/dof_pos_limits,174,0.0,1778931767.599487
grallator_flat_new_actuator,Episode_Reward/dof_pos_limits,175,0.0,1778931768.5611873
grallator_flat_new_actuator,Episode_Reward/dof_pos_limits,176,0.0,1778931769.5104218
grallator_flat_new_actuator,Episode_Reward/dof_pos_limits,177,0.0,1778931770.4934225
grallator_flat_new_actuator,Episode_Reward/dof_pos_limits,178,0.0,1778931771.46577
grallator_flat_new_actuator,Episode_Reward/dof_pos_limits,179,0.0,1778931772.4213588
grallator_flat_new_actuator,Episode_Reward/dof_pos_limits,180,0.0,1778931773.3808184
grallator_flat_new_actuator,Episode_Reward/dof_pos_limits,181,0.0,1778931774.3343828
grallator_flat_new_actuator,Episode_Reward/dof_pos_limits,182,0.0,1778931775.3344016
grallator_flat_new_actuator,Episode_Reward/dof_pos_limits,183,0.0,1778931776.3250105
grallator_flat_new_actuator,Episode_Reward/dof_pos_limits,184,0.0,1778931777.2782657
grallator_flat_new_actuator,Episode_Reward/dof_pos_limits,185,0.0,1778931778.3713987
grallator_flat_new_actuator,Episode_Reward/dof_pos_limits,186,0.0,1778931779.3527582
grallator_flat_new_actuator,Episode_Reward/dof_pos_limits,187,0.0,1778931780.3067493
grallator_flat_new_actuator,Episode_Reward/dof_pos_limits,188,0.0,1778931781.2682738
grallator_flat_new_actuator,Episode_Reward/dof_pos_limits,189,0.0,1778931782.224652
grallator_flat_new_actuator,Episode_Reward/dof_pos_limits,190,0.0,1778931783.2058094
grallator_flat_new_actuator,Episode_Reward/dof_pos_limits,191,0.0,1778931784.162073
grallator_flat_new_actuator,Episode_Reward/dof_pos_limits,192,0.0,1778931785.1367903
grallator_flat_new_actuator,Episode_Reward/dof_pos_limits,193,0.0,1778931786.1071308
grallator_flat_new_actuator,Episode_Reward/dof_pos_limits,194,0.0,1778931787.0690925
grallator_flat_new_actuator,Episode_Reward/dof_pos_limits,195,0.0,1778931788.030907
grallator_flat_new_actuator,Episode_Reward/dof_pos_limits,196,0.0,1778931789.0944374
grallator_flat_new_actuator,Episode_Reward/dof_pos_limits,197,0.0,1778931790.0632808
grallator_flat_new_actuator,Episode_Reward/dof_pos_limits,198,0.0,1778931791.047342
grallator_flat_new_actuator,Episode_Reward/dof_pos_limits,199,0.0,1778931792.0350144
grallator_flat_new_actuator,Episode_Reward/dof_pos_limits,200,0.0,1778931793.019344
grallator_flat_new_actuator,Episode_Reward/dof_pos_limits,201,0.0,1778931794.0012987
grallator_flat_new_actuator,Episode_Reward/dof_pos_limits,202,0.0,1778931794.987827
grallator_flat_new_actuator,Episode_Reward/dof_pos_limits,203,0.0,1778931795.948248
grallator_flat_new_actuator,Episode_Reward/dof_pos_limits,204,0.0,1778931796.9165356
grallator_flat_new_actuator,Episode_Reward/dof_pos_limits,205,0.0,1778931797.8777668
grallator_flat_new_actuator,Episode_Reward/dof_pos_limits,206,0.0,1778931798.8545196
grallator_flat_new_actuator,Episode_Reward/dof_pos_limits,207,0.0,1778931799.823531
grallator_flat_new_actuator,Episode_Reward/dof_pos_limits,208,0.0,1778931800.795443
grallator_flat_new_actuator,Episode_Reward/dof_pos_limits,209,0.0,1778931801.7659273
grallator_flat_new_actuator,Episode_Reward/dof_pos_limits,210,0.0,1778931802.728284
grallator_flat_new_actuator,Episode_Reward/dof_pos_limits,211,0.0,1778931803.692644
grallator_flat_new_actuator,Episode_Reward/dof_pos_limits,212,0.0,1778931804.7043724
grallator_flat_new_actuator,Episode_Reward/dof_pos_limits,213,0.0,1778931805.7181447
grallator_flat_new_actuator,Episode_Reward/dof_pos_limits,214,0.0,1778931806.6861155
grallator_flat_new_actuator,Episode_Reward/dof_pos_limits,215,0.0,1778931807.6544824
grallator_flat_new_actuator,Episode_Reward/dof_pos_limits,216,0.0,1778931808.616746
grallator_flat_new_actuator,Episode_Reward/dof_pos_limits,217,0.0,1778931809.5900345
grallator_flat_new_actuator,Episode_Reward/dof_pos_limits,218,0.0,1778931810.5564477
grallator_flat_new_actuator,Episode_Reward/dof_pos_limits,219,0.0,1778931811.7080455
grallator_flat_new_actuator,Episode_Reward/dof_pos_limits,220,0.0,1778931812.6773932
grallator_flat_new_actuator,Episode_Reward/dof_pos_limits,221,0.0,1778931813.6430292
grallator_flat_new_actuator,Episode_Reward/dof_pos_limits,222,0.0,1778931814.6118603
grallator_flat_new_actuator,Episode_Reward/dof_pos_limits,223,0.0,1778931815.604265
grallator_flat_new_actuator,Episode_Reward/dof_pos_limits,224,0.0,1778931816.595613
grallator_flat_new_actuator,Episode_Reward/dof_pos_limits,225,0.0,1778931817.5968077
grallator_flat_new_actuator,Episode_Reward/dof_pos_limits,226,0.0,1778931818.5621016
grallator_flat_new_actuator,Episode_Reward/dof_pos_limits,227,0.0,1778931819.5539207
grallator_flat_new_actuator,Episode_Reward/dof_pos_limits,228,0.0,1778931820.560254
grallator_flat_new_actuator,Episode_Reward/dof_pos_limits,229,0.0,1778931821.5365622
grallator_flat_new_actuator,Episode_Reward/dof_pos_limits,230,0.0,1778931822.5363986
grallator_flat_new_actuator,Episode_Reward/dof_pos_limits,231,0.0,1778931823.5059302
grallator_flat_new_actuator,Episode_Reward/dof_pos_limits,232,0.0,1778931824.4919538
grallator_flat_new_actuator,Episode_Reward/dof_pos_limits,233,0.0,1778931825.4524298
grallator_flat_new_actuator,Episode_Reward/dof_pos_limits,234,0.0,1778931826.4303546
grallator_flat_new_actuator,Episode_Reward/dof_pos_limits,235,0.0,1778931827.4036624
grallator_flat_new_actuator,Episode_Reward/dof_pos_limits,236,0.0,1778931828.3789418
grallator_flat_new_actuator,Episode_Reward/dof_pos_limits,237,0.0,1778931829.3585336
grallator_flat_new_actuator,Episode_Reward/dof_pos_limits,238,0.0,1778931830.3211849
grallator_flat_new_actuator,Episode_Reward/dof_pos_limits,239,0.0,1778931831.3072157
grallator_flat_new_actuator,Episode_Reward/dof_pos_limits,240,0.0,1778931832.2985382
grallator_flat_new_actuator,Episode_Reward/dof_pos_limits,241,0.0,1778931833.429972
grallator_flat_new_actuator,Episode_Reward/dof_pos_limits,242,0.0,1778931834.4146273
grallator_flat_new_actuator,Episode_Reward/dof_pos_limits,243,0.0,1778931835.3886123
grallator_flat_new_actuator,Episode_Reward/dof_pos_limits,244,0.0,1778931836.364875
grallator_flat_new_actuator,Episode_Reward/dof_pos_limits,245,0.0,1778931837.3279722
grallator_flat_new_actuator,Episode_Reward/dof_pos_limits,246,0.0,1778931838.2984054
grallator_flat_new_actuator,Episode_Reward/dof_pos_limits,247,0.0,1778931839.2719946
grallator_flat_new_actuator,Episode_Reward/dof_pos_limits,248,0.0,1778931840.2694008
grallator_flat_new_actuator,Episode_Reward/dof_pos_limits,249,0.0,1778931841.2387745
grallator_flat_new_actuator,Episode_Reward/dof_pos_limits,250,0.0,1778931842.2046258
grallator_flat_new_actuator,Episode_Reward/dof_pos_limits,251,0.0,1778931843.1782
grallator_flat_new_actuator,Episode_Reward/dof_pos_limits,252,0.0,1778931844.2492657
grallator_flat_new_actuator,Episode_Reward/dof_pos_limits,253,0.0,1778931845.2545516
grallator_flat_new_actuator,Episode_Reward/dof_pos_limits,254,0.0,1778931846.232733
grallator_flat_new_actuator,Episode_Reward/dof_pos_limits,255,0.0,1778931847.2442613
grallator_flat_new_actuator,Episode_Reward/dof_pos_limits,256,0.0,1778931848.2187958
grallator_flat_new_actuator,Episode_Reward/dof_pos_limits,257,0.0,1778931849.1821575
grallator_flat_new_actuator,Episode_Reward/dof_pos_limits,258,0.0,1778931850.172125
grallator_flat_new_actuator,Episode_Reward/dof_pos_limits,259,0.0,1778931851.13634
grallator_flat_new_actuator,Episode_Reward/dof_pos_limits,260,0.0,1778931852.1188054
grallator_flat_new_actuator,Episode_Reward/dof_pos_limits,261,0.0,1778931853.1140263
grallator_flat_new_actuator,Episode_Reward/dof_pos_limits,262,0.0,1778931854.074805
grallator_flat_new_actuator,Episode_Reward/dof_pos_limits,263,0.0,1778931855.1503968
grallator_flat_new_actuator,Episode_Reward/dof_pos_limits,264,0.0,1778931856.108394
grallator_flat_new_actuator,Episode_Reward/dof_pos_limits,265,0.0,1778931857.1029944
grallator_flat_new_actuator,Episode_Reward/dof_pos_limits,266,0.0,1778931858.1185095
grallator_flat_new_actuator,Episode_Reward/dof_pos_limits,267,0.0,1778931859.0793848
grallator_flat_new_actuator,Episode_Reward/dof_pos_limits,268,0.0,1778931860.0667057
grallator_flat_new_actuator,Episode_Reward/dof_pos_limits,269,0.0,1778931861.072262
grallator_flat_new_actuator,Episode_Reward/dof_pos_limits,270,0.0,1778931862.0397518
grallator_flat_new_actuator,Episode_Reward/dof_pos_limits,271,0.0,1778931863.011967
grallator_flat_new_actuator,Episode_Reward/dof_pos_limits,272,0.0,1778931863.9753902
grallator_flat_new_actuator,Episode_Reward/dof_pos_limits,273,0.0,1778931864.9734614
grallator_flat_new_actuator,Episode_Reward/dof_pos_limits,274,0.0,1778931866.011952
grallator_flat_new_actuator,Episode_Reward/dof_pos_limits,275,0.0,1778931866.975824
grallator_flat_new_actuator,Episode_Reward/dof_pos_limits,276,0.0,1778931867.940206
grallator_flat_new_actuator,Episode_Reward/dof_pos_limits,277,0.0,1778931868.9034119
grallator_flat_new_actuator,Episode_Reward/dof_pos_limits,278,0.0,1778931869.8597898
grallator_flat_new_actuator,Episode_Reward/dof_pos_limits,279,0.0,1778931870.8188102
grallator_flat_new_actuator,Episode_Reward/dof_pos_limits,280,0.0,1778931871.7844548
grallator_flat_new_actuator,Episode_Reward/dof_pos_limits,281,0.0,1778931872.7806566
grallator_flat_new_actuator,Episode_Reward/dof_pos_limits,282,0.0,1778931873.7717655
grallator_flat_new_actuator,Episode_Reward/dof_pos_limits,283,0.0,1778931874.727858
grallator_flat_new_actuator,Episode_Reward/dof_pos_limits,284,0.0,1778931875.715508
grallator_flat_new_actuator,Episode_Reward/dof_pos_limits,285,0.0,1778931876.804119
grallator_flat_new_actuator,Episode_Reward/dof_pos_limits,286,0.0,1778931877.7606733
grallator_flat_new_actuator,Episode_Reward/dof_pos_limits,287,0.0,1778931878.7151055
grallator_flat_new_actuator,Episode_Reward/dof_pos_limits,288,0.0,1778931879.666274
grallator_flat_new_actuator,Episode_Reward/dof_pos_limits,289,0.0,1778931880.6226254
grallator_flat_new_actuator,Episode_Reward/dof_pos_limits,290,0.0,1778931881.6083138
grallator_flat_new_actuator,Episode_Reward/dof_pos_limits,291,0.0,1778931882.5749059
grallator_flat_new_actuator,Episode_Reward/dof_pos_limits,292,0.0,1778931883.5322268
grallator_flat_new_actuator,Episode_Reward/dof_pos_limits,293,0.0,1778931884.4926624
grallator_flat_new_actuator,Episode_Reward/dof_pos_limits,294,0.0,1778931885.4450393
grallator_flat_new_actuator,Episode_Reward/dof_pos_limits,295,0.0,1778931886.444893
grallator_flat_new_actuator,Episode_Reward/dof_pos_limits,296,0.0,1778931887.5135486
grallator_flat_new_actuator,Episode_Reward/dof_pos_limits,297,0.0,1778931888.5120952
grallator_flat_new_actuator,Episode_Reward/dof_pos_limits,298,0.0,1778931889.4658482
grallator_flat_new_actuator,Episode_Reward/dof_pos_limits,299,0.0,1778931890.421978
grallator_flat_new_actuator,Metrics/base_velocity/error_vel_xy,0,0.0,1778931591.3229756
grallator_flat_new_actuator,Metrics/base_velocity/error_vel_xy,1,0.0,1778931592.4442842
grallator_flat_new_actuator,Metrics/base_velocity/error_vel_xy,2,0.0,1778931593.407669
grallator_flat_new_actuator,Metrics/base_velocity/error_vel_xy,3,0.01693200320005417,1778931594.838759
grallator_flat_new_actuator,Metrics/base_velocity/error_vel_xy,4,0.058666374534368515,1778931595.8354688
grallator_flat_new_actuator,Metrics/base_velocity/error_vel_xy,5,0.10405264794826508,1778931596.8321579
grallator_flat_new_actuator,Metrics/base_velocity/error_vel_xy,6,0.11477367579936981,1778931597.8154821
grallator_flat_new_actuator,Metrics/base_velocity/error_vel_xy,7,0.11477367579936981,1778931598.8085663
grallator_flat_new_actuator,Metrics/base_velocity/error_vel_xy,8,0.11477367579936981,1778931599.8162057
grallator_flat_new_actuator,Metrics/base_velocity/error_vel_xy,9,0.11477367579936981,1778931600.8214145
grallator_flat_new_actuator,Metrics/base_velocity/error_vel_xy,10,0.13863971829414368,1778931601.871726
grallator_flat_new_actuator,Metrics/base_velocity/error_vel_xy,11,0.20981740951538086,1778931602.9853911
grallator_flat_new_actuator,Metrics/base_velocity/error_vel_xy,12,0.1616649478673935,1778931604.0147858
grallator_flat_new_actuator,Metrics/base_velocity/error_vel_xy,13,0.1616649478673935,1778931605.0423467
grallator_flat_new_actuator,Metrics/base_velocity/error_vel_xy,14,0.1616649478673935,1778931606.0589018
grallator_flat_new_actuator,Metrics/base_velocity/error_vel_xy,15,0.24339866638183594,1778931607.0861099
grallator_flat_new_actuator,Metrics/base_velocity/error_vel_xy,16,0.2322988361120224,1778931608.140943
grallator_flat_new_actuator,Metrics/base_velocity/error_vel_xy,17,0.38557812571525574,1778931609.1703637
grallator_flat_new_actuator,Metrics/base_velocity/error_vel_xy,18,0.3712182939052582,1778931610.2131217
grallator_flat_new_actuator,Metrics/base_velocity/error_vel_xy,19,0.20303252339363098,1778931611.2726629
grallator_flat_new_actuator,Metrics/base_velocity/error_vel_xy,20,0.16416800022125244,1778931612.301244
grallator_flat_new_actuator,Metrics/base_velocity/error_vel_xy,21,0.16416800022125244,1778931613.3431153
grallator_flat_new_actuator,Metrics/base_velocity/error_vel_xy,22,0.16416800022125244,1778931614.3697507
grallator_flat_new_actuator,Metrics/base_velocity/error_vel_xy,23,0.16615502536296844,1778931615.5402935
grallator_flat_new_actuator,Metrics/base_velocity/error_vel_xy,24,0.17098061740398407,1778931616.5772595
grallator_flat_new_actuator,Metrics/base_velocity/error_vel_xy,25,0.17098061740398407,1778931617.6145198
grallator_flat_new_actuator,Metrics/base_velocity/error_vel_xy,26,0.17098061740398407,1778931618.6449761
grallator_flat_new_actuator,Metrics/base_velocity/error_vel_xy,27,0.17098061740398407,1778931619.6653001
grallator_flat_new_actuator,Metrics/base_velocity/error_vel_xy,28,0.17098061740398407,1778931620.6892033
grallator_flat_new_actuator,Metrics/base_velocity/error_vel_xy,29,0.17098061740398407,1778931621.7098608
grallator_flat_new_actuator,Metrics/base_velocity/error_vel_xy,30,0.17098061740398407,1778931622.7470903
grallator_flat_new_actuator,Metrics/base_velocity/error_vel_xy,31,0.2903188467025757,1778931623.7845147
grallator_flat_new_actuator,Metrics/base_velocity/error_vel_xy,32,0.4161003530025482,1778931624.8369148
grallator_flat_new_actuator,Metrics/base_velocity/error_vel_xy,33,0.5482277870178223,1778931626.007341
grallator_flat_new_actuator,Metrics/base_velocity/error_vel_xy,34,0.4594956338405609,1778931627.0687225
grallator_flat_new_actuator,Metrics/base_velocity/error_vel_xy,35,0.4417491853237152,1778931628.1005666
grallator_flat_new_actuator,Metrics/base_velocity/error_vel_xy,36,0.4417491853237152,1778931629.1248577
grallator_flat_new_actuator,Metrics/base_velocity/error_vel_xy,37,0.4417491853237152,1778931630.1481762
grallator_flat_new_actuator,Metrics/base_velocity/error_vel_xy,38,0.4417491853237152,1778931631.1757748
grallator_flat_new_actuator,Metrics/base_velocity/error_vel_xy,39,0.4417491853237152,1778931632.200736
grallator_flat_new_actuator,Metrics/base_velocity/error_vel_xy,40,0.7582976818084717,1778931633.2475216
grallator_flat_new_actuator,Metrics/base_velocity/error_vel_xy,41,0.8216074705123901,1778931634.2965987
grallator_flat_new_actuator,Metrics/base_velocity/error_vel_xy,42,0.8216074705123901,1778931635.3268025
grallator_flat_new_actuator,Metrics/base_velocity/error_vel_xy,43,0.8216074705123901,1778931636.5192568
grallator_flat_new_actuator,Metrics/base_velocity/error_vel_xy,44,0.8216074705123901,1778931637.5414815
grallator_flat_new_actuator,Metrics/base_velocity/error_vel_xy,45,0.7067331671714783,1778931638.5929933
grallator_flat_new_actuator,Metrics/base_velocity/error_vel_xy,46,0.7137206792831421,1778931639.6457691
grallator_flat_new_actuator,Metrics/base_velocity/error_vel_xy,47,0.817269504070282,1778931640.6753871
grallator_flat_new_actuator,Metrics/base_velocity/error_vel_xy,48,0.817269504070282,1778931641.6857119
grallator_flat_new_actuator,Metrics/base_velocity/error_vel_xy,49,0.817269504070282,1778931642.7047904
grallator_flat_new_actuator,Metrics/base_velocity/error_vel_xy,50,0.817269504070282,1778931643.7210739
grallator_flat_new_actuator,Metrics/base_velocity/error_vel_xy,51,0.817269504070282,1778931644.7496219
grallator_flat_new_actuator,Metrics/base_velocity/error_vel_xy,52,0.5904806852340698,1778931645.787241
grallator_flat_new_actuator,Metrics/base_velocity/error_vel_xy,53,0.37994012236595154,1778931646.8188047
grallator_flat_new_actuator,Metrics/base_velocity/error_vel_xy,54,0.38318976759910583,1778931647.9132414
grallator_flat_new_actuator,Metrics/base_velocity/error_vel_xy,55,0.38318976759910583,1778931648.9268203
grallator_flat_new_actuator,Metrics/base_velocity/error_vel_xy,56,0.39039552211761475,1778931649.931515
grallator_flat_new_actuator,Metrics/base_velocity/error_vel_xy,57,0.48835623264312744,1778931650.9700468
grallator_flat_new_actuator,Metrics/base_velocity/error_vel_xy,58,0.27766263484954834,1778931652.002914
grallator_flat_new_actuator,Metrics/base_velocity/error_vel_xy,59,0.27323466539382935,1778931653.0295353
grallator_flat_new_actuator,Metrics/base_velocity/error_vel_xy,60,0.4775398373603821,1778931654.0566156
grallator_flat_new_actuator,Metrics/base_velocity/error_vel_xy,61,0.5457248091697693,1778931655.0801423
grallator_flat_new_actuator,Metrics/base_velocity/error_vel_xy,62,0.3613966405391693,1778931656.0853932
grallator_flat_new_actuator,Metrics/base_velocity/error_vel_xy,63,0.3613966405391693,1778931657.0930777
grallator_flat_new_actuator,Metrics/base_velocity/error_vel_xy,64,0.3613966405391693,1778931658.1014488
grallator_flat_new_actuator,Metrics/base_velocity/error_vel_xy,65,0.46212705969810486,1778931659.1691399
grallator_flat_new_actuator,Metrics/base_velocity/error_vel_xy,66,0.5225653648376465,1778931660.1802468
grallator_flat_new_actuator,Metrics/base_velocity/error_vel_xy,67,0.5225653648376465,1778931661.1931002
grallator_flat_new_actuator,Metrics/base_velocity/error_vel_xy,68,0.5225653648376465,1778931662.1943233
grallator_flat_new_actuator,Metrics/base_velocity/error_vel_xy,69,0.5225653648376465,1778931663.1987739
grallator_flat_new_actuator,Metrics/base_velocity/error_vel_xy,70,0.5225653648376465,1778931664.1961544
grallator_flat_new_actuator,Metrics/base_velocity/error_vel_xy,71,0.5225653648376465,1778931665.1993322
grallator_flat_new_actuator,Metrics/base_velocity/error_vel_xy,72,0.5196514129638672,1778931666.2101448
grallator_flat_new_actuator,Metrics/base_velocity/error_vel_xy,73,0.4992534816265106,1778931667.2354202
grallator_flat_new_actuator,Metrics/base_velocity/error_vel_xy,74,0.5917176604270935,1778931668.2478113
grallator_flat_new_actuator,Metrics/base_velocity/error_vel_xy,75,0.5620977878570557,1778931669.324127
grallator_flat_new_actuator,Metrics/base_velocity/error_vel_xy,76,0.25989168882369995,1778931670.3188155
grallator_flat_new_actuator,Metrics/base_velocity/error_vel_xy,77,0.25989168882369995,1778931671.313894
grallator_flat_new_actuator,Metrics/base_velocity/error_vel_xy,78,0.25989168882369995,1778931672.30208
grallator_flat_new_actuator,Metrics/base_velocity/error_vel_xy,79,0.25989168882369995,1778931673.292744
grallator_flat_new_actuator,Metrics/base_velocity/error_vel_xy,80,0.25989168882369995,1778931674.2780352
grallator_flat_new_actuator,Metrics/base_velocity/error_vel_xy,81,0.28537073731422424,1778931675.2830858
grallator_flat_new_actuator,Metrics/base_velocity/error_vel_xy,82,0.4127659201622009,1778931676.2771163
grallator_flat_new_actuator,Metrics/base_velocity/error_vel_xy,83,0.4127659201622009,1778931677.2712648
grallator_flat_new_actuator,Metrics/base_velocity/error_vel_xy,84,0.4127659201622009,1778931678.2706864
grallator_flat_new_actuator,Metrics/base_velocity/error_vel_xy,85,0.4127659201622009,1778931679.2636385
grallator_flat_new_actuator,Metrics/base_velocity/error_vel_xy,86,0.4127659201622009,1778931680.4157805
grallator_flat_new_actuator,Metrics/base_velocity/error_vel_xy,87,0.5980739593505859,1778931681.4348319
grallator_flat_new_actuator,Metrics/base_velocity/error_vel_xy,88,0.5604705214500427,1778931682.4774194
grallator_flat_new_actuator,Metrics/base_velocity/error_vel_xy,89,0.5168599486351013,1778931683.4723084
grallator_flat_new_actuator,Metrics/base_velocity/error_vel_xy,90,0.5168599486351013,1778931684.465882
grallator_flat_new_actuator,Metrics/base_velocity/error_vel_xy,91,0.5168599486351013,1778931685.457554
grallator_flat_new_actuator,Metrics/base_velocity/error_vel_xy,92,0.5168599486351013,1778931686.4480789
grallator_flat_new_actuator,Metrics/base_velocity/error_vel_xy,93,0.5168599486351013,1778931687.439279
grallator_flat_new_actuator,Metrics/base_velocity/error_vel_xy,94,0.3684961199760437,1778931688.4674816
grallator_flat_new_actuator,Metrics/base_velocity/error_vel_xy,95,0.4234507083892822,1778931689.459303
grallator_flat_new_actuator,Metrics/base_velocity/error_vel_xy,96,0.4234507083892822,1778931690.4565003
grallator_flat_new_actuator,Metrics/base_velocity/error_vel_xy,97,0.4234507083892822,1778931691.5010476
grallator_flat_new_actuator,Metrics/base_velocity/error_vel_xy,98,0.4601978659629822,1778931692.5086205
grallator_flat_new_actuator,Metrics/base_velocity/error_vel_xy,99,0.40599608421325684,1778931693.517529
grallator_flat_new_actuator,Metrics/base_velocity/error_vel_xy,100,0.6008374691009521,1778931694.54171
grallator_flat_new_actuator,Metrics/base_velocity/error_vel_xy,101,0.6128941774368286,1778931695.5379188
grallator_flat_new_actuator,Metrics/base_velocity/error_vel_xy,102,0.48329758644104004,1778931696.5328999
grallator_flat_new_actuator,Metrics/base_velocity/error_vel_xy,103,0.41892632842063904,1778931697.5269513
grallator_flat_new_actuator,Metrics/base_velocity/error_vel_xy,104,0.4159017503261566,1778931698.5029898
grallator_flat_new_actuator,Metrics/base_velocity/error_vel_xy,105,0.4159017503261566,1778931699.5057776
grallator_flat_new_actuator,Metrics/base_velocity/error_vel_xy,106,0.4159017503261566,1778931700.483112
grallator_flat_new_actuator,Metrics/base_velocity/error_vel_xy,107,0.3481595516204834,1778931701.4848065
grallator_flat_new_actuator,Metrics/base_velocity/error_vel_xy,108,0.34521421790122986,1778931702.56933
grallator_flat_new_actuator,Metrics/base_velocity/error_vel_xy,109,0.34521421790122986,1778931703.547822
grallator_flat_new_actuator,Metrics/base_velocity/error_vel_xy,110,0.34521421790122986,1778931704.518372
grallator_flat_new_actuator,Metrics/base_velocity/error_vel_xy,111,0.34521421790122986,1778931705.492958
grallator_flat_new_actuator,Metrics/base_velocity/error_vel_xy,112,0.34521421790122986,1778931706.4760017
grallator_flat_new_actuator,Metrics/base_velocity/error_vel_xy,113,0.34521421790122986,1778931707.4444585
grallator_flat_new_actuator,Metrics/base_velocity/error_vel_xy,114,0.47810983657836914,1778931708.4359496
grallator_flat_new_actuator,Metrics/base_velocity/error_vel_xy,115,0.6321305632591248,1778931709.4169934
grallator_flat_new_actuator,Metrics/base_velocity/error_vel_xy,116,0.5987142324447632,1778931710.4103124
grallator_flat_new_actuator,Metrics/base_velocity/error_vel_xy,117,0.3756302297115326,1778931711.4111276
grallator_flat_new_actuator,Metrics/base_velocity/error_vel_xy,118,0.152546226978302,1778931712.3816547
grallator_flat_new_actuator,Metrics/base_velocity/error_vel_xy,119,0.152546226978302,1778931713.4528258
grallator_flat_new_actuator,Metrics/base_velocity/error_vel_xy,120,0.152546226978302,1778931714.4220219
grallator_flat_new_actuator,Metrics/base_velocity/error_vel_xy,121,0.152546226978302,1778931715.408851
grallator_flat_new_actuator,Metrics/base_velocity/error_vel_xy,122,0.152546226978302,1778931716.3899257
grallator_flat_new_actuator,Metrics/base_velocity/error_vel_xy,123,0.14557036757469177,1778931717.3824754
grallator_flat_new_actuator,Metrics/base_velocity/error_vel_xy,124,0.13859449326992035,1778931718.3468661
grallator_flat_new_actuator,Metrics/base_velocity/error_vel_xy,125,0.13859449326992035,1778931719.323019
grallator_flat_new_actuator,Metrics/base_velocity/error_vel_xy,126,0.13859449326992035,1778931720.303429
grallator_flat_new_actuator,Metrics/base_velocity/error_vel_xy,127,0.13859449326992035,1778931721.2875204
grallator_flat_new_actuator,Metrics/base_velocity/error_vel_xy,128,0.16261939704418182,1778931722.2877038
grallator_flat_new_actuator,Metrics/base_velocity/error_vel_xy,129,0.24075375497341156,1778931723.2799602
grallator_flat_new_actuator,Metrics/base_velocity/error_vel_xy,130,0.645158052444458,1778931724.3589687
grallator_flat_new_actuator,Metrics/base_velocity/error_vel_xy,131,0.6455589532852173,1778931725.329839
grallator_flat_new_actuator,Metrics/base_velocity/error_vel_xy,132,0.6455589532852173,1778931726.305657
grallator_flat_new_actuator,Metrics/base_velocity/error_vel_xy,133,0.6455589532852173,1778931727.283545
grallator_flat_new_actuator,Metrics/base_velocity/error_vel_xy,134,0.6455589532852173,1778931728.2531114
grallator_flat_new_actuator,Metrics/base_velocity/error_vel_xy,135,0.6259178519248962,1778931729.2434099
grallator_flat_new_actuator,Metrics/base_velocity/error_vel_xy,136,0.5162590742111206,1778931730.233876
grallator_flat_new_actuator,Metrics/base_velocity/error_vel_xy,137,0.5048054456710815,1778931731.1902115
grallator_flat_new_actuator,Metrics/base_velocity/error_vel_xy,138,0.5048054456710815,1778931732.1516287
grallator_flat_new_actuator,Metrics/base_velocity/error_vel_xy,139,0.5048054456710815,1778931733.1148415
grallator_flat_new_actuator,Metrics/base_velocity/error_vel_xy,140,0.4587640166282654,1778931734.1010072
grallator_flat_new_actuator,Metrics/base_velocity/error_vel_xy,141,0.5179635286331177,1778931735.2503927
grallator_flat_new_actuator,Metrics/base_velocity/error_vel_xy,142,0.6193665862083435,1778931736.2249126
grallator_flat_new_actuator,Metrics/base_velocity/error_vel_xy,143,0.5987619161605835,1778931737.1976485
grallator_flat_new_actuator,Metrics/base_velocity/error_vel_xy,144,0.406281054019928,1778931738.1950715
grallator_flat_new_actuator,Metrics/base_velocity/error_vel_xy,145,0.536129891872406,1778931739.163156
grallator_flat_new_actuator,Metrics/base_velocity/error_vel_xy,146,0.536129891872406,1778931740.126024
grallator_flat_new_actuator,Metrics/base_velocity/error_vel_xy,147,0.536129891872406,1778931741.0823233
grallator_flat_new_actuator,Metrics/base_velocity/error_vel_xy,148,0.5465995669364929,1778931742.0679753
grallator_flat_new_actuator,Metrics/base_velocity/error_vel_xy,149,0.572025716304779,1778931743.0368338
grallator_flat_new_actuator,Metrics/base_velocity/error_vel_xy,150,0.572025716304779,1778931744.001061
grallator_flat_new_actuator,Metrics/base_velocity/error_vel_xy,151,0.572025716304779,1778931744.9697409
grallator_flat_new_actuator,Metrics/base_velocity/error_vel_xy,152,0.572025716304779,1778931746.0032463
grallator_flat_new_actuator,Metrics/base_velocity/error_vel_xy,153,0.572025716304779,1778931746.9626887
grallator_flat_new_actuator,Metrics/base_velocity/error_vel_xy,154,0.572025716304779,1778931747.9242485
grallator_flat_new_actuator,Metrics/base_velocity/error_vel_xy,155,0.572025716304779,1778931748.8840435
grallator_flat_new_actuator,Metrics/base_velocity/error_vel_xy,156,0.5731751918792725,1778931749.863254
grallator_flat_new_actuator,Metrics/base_velocity/error_vel_xy,157,0.5580981969833374,1778931750.849538
grallator_flat_new_actuator,Metrics/base_velocity/error_vel_xy,158,0.5365668535232544,1778931751.8120244
grallator_flat_new_actuator,Metrics/base_velocity/error_vel_xy,159,0.7641786336898804,1778931752.7991154
grallator_flat_new_actuator,Metrics/base_velocity/error_vel_xy,160,0.8097009062767029,1778931753.760737
grallator_flat_new_actuator,Metrics/base_velocity/error_vel_xy,161,0.8097009062767029,1778931754.7445333
grallator_flat_new_actuator,Metrics/base_velocity/error_vel_xy,162,0.8097009062767029,1778931755.7267332
grallator_flat_new_actuator,Metrics/base_velocity/error_vel_xy,163,0.8097009062767029,1778931756.8117845
grallator_flat_new_actuator,Metrics/base_velocity/error_vel_xy,164,0.8097009062767029,1778931757.7701645
grallator_flat_new_actuator,Metrics/base_velocity/error_vel_xy,165,0.6511226892471313,1778931758.7500339
grallator_flat_new_actuator,Metrics/base_velocity/error_vel_xy,166,0.619407057762146,1778931759.7074327
grallator_flat_new_actuator,Metrics/base_velocity/error_vel_xy,167,0.619407057762146,1778931760.6732051
grallator_flat_new_actuator,Metrics/base_velocity/error_vel_xy,168,0.619407057762146,1778931761.6240041
grallator_flat_new_actuator,Metrics/base_velocity/error_vel_xy,169,0.619407057762146,1778931762.5726607
grallator_flat_new_actuator,Metrics/base_velocity/error_vel_xy,170,0.616348147392273,1778931763.5600848
grallator_flat_new_actuator,Metrics/base_velocity/error_vel_xy,171,0.5346094369888306,1778931764.5547082
grallator_flat_new_actuator,Metrics/base_velocity/error_vel_xy,172,0.16483235359191895,1778931765.5315022
grallator_flat_new_actuator,Metrics/base_velocity/error_vel_xy,173,0.16483235359191895,1778931766.4883611
grallator_flat_new_actuator,Metrics/base_velocity/error_vel_xy,174,0.16483235359191895,1778931767.6004083
grallator_flat_new_actuator,Metrics/base_velocity/error_vel_xy,175,0.16483235359191895,1778931768.562173
grallator_flat_new_actuator,Metrics/base_velocity/error_vel_xy,176,0.16483235359191895,1778931769.5113459
grallator_flat_new_actuator,Metrics/base_velocity/error_vel_xy,177,0.33490079641342163,1778931770.494349
grallator_flat_new_actuator,Metrics/base_velocity/error_vel_xy,178,0.49236997961997986,1778931771.4667304
grallator_flat_new_actuator,Metrics/base_velocity/error_vel_xy,179,0.48985013365745544,1778931772.4222505
grallator_flat_new_actuator,Metrics/base_velocity/error_vel_xy,180,0.48985013365745544,1778931773.3817697
grallator_flat_new_actuator,Metrics/base_velocity/error_vel_xy,181,0.49398189783096313,1778931774.335409
grallator_flat_new_actuator,Metrics/base_velocity/error_vel_xy,182,0.5145485401153564,1778931775.3353784
grallator_flat_new_actuator,Metrics/base_velocity/error_vel_xy,183,0.3142428994178772,1778931776.325969
grallator_flat_new_actuator,Metrics/base_velocity/error_vel_xy,184,0.3280942142009735,1778931777.2792006
grallator_flat_new_actuator,Metrics/base_velocity/error_vel_xy,185,0.308846652507782,1778931778.37234
grallator_flat_new_actuator,Metrics/base_velocity/error_vel_xy,186,0.49641653895378113,1778931779.3540556
grallator_flat_new_actuator,Metrics/base_velocity/error_vel_xy,187,0.6779305338859558,1778931780.307711
grallator_flat_new_actuator,Metrics/base_velocity/error_vel_xy,188,0.6779305338859558,1778931781.269256
grallator_flat_new_actuator,Metrics/base_velocity/error_vel_xy,189,0.6779305338859558,1778931782.2255971
grallator_flat_new_actuator,Metrics/base_velocity/error_vel_xy,190,0.5003081560134888,1778931783.2068164
grallator_flat_new_actuator,Metrics/base_velocity/error_vel_xy,191,0.39373475313186646,1778931784.163026
grallator_flat_new_actuator,Metrics/base_velocity/error_vel_xy,192,0.39373475313186646,1778931785.1377742
grallator_flat_new_actuator,Metrics/base_velocity/error_vel_xy,193,0.39373475313186646,1778931786.1080809
grallator_flat_new_actuator,Metrics/base_velocity/error_vel_xy,194,0.39373475313186646,1778931787.070056
grallator_flat_new_actuator,Metrics/base_velocity/error_vel_xy,195,0.39373475313186646,1778931788.0318358
grallator_flat_new_actuator,Metrics/base_velocity/error_vel_xy,196,0.39373475313186646,1778931789.0953355
grallator_flat_new_actuator,Metrics/base_velocity/error_vel_xy,197,0.41724154353141785,1778931790.0642967
grallator_flat_new_actuator,Metrics/base_velocity/error_vel_xy,198,0.5817893743515015,1778931791.0482593
grallator_flat_new_actuator,Metrics/base_velocity/error_vel_xy,199,0.5270645618438721,1778931792.035958
grallator_flat_new_actuator,Metrics/base_velocity/error_vel_xy,200,0.44348156452178955,1778931793.020301
grallator_flat_new_actuator,Metrics/base_velocity/error_vel_xy,201,0.11677452176809311,1778931794.002239
grallator_flat_new_actuator,Metrics/base_velocity/error_vel_xy,202,0.11677452176809311,1778931794.9887395
grallator_flat_new_actuator,Metrics/base_velocity/error_vel_xy,203,0.11677452176809311,1778931795.9491436
grallator_flat_new_actuator,Metrics/base_velocity/error_vel_xy,204,0.11677452176809311,1778931796.917447
grallator_flat_new_actuator,Metrics/base_velocity/error_vel_xy,205,0.11677452176809311,1778931797.8786771
grallator_flat_new_actuator,Metrics/base_velocity/error_vel_xy,206,0.19225388765335083,1778931798.8555155
grallator_flat_new_actuator,Metrics/base_velocity/error_vel_xy,207,0.5696507692337036,1778931799.8244526
grallator_flat_new_actuator,Metrics/base_velocity/error_vel_xy,208,0.5696507692337036,1778931800.7963383
grallator_flat_new_actuator,Metrics/base_velocity/error_vel_xy,209,0.5696507692337036,1778931801.7668967
grallator_flat_new_actuator,Metrics/base_velocity/error_vel_xy,210,0.5696507692337036,1778931802.7292237
grallator_flat_new_actuator,Metrics/base_velocity/error_vel_xy,211,0.5696507692337036,1778931803.6935673
grallator_flat_new_actuator,Metrics/base_velocity/error_vel_xy,212,0.4212148189544678,1778931804.7056692
grallator_flat_new_actuator,Metrics/base_velocity/error_vel_xy,213,0.6240391731262207,1778931805.7191315
grallator_flat_new_actuator,Metrics/base_velocity/error_vel_xy,214,0.8400559425354004,1778931806.687189
grallator_flat_new_actuator,Metrics/base_velocity/error_vel_xy,215,0.8400559425354004,1778931807.655432
grallator_flat_new_actuator,Metrics/base_velocity/error_vel_xy,216,0.8400559425354004,1778931808.617641
grallator_flat_new_actuator,Metrics/base_velocity/error_vel_xy,217,0.8400559425354004,1778931809.59099
grallator_flat_new_actuator,Metrics/base_velocity/error_vel_xy,218,0.8400559425354004,1778931810.55743
grallator_flat_new_actuator,Metrics/base_velocity/error_vel_xy,219,0.31062573194503784,1778931811.7090635
grallator_flat_new_actuator,Metrics/base_velocity/error_vel_xy,220,0.48812776803970337,1778931812.6782866
grallator_flat_new_actuator,Metrics/base_velocity/error_vel_xy,221,0.48812776803970337,1778931813.6439612
grallator_flat_new_actuator,Metrics/base_velocity/error_vel_xy,222,0.48812776803970337,1778931814.6127582
grallator_flat_new_actuator,Metrics/base_velocity/error_vel_xy,223,0.3803926408290863,1778931815.605188
grallator_flat_new_actuator,Metrics/base_velocity/error_vel_xy,224,0.3678128123283386,1778931816.59653
grallator_flat_new_actuator,Metrics/base_velocity/error_vel_xy,225,0.6964706182479858,1778931817.5978432
grallator_flat_new_actuator,Metrics/base_velocity/error_vel_xy,226,0.7055743932723999,1778931818.5630615
grallator_flat_new_actuator,Metrics/base_velocity/error_vel_xy,227,0.5702155828475952,1778931819.5549018
grallator_flat_new_actuator,Metrics/base_velocity/error_vel_xy,228,0.3290962874889374,1778931820.561321
grallator_flat_new_actuator,Metrics/base_velocity/error_vel_xy,229,0.3010963797569275,1778931821.5374749
grallator_flat_new_actuator,Metrics/base_velocity/error_vel_xy,230,0.3010963797569275,1778931822.5373065
grallator_flat_new_actuator,Metrics/base_velocity/error_vel_xy,231,0.3010963797569275,1778931823.5068817
grallator_flat_new_actuator,Metrics/base_velocity/error_vel_xy,232,0.29717838764190674,1778931824.4929807
grallator_flat_new_actuator,Metrics/base_velocity/error_vel_xy,233,0.29700803756713867,1778931825.4534204
grallator_flat_new_actuator,Metrics/base_velocity/error_vel_xy,234,0.29700803756713867,1778931826.4312685
grallator_flat_new_actuator,Metrics/base_velocity/error_vel_xy,235,0.29700803756713867,1778931827.404516
grallator_flat_new_actuator,Metrics/base_velocity/error_vel_xy,236,0.29700803756713867,1778931828.3799372
grallator_flat_new_actuator,Metrics/base_velocity/error_vel_xy,237,0.29700803756713867,1778931829.3598268
grallator_flat_new_actuator,Metrics/base_velocity/error_vel_xy,238,0.29700803756713867,1778931830.3221169
grallator_flat_new_actuator,Metrics/base_velocity/error_vel_xy,239,0.40461668372154236,1778931831.3081822
grallator_flat_new_actuator,Metrics/base_velocity/error_vel_xy,240,0.5181583762168884,1778931832.2995093
grallator_flat_new_actuator,Metrics/base_velocity/error_vel_xy,241,0.3682047724723816,1778931833.430933
grallator_flat_new_actuator,Metrics/base_velocity/error_vel_xy,242,0.4681447744369507,1778931834.4156055
grallator_flat_new_actuator,Metrics/base_velocity/error_vel_xy,243,0.5680848360061646,1778931835.3895624
grallator_flat_new_actuator,Metrics/base_velocity/error_vel_xy,244,0.5680848360061646,1778931836.36584
grallator_flat_new_actuator,Metrics/base_velocity/error_vel_xy,245,0.5680848360061646,1778931837.328884
grallator_flat_new_actuator,Metrics/base_velocity/error_vel_xy,246,0.5680848360061646,1778931838.2992907
grallator_flat_new_actuator,Metrics/base_velocity/error_vel_xy,247,0.5680848360061646,1778931839.2729614
grallator_flat_new_actuator,Metrics/base_velocity/error_vel_xy,248,0.49429214000701904,1778931840.2708097
grallator_flat_new_actuator,Metrics/base_velocity/error_vel_xy,249,0.4204995036125183,1778931841.2397225
grallator_flat_new_actuator,Metrics/base_velocity/error_vel_xy,250,0.4204995036125183,1778931842.2055345
grallator_flat_new_actuator,Metrics/base_velocity/error_vel_xy,251,0.4204995036125183,1778931843.1792045
grallator_flat_new_actuator,Metrics/base_velocity/error_vel_xy,252,0.4204995036125183,1778931844.2502859
grallator_flat_new_actuator,Metrics/base_velocity/error_vel_xy,253,0.38583528995513916,1778931845.2555444
grallator_flat_new_actuator,Metrics/base_velocity/error_vel_xy,254,0.35116276144981384,1778931846.2336829
grallator_flat_new_actuator,Metrics/base_velocity/error_vel_xy,255,0.31149083375930786,1778931847.2452834
grallator_flat_new_actuator,Metrics/base_velocity/error_vel_xy,256,0.15528428554534912,1778931848.2197425
grallator_flat_new_actuator,Metrics/base_velocity/error_vel_xy,257,0.15528428554534912,1778931849.1830885
grallator_flat_new_actuator,Metrics/base_velocity/error_vel_xy,258,0.15528428554534912,1778931850.1734118
grallator_flat_new_actuator,Metrics/base_velocity/error_vel_xy,259,0.15528428554534912,1778931851.1373897
grallator_flat_new_actuator,Metrics/base_velocity/error_vel_xy,260,0.2560344934463501,1778931852.1197631
grallator_flat_new_actuator,Metrics/base_velocity/error_vel_xy,261,0.7408978343009949,1778931853.1150699
grallator_flat_new_actuator,Metrics/base_velocity/error_vel_xy,262,0.72201007604599,1778931854.0757391
grallator_flat_new_actuator,Metrics/base_velocity/error_vel_xy,263,0.72201007604599,1778931855.15131
grallator_flat_new_actuator,Metrics/base_velocity/error_vel_xy,264,0.72201007604599,1778931856.1093466
grallator_flat_new_actuator,Metrics/base_velocity/error_vel_xy,265,0.3501281142234802,1778931857.1039228
grallator_flat_new_actuator,Metrics/base_velocity/error_vel_xy,266,0.4551851749420166,1778931858.119476
grallator_flat_new_actuator,Metrics/base_velocity/error_vel_xy,267,0.30379146337509155,1778931859.0803046
grallator_flat_new_actuator,Metrics/base_velocity/error_vel_xy,268,0.33284446597099304,1778931860.067647
grallator_flat_new_actuator,Metrics/base_velocity/error_vel_xy,269,0.6649650931358337,1778931861.0732045
grallator_flat_new_actuator,Metrics/base_velocity/error_vel_xy,270,0.7126063704490662,1778931862.040696
grallator_flat_new_actuator,Metrics/base_velocity/error_vel_xy,271,0.7126063704490662,1778931863.0128417
grallator_flat_new_actuator,Metrics/base_velocity/error_vel_xy,272,0.7126063704490662,1778931863.9763408
grallator_flat_new_actuator,Metrics/base_velocity/error_vel_xy,273,0.6161445379257202,1778931864.9743867
grallator_flat_new_actuator,Metrics/base_velocity/error_vel_xy,274,0.38187986612319946,1778931866.0129027
grallator_flat_new_actuator,Metrics/base_velocity/error_vel_xy,275,0.38187986612319946,1778931866.9767857
grallator_flat_new_actuator,Metrics/base_velocity/error_vel_xy,276,0.38187986612319946,1778931867.9412277
grallator_flat_new_actuator,Metrics/base_velocity/error_vel_xy,277,0.38187986612319946,1778931868.9043498
grallator_flat_new_actuator,Metrics/base_velocity/error_vel_xy,278,0.38187986612319946,1778931869.8607903
grallator_flat_new_actuator,Metrics/base_velocity/error_vel_xy,279,0.38187986612319946,1778931870.8197563
grallator_flat_new_actuator,Metrics/base_velocity/error_vel_xy,280,0.38187986612319946,1778931871.785501
grallator_flat_new_actuator,Metrics/base_velocity/error_vel_xy,281,0.3893786072731018,1778931872.7816126
grallator_flat_new_actuator,Metrics/base_velocity/error_vel_xy,282,0.5369821786880493,1778931873.7727437
grallator_flat_new_actuator,Metrics/base_velocity/error_vel_xy,283,0.7408644556999207,1778931874.72884
grallator_flat_new_actuator,Metrics/base_velocity/error_vel_xy,284,0.4751148223876953,1778931875.716428
grallator_flat_new_actuator,Metrics/base_velocity/error_vel_xy,285,0.4219648838043213,1778931876.8050702
grallator_flat_new_actuator,Metrics/base_velocity/error_vel_xy,286,0.4219648838043213,1778931877.7616327
grallator_flat_new_actuator,Metrics/base_velocity/error_vel_xy,287,0.4219648838043213,1778931878.7159927
grallator_flat_new_actuator,Metrics/base_velocity/error_vel_xy,288,0.4219648838043213,1778931879.6672082
grallator_flat_new_actuator,Metrics/base_velocity/error_vel_xy,289,0.4219648838043213,1778931880.6235347
grallator_flat_new_actuator,Metrics/base_velocity/error_vel_xy,290,0.48460111021995544,1778931881.6092434
grallator_flat_new_actuator,Metrics/base_velocity/error_vel_xy,291,0.49712833762168884,1778931882.5758297
grallator_flat_new_actuator,Metrics/base_velocity/error_vel_xy,292,0.49712833762168884,1778931883.5331833
grallator_flat_new_actuator,Metrics/base_velocity/error_vel_xy,293,0.49712833762168884,1778931884.493566
grallator_flat_new_actuator,Metrics/base_velocity/error_vel_xy,294,0.49712833762168884,1778931885.4459534
grallator_flat_new_actuator,Metrics/base_velocity/error_vel_xy,295,0.5915297865867615,1778931886.445896
grallator_flat_new_actuator,Metrics/base_velocity/error_vel_xy,296,0.5633729100227356,1778931887.5148091
grallator_flat_new_actuator,Metrics/base_velocity/error_vel_xy,297,0.4276580214500427,1778931888.5130506
grallator_flat_new_actuator,Metrics/base_velocity/error_vel_xy,298,0.4276580214500427,1778931889.4669015
grallator_flat_new_actuator,Metrics/base_velocity/error_vel_xy,299,0.4276580214500427,1778931890.4229476
grallator_flat_new_actuator,Metrics/base_velocity/error_vel_yaw,0,0.0,1778931591.3239484
grallator_flat_new_actuator,Metrics/base_velocity/error_vel_yaw,1,0.0,1778931592.445193
grallator_flat_new_actuator,Metrics/base_velocity/error_vel_yaw,2,0.0,1778931593.4085994
grallator_flat_new_actuator,Metrics/base_velocity/error_vel_yaw,3,0.004794551059603691,1778931594.839802
grallator_flat_new_actuator,Metrics/base_velocity/error_vel_yaw,4,0.018163707107305527,1778931595.836477
grallator_flat_new_actuator,Metrics/base_velocity/error_vel_yaw,5,0.023947592824697495,1778931596.833135
grallator_flat_new_actuator,Metrics/base_velocity/error_vel_yaw,6,0.021303333342075348,1778931597.816344
grallator_flat_new_actuator,Metrics/base_velocity/error_vel_yaw,7,0.021303333342075348,1778931598.809472
grallator_flat_new_actuator,Metrics/base_velocity/error_vel_yaw,8,0.021303333342075348,1778931599.8171868
grallator_flat_new_actuator,Metrics/base_velocity/error_vel_yaw,9,0.021303333342075348,1778931600.8223262
grallator_flat_new_actuator,Metrics/base_velocity/error_vel_yaw,10,0.024251900613307953,1778931601.873031
grallator_flat_new_actuator,Metrics/base_velocity/error_vel_yaw,11,0.042305588722229004,1778931602.986352
grallator_flat_new_actuator,Metrics/base_velocity/error_vel_yaw,12,0.04561644047498703,1778931604.015691
grallator_flat_new_actuator,Metrics/base_velocity/error_vel_yaw,13,0.04561644047498703,1778931605.0432754
grallator_flat_new_actuator,Metrics/base_velocity/error_vel_yaw,14,0.04561644047498703,1778931606.0598347
grallator_flat_new_actuator,Metrics/base_velocity/error_vel_yaw,15,0.041899316012859344,1778931607.08707
grallator_flat_new_actuator,Metrics/base_velocity/error_vel_yaw,16,0.04326993227005005,1778931608.1419256
grallator_flat_new_actuator,Metrics/base_velocity/error_vel_yaw,17,0.04485653340816498,1778931609.1712766
grallator_flat_new_actuator,Metrics/base_velocity/error_vel_yaw,18,0.044629644602537155,1778931610.214464
grallator_flat_new_actuator,Metrics/base_velocity/error_vel_yaw,19,0.04245315119624138,1778931611.2739596
grallator_flat_new_actuator,Metrics/base_velocity/error_vel_yaw,20,0.043666549026966095,1778931612.3021808
grallator_flat_new_actuator,Metrics/base_velocity/error_vel_yaw,21,0.043666549026966095,1778931613.3441055
grallator_flat_new_actuator,Metrics/base_velocity/error_vel_yaw,22,0.043666549026966095,1778931614.3707538
grallator_flat_new_actuator,Metrics/base_velocity/error_vel_yaw,23,0.04451649636030197,1778931615.5412552
grallator_flat_new_actuator,Metrics/base_velocity/error_vel_yaw,24,0.046580664813518524,1778931616.5782225
grallator_flat_new_actuator,Metrics/base_velocity/error_vel_yaw,25,0.046580664813518524,1778931617.6154046
grallator_flat_new_actuator,Metrics/base_velocity/error_vel_yaw,26,0.046580664813518524,1778931618.6459167
grallator_flat_new_actuator,Metrics/base_velocity/error_vel_yaw,27,0.046580664813518524,1778931619.6662915
grallator_flat_new_actuator,Metrics/base_velocity/error_vel_yaw,28,0.046580664813518524,1778931620.6901512
grallator_flat_new_actuator,Metrics/base_velocity/error_vel_yaw,29,0.046580664813518524,1778931621.7107866
grallator_flat_new_actuator,Metrics/base_velocity/error_vel_yaw,30,0.046580664813518524,1778931622.7480507
grallator_flat_new_actuator,Metrics/base_velocity/error_vel_yaw,31,0.05524889752268791,1778931623.7854106
grallator_flat_new_actuator,Metrics/base_velocity/error_vel_yaw,32,0.05556924268603325,1778931624.8378823
grallator_flat_new_actuator,Metrics/base_velocity/error_vel_yaw,33,0.05282416567206383,1778931626.0082462
grallator_flat_new_actuator,Metrics/base_velocity/error_vel_yaw,34,0.06878101825714111,1778931627.069726
grallator_flat_new_actuator,Metrics/base_velocity/error_vel_yaw,35,0.07197239249944687,1778931628.101903
grallator_flat_new_actuator,Metrics/base_velocity/error_vel_yaw,36,0.07197239249944687,1778931629.1257927
grallator_flat_new_actuator,Metrics/base_velocity/error_vel_yaw,37,0.07197239249944687,1778931630.1491525
grallator_flat_new_actuator,Metrics/base_velocity/error_vel_yaw,38,0.07197239249944687,1778931631.1767185
grallator_flat_new_actuator,Metrics/base_velocity/error_vel_yaw,39,0.07197239249944687,1778931632.2016768
grallator_flat_new_actuator,Metrics/base_velocity/error_vel_yaw,40,0.0854998528957367,1778931633.2485929
grallator_flat_new_actuator,Metrics/base_velocity/error_vel_yaw,41,0.08820535242557526,1778931634.297615
grallator_flat_new_actuator,Metrics/base_velocity/error_vel_yaw,42,0.08820535242557526,1778931635.327715
grallator_flat_new_actuator,Metrics/base_velocity/error_vel_yaw,43,0.08820535242557526,1778931636.5201595
grallator_flat_new_actuator,Metrics/base_velocity/error_vel_yaw,44,0.08820535242557526,1778931637.5424106
grallator_flat_new_actuator,Metrics/base_velocity/error_vel_yaw,45,0.06075134500861168,1778931638.5939624
grallator_flat_new_actuator,Metrics/base_velocity/error_vel_yaw,46,0.06591915339231491,1778931639.647104
grallator_flat_new_actuator,Metrics/base_velocity/error_vel_yaw,47,0.07532842457294464,1778931640.6762805
grallator_flat_new_actuator,Metrics/base_velocity/error_vel_yaw,48,0.07532842457294464,1778931641.6866827
grallator_flat_new_actuator,Metrics/base_velocity/error_vel_yaw,49,0.07532842457294464,1778931642.705768
grallator_flat_new_actuator,Metrics/base_velocity/error_vel_yaw,50,0.07532842457294464,1778931643.7219882
grallator_flat_new_actuator,Metrics/base_velocity/error_vel_yaw,51,0.07532842457294464,1778931644.7505157
grallator_flat_new_actuator,Metrics/base_velocity/error_vel_yaw,52,0.07657676935195923,1778931645.7882123
grallator_flat_new_actuator,Metrics/base_velocity/error_vel_yaw,53,0.08043818175792694,1778931646.8197865
grallator_flat_new_actuator,Metrics/base_velocity/error_vel_yaw,54,0.08096079528331757,1778931647.914142
grallator_flat_new_actuator,Metrics/base_velocity/error_vel_yaw,55,0.08096079528331757,1778931648.9277694
grallator_flat_new_actuator,Metrics/base_velocity/error_vel_yaw,56,0.08081773668527603,1778931649.9324608
grallator_flat_new_actuator,Metrics/base_velocity/error_vel_yaw,57,0.07697954773902893,1778931650.9710112
grallator_flat_new_actuator,Metrics/base_velocity/error_vel_yaw,58,0.08927782624959946,1778931652.003864
grallator_flat_new_actuator,Metrics/base_velocity/error_vel_yaw,59,0.09764280170202255,1778931653.0308464
grallator_flat_new_actuator,Metrics/base_velocity/error_vel_yaw,60,0.09313422441482544,1778931654.057546
grallator_flat_new_actuator,Metrics/base_velocity/error_vel_yaw,61,0.0746694803237915,1778931655.081089
grallator_flat_new_actuator,Metrics/base_velocity/error_vel_yaw,62,0.06438638269901276,1778931656.0863276
grallator_flat_new_actuator,Metrics/base_velocity/error_vel_yaw,63,0.06438638269901276,1778931657.094055
grallator_flat_new_actuator,Metrics/base_velocity/error_vel_yaw,64,0.06438638269901276,1778931658.1023207
grallator_flat_new_actuator,Metrics/base_velocity/error_vel_yaw,65,0.07482238113880157,1778931659.17015
grallator_flat_new_actuator,Metrics/base_velocity/error_vel_yaw,66,0.0810839831829071,1778931660.1811898
grallator_flat_new_actuator,Metrics/base_velocity/error_vel_yaw,67,0.0810839831829071,1778931661.194094
grallator_flat_new_actuator,Metrics/base_velocity/error_vel_yaw,68,0.0810839831829071,1778931662.1952865
grallator_flat_new_actuator,Metrics/base_velocity/error_vel_yaw,69,0.0810839831829071,1778931663.1997056
grallator_flat_new_actuator,Metrics/base_velocity/error_vel_yaw,70,0.0810839831829071,1778931664.1971655
grallator_flat_new_actuator,Metrics/base_velocity/error_vel_yaw,71,0.0810839831829071,1778931665.2002928
grallator_flat_new_actuator,Metrics/base_velocity/error_vel_yaw,72,0.08201497048139572,1778931666.2111242
grallator_flat_new_actuator,Metrics/base_velocity/error_vel_yaw,73,0.08853184431791306,1778931667.2363658
grallator_flat_new_actuator,Metrics/base_velocity/error_vel_yaw,74,0.08618232607841492,1778931668.2487695
grallator_flat_new_actuator,Metrics/base_velocity/error_vel_yaw,75,0.08806045353412628,1778931669.3250608
grallator_flat_new_actuator,Metrics/base_velocity/error_vel_yaw,76,0.10136692225933075,1778931670.3197966
grallator_flat_new_actuator,Metrics/base_velocity/error_vel_yaw,77,0.10136692225933075,1778931671.3149216
grallator_flat_new_actuator,Metrics/base_velocity/error_vel_yaw,78,0.10136692225933075,1778931672.3030388
grallator_flat_new_actuator,Metrics/base_velocity/error_vel_yaw,79,0.10136692225933075,1778931673.2936833
grallator_flat_new_actuator,Metrics/base_velocity/error_vel_yaw,80,0.10136692225933075,1778931674.2789867
grallator_flat_new_actuator,Metrics/base_velocity/error_vel_yaw,81,0.09940548241138458,1778931675.2840378
grallator_flat_new_actuator,Metrics/base_velocity/error_vel_yaw,82,0.08959826081991196,1778931676.2780445
grallator_flat_new_actuator,Metrics/base_velocity/error_vel_yaw,83,0.08959826081991196,1778931677.272286
grallator_flat_new_actuator,Metrics/base_velocity/error_vel_yaw,84,0.08959826081991196,1778931678.2716272
grallator_flat_new_actuator,Metrics/base_velocity/error_vel_yaw,85,0.08959826081991196,1778931679.2645605
grallator_flat_new_actuator,Metrics/base_velocity/error_vel_yaw,86,0.08959826081991196,1778931680.4167266
grallator_flat_new_actuator,Metrics/base_velocity/error_vel_yaw,87,0.11237137764692307,1778931681.4358308
grallator_flat_new_actuator,Metrics/base_velocity/error_vel_yaw,88,0.10550716519355774,1778931682.4787352
grallator_flat_new_actuator,Metrics/base_velocity/error_vel_yaw,89,0.08392217010259628,1778931683.47322
grallator_flat_new_actuator,Metrics/base_velocity/error_vel_yaw,90,0.08392217010259628,1778931684.466835
grallator_flat_new_actuator,Metrics/base_velocity/error_vel_yaw,91,0.08392217010259628,1778931685.4584923
grallator_flat_new_actuator,Metrics/base_velocity/error_vel_yaw,92,0.08392217010259628,1778931686.4490788
grallator_flat_new_actuator,Metrics/base_velocity/error_vel_yaw,93,0.08392217010259628,1778931687.4401941
grallator_flat_new_actuator,Metrics/base_velocity/error_vel_yaw,94,0.08963929861783981,1778931688.4685202
grallator_flat_new_actuator,Metrics/base_velocity/error_vel_yaw,95,0.10252394527196884,1778931689.4603052
grallator_flat_new_actuator,Metrics/base_velocity/error_vel_yaw,96,0.10252394527196884,1778931690.457438
grallator_flat_new_actuator,Metrics/base_velocity/error_vel_yaw,97,0.10252394527196884,1778931691.5019932
grallator_flat_new_actuator,Metrics/base_velocity/error_vel_yaw,98,0.09305452555418015,1778931692.509557
grallator_flat_new_actuator,Metrics/base_velocity/error_vel_yaw,99,0.0881604254245758,1778931693.518509
grallator_flat_new_actuator,Metrics/base_velocity/error_vel_yaw,100,0.0915532335639,1778931694.5430152
grallator_flat_new_actuator,Metrics/base_velocity/error_vel_yaw,101,0.0913625955581665,1778931695.5388343
grallator_flat_new_actuator,Metrics/base_velocity/error_vel_yaw,102,0.09268656373023987,1778931696.533846
grallator_flat_new_actuator,Metrics/base_velocity/error_vel_yaw,103,0.12727126479148865,1778931697.5279782
grallator_flat_new_actuator,Metrics/base_velocity/error_vel_yaw,104,0.1321488916873932,1778931698.5038698
grallator_flat_new_actuator,Metrics/base_velocity/error_vel_yaw,105,0.1321488916873932,1778931699.5067246
grallator_flat_new_actuator,Metrics/base_velocity/error_vel_yaw,106,0.1321488916873932,1778931700.4840546
grallator_flat_new_actuator,Metrics/base_velocity/error_vel_yaw,107,0.09044381976127625,1778931701.485719
grallator_flat_new_actuator,Metrics/base_velocity/error_vel_yaw,108,0.0886305496096611,1778931702.5706558
grallator_flat_new_actuator,Metrics/base_velocity/error_vel_yaw,109,0.0886305496096611,1778931703.548718
grallator_flat_new_actuator,Metrics/base_velocity/error_vel_yaw,110,0.0886305496096611,1778931704.5192666
grallator_flat_new_actuator,Metrics/base_velocity/error_vel_yaw,111,0.0886305496096611,1778931705.4939117
grallator_flat_new_actuator,Metrics/base_velocity/error_vel_yaw,112,0.0886305496096611,1778931706.4769237
grallator_flat_new_actuator,Metrics/base_velocity/error_vel_yaw,113,0.0886305496096611,1778931707.4453666
grallator_flat_new_actuator,Metrics/base_velocity/error_vel_yaw,114,0.09259404242038727,1778931708.4368587
grallator_flat_new_actuator,Metrics/base_velocity/error_vel_yaw,115,0.09713955968618393,1778931709.4179044
grallator_flat_new_actuator,Metrics/base_velocity/error_vel_yaw,116,0.09561504423618317,1778931710.4112208
grallator_flat_new_actuator,Metrics/base_velocity/error_vel_yaw,117,0.09571854770183563,1778931711.4120493
grallator_flat_new_actuator,Metrics/base_velocity/error_vel_yaw,118,0.0958220586180687,1778931712.3826265
grallator_flat_new_actuator,Metrics/base_velocity/error_vel_yaw,119,0.0958220586180687,1778931713.4537108
grallator_flat_new_actuator,Metrics/base_velocity/error_vel_yaw,120,0.0958220586180687,1778931714.4230437
grallator_flat_new_actuator,Metrics/base_velocity/error_vel_yaw,121,0.0958220586180687,1778931715.410159
grallator_flat_new_actuator,Metrics/base_velocity/error_vel_yaw,122,0.0958220586180687,1778931716.3908994
grallator_flat_new_actuator,Metrics/base_velocity/error_vel_yaw,123,0.1026369035243988,1778931717.383424
grallator_flat_new_actuator,Metrics/base_velocity/error_vel_yaw,124,0.10945175588130951,1778931718.347808
grallator_flat_new_actuator,Metrics/base_velocity/error_vel_yaw,125,0.10945175588130951,1778931719.3240812
grallator_flat_new_actuator,Metrics/base_velocity/error_vel_yaw,126,0.10945175588130951,1778931720.3044682
grallator_flat_new_actuator,Metrics/base_velocity/error_vel_yaw,127,0.10945175588130951,1778931721.2884684
grallator_flat_new_actuator,Metrics/base_velocity/error_vel_yaw,128,0.10598065704107285,1778931722.2886484
grallator_flat_new_actuator,Metrics/base_velocity/error_vel_yaw,129,0.09681930392980576,1778931723.2809465
grallator_flat_new_actuator,Metrics/base_velocity/error_vel_yaw,130,0.09980329126119614,1778931724.3599248
grallator_flat_new_actuator,Metrics/base_velocity/error_vel_yaw,131,0.10073914378881454,1778931725.3307474
grallator_flat_new_actuator,Metrics/base_velocity/error_vel_yaw,132,0.10073914378881454,1778931726.3066938
grallator_flat_new_actuator,Metrics/base_velocity/error_vel_yaw,133,0.10073914378881454,1778931727.2845016
grallator_flat_new_actuator,Metrics/base_velocity/error_vel_yaw,134,0.10073914378881454,1778931728.2540033
grallator_flat_new_actuator,Metrics/base_velocity/error_vel_yaw,135,0.10183627903461456,1778931729.2444093
grallator_flat_new_actuator,Metrics/base_velocity/error_vel_yaw,136,0.10452762246131897,1778931730.23484
grallator_flat_new_actuator,Metrics/base_velocity/error_vel_yaw,137,0.10173331201076508,1778931731.191132
grallator_flat_new_actuator,Metrics/base_velocity/error_vel_yaw,138,0.10173331201076508,1778931732.152526
grallator_flat_new_actuator,Metrics/base_velocity/error_vel_yaw,139,0.10173331201076508,1778931733.1158621
grallator_flat_new_actuator,Metrics/base_velocity/error_vel_yaw,140,0.09748153388500214,1778931734.1019483
grallator_flat_new_actuator,Metrics/base_velocity/error_vel_yaw,141,0.11100970208644867,1778931735.2514713
grallator_flat_new_actuator,Metrics/base_velocity/error_vel_yaw,142,0.10854216665029526,1778931736.225864
grallator_flat_new_actuator,Metrics/base_velocity/error_vel_yaw,143,0.10778479278087616,1778931737.1985624
grallator_flat_new_actuator,Metrics/base_velocity/error_vel_yaw,144,0.09973524510860443,1778931738.1963997
grallator_flat_new_actuator,Metrics/base_velocity/error_vel_yaw,145,0.10080549120903015,1778931739.1641326
grallator_flat_new_actuator,Metrics/base_velocity/error_vel_yaw,146,0.10080549120903015,1778931740.126949
grallator_flat_new_actuator,Metrics/base_velocity/error_vel_yaw,147,0.10080549120903015,1778931741.08323
grallator_flat_new_actuator,Metrics/base_velocity/error_vel_yaw,148,0.0998859703540802,1778931742.068942
grallator_flat_new_actuator,Metrics/base_velocity/error_vel_yaw,149,0.0976528525352478,1778931743.037751
grallator_flat_new_actuator,Metrics/base_velocity/error_vel_yaw,150,0.0976528525352478,1778931744.002007
grallator_flat_new_actuator,Metrics/base_velocity/error_vel_yaw,151,0.0976528525352478,1778931744.970701
grallator_flat_new_actuator,Metrics/base_velocity/error_vel_yaw,152,0.0976528525352478,1778931746.004203
grallator_flat_new_actuator,Metrics/base_velocity/error_vel_yaw,153,0.0976528525352478,1778931746.963974
grallator_flat_new_actuator,Metrics/base_velocity/error_vel_yaw,154,0.0976528525352478,1778931747.9251459
grallator_flat_new_actuator,Metrics/base_velocity/error_vel_yaw,155,0.0976528525352478,1778931748.884982
grallator_flat_new_actuator,Metrics/base_velocity/error_vel_yaw,156,0.09012725204229355,1778931749.864193
grallator_flat_new_actuator,Metrics/base_velocity/error_vel_yaw,157,0.09014175832271576,1778931750.8505366
grallator_flat_new_actuator,Metrics/base_velocity/error_vel_yaw,158,0.09293465316295624,1778931751.8129432
grallator_flat_new_actuator,Metrics/base_velocity/error_vel_yaw,159,0.08655458688735962,1778931752.8001165
grallator_flat_new_actuator,Metrics/base_velocity/error_vel_yaw,160,0.08527857065200806,1778931753.7616415
grallator_flat_new_actuator,Metrics/base_velocity/error_vel_yaw,161,0.08527857065200806,1778931754.7454567
grallator_flat_new_actuator,Metrics/base_velocity/error_vel_yaw,162,0.08527857065200806,1778931755.7276335
grallator_flat_new_actuator,Metrics/base_velocity/error_vel_yaw,163,0.08527857065200806,1778931756.8127246
grallator_flat_new_actuator,Metrics/base_velocity/error_vel_yaw,164,0.08527857065200806,1778931757.7714703
grallator_flat_new_actuator,Metrics/base_velocity/error_vel_yaw,165,0.07748477160930634,1778931758.7510433
grallator_flat_new_actuator,Metrics/base_velocity/error_vel_yaw,166,0.07592599838972092,1778931759.7083209
grallator_flat_new_actuator,Metrics/base_velocity/error_vel_yaw,167,0.07592599838972092,1778931760.67409
grallator_flat_new_actuator,Metrics/base_velocity/error_vel_yaw,168,0.07592599838972092,1778931761.6249626
grallator_flat_new_actuator,Metrics/base_velocity/error_vel_yaw,169,0.07592599838972092,1778931762.573559
grallator_flat_new_actuator,Metrics/base_velocity/error_vel_yaw,170,0.08431460708379745,1778931763.5611467
grallator_flat_new_actuator,Metrics/base_velocity/error_vel_yaw,171,0.08976652473211288,1778931764.5556908
grallator_flat_new_actuator,Metrics/base_velocity/error_vel_yaw,172,0.07915519922971725,1778931765.5323882
grallator_flat_new_actuator,Metrics/base_velocity/error_vel_yaw,173,0.07915519922971725,1778931766.4892972
grallator_flat_new_actuator,Metrics/base_velocity/error_vel_yaw,174,0.07915519922971725,1778931767.6013281
grallator_flat_new_actuator,Metrics/base_velocity/error_vel_yaw,175,0.07915519922971725,1778931768.5631568
grallator_flat_new_actuator,Metrics/base_velocity/error_vel_yaw,176,0.07915519922971725,1778931769.5122793
grallator_flat_new_actuator,Metrics/base_velocity/error_vel_yaw,177,0.0801076591014862,1778931770.4953039
grallator_flat_new_actuator,Metrics/base_velocity/error_vel_yaw,178,0.07818794250488281,1778931771.467683
grallator_flat_new_actuator,Metrics/base_velocity/error_vel_yaw,179,0.07761350274085999,1778931772.4231915
grallator_flat_new_actuator,Metrics/base_velocity/error_vel_yaw,180,0.07761350274085999,1778931773.3827505
grallator_flat_new_actuator,Metrics/base_velocity/error_vel_yaw,181,0.07763823866844177,1778931774.3363962
grallator_flat_new_actuator,Metrics/base_velocity/error_vel_yaw,182,0.08084423840045929,1778931775.3363602
grallator_flat_new_actuator,Metrics/base_velocity/error_vel_yaw,183,0.08661483228206635,1778931776.326939
grallator_flat_new_actuator,Metrics/base_velocity/error_vel_yaw,184,0.08533051609992981,1778931777.2801309
grallator_flat_new_actuator,Metrics/base_velocity/error_vel_yaw,185,0.08186980336904526,1778931778.3733358
grallator_flat_new_actuator,Metrics/base_velocity/error_vel_yaw,186,0.07811690866947174,1778931779.3553522
grallator_flat_new_actuator,Metrics/base_velocity/error_vel_yaw,187,0.07904098927974701,1778931780.3086188
grallator_flat_new_actuator,Metrics/base_velocity/error_vel_yaw,188,0.07904098927974701,1778931781.2702563
grallator_flat_new_actuator,Metrics/base_velocity/error_vel_yaw,189,0.07904098927974701,1778931782.2264955
grallator_flat_new_actuator,Metrics/base_velocity/error_vel_yaw,190,0.0731465220451355,1778931783.2077909
grallator_flat_new_actuator,Metrics/base_velocity/error_vel_yaw,191,0.06960983574390411,1778931784.1639853
grallator_flat_new_actuator,Metrics/base_velocity/error_vel_yaw,192,0.06960983574390411,1778931785.1388118
grallator_flat_new_actuator,Metrics/base_velocity/error_vel_yaw,193,0.06960983574390411,1778931786.1090317
grallator_flat_new_actuator,Metrics/base_velocity/error_vel_yaw,194,0.06960983574390411,1778931787.071055
grallator_flat_new_actuator,Metrics/base_velocity/error_vel_yaw,195,0.06960983574390411,1778931788.0327606
grallator_flat_new_actuator,Metrics/base_velocity/error_vel_yaw,196,0.06960983574390411,1778931789.09627
grallator_flat_new_actuator,Metrics/base_velocity/error_vel_yaw,197,0.07010283321142197,1778931790.0652719
grallator_flat_new_actuator,Metrics/base_velocity/error_vel_yaw,198,0.07355378568172455,1778931791.049194
grallator_flat_new_actuator,Metrics/base_velocity/error_vel_yaw,199,0.07224458456039429,1778931792.0369556
grallator_flat_new_actuator,Metrics/base_velocity/error_vel_yaw,200,0.07190053164958954,1778931793.0212631
grallator_flat_new_actuator,Metrics/base_velocity/error_vel_yaw,201,0.0723622590303421,1778931794.0031838
grallator_flat_new_actuator,Metrics/base_velocity/error_vel_yaw,202,0.0723622590303421,1778931794.989636
grallator_flat_new_actuator,Metrics/base_velocity/error_vel_yaw,203,0.0723622590303421,1778931795.9500604
grallator_flat_new_actuator,Metrics/base_velocity/error_vel_yaw,204,0.0723622590303421,1778931796.9184287
grallator_flat_new_actuator,Metrics/base_velocity/error_vel_yaw,205,0.0723622590303421,1778931797.8795526
grallator_flat_new_actuator,Metrics/base_velocity/error_vel_yaw,206,0.07254205644130707,1778931798.8564713
grallator_flat_new_actuator,Metrics/base_velocity/error_vel_yaw,207,0.07344107329845428,1778931799.8254008
grallator_flat_new_actuator,Metrics/base_velocity/error_vel_yaw,208,0.07344107329845428,1778931800.7972627
grallator_flat_new_actuator,Metrics/base_velocity/error_vel_yaw,209,0.07344107329845428,1778931801.7678666
grallator_flat_new_actuator,Metrics/base_velocity/error_vel_yaw,210,0.07344107329845428,1778931802.7301295
grallator_flat_new_actuator,Metrics/base_velocity/error_vel_yaw,211,0.07344107329845428,1778931803.6945221
grallator_flat_new_actuator,Metrics/base_velocity/error_vel_yaw,212,0.06599351763725281,1778931804.706992
grallator_flat_new_actuator,Metrics/base_velocity/error_vel_yaw,213,0.06417025625705719,1778931805.7200623
grallator_flat_new_actuator,Metrics/base_velocity/error_vel_yaw,214,0.07188694179058075,1778931806.6882236
grallator_flat_new_actuator,Metrics/base_velocity/error_vel_yaw,215,0.07188694179058075,1778931807.6563566
grallator_flat_new_actuator,Metrics/base_velocity/error_vel_yaw,216,0.07188694179058075,1778931808.6185346
grallator_flat_new_actuator,Metrics/base_velocity/error_vel_yaw,217,0.07188694179058075,1778931809.5919416
grallator_flat_new_actuator,Metrics/base_velocity/error_vel_yaw,218,0.07188694179058075,1778931810.5584326
grallator_flat_new_actuator,Metrics/base_velocity/error_vel_yaw,219,0.06656112521886826,1778931811.7100677
grallator_flat_new_actuator,Metrics/base_velocity/error_vel_yaw,220,0.06296943128108978,1778931812.6791751
grallator_flat_new_actuator,Metrics/base_velocity/error_vel_yaw,221,0.06296943128108978,1778931813.644923
grallator_flat_new_actuator,Metrics/base_velocity/error_vel_yaw,222,0.06296943128108978,1778931814.613672
grallator_flat_new_actuator,Metrics/base_velocity/error_vel_yaw,223,0.06537642329931259,1778931815.6060963
grallator_flat_new_actuator,Metrics/base_velocity/error_vel_yaw,224,0.06599590182304382,1778931816.5974932
grallator_flat_new_actuator,Metrics/base_velocity/error_vel_yaw,225,0.06044856831431389,1778931817.59885
grallator_flat_new_actuator,Metrics/base_velocity/error_vel_yaw,226,0.06031272932887077,1778931818.5640132
grallator_flat_new_actuator,Metrics/base_velocity/error_vel_yaw,227,0.06882388889789581,1778931819.5558472
grallator_flat_new_actuator,Metrics/base_velocity/error_vel_yaw,228,0.061843037605285645,1778931820.5623524
grallator_flat_new_actuator,Metrics/base_velocity/error_vel_yaw,229,0.06044047325849533,1778931821.538411
grallator_flat_new_actuator,Metrics/base_velocity/error_vel_yaw,230,0.06044047325849533,1778931822.5382864
grallator_flat_new_actuator,Metrics/base_velocity/error_vel_yaw,231,0.06044047325849533,1778931823.5077994
grallator_flat_new_actuator,Metrics/base_velocity/error_vel_yaw,232,0.0683685913681984,1778931824.4939432
grallator_flat_new_actuator,Metrics/base_velocity/error_vel_yaw,233,0.06871329247951508,1778931825.4544227
grallator_flat_new_actuator,Metrics/base_velocity/error_vel_yaw,234,0.06871329247951508,1778931826.4321957
grallator_flat_new_actuator,Metrics/base_velocity/error_vel_yaw,235,0.06871329247951508,1778931827.4054494
grallator_flat_new_actuator,Metrics/base_velocity/error_vel_yaw,236,0.06871329247951508,1778931828.3808928
grallator_flat_new_actuator,Metrics/base_velocity/error_vel_yaw,237,0.06871329247951508,1778931829.3611124
grallator_flat_new_actuator,Metrics/base_velocity/error_vel_yaw,238,0.06871329247951508,1778931830.3230782
grallator_flat_new_actuator,Metrics/base_velocity/error_vel_yaw,239,0.06876307725906372,1778931831.3091588
grallator_flat_new_actuator,Metrics/base_velocity/error_vel_yaw,240,0.0674273818731308,1778931832.30049
grallator_flat_new_actuator,Metrics/base_velocity/error_vel_yaw,241,0.05208752304315567,1778931833.431904
grallator_flat_new_actuator,Metrics/base_velocity/error_vel_yaw,242,0.05578313767910004,1778931834.4165525
grallator_flat_new_actuator,Metrics/base_velocity/error_vel_yaw,243,0.0594787523150444,1778931835.3906572
grallator_flat_new_actuator,Metrics/base_velocity/error_vel_yaw,244,0.0594787523150444,1778931836.3668132
grallator_flat_new_actuator,Metrics/base_velocity/error_vel_yaw,245,0.0594787523150444,1778931837.3297968
grallator_flat_new_actuator,Metrics/base_velocity/error_vel_yaw,246,0.0594787523150444,1778931838.300246
grallator_flat_new_actuator,Metrics/base_velocity/error_vel_yaw,247,0.0594787523150444,1778931839.2738903
grallator_flat_new_actuator,Metrics/base_velocity/error_vel_yaw,248,0.061142634600400925,1778931840.2721388
grallator_flat_new_actuator,Metrics/base_velocity/error_vel_yaw,249,0.06280650943517685,1778931841.2407076
grallator_flat_new_actuator,Metrics/base_velocity/error_vel_yaw,250,0.06280650943517685,1778931842.2064571
grallator_flat_new_actuator,Metrics/base_velocity/error_vel_yaw,251,0.06280650943517685,1778931843.1802022
grallator_flat_new_actuator,Metrics/base_velocity/error_vel_yaw,252,0.06280650943517685,1778931844.2513413
grallator_flat_new_actuator,Metrics/base_velocity/error_vel_yaw,253,0.05944375321269035,1778931845.2565274
grallator_flat_new_actuator,Metrics/base_velocity/error_vel_yaw,254,0.05272674188017845,1778931846.2346404
grallator_flat_new_actuator,Metrics/base_velocity/error_vel_yaw,255,0.05765842646360397,1778931847.2462175
grallator_flat_new_actuator,Metrics/base_velocity/error_vel_yaw,256,0.05949769541621208,1778931848.2206373
grallator_flat_new_actuator,Metrics/base_velocity/error_vel_yaw,257,0.05949769541621208,1778931849.1840084
grallator_flat_new_actuator,Metrics/base_velocity/error_vel_yaw,258,0.05949769541621208,1778931850.1747153
grallator_flat_new_actuator,Metrics/base_velocity/error_vel_yaw,259,0.05949769541621208,1778931851.1384857
grallator_flat_new_actuator,Metrics/base_velocity/error_vel_yaw,260,0.05798061192035675,1778931852.1207407
grallator_flat_new_actuator,Metrics/base_velocity/error_vel_yaw,261,0.053570762276649475,1778931853.1160848
grallator_flat_new_actuator,Metrics/base_velocity/error_vel_yaw,262,0.05674634128808975,1778931854.0766554
grallator_flat_new_actuator,Metrics/base_velocity/error_vel_yaw,263,0.05674634128808975,1778931855.1522229
grallator_flat_new_actuator,Metrics/base_velocity/error_vel_yaw,264,0.05674634128808975,1778931856.1102915
grallator_flat_new_actuator,Metrics/base_velocity/error_vel_yaw,265,0.05296977981925011,1778931857.1049151
grallator_flat_new_actuator,Metrics/base_velocity/error_vel_yaw,266,0.05011048540472984,1778931858.1204736
grallator_flat_new_actuator,Metrics/base_velocity/error_vel_yaw,267,0.050749264657497406,1778931859.0812335
grallator_flat_new_actuator,Metrics/base_velocity/error_vel_yaw,268,0.04992033168673515,1778931860.0686464
grallator_flat_new_actuator,Metrics/base_velocity/error_vel_yaw,269,0.04101065546274185,1778931861.0741582
grallator_flat_new_actuator,Metrics/base_velocity/error_vel_yaw,270,0.04180343076586723,1778931862.041594
grallator_flat_new_actuator,Metrics/base_velocity/error_vel_yaw,271,0.04180343076586723,1778931863.0137691
grallator_flat_new_actuator,Metrics/base_velocity/error_vel_yaw,272,0.04180343076586723,1778931863.9772592
grallator_flat_new_actuator,Metrics/base_velocity/error_vel_yaw,273,0.04395869001746178,1778931864.9753058
grallator_flat_new_actuator,Metrics/base_velocity/error_vel_yaw,274,0.04919290170073509,1778931866.0138512
grallator_flat_new_actuator,Metrics/base_velocity/error_vel_yaw,275,0.04919290170073509,1778931866.9777453
grallator_flat_new_actuator,Metrics/base_velocity/error_vel_yaw,276,0.04919290170073509,1778931867.9422164
grallator_flat_new_actuator,Metrics/base_velocity/error_vel_yaw,277,0.04919290170073509,1778931868.9052603
grallator_flat_new_actuator,Metrics/base_velocity/error_vel_yaw,278,0.04919290170073509,1778931869.8617492
grallator_flat_new_actuator,Metrics/base_velocity/error_vel_yaw,279,0.04919290170073509,1778931870.8206694
grallator_flat_new_actuator,Metrics/base_velocity/error_vel_yaw,280,0.04919290170073509,1778931871.7864256
grallator_flat_new_actuator,Metrics/base_velocity/error_vel_yaw,281,0.049501534551382065,1778931872.7825472
grallator_flat_new_actuator,Metrics/base_velocity/error_vel_yaw,282,0.051225241273641586,1778931873.7736852
grallator_flat_new_actuator,Metrics/base_velocity/error_vel_yaw,283,0.05352472513914108,1778931874.7297974
grallator_flat_new_actuator,Metrics/base_velocity/error_vel_yaw,284,0.05229286476969719,1778931875.7174015
grallator_flat_new_actuator,Metrics/base_velocity/error_vel_yaw,285,0.05204649269580841,1778931876.8060865
grallator_flat_new_actuator,Metrics/base_velocity/error_vel_yaw,286,0.05204649269580841,1778931877.7626822
grallator_flat_new_actuator,Metrics/base_velocity/error_vel_yaw,287,0.05204649269580841,1778931878.7169006
grallator_flat_new_actuator,Metrics/base_velocity/error_vel_yaw,288,0.05204649269580841,1778931879.6681461
grallator_flat_new_actuator,Metrics/base_velocity/error_vel_yaw,289,0.05204649269580841,1778931880.6244934
grallator_flat_new_actuator,Metrics/base_velocity/error_vel_yaw,290,0.053474411368370056,1778931881.6101663
grallator_flat_new_actuator,Metrics/base_velocity/error_vel_yaw,291,0.05375999957323074,1778931882.57692
grallator_flat_new_actuator,Metrics/base_velocity/error_vel_yaw,292,0.05375999957323074,1778931883.5341332
grallator_flat_new_actuator,Metrics/base_velocity/error_vel_yaw,293,0.05375999957323074,1778931884.494505
grallator_flat_new_actuator,Metrics/base_velocity/error_vel_yaw,294,0.05375999957323074,1778931885.4468842
grallator_flat_new_actuator,Metrics/base_velocity/error_vel_yaw,295,0.047097813338041306,1778931886.4468653
grallator_flat_new_actuator,Metrics/base_velocity/error_vel_yaw,296,0.04610138386487961,1778931887.5158796
grallator_flat_new_actuator,Metrics/base_velocity/error_vel_yaw,297,0.04629307985305786,1778931888.5140088
grallator_flat_new_actuator,Metrics/base_velocity/error_vel_yaw,298,0.04629307985305786,1778931889.4679198
grallator_flat_new_actuator,Metrics/base_velocity/error_vel_yaw,299,0.04629307985305786,1778931890.423904
grallator_flat_new_actuator,Episode_Termination/time_out,0,0.0,1778931591.3249605
grallator_flat_new_actuator,Episode_Termination/time_out,1,0.0,1778931592.4461095
grallator_flat_new_actuator,Episode_Termination/time_out,2,0.0,1778931593.4096067
grallator_flat_new_actuator,Episode_Termination/time_out,3,0.0338541679084301,1778931594.8408465
grallator_flat_new_actuator,Episode_Termination/time_out,4,0.1328125,1778931595.8374805
grallator_flat_new_actuator,Episode_Termination/time_out,5,0.2291666716337204,1778931596.8341486
grallator_flat_new_actuator,Episode_Termination/time_out,6,0.25,1778931597.8172038
grallator_flat_new_actuator,Episode_Termination/time_out,7,0.25,1778931598.810399
grallator_flat_new_actuator,Episode_Termination/time_out,8,0.25,1778931599.8181794
grallator_flat_new_actuator,Episode_Termination/time_out,9,0.25,1778931600.8232706
grallator_flat_new_actuator,Episode_Termination/time_out,10,0.2604166865348816,1778931601.8743327
grallator_flat_new_actuator,Episode_Termination/time_out,11,0.34375,1778931602.987317
grallator_flat_new_actuator,Episode_Termination/time_out,12,0.375,1778931604.0166078
grallator_flat_new_actuator,Episode_Termination/time_out,13,0.375,1778931605.0442195
grallator_flat_new_actuator,Episode_Termination/time_out,14,0.375,1778931606.0607657
grallator_flat_new_actuator,Episode_Termination/time_out,15,0.4192708432674408,1778931607.0880458
grallator_flat_new_actuator,Episode_Termination/time_out,16,0.5130208730697632,1778931608.14291
grallator_flat_new_actuator,Episode_Termination/time_out,17,0.5625,1778931609.1721961
grallator_flat_new_actuator,Episode_Termination/time_out,18,0.5677083730697632,1778931610.2158222
grallator_flat_new_actuator,Episode_Termination/time_out,19,0.6380208730697632,1778931611.2753103
grallator_flat_new_actuator,Episode_Termination/time_out,20,0.6875,1778931612.3031678
grallator_flat_new_actuator,Episode_Termination/time_out,21,0.6875,1778931613.3451924
grallator_flat_new_actuator,Episode_Termination/time_out,22,0.6875,1778931614.371736
grallator_flat_new_actuator,Episode_Termination/time_out,23,0.7057291865348816,1778931615.5422347
grallator_flat_new_actuator,Episode_Termination/time_out,24,0.75,1778931616.5791855
grallator_flat_new_actuator,Episode_Termination/time_out,25,0.75,1778931617.6163304
grallator_flat_new_actuator,Episode_Termination/time_out,26,0.75,1778931618.646848
grallator_flat_new_actuator,Episode_Termination/time_out,27,0.75,1778931619.6672409
grallator_flat_new_actuator,Episode_Termination/time_out,28,0.75,1778931620.6911242
grallator_flat_new_actuator,Episode_Termination/time_out,29,0.75,1778931621.7117386
grallator_flat_new_actuator,Episode_Termination/time_out,30,0.75,1778931622.7490606
grallator_flat_new_actuator,Episode_Termination/time_out,31,0.7994791865348816,1778931623.7863488
grallator_flat_new_actuator,Episode_Termination/time_out,32,0.8385416865348816,1778931624.838845
grallator_flat_new_actuator,Episode_Termination/time_out,33,0.875,1778931626.0091465
grallator_flat_new_actuator,Episode_Termination/time_out,34,0.9270833730697632,1778931627.0707
grallator_flat_new_actuator,Episode_Termination/time_out,35,0.9375,1778931628.1031878
grallator_flat_new_actuator,Episode_Termination/time_out,36,0.9375,1778931629.1267283
grallator_flat_new_actuator,Episode_Termination/time_out,37,0.9375,1778931630.1500802
grallator_flat_new_actuator,Episode_Termination/time_out,38,0.9375,1778931631.1776555
grallator_flat_new_actuator,Episode_Termination/time_out,39,0.9375,1778931632.2026205
grallator_flat_new_actuator,Episode_Termination/time_out,40,0.9895833730697632,1778931633.2495332
grallator_flat_new_actuator,Episode_Termination/time_out,41,1.0,1778931634.298883
grallator_flat_new_actuator,Episode_Termination/time_out,42,1.0,1778931635.3286023
grallator_flat_new_actuator,Episode_Termination/time_out,43,1.0,1778931636.52106
grallator_flat_new_actuator,Episode_Termination/time_out,44,1.0,1778931637.5433187
grallator_flat_new_actuator,Episode_Termination/time_out,45,1.0,1778931638.5949469
grallator_flat_new_actuator,Episode_Termination/time_out,46,1.0,1778931639.6484072
grallator_flat_new_actuator,Episode_Termination/time_out,47,1.0,1778931640.677196
grallator_flat_new_actuator,Episode_Termination/time_out,48,1.0,1778931641.6876357
grallator_flat_new_actuator,Episode_Termination/time_out,49,1.0,1778931642.7068045
grallator_flat_new_actuator,Episode_Termination/time_out,50,1.0,1778931643.722928
grallator_flat_new_actuator,Episode_Termination/time_out,51,1.0,1778931644.7514179
grallator_flat_new_actuator,Episode_Termination/time_out,52,1.0,1778931645.7891462
grallator_flat_new_actuator,Episode_Termination/time_out,53,1.0,1778931646.82077
grallator_flat_new_actuator,Episode_Termination/time_out,54,1.0,1778931647.9150753
grallator_flat_new_actuator,Episode_Termination/time_out,55,1.0,1778931648.9287157
grallator_flat_new_actuator,Episode_Termination/time_out,56,1.0,1778931649.9333894
grallator_flat_new_actuator,Episode_Termination/time_out,57,1.0,1778931650.9719923
grallator_flat_new_actuator,Episode_Termination/time_out,58,1.0,1778931652.0048127
grallator_flat_new_actuator,Episode_Termination/time_out,59,1.0,1778931653.032103
grallator_flat_new_actuator,Episode_Termination/time_out,60,1.0,1778931654.0584948
grallator_flat_new_actuator,Episode_Termination/time_out,61,1.0,1778931655.0820243
grallator_flat_new_actuator,Episode_Termination/time_out,62,1.0,1778931656.0872717
grallator_flat_new_actuator,Episode_Termination/time_out,63,1.0,1778931657.095013
grallator_flat_new_actuator,Episode_Termination/time_out,64,1.0,1778931658.1032367
grallator_flat_new_actuator,Episode_Termination/time_out,65,1.0,1778931659.1711729
grallator_flat_new_actuator,Episode_Termination/time_out,66,1.0,1778931660.182125
grallator_flat_new_actuator,Episode_Termination/time_out,67,1.0,1778931661.1950758
grallator_flat_new_actuator,Episode_Termination/time_out,68,1.0,1778931662.1962426
grallator_flat_new_actuator,Episode_Termination/time_out,69,1.0,1778931663.2006185
grallator_flat_new_actuator,Episode_Termination/time_out,70,1.0,1778931664.198074
grallator_flat_new_actuator,Episode_Termination/time_out,71,1.0,1778931665.2012677
grallator_flat_new_actuator,Episode_Termination/time_out,72,1.0,1778931666.212078
grallator_flat_new_actuator,Episode_Termination/time_out,73,1.0,1778931667.2373319
grallator_flat_new_actuator,Episode_Termination/time_out,74,1.0,1778931668.249748
grallator_flat_new_actuator,Episode_Termination/time_out,75,1.0,1778931669.3259864
grallator_flat_new_actuator,Episode_Termination/time_out,76,1.0,1778931670.3208032
grallator_flat_new_actuator,Episode_Termination/time_out,77,1.0,1778931671.315922
grallator_flat_new_actuator,Episode_Termination/time_out,78,1.0,1778931672.3039858
grallator_flat_new_actuator,Episode_Termination/time_out,79,1.0,1778931673.2946243
grallator_flat_new_actuator,Episode_Termination/time_out,80,1.0,1778931674.2799287
grallator_flat_new_actuator,Episode_Termination/time_out,81,1.0,1778931675.285039
grallator_flat_new_actuator,Episode_Termination/time_out,82,1.0,1778931676.2790077
grallator_flat_new_actuator,Episode_Termination/time_out,83,1.0,1778931677.2732856
grallator_flat_new_actuator,Episode_Termination/time_out,84,1.0,1778931678.2726066
grallator_flat_new_actuator,Episode_Termination/time_out,85,1.0,1778931679.2654562
grallator_flat_new_actuator,Episode_Termination/time_out,86,1.0,1778931680.4176216
grallator_flat_new_actuator,Episode_Termination/time_out,87,1.0,1778931681.43683
grallator_flat_new_actuator,Episode_Termination/time_out,88,1.0,1778931682.4800556
grallator_flat_new_actuator,Episode_Termination/time_out,89,1.0,1778931683.4741511
grallator_flat_new_actuator,Episode_Termination/time_out,90,1.0,1778931684.4677882
grallator_flat_new_actuator,Episode_Termination/time_out,91,1.0,1778931685.4594145
grallator_flat_new_actuator,Episode_Termination/time_out,92,1.0,1778931686.4500828
grallator_flat_new_actuator,Episode_Termination/time_out,93,1.0,1778931687.4411027
grallator_flat_new_actuator,Episode_Termination/time_out,94,1.0,1778931688.4694889
grallator_flat_new_actuator,Episode_Termination/time_out,95,1.0,1778931689.4612978
grallator_flat_new_actuator,Episode_Termination/time_out,96,1.0,1778931690.458379
grallator_flat_new_actuator,Episode_Termination/time_out,97,1.0,1778931691.5029721
grallator_flat_new_actuator,Episode_Termination/time_out,98,1.0,1778931692.5105476
grallator_flat_new_actuator,Episode_Termination/time_out,99,1.0,1778931693.519468
grallator_flat_new_actuator,Episode_Termination/time_out,100,1.0,1778931694.5443046
grallator_flat_new_actuator,Episode_Termination/time_out,101,1.0,1778931695.5398066
grallator_flat_new_actuator,Episode_Termination/time_out,102,1.0,1778931696.5347948
grallator_flat_new_actuator,Episode_Termination/time_out,103,1.0,1778931697.5289683
grallator_flat_new_actuator,Episode_Termination/time_out,104,1.0,1778931698.5047853
grallator_flat_new_actuator,Episode_Termination/time_out,105,1.0,1778931699.507676
grallator_flat_new_actuator,Episode_Termination/time_out,106,1.0,1778931700.4849846
grallator_flat_new_actuator,Episode_Termination/time_out,107,1.0,1778931701.4866958
grallator_flat_new_actuator,Episode_Termination/time_out,108,1.0,1778931702.5719488
grallator_flat_new_actuator,Episode_Termination/time_out,109,1.0,1778931703.5496004
grallator_flat_new_actuator,Episode_Termination/time_out,110,1.0,1778931704.5201943
grallator_flat_new_actuator,Episode_Termination/time_out,111,1.0,1778931705.4948823
grallator_flat_new_actuator,Episode_Termination/time_out,112,1.0,1778931706.4778655
grallator_flat_new_actuator,Episode_Termination/time_out,113,1.0,1778931707.446286
grallator_flat_new_actuator,Episode_Termination/time_out,114,1.0,1778931708.4377983
grallator_flat_new_actuator,Episode_Termination/time_out,115,1.0,1778931709.4188313
grallator_flat_new_actuator,Episode_Termination/time_out,116,1.0,1778931710.412135
grallator_flat_new_actuator,Episode_Termination/time_out,117,1.0,1778931711.4129894
grallator_flat_new_actuator,Episode_Termination/time_out,118,1.0,1778931712.3835318
grallator_flat_new_actuator,Episode_Termination/time_out,119,1.0,1778931713.4546516
grallator_flat_new_actuator,Episode_Termination/time_out,120,1.0,1778931714.424088
grallator_flat_new_actuator,Episode_Termination/time_out,121,1.0,1778931715.41128
grallator_flat_new_actuator,Episode_Termination/time_out,122,1.0,1778931716.39183
grallator_flat_new_actuator,Episode_Termination/time_out,123,1.0,1778931717.3843935
grallator_flat_new_actuator,Episode_Termination/time_out,124,1.0,1778931718.3487139
grallator_flat_new_actuator,Episode_Termination/time_out,125,1.0,1778931719.3251362
grallator_flat_new_actuator,Episode_Termination/time_out,126,1.0,1778931720.3053827
grallator_flat_new_actuator,Episode_Termination/time_out,127,1.0,1778931721.2893698
grallator_flat_new_actuator,Episode_Termination/time_out,128,1.0,1778931722.289667
grallator_flat_new_actuator,Episode_Termination/time_out,129,1.0,1778931723.2820294
grallator_flat_new_actuator,Episode_Termination/time_out,130,1.0,1778931724.3608866
grallator_flat_new_actuator,Episode_Termination/time_out,131,1.0,1778931725.3316195
grallator_flat_new_actuator,Episode_Termination/time_out,132,1.0,1778931726.3077416
grallator_flat_new_actuator,Episode_Termination/time_out,133,1.0,1778931727.2854433
grallator_flat_new_actuator,Episode_Termination/time_out,134,1.0,1778931728.2549765
grallator_flat_new_actuator,Episode_Termination/time_out,135,1.0,1778931729.2454429
grallator_flat_new_actuator,Episode_Termination/time_out,136,1.0,1778931730.2358077
grallator_flat_new_actuator,Episode_Termination/time_out,137,1.0,1778931731.1920218
grallator_flat_new_actuator,Episode_Termination/time_out,138,1.0,1778931732.1534424
grallator_flat_new_actuator,Episode_Termination/time_out,139,1.0,1778931733.116896
grallator_flat_new_actuator,Episode_Termination/time_out,140,1.0,1778931734.1028833
grallator_flat_new_actuator,Episode_Termination/time_out,141,1.0,1778931735.2525508
grallator_flat_new_actuator,Episode_Termination/time_out,142,1.0,1778931736.2268033
grallator_flat_new_actuator,Episode_Termination/time_out,143,1.0,1778931737.1995158
grallator_flat_new_actuator,Episode_Termination/time_out,144,1.0,1778931738.197742
grallator_flat_new_actuator,Episode_Termination/time_out,145,1.0,1778931739.1650605
grallator_flat_new_actuator,Episode_Termination/time_out,146,1.0,1778931740.1278849
grallator_flat_new_actuator,Episode_Termination/time_out,147,1.0,1778931741.0841427
grallator_flat_new_actuator,Episode_Termination/time_out,148,1.0,1778931742.069914
grallator_flat_new_actuator,Episode_Termination/time_out,149,1.0,1778931743.0386727
grallator_flat_new_actuator,Episode_Termination/time_out,150,1.0,1778931744.002976
grallator_flat_new_actuator,Episode_Termination/time_out,151,1.0,1778931744.9716592
grallator_flat_new_actuator,Episode_Termination/time_out,152,1.0,1778931746.0051534
grallator_flat_new_actuator,Episode_Termination/time_out,153,1.0,1778931746.965275
grallator_flat_new_actuator,Episode_Termination/time_out,154,1.0,1778931747.9260495
grallator_flat_new_actuator,Episode_Termination/time_out,155,1.0,1778931748.885955
grallator_flat_new_actuator,Episode_Termination/time_out,156,1.0,1778931749.8651352
grallator_flat_new_actuator,Episode_Termination/time_out,157,1.0,1778931750.8514953
grallator_flat_new_actuator,Episode_Termination/time_out,158,1.0,1778931751.8138685
grallator_flat_new_actuator,Episode_Termination/time_out,159,1.0,1778931752.8011255
grallator_flat_new_actuator,Episode_Termination/time_out,160,1.0,1778931753.762542
grallator_flat_new_actuator,Episode_Termination/time_out,161,1.0,1778931754.7463841
grallator_flat_new_actuator,Episode_Termination/time_out,162,1.0,1778931755.7285452
grallator_flat_new_actuator,Episode_Termination/time_out,163,1.0,1778931756.8136594
grallator_flat_new_actuator,Episode_Termination/time_out,164,1.0,1778931757.7728224
grallator_flat_new_actuator,Episode_Termination/time_out,165,1.0,1778931758.7520466
grallator_flat_new_actuator,Episode_Termination/time_out,166,1.0,1778931759.7092984
grallator_flat_new_actuator,Episode_Termination/time_out,167,1.0,1778931760.675367
grallator_flat_new_actuator,Episode_Termination/time_out,168,1.0,1778931761.6258922
grallator_flat_new_actuator,Episode_Termination/time_out,169,1.0,1778931762.5744994
grallator_flat_new_actuator,Episode_Termination/time_out,170,1.0,1778931763.5621283
grallator_flat_new_actuator,Episode_Termination/time_out,171,1.0,1778931764.5566812
grallator_flat_new_actuator,Episode_Termination/time_out,172,1.0,1778931765.5333014
grallator_flat_new_actuator,Episode_Termination/time_out,173,1.0,1778931766.490229
grallator_flat_new_actuator,Episode_Termination/time_out,174,1.0,1778931767.6022718
grallator_flat_new_actuator,Episode_Termination/time_out,175,1.0,1778931768.5641
grallator_flat_new_actuator,Episode_Termination/time_out,176,1.0,1778931769.51322
grallator_flat_new_actuator,Episode_Termination/time_out,177,1.0,1778931770.4962583
grallator_flat_new_actuator,Episode_Termination/time_out,178,1.0,1778931771.4686272
grallator_flat_new_actuator,Episode_Termination/time_out,179,1.0,1778931772.4241266
grallator_flat_new_actuator,Episode_Termination/time_out,180,1.0,1778931773.3837159
grallator_flat_new_actuator,Episode_Termination/time_out,181,1.0,1778931774.3374376
grallator_flat_new_actuator,Episode_Termination/time_out,182,1.0,1778931775.337311
grallator_flat_new_actuator,Episode_Termination/time_out,183,1.0,1778931776.327882
grallator_flat_new_actuator,Episode_Termination/time_out,184,1.0,1778931777.281063
grallator_flat_new_actuator,Episode_Termination/time_out,185,1.0,1778931778.374262
grallator_flat_new_actuator,Episode_Termination/time_out,186,1.0,1778931779.35668
grallator_flat_new_actuator,Episode_Termination/time_out,187,1.0,1778931780.309485
grallator_flat_new_actuator,Episode_Termination/time_out,188,1.0,1778931781.2712684
grallator_flat_new_actuator,Episode_Termination/time_out,189,1.0,1778931782.2274342
grallator_flat_new_actuator,Episode_Termination/time_out,190,1.0,1778931783.20874
grallator_flat_new_actuator,Episode_Termination/time_out,191,1.0,1778931784.1649516
grallator_flat_new_actuator,Episode_Termination/time_out,192,1.0,1778931785.1397586
grallator_flat_new_actuator,Episode_Termination/time_out,193,1.0,1778931786.1099696
grallator_flat_new_actuator,Episode_Termination/time_out,194,1.0,1778931787.0720026
grallator_flat_new_actuator,Episode_Termination/time_out,195,1.0,1778931788.0337276
grallator_flat_new_actuator,Episode_Termination/time_out,196,1.0,1778931789.0972338
grallator_flat_new_actuator,Episode_Termination/time_out,197,1.0,1778931790.066272
grallator_flat_new_actuator,Episode_Termination/time_out,198,1.0,1778931791.0501175
grallator_flat_new_actuator,Episode_Termination/time_out,199,1.0,1778931792.0379415
grallator_flat_new_actuator,Episode_Termination/time_out,200,1.0,1778931793.0222359
grallator_flat_new_actuator,Episode_Termination/time_out,201,1.0,1778931794.0041182
grallator_flat_new_actuator,Episode_Termination/time_out,202,1.0,1778931794.9905314
grallator_flat_new_actuator,Episode_Termination/time_out,203,1.0,1778931795.9509954
grallator_flat_new_actuator,Episode_Termination/time_out,204,1.0,1778931796.919372
grallator_flat_new_actuator,Episode_Termination/time_out,205,1.0,1778931797.8804572
grallator_flat_new_actuator,Episode_Termination/time_out,206,1.0,1778931798.8574076
grallator_flat_new_actuator,Episode_Termination/time_out,207,1.0,1778931799.8263297
grallator_flat_new_actuator,Episode_Termination/time_out,208,1.0,1778931800.7981837
grallator_flat_new_actuator,Episode_Termination/time_out,209,1.0,1778931801.7688231
grallator_flat_new_actuator,Episode_Termination/time_out,210,1.0,1778931802.731093
grallator_flat_new_actuator,Episode_Termination/time_out,211,1.0,1778931803.6954832
grallator_flat_new_actuator,Episode_Termination/time_out,212,1.0,1778931804.708319
grallator_flat_new_actuator,Episode_Termination/time_out,213,1.0,1778931805.72101
grallator_flat_new_actuator,Episode_Termination/time_out,214,1.0,1778931806.6891553
grallator_flat_new_actuator,Episode_Termination/time_out,215,1.0,1778931807.6572871
grallator_flat_new_actuator,Episode_Termination/time_out,216,1.0,1778931808.6193924
grallator_flat_new_actuator,Episode_Termination/time_out,217,1.0,1778931809.592897
grallator_flat_new_actuator,Episode_Termination/time_out,218,1.0,1778931810.5594287
grallator_flat_new_actuator,Episode_Termination/time_out,219,1.0,1778931811.7110314
grallator_flat_new_actuator,Episode_Termination/time_out,220,1.0,1778931812.6800907
grallator_flat_new_actuator,Episode_Termination/time_out,221,1.0,1778931813.6458862
grallator_flat_new_actuator,Episode_Termination/time_out,222,1.0,1778931814.6146355
grallator_flat_new_actuator,Episode_Termination/time_out,223,1.0,1778931815.6070433
grallator_flat_new_actuator,Episode_Termination/time_out,224,1.0,1778931816.598458
grallator_flat_new_actuator,Episode_Termination/time_out,225,1.0,1778931817.5998092
grallator_flat_new_actuator,Episode_Termination/time_out,226,1.0,1778931818.564975
grallator_flat_new_actuator,Episode_Termination/time_out,227,1.0,1778931819.5567913
grallator_flat_new_actuator,Episode_Termination/time_out,228,1.0,1778931820.5634062
grallator_flat_new_actuator,Episode_Termination/time_out,229,1.0,1778931821.539333
grallator_flat_new_actuator,Episode_Termination/time_out,230,1.0,1778931822.539225
grallator_flat_new_actuator,Episode_Termination/time_out,231,1.0,1778931823.5087633
grallator_flat_new_actuator,Episode_Termination/time_out,232,1.0,1778931824.4949462
grallator_flat_new_actuator,Episode_Termination/time_out,233,1.0,1778931825.4554765
grallator_flat_new_actuator,Episode_Termination/time_out,234,1.0,1778931826.4331026
grallator_flat_new_actuator,Episode_Termination/time_out,235,1.0,1778931827.406387
grallator_flat_new_actuator,Episode_Termination/time_out,236,1.0,1778931828.3818338
grallator_flat_new_actuator,Episode_Termination/time_out,237,1.0,1778931829.3623981
grallator_flat_new_actuator,Episode_Termination/time_out,238,1.0,1778931830.3240256
grallator_flat_new_actuator,Episode_Termination/time_out,239,1.0,1778931831.3101702
grallator_flat_new_actuator,Episode_Termination/time_out,240,1.0,1778931832.3014839
grallator_flat_new_actuator,Episode_Termination/time_out,241,1.0,1778931833.4328787
grallator_flat_new_actuator,Episode_Termination/time_out,242,1.0,1778931834.417541
grallator_flat_new_actuator,Episode_Termination/time_out,243,1.0,1778931835.3916357
grallator_flat_new_actuator,Episode_Termination/time_out,244,1.0,1778931836.3677962
grallator_flat_new_actuator,Episode_Termination/time_out,245,1.0,1778931837.3307483
grallator_flat_new_actuator,Episode_Termination/time_out,246,1.0,1778931838.301172
grallator_flat_new_actuator,Episode_Termination/time_out,247,1.0,1778931839.2748423
grallator_flat_new_actuator,Episode_Termination/time_out,248,1.0,1778931840.2734406
grallator_flat_new_actuator,Episode_Termination/time_out,249,1.0,1778931841.2417288
grallator_flat_new_actuator,Episode_Termination/time_out,250,1.0,1778931842.2073655
grallator_flat_new_actuator,Episode_Termination/time_out,251,1.0,1778931843.181185
grallator_flat_new_actuator,Episode_Termination/time_out,252,1.0,1778931844.2526152
grallator_flat_new_actuator,Episode_Termination/time_out,253,1.0,1778931845.2575073
grallator_flat_new_actuator,Episode_Termination/time_out,254,1.0,1778931846.2355597
grallator_flat_new_actuator,Episode_Termination/time_out,255,1.0,1778931847.2472212
grallator_flat_new_actuator,Episode_Termination/time_out,256,1.0,1778931848.2215576
grallator_flat_new_actuator,Episode_Termination/time_out,257,1.0,1778931849.184955
grallator_flat_new_actuator,Episode_Termination/time_out,258,1.0,1778931850.1759582
grallator_flat_new_actuator,Episode_Termination/time_out,259,1.0,1778931851.1395094
grallator_flat_new_actuator,Episode_Termination/time_out,260,1.0,1778931852.1216683
grallator_flat_new_actuator,Episode_Termination/time_out,261,1.0,1778931853.1171105
grallator_flat_new_actuator,Episode_Termination/time_out,262,1.0,1778931854.077608
grallator_flat_new_actuator,Episode_Termination/time_out,263,1.0,1778931855.1531422
grallator_flat_new_actuator,Episode_Termination/time_out,264,1.0,1778931856.1112473
grallator_flat_new_actuator,Episode_Termination/time_out,265,1.0,1778931857.1059377
grallator_flat_new_actuator,Episode_Termination/time_out,266,1.0,1778931858.1214414
grallator_flat_new_actuator,Episode_Termination/time_out,267,1.0,1778931859.0821989
grallator_flat_new_actuator,Episode_Termination/time_out,268,1.0,1778931860.0696495
grallator_flat_new_actuator,Episode_Termination/time_out,269,1.0,1778931861.0751324
grallator_flat_new_actuator,Episode_Termination/time_out,270,1.0,1778931862.0424905
grallator_flat_new_actuator,Episode_Termination/time_out,271,1.0,1778931863.0147505
grallator_flat_new_actuator,Episode_Termination/time_out,272,1.0,1778931863.9781594
grallator_flat_new_actuator,Episode_Termination/time_out,273,1.0,1778931864.9762342
grallator_flat_new_actuator,Episode_Termination/time_out,274,1.0,1778931866.014812
grallator_flat_new_actuator,Episode_Termination/time_out,275,1.0,1778931866.978719
grallator_flat_new_actuator,Episode_Termination/time_out,276,1.0,1778931867.9432397
grallator_flat_new_actuator,Episode_Termination/time_out,277,1.0,1778931868.9061682
grallator_flat_new_actuator,Episode_Termination/time_out,278,1.0,1778931869.86273
grallator_flat_new_actuator,Episode_Termination/time_out,279,1.0,1778931870.8216054
grallator_flat_new_actuator,Episode_Termination/time_out,280,1.0,1778931871.7873077
grallator_flat_new_actuator,Episode_Termination/time_out,281,1.0,1778931872.7835069
grallator_flat_new_actuator,Episode_Termination/time_out,282,1.0,1778931873.7746646
grallator_flat_new_actuator,Episode_Termination/time_out,283,1.0,1778931874.7307937
grallator_flat_new_actuator,Episode_Termination/time_out,284,1.0,1778931875.7183888
grallator_flat_new_actuator,Episode_Termination/time_out,285,1.0,1778931876.8070755
grallator_flat_new_actuator,Episode_Termination/time_out,286,1.0,1778931877.763642
grallator_flat_new_actuator,Episode_Termination/time_out,287,1.0,1778931878.717863
grallator_flat_new_actuator,Episode_Termination/time_out,288,1.0,1778931879.6690822
grallator_flat_new_actuator,Episode_Termination/time_out,289,1.0,1778931880.6254141
grallator_flat_new_actuator,Episode_Termination/time_out,290,1.0,1778931881.6111512
grallator_flat_new_actuator,Episode_Termination/time_out,291,1.0,1778931882.577869
grallator_flat_new_actuator,Episode_Termination/time_out,292,1.0,1778931883.535109
grallator_flat_new_actuator,Episode_Termination/time_out,293,1.0,1778931884.4954317
grallator_flat_new_actuator,Episode_Termination/time_out,294,1.0,1778931885.4478297
grallator_flat_new_actuator,Episode_Termination/time_out,295,1.0,1778931886.4478617
grallator_flat_new_actuator,Episode_Termination/time_out,296,1.0,1778931887.516843
grallator_flat_new_actuator,Episode_Termination/time_out,297,1.0,1778931888.5149398
grallator_flat_new_actuator,Episode_Termination/time_out,298,1.0,1778931889.46898
grallator_flat_new_actuator,Episode_Termination/time_out,299,1.0,1778931890.424833
grallator_flat_new_actuator,Loss/value_function,0,3.713012456893921,1778931591.3251312
grallator_flat_new_actuator,Loss/value_function,1,2.1845760345458984,1778931592.446266
grallator_flat_new_actuator,Loss/value_function,2,0.026147961616516113,1778931593.4097614
grallator_flat_new_actuator,Loss/value_function,3,0.16755498945713043,1778931594.8410435
grallator_flat_new_actuator,Loss/value_function,4,0.09840428829193115,1778931595.83769
grallator_flat_new_actuator,Loss/value_function,5,0.45408615469932556,1778931596.8343015
grallator_flat_new_actuator,Loss/value_function,6,0.20860810577869415,1778931597.8173363
grallator_flat_new_actuator,Loss/value_function,7,0.04453865438699722,1778931598.8105505
grallator_flat_new_actuator,Loss/value_function,8,0.015922129154205322,1778931599.8183486
grallator_flat_new_actuator,Loss/value_function,9,0.013576369732618332,1778931600.8234289
grallator_flat_new_actuator,Loss/value_function,10,0.03141048923134804,1778931601.8745036
grallator_flat_new_actuator,Loss/value_function,11,0.154926136136055,1778931602.9874809
grallator_flat_new_actuator,Loss/value_function,12,0.1989867091178894,1778931604.016764
grallator_flat_new_actuator,Loss/value_function,13,0.12494176626205444,1778931605.0443726
grallator_flat_new_actuator,Loss/value_function,14,0.01950053498148918,1778931606.0609162
grallator_flat_new_actuator,Loss/value_function,15,0.15101522207260132,1778931607.0882018
grallator_flat_new_actuator,Loss/value_function,16,0.27278435230255127,1778931608.1430697
grallator_flat_new_actuator,Loss/value_function,17,0.3494785726070404,1778931609.172332
grallator_flat_new_actuator,Loss/value_function,18,0.2539193332195282,1778931610.2159963
grallator_flat_new_actuator,Loss/value_function,19,0.19150492548942566,1778931611.2754889
grallator_flat_new_actuator,Loss/value_function,20,0.1644105464220047,1778931612.303326
grallator_flat_new_actuator,Loss/value_function,21,0.09315366297960281,1778931613.3453915
grallator_flat_new_actuator,Loss/value_function,22,0.05629527196288109,1778931614.3719802
grallator_flat_new_actuator,Loss/value_function,23,0.1204574704170227,1778931615.5423775
grallator_flat_new_actuator,Loss/value_function,24,0.0829659029841423,1778931616.57934
grallator_flat_new_actuator,Loss/value_function,25,0.08833715319633484,1778931617.616487
grallator_flat_new_actuator,Loss/value_function,26,0.058054663240909576,1778931618.6470022
grallator_flat_new_actuator,Loss/value_function,27,0.059909168630838394,1778931619.667405
grallator_flat_new_actuator,Loss/value_function,28,0.03783739358186722,1778931620.6912847
grallator_flat_new_actuator,Loss/value_function,29,0.03211487457156181,1778931621.71189
grallator_flat_new_actuator,Loss/value_function,30,0.030564913526177406,1778931622.7492092
grallator_flat_new_actuator,Loss/value_function,31,0.1210007295012474,1778931623.7865078
grallator_flat_new_actuator,Loss/value_function,32,0.16464179754257202,1778931624.8389828
grallator_flat_new_actuator,Loss/value_function,33,0.08417268842458725,1778931626.0092967
grallator_flat_new_actuator,Loss/value_function,34,0.11798901855945587,1778931627.0708613
grallator_flat_new_actuator,Loss/value_function,35,0.09834245592355728,1778931628.103356
grallator_flat_new_actuator,Loss/value_function,36,0.05969292297959328,1778931629.1268883
grallator_flat_new_actuator,Loss/value_function,37,0.04840394854545593,1778931630.1502364
grallator_flat_new_actuator,Loss/value_function,38,0.044031623750925064,1778931631.177809
grallator_flat_new_actuator,Loss/value_function,39,0.04784554988145828,1778931632.2027771
grallator_flat_new_actuator,Loss/value_function,40,0.1722438633441925,1778931633.2497036
grallator_flat_new_actuator,Loss/value_function,41,0.09118281304836273,1778931634.299063
grallator_flat_new_actuator,Loss/value_function,42,0.045124709606170654,1778931635.3287518
grallator_flat_new_actuator,Loss/value_function,43,0.0302520040422678,1778931636.5212188
grallator_flat_new_actuator,Loss/value_function,44,0.043754056096076965,1778931637.543472
grallator_flat_new_actuator,Loss/value_function,45,0.11677595973014832,1778931638.5951023
grallator_flat_new_actuator,Loss/value_function,46,0.13793553411960602,1778931639.648606
grallator_flat_new_actuator,Loss/value_function,47,0.12668558955192566,1778931640.6773598
grallator_flat_new_actuator,Loss/value_function,48,0.09462173283100128,1778931641.6877954
grallator_flat_new_actuator,Loss/value_function,49,0.06776707619428635,1778931642.7069592
grallator_flat_new_actuator,Loss/value_function,50,0.04116114228963852,1778931643.7230816
grallator_flat_new_actuator,Loss/value_function,51,0.031144417822360992,1778931644.7515695
grallator_flat_new_actuator,Loss/value_function,52,0.06908607482910156,1778931645.7893348
grallator_flat_new_actuator,Loss/value_function,53,0.13066039979457855,1778931646.820925
grallator_flat_new_actuator,Loss/value_function,54,0.06196460500359535,1778931647.9152277
grallator_flat_new_actuator,Loss/value_function,55,0.02985217794775963,1778931648.928864
grallator_flat_new_actuator,Loss/value_function,56,0.06247161328792572,1778931649.9335513
grallator_flat_new_actuator,Loss/value_function,57,0.08634525537490845,1778931650.9721441
grallator_flat_new_actuator,Loss/value_function,58,0.1041041910648346,1778931652.0049634
grallator_flat_new_actuator,Loss/value_function,59,0.06171291694045067,1778931653.0322948
grallator_flat_new_actuator,Loss/value_function,60,0.07275153696537018,1778931654.058674
grallator_flat_new_actuator,Loss/value_function,61,0.06333009898662567,1778931655.0821753
grallator_flat_new_actuator,Loss/value_function,62,0.10012136399745941,1778931656.0874233
grallator_flat_new_actuator,Loss/value_function,63,0.03540307655930519,1778931657.095166
grallator_flat_new_actuator,Loss/value_function,64,0.028697334229946136,1778931658.1033916
grallator_flat_new_actuator,Loss/value_function,65,0.05024099722504616,1778931659.1713748
grallator_flat_new_actuator,Loss/value_function,66,0.08801395446062088,1778931660.182289
grallator_flat_new_actuator,Loss/value_function,67,0.03909268602728844,1778931661.195235
grallator_flat_new_actuator,Loss/value_function,68,0.030850719660520554,1778931662.1964085
grallator_flat_new_actuator,Loss/value_function,69,0.023885292932391167,1778931663.2007813
grallator_flat_new_actuator,Loss/value_function,70,0.020683716982603073,1778931664.1982107
grallator_flat_new_actuator,Loss/value_function,71,0.026600554585456848,1778931665.20143
grallator_flat_new_actuator,Loss/value_function,72,0.040657225996255875,1778931666.212242
grallator_flat_new_actuator,Loss/value_function,73,0.02700430527329445,1778931667.2374887
grallator_flat_new_actuator,Loss/value_function,74,0.12015795707702637,1778931668.2499018
grallator_flat_new_actuator,Loss/value_function,75,0.11343017965555191,1778931669.3261495
grallator_flat_new_actuator,Loss/value_function,76,0.03164355456829071,1778931670.3210177
grallator_flat_new_actuator,Loss/value_function,77,0.11509393155574799,1778931671.3160892
grallator_flat_new_actuator,Loss/value_function,78,0.030307242646813393,1778931672.3041418
grallator_flat_new_actuator,Loss/value_function,79,0.022780271247029305,1778931673.2947812
grallator_flat_new_actuator,Loss/value_function,80,0.014023026451468468,1778931674.28008
grallator_flat_new_actuator,Loss/value_function,81,0.027632098644971848,1778931675.285211
grallator_flat_new_actuator,Loss/value_function,82,0.0347006656229496,1778931676.279142
grallator_flat_new_actuator,Loss/value_function,83,0.08475169539451599,1778931677.273529
grallator_flat_new_actuator,Loss/value_function,84,0.0185550507158041,1778931678.272761
grallator_flat_new_actuator,Loss/value_function,85,0.014490765519440174,1778931679.2656143
grallator_flat_new_actuator,Loss/value_function,86,0.013889732770621777,1778931680.4177625
grallator_flat_new_actuator,Loss/value_function,87,0.05916023999452591,1778931681.4369767
grallator_flat_new_actuator,Loss/value_function,88,0.22585438191890717,1778931682.4802113
grallator_flat_new_actuator,Loss/value_function,89,0.1017131507396698,1778931683.4742973
grallator_flat_new_actuator,Loss/value_function,90,0.07126547396183014,1778931684.4679468
grallator_flat_new_actuator,Loss/value_function,91,0.029197577387094498,1778931685.4595594
grallator_flat_new_actuator,Loss/value_function,92,0.02195253036916256,1778931686.4502966
grallator_flat_new_actuator,Loss/value_function,93,0.017557824030518532,1778931687.4412518
grallator_flat_new_actuator,Loss/value_function,94,0.03927435353398323,1778931688.4696739
grallator_flat_new_actuator,Loss/value_function,95,0.24338775873184204,1778931689.4614503
grallator_flat_new_actuator,Loss/value_function,96,0.10326500236988068,1778931690.458534
grallator_flat_new_actuator,Loss/value_function,97,0.025550346821546555,1778931691.5031328
grallator_flat_new_actuator,Loss/value_function,98,0.030685894191265106,1778931692.510724
grallator_flat_new_actuator,Loss/value_function,99,0.042848873883485794,1778931693.5196245
grallator_flat_new_actuator,Loss/value_function,100,0.16377142071723938,1778931694.5445251
grallator_flat_new_actuator,Loss/value_function,101,0.112566739320755,1778931695.5399702
grallator_flat_new_actuator,Loss/value_function,102,0.0467204675078392,1778931696.5349376
grallator_flat_new_actuator,Loss/value_function,103,0.2733561098575592,1778931697.529138
grallator_flat_new_actuator,Loss/value_function,104,0.14293183386325836,1778931698.5049212
grallator_flat_new_actuator,Loss/value_function,105,0.0315868966281414,1778931699.507833
grallator_flat_new_actuator,Loss/value_function,106,0.02983834594488144,1778931700.4851563
grallator_flat_new_actuator,Loss/value_function,107,0.046919334679841995,1778931701.4868488
grallator_flat_new_actuator,Loss/value_function,108,0.1502295881509781,1778931702.572123
grallator_flat_new_actuator,Loss/value_function,109,0.03640735149383545,1778931703.54975
grallator_flat_new_actuator,Loss/value_function,110,0.025284728035330772,1778931704.5203767
grallator_flat_new_actuator,Loss/value_function,111,0.02799377217888832,1778931705.495036
grallator_flat_new_actuator,Loss/value_function,112,0.01977219432592392,1778931706.478023
grallator_flat_new_actuator,Loss/value_function,113,0.017594143748283386,1778931707.4464698
grallator_flat_new_actuator,Loss/value_function,114,0.03495606407523155,1778931708.4379563
grallator_flat_new_actuator,Loss/value_function,115,0.08046849071979523,1778931709.4189851
grallator_flat_new_actuator,Loss/value_function,116,0.048500657081604004,1778931710.4122922
grallator_flat_new_actuator,Loss/value_function,117,0.13123531639575958,1778931711.413119
grallator_flat_new_actuator,Loss/value_function,118,0.12440097332000732,1778931712.3837025
grallator_flat_new_actuator,Loss/value_function,119,0.04508167505264282,1778931713.4547863
grallator_flat_new_actuator,Loss/value_function,120,0.03144177049398422,1778931714.4242845
grallator_flat_new_actuator,Loss/value_function,121,0.02505917102098465,1778931715.41148
grallator_flat_new_actuator,Loss/value_function,122,0.023501290008425713,1778931716.3919816
grallator_flat_new_actuator,Loss/value_function,123,0.031442753970623016,1778931717.384545
grallator_flat_new_actuator,Loss/value_function,124,0.10294865071773529,1778931718.3488696
grallator_flat_new_actuator,Loss/value_function,125,0.04759559780359268,1778931719.3253734
grallator_flat_new_actuator,Loss/value_function,126,0.021502261981368065,1778931720.3055322
grallator_flat_new_actuator,Loss/value_function,127,0.026211073622107506,1778931721.2895207
grallator_flat_new_actuator,Loss/value_function,128,0.050756171345710754,1778931722.2898195
grallator_flat_new_actuator,Loss/value_function,129,0.05968264490365982,1778931723.282201
grallator_flat_new_actuator,Loss/value_function,130,0.16043619811534882,1778931724.3610249
grallator_flat_new_actuator,Loss/value_function,131,0.32326769828796387,1778931725.3317578
grallator_flat_new_actuator,Loss/value_function,132,0.03172404319047928,1778931726.3079848
grallator_flat_new_actuator,Loss/value_function,133,0.02452170103788376,1778931727.285631
grallator_flat_new_actuator,Loss/value_function,134,0.017556440085172653,1778931728.255177
grallator_flat_new_actuator,Loss/value_function,135,0.023144114762544632,1778931729.2456286
grallator_flat_new_actuator,Loss/value_function,136,0.05045754835009575,1778931730.2359703
grallator_flat_new_actuator,Loss/value_function,137,0.18037885427474976,1778931731.1922
grallator_flat_new_actuator,Loss/value_function,138,0.03865626081824303,1778931732.153626
grallator_flat_new_actuator,Loss/value_function,139,0.020571740344166756,1778931733.117139
grallator_flat_new_actuator,Loss/value_function,140,0.027195341885089874,1778931734.1030295
grallator_flat_new_actuator,Loss/value_function,141,0.2697051465511322,1778931735.2527812
grallator_flat_new_actuator,Loss/value_function,142,0.2293548285961151,1778931736.226948
grallator_flat_new_actuator,Loss/value_function,143,0.05242817476391792,1778931737.1996741
grallator_flat_new_actuator,Loss/value_function,144,0.06841733306646347,1778931738.1979496
grallator_flat_new_actuator,Loss/value_function,145,0.13687224686145782,1778931739.1651967
grallator_flat_new_actuator,Loss/value_function,146,0.044547419995069504,1778931740.1280398
grallator_flat_new_actuator,Loss/value_function,147,0.021869368851184845,1778931741.0842988
grallator_flat_new_actuator,Loss/value_function,148,0.023720137774944305,1778931742.070068
grallator_flat_new_actuator,Loss/value_function,149,0.03410991653800011,1778931743.0388284
grallator_flat_new_actuator,Loss/value_function,150,0.07202382385730743,1778931744.0031333
grallator_flat_new_actuator,Loss/value_function,151,0.01780661568045616,1778931744.9718225
grallator_flat_new_actuator,Loss/value_function,152,0.02144758403301239,1778931746.0053113
grallator_flat_new_actuator,Loss/value_function,153,0.018838321790099144,1778931746.9654598
grallator_flat_new_actuator,Loss/value_function,154,0.017499178647994995,1778931747.9261987
grallator_flat_new_actuator,Loss/value_function,155,0.01762721687555313,1778931748.8861089
grallator_flat_new_actuator,Loss/value_function,156,0.03797013685107231,1778931749.865282
grallator_flat_new_actuator,Loss/value_function,157,0.17509342730045319,1778931750.851668
grallator_flat_new_actuator,Loss/value_function,158,0.05077289044857025,1778931751.8140426
grallator_flat_new_actuator,Loss/value_function,159,0.060004185885190964,1778931752.8012812
grallator_flat_new_actuator,Loss/value_function,160,0.1300768107175827,1778931753.7626953
grallator_flat_new_actuator,Loss/value_function,161,0.018382394686341286,1778931754.74654
grallator_flat_new_actuator,Loss/value_function,162,0.014714634977281094,1778931755.7287195
grallator_flat_new_actuator,Loss/value_function,163,0.013244681991636753,1778931756.813848
grallator_flat_new_actuator,Loss/value_function,164,0.013284169137477875,1778931757.7730012
grallator_flat_new_actuator,Loss/value_function,165,0.04296432062983513,1778931758.752206
grallator_flat_new_actuator,Loss/value_function,166,0.12414025515317917,1778931759.7094553
grallator_flat_new_actuator,Loss/value_function,167,0.017798738554120064,1778931760.6755302
grallator_flat_new_actuator,Loss/value_function,168,0.012179621495306492,1778931761.6260793
grallator_flat_new_actuator,Loss/value_function,169,0.010726602748036385,1778931762.5746694
grallator_flat_new_actuator,Loss/value_function,170,0.06614905595779419,1778931763.5623097
grallator_flat_new_actuator,Loss/value_function,171,0.2527124285697937,1778931764.5568423
grallator_flat_new_actuator,Loss/value_function,172,0.1238412857055664,1778931765.5334756
grallator_flat_new_actuator,Loss/value_function,173,0.10355322062969208,1778931766.4903843
grallator_flat_new_actuator,Loss/value_function,174,0.018330426886677742,1778931767.602425
grallator_flat_new_actuator,Loss/value_function,175,0.01621999777853489,1778931768.5642514
grallator_flat_new_actuator,Loss/value_function,176,0.012434013187885284,1778931769.5133948
grallator_flat_new_actuator,Loss/value_function,177,0.03197426721453667,1778931770.4964378
grallator_flat_new_actuator,Loss/value_function,178,0.11497381329536438,1778931771.4687884
grallator_flat_new_actuator,Loss/value_function,179,0.12849316000938416,1778931772.4242814
grallator_flat_new_actuator,Loss/value_function,180,0.022007277235388756,1778931773.3838687
grallator_flat_new_actuator,Loss/value_function,181,0.021752048283815384,1778931774.3376496
grallator_flat_new_actuator,Loss/value_function,182,0.037428829818964005,1778931775.3374789
grallator_flat_new_actuator,Loss/value_function,183,0.11902749538421631,1778931776.3280454
grallator_flat_new_actuator,Loss/value_function,184,0.1638646125793457,1778931777.2812169
grallator_flat_new_actuator,Loss/value_function,185,0.05269584804773331,1778931778.374425
grallator_flat_new_actuator,Loss/value_function,186,0.10147198289632797,1778931779.3568463
grallator_flat_new_actuator,Loss/value_function,187,0.12476800382137299,1778931780.3096669
grallator_flat_new_actuator,Loss/value_function,188,0.03462265059351921,1778931781.2714686
grallator_flat_new_actuator,Loss/value_function,189,0.01843099668622017,1778931782.227613
grallator_flat_new_actuator,Loss/value_function,190,0.03552601858973503,1778931783.2088947
grallator_flat_new_actuator,Loss/value_function,191,0.16793426871299744,1778931784.1651075
grallator_flat_new_actuator,Loss/value_function,192,0.03167321905493736,1778931785.139923
grallator_flat_new_actuator,Loss/value_function,193,0.021439485251903534,1778931786.1101224
grallator_flat_new_actuator,Loss/value_function,194,0.018840188160538673,1778931787.072167
grallator_flat_new_actuator,Loss/value_function,195,0.01775376684963703,1778931788.033885
grallator_flat_new_actuator,Loss/value_function,196,0.017045825719833374,1778931789.0973904
grallator_flat_new_actuator,Loss/value_function,197,0.018154876306653023,1778931790.0664597
grallator_flat_new_actuator,Loss/value_function,198,0.025041047483682632,1778931791.0502882
grallator_flat_new_actuator,Loss/value_function,199,0.10252034664154053,1778931792.038096
grallator_flat_new_actuator,Loss/value_function,200,0.1553998589515686,1778931793.022402
grallator_flat_new_actuator,Loss/value_function,201,0.046703968197107315,1778931794.0042555
grallator_flat_new_actuator,Loss/value_function,202,0.04390053078532219,1778931794.9907017
grallator_flat_new_actuator,Loss/value_function,203,0.023016486316919327,1778931795.9511554
grallator_flat_new_actuator,Loss/value_function,204,0.014967500232160091,1778931796.9195297
grallator_flat_new_actuator,Loss/value_function,205,0.016847597435116768,1778931797.8806303
grallator_flat_new_actuator,Loss/value_function,206,0.02294987253844738,1778931798.8576155
grallator_flat_new_actuator,Loss/value_function,207,0.021787649020552635,1778931799.8264816
grallator_flat_new_actuator,Loss/value_function,208,0.0418531633913517,1778931800.7983463
grallator_flat_new_actuator,Loss/value_function,209,0.01825725845992565,1778931801.7689795
grallator_flat_new_actuator,Loss/value_function,210,0.012953203171491623,1778931802.7312477
grallator_flat_new_actuator,Loss/value_function,211,0.011157527565956116,1778931803.69566
grallator_flat_new_actuator,Loss/value_function,212,0.04737783968448639,1778931804.708495
grallator_flat_new_actuator,Loss/value_function,213,0.2765045762062073,1778931805.7211475
grallator_flat_new_actuator,Loss/value_function,214,0.13855822384357452,1778931806.6893148
grallator_flat_new_actuator,Loss/value_function,215,0.019255733117461205,1778931807.6574411
grallator_flat_new_actuator,Loss/value_function,216,0.018536090850830078,1778931808.6195526
grallator_flat_new_actuator,Loss/value_function,217,0.01608468033373356,1778931809.593055
grallator_flat_new_actuator,Loss/value_function,218,0.01200142502784729,1778931810.559662
grallator_flat_new_actuator,Loss/value_function,219,0.029785389080643654,1778931811.7111664
grallator_flat_new_actuator,Loss/value_function,220,0.11169897019863129,1778931812.6802435
grallator_flat_new_actuator,Loss/value_function,221,0.04525327309966087,1778931813.646059
grallator_flat_new_actuator,Loss/value_function,222,0.022528545930981636,1778931814.614789
grallator_flat_new_actuator,Loss/value_function,223,0.022444089874625206,1778931815.6072612
grallator_flat_new_actuator,Loss/value_function,224,0.0726175382733345,1778931816.598618
grallator_flat_new_actuator,Loss/value_function,225,0.06664308905601501,1778931817.5999775
grallator_flat_new_actuator,Loss/value_function,226,0.044922251254320145,1778931818.5651627
grallator_flat_new_actuator,Loss/value_function,227,0.029844559729099274,1778931819.5569606
grallator_flat_new_actuator,Loss/value_function,228,0.1085113063454628,1778931820.5636003
grallator_flat_new_actuator,Loss/value_function,229,0.08265769481658936,1778931821.5394876
grallator_flat_new_actuator,Loss/value_function,230,0.022498037666082382,1778931822.539389
grallator_flat_new_actuator,Loss/value_function,231,0.01839336007833481,1778931823.5089223
grallator_flat_new_actuator,Loss/value_function,232,0.032556839287281036,1778931824.4951394
grallator_flat_new_actuator,Loss/value_function,233,0.05303210765123367,1778931825.4557297
grallator_flat_new_actuator,Loss/value_function,234,0.0166473425924778,1778931826.4332366
grallator_flat_new_actuator,Loss/value_function,235,0.015552404336631298,1778931827.4065974
grallator_flat_new_actuator,Loss/value_function,236,0.015088212676346302,1778931828.3819983
grallator_flat_new_actuator,Loss/value_function,237,0.012531766667962074,1778931829.3625581
grallator_flat_new_actuator,Loss/value_function,238,0.015232492238283157,1778931830.3241775
grallator_flat_new_actuator,Loss/value_function,239,0.022572636604309082,1778931831.310333
grallator_flat_new_actuator,Loss/value_function,240,0.11027103662490845,1778931832.301673
grallator_flat_new_actuator,Loss/value_function,241,0.05349366366863251,1778931833.433026
grallator_flat_new_actuator,Loss/value_function,242,0.04828481748700142,1778931834.4177105
grallator_flat_new_actuator,Loss/value_function,243,0.11163957417011261,1778931835.391881
grallator_flat_new_actuator,Loss/value_function,244,0.02358229272067547,1778931836.3679507
grallator_flat_new_actuator,Loss/value_function,245,0.01684304140508175,1778931837.3309665
grallator_flat_new_actuator,Loss/value_function,246,0.012782739475369453,1778931838.3013315
grallator_flat_new_actuator,Loss/value_function,247,0.009536240249872208,1778931839.2750342
grallator_flat_new_actuator,Loss/value_function,248,0.01657436229288578,1778931840.2736404
grallator_flat_new_actuator,Loss/value_function,249,0.07822048664093018,1778931841.2418988
grallator_flat_new_actuator,Loss/value_function,250,0.016575105488300323,1778931842.2075107
grallator_flat_new_actuator,Loss/value_function,251,0.010796716436743736,1778931843.181385
grallator_flat_new_actuator,Loss/value_function,252,0.012222078628838062,1778931844.2528284
grallator_flat_new_actuator,Loss/value_function,253,0.0209690909832716,1778931845.2577045
grallator_flat_new_actuator,Loss/value_function,254,0.06233413890004158,1778931846.2357454
grallator_flat_new_actuator,Loss/value_function,255,0.05201874300837517,1778931847.2473795
grallator_flat_new_actuator,Loss/value_function,256,0.10226363688707352,1778931848.2217388
grallator_flat_new_actuator,Loss/value_function,257,0.01606367714703083,1778931849.1851091
grallator_flat_new_actuator,Loss/value_function,258,0.012661471031606197,1778931850.1761336
grallator_flat_new_actuator,Loss/value_function,259,0.009114505723118782,1778931851.1396685
grallator_flat_new_actuator,Loss/value_function,260,0.019645823165774345,1778931852.121835
grallator_flat_new_actuator,Loss/value_function,261,0.042072512209415436,1778931853.11731
grallator_flat_new_actuator,Loss/value_function,262,0.09321070462465286,1778931854.0777538
grallator_flat_new_actuator,Loss/value_function,263,0.03136082738637924,1778931855.1532974
grallator_flat_new_actuator,Loss/value_function,264,0.012817658483982086,1778931856.1114006
grallator_flat_new_actuator,Loss/value_function,265,0.025012396275997162,1778931857.106094
grallator_flat_new_actuator,Loss/value_function,266,0.09732316434383392,1778931858.1216402
grallator_flat_new_actuator,Loss/value_function,267,0.10936509817838669,1778931859.0823796
grallator_flat_new_actuator,Loss/value_function,268,0.02844746969640255,1778931860.0698066
grallator_flat_new_actuator,Loss/value_function,269,0.03871418535709381,1778931861.0752838
grallator_flat_new_actuator,Loss/value_function,270,0.06233201548457146,1778931862.0426571
grallator_flat_new_actuator,Loss/value_function,271,0.02952239289879799,1778931863.0149038
grallator_flat_new_actuator,Loss/value_function,272,0.016636932268738747,1778931863.9783194
grallator_flat_new_actuator,Loss/value_function,273,0.016694258898496628,1778931864.9763746
grallator_flat_new_actuator,Loss/value_function,274,0.037589333951473236,1778931866.0149689
grallator_flat_new_actuator,Loss/value_function,275,0.03093511052429676,1778931866.97888
grallator_flat_new_actuator,Loss/value_function,276,0.015296281315386295,1778931867.9434786
grallator_flat_new_actuator,Loss/value_function,277,0.012146392837166786,1778931868.906349
grallator_flat_new_actuator,Loss/value_function,278,0.009829891845583916,1778931869.8628845
grallator_flat_new_actuator,Loss/value_function,279,0.007580344565212727,1778931870.8217585
grallator_flat_new_actuator,Loss/value_function,280,0.008533013984560966,1778931871.7874782
grallator_flat_new_actuator,Loss/value_function,281,0.017285164445638657,1778931872.783666
grallator_flat_new_actuator,Loss/value_function,282,0.07380777597427368,1778931873.7748165
grallator_flat_new_actuator,Loss/value_function,283,0.07174929231405258,1778931874.7309551
grallator_flat_new_actuator,Loss/value_function,284,0.02673415094614029,1778931875.718559
grallator_flat_new_actuator,Loss/value_function,285,0.07232512533664703,1778931876.8072352
grallator_flat_new_actuator,Loss/value_function,286,0.017163243144750595,1778931877.7638092
grallator_flat_new_actuator,Loss/value_function,287,0.017493650317192078,1778931878.718
grallator_flat_new_actuator,Loss/value_function,288,0.012262123636901379,1778931879.669243
grallator_flat_new_actuator,Loss/value_function,289,0.01696688123047352,1778931880.625569
grallator_flat_new_actuator,Loss/value_function,290,0.020849965512752533,1778931881.6113057
grallator_flat_new_actuator,Loss/value_function,291,0.07119379192590714,1778931882.5780444
grallator_flat_new_actuator,Loss/value_function,292,0.012022892013192177,1778931883.5352654
grallator_flat_new_actuator,Loss/value_function,293,0.01045873761177063,1778931884.4956174
grallator_flat_new_actuator,Loss/value_function,294,0.015323740430176258,1778931885.4479876
grallator_flat_new_actuator,Loss/value_function,295,0.02729289047420025,1778931886.448018
grallator_flat_new_actuator,Loss/value_function,296,0.223944291472435,1778931887.517014
grallator_flat_new_actuator,Loss/value_function,297,0.12499315291643143,1778931888.5150983
grallator_flat_new_actuator,Loss/value_function,298,0.07212125509977341,1778931889.469223
grallator_flat_new_actuator,Loss/value_function,299,0.018694840371608734,1778931890.4249814
grallator_flat_new_actuator,Loss/surrogate,0,-0.050058383494615555,1778931591.3251555
grallator_flat_new_actuator,Loss/surrogate,1,-0.039454516023397446,1778931592.4462893
grallator_flat_new_actuator,Loss/surrogate,2,-0.052725113928318024,1778931593.4097867
grallator_flat_new_actuator,Loss/surrogate,3,-0.024493511766195297,1778931594.8410685
grallator_flat_new_actuator,Loss/surrogate,4,-0.043990734964609146,1778931595.8377151
grallator_flat_new_actuator,Loss/surrogate,5,-0.03744729608297348,1778931596.8343363
grallator_flat_new_actuator,Loss/surrogate,6,-0.04507441073656082,1778931597.8173594
grallator_flat_new_actuator,Loss/surrogate,7,-0.054236650466918945,1778931598.810591
grallator_flat_new_actuator,Loss/surrogate,8,-0.054626718163490295,1778931599.8183722
grallator_flat_new_actuator,Loss/surrogate,9,-0.0495019294321537,1778931600.8234532
grallator_flat_new_actuator,Loss/surrogate,10,-0.03713637962937355,1778931601.8745282
grallator_flat_new_actuator,Loss/surrogate,11,-0.03237040340900421,1778931602.9875038
grallator_flat_new_actuator,Loss/surrogate,12,-0.03187358006834984,1778931604.016787
grallator_flat_new_actuator,Loss/surrogate,13,-0.033540111035108566,1778931605.0443969
grallator_flat_new_actuator,Loss/surrogate,14,-0.0538766048848629,1778931606.0609393
grallator_flat_new_actuator,Loss/surrogate,15,-0.029875867068767548,1778931607.0882246
grallator_flat_new_actuator,Loss/surrogate,16,-0.03709212690591812,1778931608.143093
grallator_flat_new_actuator,Loss/surrogate,17,-0.03912592679262161,1778931609.1723552
grallator_flat_new_actuator,Loss/surrogate,18,-0.03676670417189598,1778931610.2160265
grallator_flat_new_actuator,Loss/surrogate,19,-0.03417722135782242,1778931611.2755296
grallator_flat_new_actuator,Loss/surrogate,20,-0.0420265831053257,1778931612.30335
grallator_flat_new_actuator,Loss/surrogate,21,-0.04514042288064957,1778931613.3454182
grallator_flat_new_actuator,Loss/surrogate,22,-0.04993990436196327,1778931614.3720233
grallator_flat_new_actuator,Loss/surrogate,23,-0.04092882201075554,1778931615.5424004
grallator_flat_new_actuator,Loss/surrogate,24,-0.046053871512413025,1778931616.5793636
grallator_flat_new_actuator,Loss/surrogate,25,-0.045177146792411804,1778931617.6165102
grallator_flat_new_actuator,Loss/surrogate,26,-0.0468863770365715,1778931618.6470253
grallator_flat_new_actuator,Loss/surrogate,27,-0.04826315492391586,1778931619.6674294
grallator_flat_new_actuator,Loss/surrogate,28,-0.057821162045001984,1778931620.6913085
grallator_flat_new_actuator,Loss/surrogate,29,-0.053192246705293655,1778931621.7119136
grallator_flat_new_actuator,Loss/surrogate,30,-0.05190189927816391,1778931622.7492425
grallator_flat_new_actuator,Loss/surrogate,31,-0.04129200428724289,1778931623.7865307
grallator_flat_new_actuator,Loss/surrogate,32,-0.03630989044904709,1778931624.8390064
grallator_flat_new_actuator,Loss/surrogate,33,-0.05318799614906311,1778931626.0093198
grallator_flat_new_actuator,Loss/surrogate,34,-0.04670253396034241,1778931627.0708847
grallator_flat_new_actuator,Loss/surrogate,35,-0.05045576021075249,1778931628.1033807
grallator_flat_new_actuator,Loss/surrogate,36,-0.04862967133522034,1778931629.1269126
grallator_flat_new_actuator,Loss/surrogate,37,-0.04815894365310669,1778931630.1502678
grallator_flat_new_actuator,Loss/surrogate,38,-0.044867292046546936,1778931631.1778324
grallator_flat_new_actuator,Loss/surrogate,39,-0.05086084455251694,1778931632.2028
grallator_flat_new_actuator,Loss/surrogate,40,-0.02897694893181324,1778931633.249728
grallator_flat_new_actuator,Loss/surrogate,41,-0.038630612194538116,1778931634.299103
grallator_flat_new_actuator,Loss/surrogate,42,-0.042468149214982986,1778931635.3287745
grallator_flat_new_actuator,Loss/surrogate,43,-0.04629175364971161,1778931636.5212426
grallator_flat_new_actuator,Loss/surrogate,44,-0.041018109768629074,1778931637.543496
grallator_flat_new_actuator,Loss/surrogate,45,-0.031561218202114105,1778931638.5951254
grallator_flat_new_actuator,Loss/surrogate,46,-0.04062894731760025,1778931639.6486394
grallator_flat_new_actuator,Loss/surrogate,47,-0.0384775847196579,1778931640.6773913
grallator_flat_new_actuator,Loss/surrogate,48,-0.03426642343401909,1778931641.6878197
grallator_flat_new_actuator,Loss/surrogate,49,-0.040119197219610214,1778931642.7069833
grallator_flat_new_actuator,Loss/surrogate,50,-0.039563894271850586,1778931643.7231047
grallator_flat_new_actuator,Loss/surrogate,51,-0.035533417016267776,1778931644.7516403
grallator_flat_new_actuator,Loss/surrogate,52,-0.025955090299248695,1778931645.7893667
grallator_flat_new_actuator,Loss/surrogate,53,-0.02982625551521778,1778931646.820948
grallator_flat_new_actuator,Loss/surrogate,54,-0.035910505801439285,1778931647.915252
grallator_flat_new_actuator,Loss/surrogate,55,-0.02891632355749607,1778931648.928888
grallator_flat_new_actuator,Loss/surrogate,56,-0.025709480047225952,1778931649.9335947
grallator_flat_new_actuator,Loss/surrogate,57,-0.0249082800000906,1778931650.9721673
grallator_flat_new_actuator,Loss/surrogate,58,-0.028460631147027016,1778931652.0049872
grallator_flat_new_actuator,Loss/surrogate,59,-0.028915779665112495,1778931653.0323398
grallator_flat_new_actuator,Loss/surrogate,60,-0.018414413556456566,1778931654.0586984
grallator_flat_new_actuator,Loss/surrogate,61,-0.024788230657577515,1778931655.0821977
grallator_flat_new_actuator,Loss/surrogate,62,-0.016728002578020096,1778931656.0874474
grallator_flat_new_actuator,Loss/surrogate,63,-0.017887141555547714,1778931657.095189
grallator_flat_new_actuator,Loss/surrogate,64,-0.01539393700659275,1778931658.1034145
grallator_flat_new_actuator,Loss/surrogate,65,-0.01751682721078396,1778931659.171401
grallator_flat_new_actuator,Loss/surrogate,66,-0.02811039239168167,1778931660.1823127
grallator_flat_new_actuator,Loss/surrogate,67,-0.01248182449489832,1778931661.195259
grallator_flat_new_actuator,Loss/surrogate,68,-0.00807878840714693,1778931662.1964328
grallator_flat_new_actuator,Loss/surrogate,69,-0.017741763964295387,1778931663.2008054
grallator_flat_new_actuator,Loss/surrogate,70,-0.00866683479398489,1778931664.198235
grallator_flat_new_actuator,Loss/surrogate,71,-0.012726041488349438,1778931665.2014546
grallator_flat_new_actuator,Loss/surrogate,72,-0.009937562979757786,1778931666.212266
grallator_flat_new_actuator,Loss/surrogate,73,-0.01777055114507675,1778931667.2375124
grallator_flat_new_actuator,Loss/surrogate,74,-0.024213142693042755,1778931668.2499251
grallator_flat_new_actuator,Loss/surrogate,75,-0.015389109961688519,1778931669.3261735
grallator_flat_new_actuator,Loss/surrogate,76,-0.01937873102724552,1778931670.3210578
grallator_flat_new_actuator,Loss/surrogate,77,-0.01844576746225357,1778931671.3161235
grallator_flat_new_actuator,Loss/surrogate,78,-0.015387704595923424,1778931672.3041656
grallator_flat_new_actuator,Loss/surrogate,79,-0.019029445946216583,1778931673.294805
grallator_flat_new_actuator,Loss/surrogate,80,-0.016066014766693115,1778931674.2801034
grallator_flat_new_actuator,Loss/surrogate,81,-0.011630959808826447,1778931675.2852342
grallator_flat_new_actuator,Loss/surrogate,82,-0.01841248758137226,1778931676.2791657
grallator_flat_new_actuator,Loss/surrogate,83,-0.014628728851675987,1778931677.2735884
grallator_flat_new_actuator,Loss/surrogate,84,-0.0030878186225891113,1778931678.2727842
grallator_flat_new_actuator,Loss/surrogate,85,-0.006735009141266346,1778931679.2656386
grallator_flat_new_actuator,Loss/surrogate,86,-0.011888806708157063,1778931680.417786
grallator_flat_new_actuator,Loss/surrogate,87,-0.01751832105219364,1778931681.437
grallator_flat_new_actuator,Loss/surrogate,88,-0.015498221851885319,1778931682.4802375
grallator_flat_new_actuator,Loss/surrogate,89,-0.011885058134794235,1778931683.4743216
grallator_flat_new_actuator,Loss/surrogate,90,-0.013329670764505863,1778931684.4679708
grallator_flat_new_actuator,Loss/surrogate,91,-0.01308799535036087,1778931685.4596014
grallator_flat_new_actuator,Loss/surrogate,92,-0.018101433292031288,1778931686.4503226
grallator_flat_new_actuator,Loss/surrogate,93,-0.012645280919969082,1778931687.4412746
grallator_flat_new_actuator,Loss/surrogate,94,-0.011171461082994938,1778931688.469698
grallator_flat_new_actuator,Loss/surrogate,95,-0.013001186773180962,1778931689.4614747
grallator_flat_new_actuator,Loss/surrogate,96,-0.019315205514431,1778931690.4585574
grallator_flat_new_actuator,Loss/surrogate,97,-0.01631651073694229,1778931691.5031564
grallator_flat_new_actuator,Loss/surrogate,98,-0.016124676913022995,1778931692.5107484
grallator_flat_new_actuator,Loss/surrogate,99,-0.014784835278987885,1778931693.5196483
grallator_flat_new_actuator,Loss/surrogate,100,-0.014266601763665676,1778931694.5445657
grallator_flat_new_actuator,Loss/surrogate,101,-0.014274155721068382,1778931695.5399938
grallator_flat_new_actuator,Loss/surrogate,102,-0.016309181228280067,1778931696.5349603
grallator_flat_new_actuator,Loss/surrogate,103,-0.018140006810426712,1778931697.5291631
grallator_flat_new_actuator,Loss/surrogate,104,-0.017182346433401108,1778931698.5049436
grallator_flat_new_actuator,Loss/surrogate,105,-0.010157011449337006,1778931699.5078568
grallator_flat_new_actuator,Loss/surrogate,106,-0.01491450984030962,1778931700.4851887
grallator_flat_new_actuator,Loss/surrogate,107,-0.017796877771615982,1778931701.4868727
grallator_flat_new_actuator,Loss/surrogate,108,-0.012247162871062756,1778931702.5721524
grallator_flat_new_actuator,Loss/surrogate,109,-0.009854432195425034,1778931703.5497735
grallator_flat_new_actuator,Loss/surrogate,110,-0.004379210062325001,1778931704.5204086
grallator_flat_new_actuator,Loss/surrogate,111,-0.004856737796217203,1778931705.4950593
grallator_flat_new_actuator,Loss/surrogate,112,-0.00706598162651062,1778931706.4780464
grallator_flat_new_actuator,Loss/surrogate,113,-0.006081906147301197,1778931707.4465003
grallator_flat_new_actuator,Loss/surrogate,114,-0.008450692519545555,1778931708.4379864
grallator_flat_new_actuator,Loss/surrogate,115,-0.015648692846298218,1778931709.4190087
grallator_flat_new_actuator,Loss/surrogate,116,-0.02369547449052334,1778931710.4123163
grallator_flat_new_actuator,Loss/surrogate,117,-0.016146553680300713,1778931711.4131417
grallator_flat_new_actuator,Loss/surrogate,118,-0.012341991066932678,1778931712.3837264
grallator_flat_new_actuator,Loss/surrogate,119,-0.017503151670098305,1778931713.4548094
grallator_flat_new_actuator,Loss/surrogate,120,-0.015350292436778545,1778931714.4243102
grallator_flat_new_actuator,Loss/surrogate,121,-0.007773434743285179,1778931715.411512
grallator_flat_new_actuator,Loss/surrogate,122,-0.01525953970849514,1778931716.392005
grallator_flat_new_actuator,Loss/surrogate,123,-0.017141785472631454,1778931717.3845687
grallator_flat_new_actuator,Loss/surrogate,124,-0.008291366510093212,1778931718.3488934
grallator_flat_new_actuator,Loss/surrogate,125,-0.012865927070379257,1778931719.3254158
grallator_flat_new_actuator,Loss/surrogate,126,-0.009557465091347694,1778931720.305557
grallator_flat_new_actuator,Loss/surrogate,127,-0.007398649118840694,1778931721.2895434
grallator_flat_new_actuator,Loss/surrogate,128,-0.01423557661473751,1778931722.289843
grallator_flat_new_actuator,Loss/surrogate,129,-0.012762095779180527,1778931723.2822325
grallator_flat_new_actuator,Loss/surrogate,130,-0.02190864086151123,1778931724.3610477
grallator_flat_new_actuator,Loss/surrogate,131,-0.00920574925839901,1778931725.3317997
grallator_flat_new_actuator,Loss/surrogate,132,-0.0134936748072505,1778931726.3080287
grallator_flat_new_actuator,Loss/surrogate,133,-0.01042721327394247,1778931727.2856624
grallator_flat_new_actuator,Loss/surrogate,134,-0.006086366251111031,1778931728.2552083
grallator_flat_new_actuator,Loss/surrogate,135,-0.005892283748835325,1778931729.245661
grallator_flat_new_actuator,Loss/surrogate,136,-0.01810329221189022,1778931730.2359943
grallator_flat_new_actuator,Loss/surrogate,137,-0.006905307061970234,1778931731.1922324
grallator_flat_new_actuator,Loss/surrogate,138,-0.0077047948725521564,1778931732.1536493
grallator_flat_new_actuator,Loss/surrogate,139,-0.01712370105087757,1778931733.1171815
grallator_flat_new_actuator,Loss/surrogate,140,-0.019325071945786476,1778931734.103053
grallator_flat_new_actuator,Loss/surrogate,141,-0.007563108112663031,1778931735.2528067
grallator_flat_new_actuator,Loss/surrogate,142,-0.016384117305278778,1778931736.2269711
grallator_flat_new_actuator,Loss/surrogate,143,-0.019980449229478836,1778931737.1996977
grallator_flat_new_actuator,Loss/surrogate,144,-0.016220640391111374,1778931738.1979823
grallator_flat_new_actuator,Loss/surrogate,145,-0.018769143149256706,1778931739.1652203
grallator_flat_new_actuator,Loss/surrogate,146,-0.019052987918257713,1778931740.1280634
grallator_flat_new_actuator,Loss/surrogate,147,-0.018391568213701248,1778931741.0843222
grallator_flat_new_actuator,Loss/surrogate,148,-0.012477844953536987,1778931742.070091
grallator_flat_new_actuator,Loss/surrogate,149,-0.008415044285356998,1778931743.0388517
grallator_flat_new_actuator,Loss/surrogate,150,-0.011297434568405151,1778931744.0031567
grallator_flat_new_actuator,Loss/surrogate,151,-0.009205934591591358,1778931744.9718466
grallator_flat_new_actuator,Loss/surrogate,152,-0.0069970195181667805,1778931746.0053356
grallator_flat_new_actuator,Loss/surrogate,153,-0.022335316985845566,1778931746.9654968
grallator_flat_new_actuator,Loss/surrogate,154,-0.011091171763837337,1778931747.9262319
grallator_flat_new_actuator,Loss/surrogate,155,-0.02368824928998947,1778931748.8861332
grallator_flat_new_actuator,Loss/surrogate,156,-0.01600394770503044,1778931749.8653054
grallator_flat_new_actuator,Loss/surrogate,157,-0.012845608405768871,1778931750.851692
grallator_flat_new_actuator,Loss/surrogate,158,-0.015469711273908615,1778931751.8140664
grallator_flat_new_actuator,Loss/surrogate,159,-0.01539736706763506,1778931752.801305
grallator_flat_new_actuator,Loss/surrogate,160,-0.010122337378561497,1778931753.76272
grallator_flat_new_actuator,Loss/surrogate,161,-0.0026998380199074745,1778931754.7465641
grallator_flat_new_actuator,Loss/surrogate,162,-0.015865733847022057,1778931755.7287428
grallator_flat_new_actuator,Loss/surrogate,163,-0.02013763226568699,1778931756.8138797
grallator_flat_new_actuator,Loss/surrogate,164,-0.01367848739027977,1778931757.7730317
grallator_flat_new_actuator,Loss/surrogate,165,-0.01679912582039833,1778931758.7522292
grallator_flat_new_actuator,Loss/surrogate,166,-0.006978246383368969,1778931759.7094803
grallator_flat_new_actuator,Loss/surrogate,167,-0.009416758082807064,1778931760.6755664
grallator_flat_new_actuator,Loss/surrogate,168,-0.016214029863476753,1778931761.6261113
grallator_flat_new_actuator,Loss/surrogate,169,-0.01063133031129837,1778931762.5746922
grallator_flat_new_actuator,Loss/surrogate,170,-0.025010185316205025,1778931763.5623329
grallator_flat_new_actuator,Loss/surrogate,171,-0.011082884855568409,1778931764.5568671
grallator_flat_new_actuator,Loss/surrogate,172,-0.018174324184656143,1778931765.5335073
grallator_flat_new_actuator,Loss/surrogate,173,-0.009333495050668716,1778931766.4904087
grallator_flat_new_actuator,Loss/surrogate,174,-0.009759683161973953,1778931767.6024485
grallator_flat_new_actuator,Loss/surrogate,175,-0.0034215326886624098,1778931768.5642753
grallator_flat_new_actuator,Loss/surrogate,176,-0.005849163979291916,1778931769.5134282
grallator_flat_new_actuator,Loss/surrogate,177,-0.01168795209378004,1778931770.4964695
grallator_flat_new_actuator,Loss/surrogate,178,-0.019060004502534866,1778931771.4688122
grallator_flat_new_actuator,Loss/surrogate,179,-0.012636251747608185,1778931772.4243064
grallator_flat_new_actuator,Loss/surrogate,180,-0.017907818779349327,1778931773.3838925
grallator_flat_new_actuator,Loss/surrogate,181,-0.008216376416385174,1778931774.3376737
grallator_flat_new_actuator,Loss/surrogate,182,-0.016038771718740463,1778931775.3375034
grallator_flat_new_actuator,Loss/surrogate,183,-0.01183236762881279,1778931776.3280685
grallator_flat_new_actuator,Loss/surrogate,184,-0.006588119547814131,1778931777.2812405
grallator_flat_new_actuator,Loss/surrogate,185,-0.01763926073908806,1778931778.3744483
grallator_flat_new_actuator,Loss/surrogate,186,-0.012077711522579193,1778931779.3568869
grallator_flat_new_actuator,Loss/surrogate,187,-0.014131778851151466,1778931780.309691
grallator_flat_new_actuator,Loss/surrogate,188,-0.017287343740463257,1778931781.2714953
grallator_flat_new_actuator,Loss/surrogate,189,-0.006328762508928776,1778931782.2276375
grallator_flat_new_actuator,Loss/surrogate,190,-0.018573258072137833,1778931783.2089183
grallator_flat_new_actuator,Loss/surrogate,191,-0.006197154056280851,1778931784.1651318
grallator_flat_new_actuator,Loss/surrogate,192,-0.007289368659257889,1778931785.1399486
grallator_flat_new_actuator,Loss/surrogate,193,-0.009753032587468624,1778931786.1101458
grallator_flat_new_actuator,Loss/surrogate,194,-0.0154119236394763,1778931787.0721912
grallator_flat_new_actuator,Loss/surrogate,195,-0.010683160275220871,1778931788.0339098
grallator_flat_new_actuator,Loss/surrogate,196,-0.009153439663350582,1778931789.0974152
grallator_flat_new_actuator,Loss/surrogate,197,-0.013936311937868595,1778931790.0664916
grallator_flat_new_actuator,Loss/surrogate,198,-0.01877751015126705,1778931791.0503128
grallator_flat_new_actuator,Loss/surrogate,199,-0.017905576154589653,1778931792.0381203
grallator_flat_new_actuator,Loss/surrogate,200,-0.007671556901186705,1778931793.0224257
grallator_flat_new_actuator,Loss/surrogate,201,-0.01641198620200157,1778931794.0042791
grallator_flat_new_actuator,Loss/surrogate,202,-0.0076556699350476265,1778931794.9907253
grallator_flat_new_actuator,Loss/surrogate,203,-0.008445559069514275,1778931795.9511793
grallator_flat_new_actuator,Loss/surrogate,204,-0.006774899549782276,1778931796.9195533
grallator_flat_new_actuator,Loss/surrogate,205,-0.02581651508808136,1778931797.8806562
grallator_flat_new_actuator,Loss/surrogate,206,-0.0107703423127532,1778931798.857647
grallator_flat_new_actuator,Loss/surrogate,207,-0.014025558717548847,1778931799.8265052
grallator_flat_new_actuator,Loss/surrogate,208,-0.014479062519967556,1778931800.7983704
grallator_flat_new_actuator,Loss/surrogate,209,-0.009572495706379414,1778931801.7690027
grallator_flat_new_actuator,Loss/surrogate,210,-0.012469707056879997,1778931802.7312717
grallator_flat_new_actuator,Loss/surrogate,211,-0.008134380914270878,1778931803.6956832
grallator_flat_new_actuator,Loss/surrogate,212,-0.020322619006037712,1778931804.7085361
grallator_flat_new_actuator,Loss/surrogate,213,-0.011561981402337551,1778931805.7211719
grallator_flat_new_actuator,Loss/surrogate,214,-0.012851070612668991,1778931806.6893387
grallator_flat_new_actuator,Loss/surrogate,215,-0.014610495418310165,1778931807.6574647
grallator_flat_new_actuator,Loss/surrogate,216,-0.013093100860714912,1778931808.6195989
grallator_flat_new_actuator,Loss/surrogate,217,-0.008763506077229977,1778931809.593079
grallator_flat_new_actuator,Loss/surrogate,218,-0.011560633778572083,1778931810.5596888
grallator_flat_new_actuator,Loss/surrogate,219,-0.013184523209929466,1778931811.7111907
grallator_flat_new_actuator,Loss/surrogate,220,-0.013562172651290894,1778931812.680267
grallator_flat_new_actuator,Loss/surrogate,221,-0.006001689005643129,1778931813.6460907
grallator_flat_new_actuator,Loss/surrogate,222,-0.005691357888281345,1778931814.6148129
grallator_flat_new_actuator,Loss/surrogate,223,-0.018087061122059822,1778931815.6072927
grallator_flat_new_actuator,Loss/surrogate,224,-0.01757608912885189,1778931816.598642
grallator_flat_new_actuator,Loss/surrogate,225,-0.010203729383647442,1778931817.6000009
grallator_flat_new_actuator,Loss/surrogate,226,-0.00785525981336832,1778931818.5651963
grallator_flat_new_actuator,Loss/surrogate,227,-0.015828216448426247,1778931819.5569851
grallator_flat_new_actuator,Loss/surrogate,228,-0.0175233855843544,1778931820.563634
grallator_flat_new_actuator,Loss/surrogate,229,-0.007995362393558025,1778931821.539511
grallator_flat_new_actuator,Loss/surrogate,230,-0.012956920079886913,1778931822.5394135
grallator_flat_new_actuator,Loss/surrogate,231,-0.010876848362386227,1778931823.5089455
grallator_flat_new_actuator,Loss/surrogate,232,-0.013423415832221508,1778931824.495171
grallator_flat_new_actuator,Loss/surrogate,233,-0.011546695604920387,1778931825.4557743
grallator_flat_new_actuator,Loss/surrogate,234,-0.006993300747126341,1778931826.4332588
grallator_flat_new_actuator,Loss/surrogate,235,-0.0098087377846241,1778931827.4066286
grallator_flat_new_actuator,Loss/surrogate,236,-0.015250909142196178,1778931828.382023
grallator_flat_new_actuator,Loss/surrogate,237,-0.018232079222798347,1778931829.3626063
grallator_flat_new_actuator,Loss/surrogate,238,-0.012813199311494827,1778931830.3242006
grallator_flat_new_actuator,Loss/surrogate,239,-0.012574912048876286,1778931831.3103576
grallator_flat_new_actuator,Loss/surrogate,240,-0.010854315012693405,1778931832.3016975
grallator_flat_new_actuator,Loss/surrogate,241,-0.011948531493544579,1778931833.4330597
grallator_flat_new_actuator,Loss/surrogate,242,-0.015249235555529594,1778931834.4177427
grallator_flat_new_actuator,Loss/surrogate,243,-0.005043480079621077,1778931835.3919237
grallator_flat_new_actuator,Loss/surrogate,244,-0.011667064391076565,1778931836.3679736
grallator_flat_new_actuator,Loss/surrogate,245,-0.01669866219162941,1778931837.3309984
grallator_flat_new_actuator,Loss/surrogate,246,-0.02169753611087799,1778931838.3013558
grallator_flat_new_actuator,Loss/surrogate,247,-0.009041165933012962,1778931839.2750661
grallator_flat_new_actuator,Loss/surrogate,248,-0.012897443026304245,1778931840.2736661
grallator_flat_new_actuator,Loss/surrogate,249,-0.006566117517650127,1778931841.2419302
grallator_flat_new_actuator,Loss/surrogate,250,-0.015860626474022865,1778931842.2075338
grallator_flat_new_actuator,Loss/surrogate,251,-0.01905369572341442,1778931843.1814106
grallator_flat_new_actuator,Loss/surrogate,252,-0.00870533287525177,1778931844.252873
grallator_flat_new_actuator,Loss/surrogate,253,-0.017519058659672737,1778931845.2577405
grallator_flat_new_actuator,Loss/surrogate,254,-0.016351012513041496,1778931846.2357688
grallator_flat_new_actuator,Loss/surrogate,255,-0.014231757260859013,1778931847.2474031
grallator_flat_new_actuator,Loss/surrogate,256,-0.013030159287154675,1778931848.2217624
grallator_flat_new_actuator,Loss/surrogate,257,-0.005541194695979357,1778931849.1851323
grallator_flat_new_actuator,Loss/surrogate,258,-0.006971774622797966,1778931850.176167
grallator_flat_new_actuator,Loss/surrogate,259,-0.01107050757855177,1778931851.1396933
grallator_flat_new_actuator,Loss/surrogate,260,-0.011640315875411034,1778931852.1218653
grallator_flat_new_actuator,Loss/surrogate,261,-0.019616717472672462,1778931853.1173356
grallator_flat_new_actuator,Loss/surrogate,262,-0.01972099021077156,1778931854.0777774
grallator_flat_new_actuator,Loss/surrogate,263,-0.010864636860787868,1778931855.153322
grallator_flat_new_actuator,Loss/surrogate,264,-0.01112154871225357,1778931856.111424
grallator_flat_new_actuator,Loss/surrogate,265,-0.012852007523179054,1778931857.1061175
grallator_flat_new_actuator,Loss/surrogate,266,-0.012997346930205822,1778931858.1216714
grallator_flat_new_actuator,Loss/surrogate,267,-0.021885283291339874,1778931859.082412
grallator_flat_new_actuator,Loss/surrogate,268,-0.007780617102980614,1778931860.0698304
grallator_flat_new_actuator,Loss/surrogate,269,-0.016272982582449913,1778931861.0753076
grallator_flat_new_actuator,Loss/surrogate,270,-0.019419217482209206,1778931862.04268
grallator_flat_new_actuator,Loss/surrogate,271,-0.012598279863595963,1778931863.014927
grallator_flat_new_actuator,Loss/surrogate,272,-0.012395204044878483,1778931863.9783437
grallator_flat_new_actuator,Loss/surrogate,273,-0.008486313745379448,1778931864.976397
grallator_flat_new_actuator,Loss/surrogate,274,-0.008896566927433014,1778931866.0149932
grallator_flat_new_actuator,Loss/surrogate,275,-0.005355697125196457,1778931866.9789045
grallator_flat_new_actuator,Loss/surrogate,276,-0.00719110481441021,1778931867.943521
grallator_flat_new_actuator,Loss/surrogate,277,-0.008039482869207859,1778931868.906381
grallator_flat_new_actuator,Loss/surrogate,278,-0.008590657263994217,1778931869.8629086
grallator_flat_new_actuator,Loss/surrogate,279,-0.015818744897842407,1778931870.8217828
grallator_flat_new_actuator,Loss/surrogate,280,-0.012965823523700237,1778931871.7875087
grallator_flat_new_actuator,Loss/surrogate,281,-0.0073369648307561874,1778931872.7836993
grallator_flat_new_actuator,Loss/surrogate,282,-0.010873633436858654,1778931873.7748406
grallator_flat_new_actuator,Loss/surrogate,283,-0.014807800762355328,1778931874.7309873
grallator_flat_new_actuator,Loss/surrogate,284,-0.016878731548786163,1778931875.7186158
grallator_flat_new_actuator,Loss/surrogate,285,-0.00929492712020874,1778931876.8072598
grallator_flat_new_actuator,Loss/surrogate,286,-0.006418880540877581,1778931877.7638335
grallator_flat_new_actuator,Loss/surrogate,287,-0.011480969376862049,1778931878.7180228
grallator_flat_new_actuator,Loss/surrogate,288,-0.010430552065372467,1778931879.669267
grallator_flat_new_actuator,Loss/surrogate,289,-0.008631919510662556,1778931880.625619
grallator_flat_new_actuator,Loss/surrogate,290,-0.01353779248893261,1778931881.6113286
grallator_flat_new_actuator,Loss/surrogate,291,-0.009977650828659534,1778931882.5780761
grallator_flat_new_actuator,Loss/surrogate,292,-0.018631044775247574,1778931883.5352888
grallator_flat_new_actuator,Loss/surrogate,293,-0.008496822789311409,1778931884.4956405
grallator_flat_new_actuator,Loss/surrogate,294,-0.006323210895061493,1778931885.4480107
grallator_flat_new_actuator,Loss/surrogate,295,-0.01782107725739479,1778931886.4480424
grallator_flat_new_actuator,Loss/surrogate,296,-0.014630529098212719,1778931887.5170388
grallator_flat_new_actuator,Loss/surrogate,297,-0.010252794250845909,1778931888.5151231
grallator_flat_new_actuator,Loss/surrogate,298,-0.01455334760248661,1778931889.4692664
grallator_flat_new_actuator,Loss/surrogate,299,-0.012380884028971195,1778931890.4250045
grallator_flat_new_actuator,Loss/entropy,0,17.03662872314453,1778931591.3251739
grallator_flat_new_actuator,Loss/entropy,1,17.03914451599121,1778931592.4463055
grallator_flat_new_actuator,Loss/entropy,2,17.039207458496094,1778931593.4098032
grallator_flat_new_actuator,Loss/entropy,3,17.039487838745117,1778931594.8410854
grallator_flat_new_actuator,Loss/entropy,4,17.042484283447266,1778931595.8377314
grallator_flat_new_actuator,Loss/entropy,5,17.042495727539062,1778931596.8343606
grallator_flat_new_actuator,Loss/entropy,6,17.04647445678711,1778931597.8173747
grallator_flat_new_actuator,Loss/entropy,7,17.055091857910156,1778931598.8106103
grallator_flat_new_actuator,Loss/entropy,8,17.060958862304688,1778931599.8183882
grallator_flat_new_actuator,Loss/entropy,9,17.067014694213867,1778931600.8234696
grallator_flat_new_actuator,Loss/entropy,10,17.06744384765625,1778931601.8745468
grallator_flat_new_actuator,Loss/entropy,11,17.06321144104004,1778931602.9875197
grallator_flat_new_actuator,Loss/entropy,12,17.060075759887695,1778931604.0168028
grallator_flat_new_actuator,Loss/entropy,13,17.060985565185547,1778931605.0444129
grallator_flat_new_actuator,Loss/entropy,14,17.064743041992188,1778931606.0609562
grallator_flat_new_actuator,Loss/entropy,15,17.070016860961914,1778931607.0882413
grallator_flat_new_actuator,Loss/entropy,16,17.074560165405273,1778931608.1431088
grallator_flat_new_actuator,Loss/entropy,17,17.075654983520508,1778931609.172371
grallator_flat_new_actuator,Loss/entropy,18,17.0762939453125,1778931610.2160435
grallator_flat_new_actuator,Loss/entropy,19,17.077484130859375,1778931611.27555
grallator_flat_new_actuator,Loss/entropy,20,17.077245712280273,1778931612.3033667
grallator_flat_new_actuator,Loss/entropy,21,17.07876968383789,1778931613.3454354
grallator_flat_new_actuator,Loss/entropy,22,17.083560943603516,1778931614.3720458
grallator_flat_new_actuator,Loss/entropy,23,17.09015464782715,1778931615.5424156
grallator_flat_new_actuator,Loss/entropy,24,17.096065521240234,1778931616.5793808
grallator_flat_new_actuator,Loss/entropy,25,17.098609924316406,1778931617.6165261
grallator_flat_new_actuator,Loss/entropy,26,17.096521377563477,1778931618.6470413
grallator_flat_new_actuator,Loss/entropy,27,17.095075607299805,1778931619.6674457
grallator_flat_new_actuator,Loss/entropy,28,17.092395782470703,1778931620.6913254
grallator_flat_new_actuator,Loss/entropy,29,17.086511611938477,1778931621.7119296
grallator_flat_new_actuator,Loss/entropy,30,17.0823974609375,1778931622.7492669
grallator_flat_new_actuator,Loss/entropy,31,17.08047866821289,1778931623.7865465
grallator_flat_new_actuator,Loss/entropy,32,17.07964324951172,1778931624.8390229
grallator_flat_new_actuator,Loss/entropy,33,17.078214645385742,1778931626.009336
grallator_flat_new_actuator,Loss/entropy,34,17.078317642211914,1778931627.0709002
grallator_flat_new_actuator,Loss/entropy,35,17.077802658081055,1778931628.1034124
grallator_flat_new_actuator,Loss/entropy,36,17.07465171813965,1778931629.1269283
grallator_flat_new_actuator,Loss/entropy,37,17.068737030029297,1778931630.1502864
grallator_flat_new_actuator,Loss/entropy,38,17.065702438354492,1778931631.1778495
grallator_flat_new_actuator,Loss/entropy,39,17.061864852905273,1778931632.2028162
grallator_flat_new_actuator,Loss/entropy,40,17.058698654174805,1778931633.2497435
grallator_flat_new_actuator,Loss/entropy,41,17.05596923828125,1778931634.2991238
grallator_flat_new_actuator,Loss/entropy,42,17.054214477539062,1778931635.3287902
grallator_flat_new_actuator,Loss/entropy,43,17.054340362548828,1778931636.5212593
grallator_flat_new_actuator,Loss/entropy,44,17.05617332458496,1778931637.5435119
grallator_flat_new_actuator,Loss/entropy,45,17.058317184448242,1778931638.595142
grallator_flat_new_actuator,Loss/entropy,46,17.059513092041016,1778931639.6486576
grallator_flat_new_actuator,Loss/entropy,47,17.060026168823242,1778931640.6774087
grallator_flat_new_actuator,Loss/entropy,48,17.059614181518555,1778931641.687837
grallator_flat_new_actuator,Loss/entropy,49,17.057645797729492,1778931642.7069993
grallator_flat_new_actuator,Loss/entropy,50,17.055837631225586,1778931643.7231207
grallator_flat_new_actuator,Loss/entropy,51,17.055105209350586,1778931644.7516577
grallator_flat_new_actuator,Loss/entropy,52,17.05496597290039,1778931645.7893841
grallator_flat_new_actuator,Loss/entropy,53,17.056005477905273,1778931646.8209636
grallator_flat_new_actuator,Loss/entropy,54,17.056926727294922,1778931647.9152691
grallator_flat_new_actuator,Loss/entropy,55,17.056358337402344,1778931648.9289048
grallator_flat_new_actuator,Loss/entropy,56,17.056385040283203,1778931649.9336233
grallator_flat_new_actuator,Loss/entropy,57,17.054550170898438,1778931650.9721842
grallator_flat_new_actuator,Loss/entropy,58,17.05293846130371,1778931652.0050032
grallator_flat_new_actuator,Loss/entropy,59,17.05293846130371,1778931653.0323596
grallator_flat_new_actuator,Loss/entropy,60,17.053695678710938,1778931654.058715
grallator_flat_new_actuator,Loss/entropy,61,17.05467987060547,1778931655.0822139
grallator_flat_new_actuator,Loss/entropy,62,17.055177688598633,1778931656.0874631
grallator_flat_new_actuator,Loss/entropy,63,17.05547523498535,1778931657.095205
grallator_flat_new_actuator,Loss/entropy,64,17.054933547973633,1778931658.10343
grallator_flat_new_actuator,Loss/entropy,65,17.053831100463867,1778931659.171418
grallator_flat_new_actuator,Loss/entropy,66,17.05226707458496,1778931660.1823282
grallator_flat_new_actuator,Loss/entropy,67,17.05169105529785,1778931661.1952755
grallator_flat_new_actuator,Loss/entropy,68,17.051450729370117,1778931662.1964495
grallator_flat_new_actuator,Loss/entropy,69,17.051435470581055,1778931663.2008219
grallator_flat_new_actuator,Loss/entropy,70,17.05099105834961,1778931664.1982512
grallator_flat_new_actuator,Loss/entropy,71,17.050493240356445,1778931665.2014706
grallator_flat_new_actuator,Loss/entropy,72,17.050033569335938,1778931666.2122824
grallator_flat_new_actuator,Loss/entropy,73,17.049898147583008,1778931667.2375286
grallator_flat_new_actuator,Loss/entropy,74,17.050350189208984,1778931668.249941
grallator_flat_new_actuator,Loss/entropy,75,17.050962448120117,1778931669.3261895
grallator_flat_new_actuator,Loss/entropy,76,17.051698684692383,1778931670.3210893
grallator_flat_new_actuator,Loss/entropy,77,17.052183151245117,1778931671.316148
grallator_flat_new_actuator,Loss/entropy,78,17.05234146118164,1778931672.3041818
grallator_flat_new_actuator,Loss/entropy,79,17.051605224609375,1778931673.2948208
grallator_flat_new_actuator,Loss/entropy,80,17.050695419311523,1778931674.2801206
grallator_flat_new_actuator,Loss/entropy,81,17.05012321472168,1778931675.2852507
grallator_flat_new_actuator,Loss/entropy,82,17.049671173095703,1778931676.2791812
grallator_flat_new_actuator,Loss/entropy,83,17.049564361572266,1778931677.2736127
grallator_flat_new_actuator,Loss/entropy,84,17.049514770507812,1778931678.2728
grallator_flat_new_actuator,Loss/entropy,85,17.049280166625977,1778931679.2656553
grallator_flat_new_actuator,Loss/entropy,86,17.048778533935547,1778931680.4178016
grallator_flat_new_actuator,Loss/entropy,87,17.048635482788086,1778931681.4370155
grallator_flat_new_actuator,Loss/entropy,88,17.04901885986328,1778931682.4802544
grallator_flat_new_actuator,Loss/entropy,89,17.050260543823242,1778931683.4743376
grallator_flat_new_actuator,Loss/entropy,90,17.05129623413086,1778931684.467987
grallator_flat_new_actuator,Loss/entropy,91,17.051815032958984,1778931685.4596186
grallator_flat_new_actuator,Loss/entropy,92,17.05160903930664,1778931686.4503393
grallator_flat_new_actuator,Loss/entropy,93,17.051084518432617,1778931687.4412904
grallator_flat_new_actuator,Loss/entropy,94,17.050626754760742,1778931688.4697142
grallator_flat_new_actuator,Loss/entropy,95,17.050655364990234,1778931689.461491
grallator_flat_new_actuator,Loss/entropy,96,17.051036834716797,1778931690.4585924
grallator_flat_new_actuator,Loss/entropy,97,17.05126953125,1778931691.5031722
grallator_flat_new_actuator,Loss/entropy,98,17.051349639892578,1778931692.5107665
grallator_flat_new_actuator,Loss/entropy,99,17.051162719726562,1778931693.5196643
grallator_flat_new_actuator,Loss/entropy,100,17.051525115966797,1778931694.5446105
grallator_flat_new_actuator,Loss/entropy,101,17.051809310913086,1778931695.54001
grallator_flat_new_actuator,Loss/entropy,102,17.052156448364258,1778931696.534976
grallator_flat_new_actuator,Loss/entropy,103,17.052919387817383,1778931697.5291793
grallator_flat_new_actuator,Loss/entropy,104,17.05336570739746,1778931698.5049586
grallator_flat_new_actuator,Loss/entropy,105,17.053491592407227,1778931699.5078726
grallator_flat_new_actuator,Loss/entropy,106,17.05291175842285,1778931700.4852057
grallator_flat_new_actuator,Loss/entropy,107,17.052261352539062,1778931701.486889
grallator_flat_new_actuator,Loss/entropy,108,17.051515579223633,1778931702.5721698
grallator_flat_new_actuator,Loss/entropy,109,17.05109977722168,1778931703.5497892
grallator_flat_new_actuator,Loss/entropy,110,17.051115036010742,1778931704.5204268
grallator_flat_new_actuator,Loss/entropy,111,17.05111312866211,1778931705.495075
grallator_flat_new_actuator,Loss/entropy,112,17.050907135009766,1778931706.4780633
grallator_flat_new_actuator,Loss/entropy,113,17.050859451293945,1778931707.4465172
grallator_flat_new_actuator,Loss/entropy,114,17.05080795288086,1778931708.4380155
grallator_flat_new_actuator,Loss/entropy,115,17.05088996887207,1778931709.419025
grallator_flat_new_actuator,Loss/entropy,116,17.051044464111328,1778931710.412333
grallator_flat_new_actuator,Loss/entropy,117,17.051204681396484,1778931711.4131575
grallator_flat_new_actuator,Loss/entropy,118,17.051136016845703,1778931712.3837438
grallator_flat_new_actuator,Loss/entropy,119,17.05126953125,1778931713.454825
grallator_flat_new_actuator,Loss/entropy,120,17.0511531829834,1778931714.424328
grallator_flat_new_actuator,Loss/entropy,121,17.050800323486328,1778931715.4115298
grallator_flat_new_actuator,Loss/entropy,122,17.050508499145508,1778931716.3920214
grallator_flat_new_actuator,Loss/entropy,123,17.050403594970703,1778931717.3846047
grallator_flat_new_actuator,Loss/entropy,124,17.05072784423828,1778931718.3489094
grallator_flat_new_actuator,Loss/entropy,125,17.051166534423828,1778931719.325438
grallator_flat_new_actuator,Loss/entropy,126,17.051725387573242,1778931720.3055928
grallator_flat_new_actuator,Loss/entropy,127,17.051799774169922,1778931721.2895591
grallator_flat_new_actuator,Loss/entropy,128,17.051664352416992,1778931722.28986
grallator_flat_new_actuator,Loss/entropy,129,17.05110740661621,1778931723.2822688
grallator_flat_new_actuator,Loss/entropy,130,17.05098533630371,1778931724.3610637
grallator_flat_new_actuator,Loss/entropy,131,17.05091094970703,1778931725.3318222
grallator_flat_new_actuator,Loss/entropy,132,17.050779342651367,1778931726.3080518
grallator_flat_new_actuator,Loss/entropy,133,17.050678253173828,1778931727.2856865
grallator_flat_new_actuator,Loss/entropy,134,17.05099868774414,1778931728.255225
grallator_flat_new_actuator,Loss/entropy,135,17.05137062072754,1778931729.245685
grallator_flat_new_actuator,Loss/entropy,136,17.051258087158203,1778931730.2360106
grallator_flat_new_actuator,Loss/entropy,137,17.050987243652344,1778931731.1922498
grallator_flat_new_actuator,Loss/entropy,138,17.050649642944336,1778931732.1536655
grallator_flat_new_actuator,Loss/entropy,139,17.050357818603516,1778931733.1172042
grallator_flat_new_actuator,Loss/entropy,140,17.05038070678711,1778931734.1030698
grallator_flat_new_actuator,Loss/entropy,141,17.050457000732422,1778931735.252823
grallator_flat_new_actuator,Loss/entropy,142,17.050634384155273,1778931736.2269866
grallator_flat_new_actuator,Loss/entropy,143,17.050840377807617,1778931737.199714
grallator_flat_new_actuator,Loss/entropy,144,17.0508975982666,1778931738.1980102
grallator_flat_new_actuator,Loss/entropy,145,17.05108070373535,1778931739.1652362
grallator_flat_new_actuator,Loss/entropy,146,17.05118751525879,1778931740.1280801
grallator_flat_new_actuator,Loss/entropy,147,17.05147361755371,1778931741.0843382
grallator_flat_new_actuator,Loss/entropy,148,17.05164909362793,1778931742.0701072
grallator_flat_new_actuator,Loss/entropy,149,17.051389694213867,1778931743.0388684
grallator_flat_new_actuator,Loss/entropy,150,17.05072784423828,1778931744.003173
grallator_flat_new_actuator,Loss/entropy,151,17.05052947998047,1778931744.9718633
grallator_flat_new_actuator,Loss/entropy,152,17.0504150390625,1778931746.0053513
grallator_flat_new_actuator,Loss/entropy,153,17.050561904907227,1778931746.9655159
grallator_flat_new_actuator,Loss/entropy,154,17.050739288330078,1778931747.9262512
grallator_flat_new_actuator,Loss/entropy,155,17.05078887939453,1778931748.8861494
grallator_flat_new_actuator,Loss/entropy,156,17.050968170166016,1778931749.8653207
grallator_flat_new_actuator,Loss/entropy,157,17.050935745239258,1778931750.8517084
grallator_flat_new_actuator,Loss/entropy,158,17.05084991455078,1778931751.8140826
grallator_flat_new_actuator,Loss/entropy,159,17.051088333129883,1778931752.8013225
grallator_flat_new_actuator,Loss/entropy,160,17.05139923095703,1778931753.762736
grallator_flat_new_actuator,Loss/entropy,161,17.052053451538086,1778931754.7466016
grallator_flat_new_actuator,Loss/entropy,162,17.05243682861328,1778931755.7287595
grallator_flat_new_actuator,Loss/entropy,163,17.05244255065918,1778931756.813897
grallator_flat_new_actuator,Loss/entropy,164,17.05198097229004,1778931757.7730622
grallator_flat_new_actuator,Loss/entropy,165,17.05162811279297,1778931758.752245
grallator_flat_new_actuator,Loss/entropy,166,17.05156135559082,1778931759.7094967
grallator_flat_new_actuator,Loss/entropy,167,17.051891326904297,1778931760.6756086
grallator_flat_new_actuator,Loss/entropy,168,17.052034378051758,1778931761.6261292
grallator_flat_new_actuator,Loss/entropy,169,17.051584243774414,1778931762.574709
grallator_flat_new_actuator,Loss/entropy,170,17.0511417388916,1778931763.5623488
grallator_flat_new_actuator,Loss/entropy,171,17.050771713256836,1778931764.556883
grallator_flat_new_actuator,Loss/entropy,172,17.050540924072266,1778931765.5335243
grallator_flat_new_actuator,Loss/entropy,173,17.05084991455078,1778931766.4904246
grallator_flat_new_actuator,Loss/entropy,174,17.050844192504883,1778931767.6024644
grallator_flat_new_actuator,Loss/entropy,175,17.050363540649414,1778931768.564291
grallator_flat_new_actuator,Loss/entropy,176,17.0499267578125,1778931769.5134459
grallator_flat_new_actuator,Loss/entropy,177,17.049484252929688,1778931770.496487
grallator_flat_new_actuator,Loss/entropy,178,17.04918670654297,1778931771.468829
grallator_flat_new_actuator,Loss/entropy,179,17.049274444580078,1778931772.4243233
grallator_flat_new_actuator,Loss/entropy,180,17.049518585205078,1778931773.3839085
grallator_flat_new_actuator,Loss/entropy,181,17.04941177368164,1778931774.3376906
grallator_flat_new_actuator,Loss/entropy,182,17.04971694946289,1778931775.3375204
grallator_flat_new_actuator,Loss/entropy,183,17.050228118896484,1778931776.328085
grallator_flat_new_actuator,Loss/entropy,184,17.050390243530273,1778931777.281257
grallator_flat_new_actuator,Loss/entropy,185,17.0504150390625,1778931778.3744645
grallator_flat_new_actuator,Loss/entropy,186,17.05052375793457,1778931779.3569074
grallator_flat_new_actuator,Loss/entropy,187,17.05073356628418,1778931780.3097131
grallator_flat_new_actuator,Loss/entropy,188,17.050729751586914,1778931781.271512
grallator_flat_new_actuator,Loss/entropy,189,17.05040740966797,1778931782.227654
grallator_flat_new_actuator,Loss/entropy,190,17.050121307373047,1778931783.2089357
grallator_flat_new_actuator,Loss/entropy,191,17.049800872802734,1778931784.165149
grallator_flat_new_actuator,Loss/entropy,192,17.049747467041016,1778931785.139966
grallator_flat_new_actuator,Loss/entropy,193,17.049800872802734,1778931786.110162
grallator_flat_new_actuator,Loss/entropy,194,17.0491943359375,1778931787.072208
grallator_flat_new_actuator,Loss/entropy,195,17.048898696899414,1778931788.033928
grallator_flat_new_actuator,Loss/entropy,196,17.04889488220215,1778931789.0974324
grallator_flat_new_actuator,Loss/entropy,197,17.048810958862305,1778931790.0665088
grallator_flat_new_actuator,Loss/entropy,198,17.048585891723633,1778931791.0503287
grallator_flat_new_actuator,Loss/entropy,199,17.048471450805664,1778931792.0381372
grallator_flat_new_actuator,Loss/entropy,200,17.04854393005371,1778931793.0224416
grallator_flat_new_actuator,Loss/entropy,201,17.048460006713867,1778931794.0042953
grallator_flat_new_actuator,Loss/entropy,202,17.04820442199707,1778931794.9907417
grallator_flat_new_actuator,Loss/entropy,203,17.047990798950195,1778931795.9511948
grallator_flat_new_actuator,Loss/entropy,204,17.04798126220703,1778931796.9195688
grallator_flat_new_actuator,Loss/entropy,205,17.048105239868164,1778931797.8806727
grallator_flat_new_actuator,Loss/entropy,206,17.04795265197754,1778931798.857664
grallator_flat_new_actuator,Loss/entropy,207,17.047649383544922,1778931799.8265219
grallator_flat_new_actuator,Loss/entropy,208,17.047395706176758,1778931800.7983866
grallator_flat_new_actuator,Loss/entropy,209,17.046995162963867,1778931801.769019
grallator_flat_new_actuator,Loss/entropy,210,17.046323776245117,1778931802.731288
grallator_flat_new_actuator,Loss/entropy,211,17.04564094543457,1778931803.6956995
grallator_flat_new_actuator,Loss/entropy,212,17.04534912109375,1778931804.7085567
grallator_flat_new_actuator,Loss/entropy,213,17.04547882080078,1778931805.7211883
grallator_flat_new_actuator,Loss/entropy,214,17.045560836791992,1778931806.6893554
grallator_flat_new_actuator,Loss/entropy,215,17.04573631286621,1778931807.6574812
grallator_flat_new_actuator,Loss/entropy,216,17.04560089111328,1778931808.6196167
grallator_flat_new_actuator,Loss/entropy,217,17.044910430908203,1778931809.593095
grallator_flat_new_actuator,Loss/entropy,218,17.04315757751465,1778931810.559706
grallator_flat_new_actuator,Loss/entropy,219,17.042518615722656,1778931811.7112072
grallator_flat_new_actuator,Loss/entropy,220,17.04221534729004,1778931812.6802833
grallator_flat_new_actuator,Loss/entropy,221,17.042129516601562,1778931813.6461082
grallator_flat_new_actuator,Loss/entropy,222,17.041767120361328,1778931814.6148288
grallator_flat_new_actuator,Loss/entropy,223,17.041017532348633,1778931815.6073105
grallator_flat_new_actuator,Loss/entropy,224,17.04037857055664,1778931816.598658
grallator_flat_new_actuator,Loss/entropy,225,17.04076385498047,1778931817.6000168
grallator_flat_new_actuator,Loss/entropy,226,17.041362762451172,1778931818.5652287
grallator_flat_new_actuator,Loss/entropy,227,17.041301727294922,1778931819.557001
grallator_flat_new_actuator,Loss/entropy,228,17.041521072387695,1778931820.5636587
grallator_flat_new_actuator,Loss/entropy,229,17.042118072509766,1778931821.5395277
grallator_flat_new_actuator,Loss/entropy,230,17.042179107666016,1778931822.5394301
grallator_flat_new_actuator,Loss/entropy,231,17.04230308532715,1778931823.5089624
grallator_flat_new_actuator,Loss/entropy,232,17.04265785217285,1778931824.4951892
grallator_flat_new_actuator,Loss/entropy,233,17.043092727661133,1778931825.455797
grallator_flat_new_actuator,Loss/entropy,234,17.043437957763672,1778931826.4332743
grallator_flat_new_actuator,Loss/entropy,235,17.043209075927734,1778931827.4066458
grallator_flat_new_actuator,Loss/entropy,236,17.042503356933594,1778931828.3820398
grallator_flat_new_actuator,Loss/entropy,237,17.04180145263672,1778931829.3626392
grallator_flat_new_actuator,Loss/entropy,238,17.041242599487305,1778931830.3242173
grallator_flat_new_actuator,Loss/entropy,239,17.040876388549805,1778931831.3103735
grallator_flat_new_actuator,Loss/entropy,240,17.040802001953125,1778931832.3017142
grallator_flat_new_actuator,Loss/entropy,241,17.040897369384766,1778931833.4330835
grallator_flat_new_actuator,Loss/entropy,242,17.040891647338867,1778931834.4177668
grallator_flat_new_actuator,Loss/entropy,243,17.040830612182617,1778931835.3919463
grallator_flat_new_actuator,Loss/entropy,244,17.040557861328125,1778931836.3679895
grallator_flat_new_actuator,Loss/entropy,245,17.039579391479492,1778931837.3310153
grallator_flat_new_actuator,Loss/entropy,246,17.039112091064453,1778931838.301372
grallator_flat_new_actuator,Loss/entropy,247,17.03883171081543,1778931839.2750828
grallator_flat_new_actuator,Loss/entropy,248,17.03864097595215,1778931840.2736926
grallator_flat_new_actuator,Loss/entropy,249,17.03826141357422,1778931841.2419543
grallator_flat_new_actuator,Loss/entropy,250,17.037914276123047,1778931842.2075498
grallator_flat_new_actuator,Loss/entropy,251,17.037429809570312,1778931843.1814275
grallator_flat_new_actuator,Loss/entropy,252,17.03713607788086,1778931844.2529109
grallator_flat_new_actuator,Loss/entropy,253,17.036911010742188,1778931845.2577715
grallator_flat_new_actuator,Loss/entropy,254,17.03609848022461,1778931846.235786
grallator_flat_new_actuator,Loss/entropy,255,17.035263061523438,1778931847.2474189
grallator_flat_new_actuator,Loss/entropy,256,17.034669876098633,1778931848.2217784
grallator_flat_new_actuator,Loss/entropy,257,17.034866333007812,1778931849.1851487
grallator_flat_new_actuator,Loss/entropy,258,17.034818649291992,1778931850.1761842
grallator_flat_new_actuator,Loss/entropy,259,17.033926010131836,1778931851.1397095
grallator_flat_new_actuator,Loss/entropy,260,17.03321075439453,1778931852.1218815
grallator_flat_new_actuator,Loss/entropy,261,17.032615661621094,1778931853.117352
grallator_flat_new_actuator,Loss/entropy,262,17.032468795776367,1778931854.0777934
grallator_flat_new_actuator,Loss/entropy,263,17.032268524169922,1778931855.1533382
grallator_flat_new_actuator,Loss/entropy,264,17.031888961791992,1778931856.1114416
grallator_flat_new_actuator,Loss/entropy,265,17.03142738342285,1778931857.1061337
grallator_flat_new_actuator,Loss/entropy,266,17.03050994873047,1778931858.1216881
grallator_flat_new_actuator,Loss/entropy,267,17.030366897583008,1778931859.082429
grallator_flat_new_actuator,Loss/entropy,268,17.03078269958496,1778931860.0698466
grallator_flat_new_actuator,Loss/entropy,269,17.03092384338379,1778931861.0753238
grallator_flat_new_actuator,Loss/entropy,270,17.0311279296875,1778931862.042696
grallator_flat_new_actuator,Loss/entropy,271,17.031021118164062,1778931863.0149422
grallator_flat_new_actuator,Loss/entropy,272,17.030982971191406,1778931863.9783607
grallator_flat_new_actuator,Loss/entropy,273,17.031118392944336,1778931864.9764128
grallator_flat_new_actuator,Loss/entropy,274,17.031063079833984,1778931866.0150104
grallator_flat_new_actuator,Loss/entropy,275,17.030851364135742,1778931866.978922
grallator_flat_new_actuator,Loss/entropy,276,17.031038284301758,1778931867.9435434
grallator_flat_new_actuator,Loss/entropy,277,17.030990600585938,1778931868.9063983
grallator_flat_new_actuator,Loss/entropy,278,17.03028106689453,1778931869.8629248
grallator_flat_new_actuator,Loss/entropy,279,17.02954864501953,1778931870.8217986
grallator_flat_new_actuator,Loss/entropy,280,17.02943992614746,1778931871.7875254
grallator_flat_new_actuator,Loss/entropy,281,17.029279708862305,1778931872.7837236
grallator_flat_new_actuator,Loss/entropy,282,17.029172897338867,1778931873.774857
grallator_flat_new_actuator,Loss/entropy,283,17.02920913696289,1778931874.7310114
grallator_flat_new_actuator,Loss/entropy,284,17.028676986694336,1778931875.718639
grallator_flat_new_actuator,Loss/entropy,285,17.02812957763672,1778931876.8072765
grallator_flat_new_actuator,Loss/entropy,286,17.02814483642578,1778931877.7638502
grallator_flat_new_actuator,Loss/entropy,287,17.02783966064453,1778931878.7180388
grallator_flat_new_actuator,Loss/entropy,288,17.027851104736328,1778931879.6692836
grallator_flat_new_actuator,Loss/entropy,289,17.0280704498291,1778931880.6256373
grallator_flat_new_actuator,Loss/entropy,290,17.027996063232422,1778931881.6113443
grallator_flat_new_actuator,Loss/entropy,291,17.027725219726562,1778931882.5780935
grallator_flat_new_actuator,Loss/entropy,292,17.028066635131836,1778931883.535305
grallator_flat_new_actuator,Loss/entropy,293,17.027780532836914,1778931884.495657
grallator_flat_new_actuator,Loss/entropy,294,17.027170181274414,1778931885.448027
grallator_flat_new_actuator,Loss/entropy,295,17.026689529418945,1778931886.4480588
grallator_flat_new_actuator,Loss/entropy,296,17.026710510253906,1778931887.517055
grallator_flat_new_actuator,Loss/entropy,297,17.026893615722656,1778931888.5151405
grallator_flat_new_actuator,Loss/entropy,298,17.027175903320312,1778931889.4692886
grallator_flat_new_actuator,Loss/entropy,299,17.027738571166992,1778931890.425021
grallator_flat_new_actuator,Loss/learning_rate,0,9.999999747378752e-06,1778931591.3251894
grallator_flat_new_actuator,Loss/learning_rate,1,9.999999747378752e-06,1778931592.4463198
grallator_flat_new_actuator,Loss/learning_rate,2,9.999999747378752e-06,1778931593.409818
grallator_flat_new_actuator,Loss/learning_rate,3,3.3749998692655936e-05,1778931594.8410997
grallator_flat_new_actuator,Loss/learning_rate,4,9.999999747378752e-06,1778931595.837746
grallator_flat_new_actuator,Loss/learning_rate,5,9.999999747378752e-06,1778931596.834383
grallator_flat_new_actuator,Loss/learning_rate,6,1.4999999621068127e-05,1778931597.8173892
grallator_flat_new_actuator,Loss/learning_rate,7,9.999999747378752e-06,1778931598.810626
grallator_flat_new_actuator,Loss/learning_rate,8,9.999999747378752e-06,1778931599.8184023
grallator_flat_new_actuator,Loss/learning_rate,9,9.999999747378752e-06,1778931600.8234842
grallator_flat_new_actuator,Loss/learning_rate,10,9.999999747378752e-06,1778931601.8745975
grallator_flat_new_actuator,Loss/learning_rate,11,1.4999999621068127e-05,1778931602.987534
grallator_flat_new_actuator,Loss/learning_rate,12,9.999999747378752e-06,1778931604.0168176
grallator_flat_new_actuator,Loss/learning_rate,13,9.999999747378752e-06,1778931605.0444276
grallator_flat_new_actuator,Loss/learning_rate,14,9.999999747378752e-06,1778931606.0609705
grallator_flat_new_actuator,Loss/learning_rate,15,9.999999747378752e-06,1778931607.088256
grallator_flat_new_actuator,Loss/learning_rate,16,9.999999747378752e-06,1778931608.1431236
grallator_flat_new_actuator,Loss/learning_rate,17,9.999999747378752e-06,1778931609.1723852
grallator_flat_new_actuator,Loss/learning_rate,18,9.999999747378752e-06,1778931610.216065
grallator_flat_new_actuator,Loss/learning_rate,19,9.999999747378752e-06,1778931611.275565
grallator_flat_new_actuator,Loss/learning_rate,20,9.999999747378752e-06,1778931612.3033812
grallator_flat_new_actuator,Loss/learning_rate,21,9.999999747378752e-06,1778931613.345451
grallator_flat_new_actuator,Loss/learning_rate,22,9.999999747378752e-06,1778931614.372062
grallator_flat_new_actuator,Loss/learning_rate,23,9.999999747378752e-06,1778931615.5424309
grallator_flat_new_actuator,Loss/learning_rate,24,9.999999747378752e-06,1778931616.5793953
grallator_flat_new_actuator,Loss/learning_rate,25,9.999999747378752e-06,1778931617.6165402
grallator_flat_new_actuator,Loss/learning_rate,26,9.999999747378752e-06,1778931618.6470556
grallator_flat_new_actuator,Loss/learning_rate,27,9.999999747378752e-06,1778931619.6674604
grallator_flat_new_actuator,Loss/learning_rate,28,9.999999747378752e-06,1778931620.6913397
grallator_flat_new_actuator,Loss/learning_rate,29,9.999999747378752e-06,1778931621.7119439
grallator_flat_new_actuator,Loss/learning_rate,30,9.999999747378752e-06,1778931622.7492895
grallator_flat_new_actuator,Loss/learning_rate,31,9.999999747378752e-06,1778931623.7865613
grallator_flat_new_actuator,Loss/learning_rate,32,9.999999747378752e-06,1778931624.8390372
grallator_flat_new_actuator,Loss/learning_rate,33,9.999999747378752e-06,1778931626.0093505
grallator_flat_new_actuator,Loss/learning_rate,34,9.999999747378752e-06,1778931627.070916
grallator_flat_new_actuator,Loss/learning_rate,35,9.999999747378752e-06,1778931628.1034355
grallator_flat_new_actuator,Loss/learning_rate,36,9.999999747378752e-06,1778931629.1269424
grallator_flat_new_actuator,Loss/learning_rate,37,9.999999747378752e-06,1778931630.1503026
grallator_flat_new_actuator,Loss/learning_rate,38,9.999999747378752e-06,1778931631.1778638
grallator_flat_new_actuator,Loss/learning_rate,39,9.999999747378752e-06,1778931632.2028306
grallator_flat_new_actuator,Loss/learning_rate,40,9.999999747378752e-06,1778931633.2497575
grallator_flat_new_actuator,Loss/learning_rate,41,9.999999747378752e-06,1778931634.2991383
grallator_flat_new_actuator,Loss/learning_rate,42,9.999999747378752e-06,1778931635.328805
grallator_flat_new_actuator,Loss/learning_rate,43,9.999999747378752e-06,1778931636.5212736
grallator_flat_new_actuator,Loss/learning_rate,44,9.999999747378752e-06,1778931637.5435264
grallator_flat_new_actuator,Loss/learning_rate,45,9.999999747378752e-06,1778931638.5951562
grallator_flat_new_actuator,Loss/learning_rate,46,9.999999747378752e-06,1778931639.6486733
grallator_flat_new_actuator,Loss/learning_rate,47,9.999999747378752e-06,1778931640.677424
grallator_flat_new_actuator,Loss/learning_rate,48,9.999999747378752e-06,1778931641.6878514
grallator_flat_new_actuator,Loss/learning_rate,49,9.999999747378752e-06,1778931642.7070136
grallator_flat_new_actuator,Loss/learning_rate,50,9.999999747378752e-06,1778931643.7231355
grallator_flat_new_actuator,Loss/learning_rate,51,9.999999747378752e-06,1778931644.7516723
grallator_flat_new_actuator,Loss/learning_rate,52,9.999999747378752e-06,1778931645.7893994
grallator_flat_new_actuator,Loss/learning_rate,53,9.999999747378752e-06,1778931646.820978
grallator_flat_new_actuator,Loss/learning_rate,54,9.999999747378752e-06,1778931647.9152837
grallator_flat_new_actuator,Loss/learning_rate,55,9.999999747378752e-06,1778931648.928919
grallator_flat_new_actuator,Loss/learning_rate,56,9.999999747378752e-06,1778931649.9336545
grallator_flat_new_actuator,Loss/learning_rate,57,9.999999747378752e-06,1778931650.9721987
grallator_flat_new_actuator,Loss/learning_rate,58,9.999999747378752e-06,1778931652.0050178
grallator_flat_new_actuator,Loss/learning_rate,59,9.999999747378752e-06,1778931653.0323749
grallator_flat_new_actuator,Loss/learning_rate,60,9.999999747378752e-06,1778931654.0587294
grallator_flat_new_actuator,Loss/learning_rate,61,9.999999747378752e-06,1778931655.0822282
grallator_flat_new_actuator,Loss/learning_rate,62,9.999999747378752e-06,1778931656.0874774
grallator_flat_new_actuator,Loss/learning_rate,63,9.999999747378752e-06,1778931657.0952196
grallator_flat_new_actuator,Loss/learning_rate,64,1.4999999621068127e-05,1778931658.1034439
grallator_flat_new_actuator,Loss/learning_rate,65,7.593750342493877e-05,1778931659.1714327
grallator_flat_new_actuator,Loss/learning_rate,66,9.999999747378752e-06,1778931660.1823428
grallator_flat_new_actuator,Loss/learning_rate,67,9.999999747378752e-06,1778931661.195291
grallator_flat_new_actuator,Loss/learning_rate,68,9.999999747378752e-06,1778931662.1964638
grallator_flat_new_actuator,Loss/learning_rate,69,9.999999747378752e-06,1778931663.2008362
grallator_flat_new_actuator,Loss/learning_rate,70,9.999999747378752e-06,1778931664.1982658
grallator_flat_new_actuator,Loss/learning_rate,71,9.999999747378752e-06,1778931665.2014854
grallator_flat_new_actuator,Loss/learning_rate,72,9.999999747378752e-06,1778931666.2122965
grallator_flat_new_actuator,Loss/learning_rate,73,9.999999747378752e-06,1778931667.2375429
grallator_flat_new_actuator,Loss/learning_rate,74,9.999999747378752e-06,1778931668.2499552
grallator_flat_new_actuator,Loss/learning_rate,75,9.999999747378752e-06,1778931669.326204
grallator_flat_new_actuator,Loss/learning_rate,76,9.999999747378752e-06,1778931670.3211129
grallator_flat_new_actuator,Loss/learning_rate,77,9.999999747378752e-06,1778931671.3161705
grallator_flat_new_actuator,Loss/learning_rate,78,9.999999747378752e-06,1778931672.3041964
grallator_flat_new_actuator,Loss/learning_rate,79,9.999999747378752e-06,1778931673.294835
grallator_flat_new_actuator,Loss/learning_rate,80,9.999999747378752e-06,1778931674.2801354
grallator_flat_new_actuator,Loss/learning_rate,81,9.999999747378752e-06,1778931675.2852652
grallator_flat_new_actuator,Loss/learning_rate,82,9.999999747378752e-06,1778931676.2791953
grallator_flat_new_actuator,Loss/learning_rate,83,9.999999747378752e-06,1778931677.2736287
grallator_flat_new_actuator,Loss/learning_rate,84,9.999999747378752e-06,1778931678.2728148
grallator_flat_new_actuator,Loss/learning_rate,85,2.2500000341096893e-05,1778931679.2656696
grallator_flat_new_actuator,Loss/learning_rate,86,9.999999747378752e-06,1778931680.417816
grallator_flat_new_actuator,Loss/learning_rate,87,9.999999747378752e-06,1778931681.4370298
grallator_flat_new_actuator,Loss/learning_rate,88,9.999999747378752e-06,1778931682.48028
grallator_flat_new_actuator,Loss/learning_rate,89,9.999999747378752e-06,1778931683.4743524
grallator_flat_new_actuator,Loss/learning_rate,90,2.2500000341096893e-05,1778931684.4680014
grallator_flat_new_actuator,Loss/learning_rate,91,9.999999747378752e-06,1778931685.4596338
grallator_flat_new_actuator,Loss/learning_rate,92,9.999999747378752e-06,1778931686.4503555
grallator_flat_new_actuator,Loss/learning_rate,93,9.999999747378752e-06,1778931687.4413052
grallator_flat_new_actuator,Loss/learning_rate,94,9.999999747378752e-06,1778931688.469729
grallator_flat_new_actuator,Loss/learning_rate,95,9.999999747378752e-06,1778931689.4615064
grallator_flat_new_actuator,Loss/learning_rate,96,9.999999747378752e-06,1778931690.4586108
grallator_flat_new_actuator,Loss/learning_rate,97,9.999999747378752e-06,1778931691.5031857
grallator_flat_new_actuator,Loss/learning_rate,98,9.999999747378752e-06,1778931692.510782
grallator_flat_new_actuator,Loss/learning_rate,99,9.999999747378752e-06,1778931693.519679
grallator_flat_new_actuator,Loss/learning_rate,100,9.999999747378752e-06,1778931694.54464
grallator_flat_new_actuator,Loss/learning_rate,101,9.999999747378752e-06,1778931695.540025
grallator_flat_new_actuator,Loss/learning_rate,102,9.999999747378752e-06,1778931696.5349903
grallator_flat_new_actuator,Loss/learning_rate,103,9.999999747378752e-06,1778931697.5291939
grallator_flat_new_actuator,Loss/learning_rate,104,9.999999747378752e-06,1778931698.5217519
grallator_flat_new_actuator,Loss/learning_rate,105,9.999999747378752e-06,1778931699.5078871
grallator_flat_new_actuator,Loss/learning_rate,106,9.999999747378752e-06,1778931700.4852207
grallator_flat_new_actuator,Loss/learning_rate,107,9.999999747378752e-06,1778931701.4869037
grallator_flat_new_actuator,Loss/learning_rate,108,9.999999747378752e-06,1778931702.5721905
grallator_flat_new_actuator,Loss/learning_rate,109,9.999999747378752e-06,1778931703.5498035
grallator_flat_new_actuator,Loss/learning_rate,110,9.999999747378752e-06,1778931704.520442
grallator_flat_new_actuator,Loss/learning_rate,111,9.999999747378752e-06,1778931705.4950898
grallator_flat_new_actuator,Loss/learning_rate,112,9.999999747378752e-06,1778931706.4780777
grallator_flat_new_actuator,Loss/learning_rate,113,9.999999747378752e-06,1778931707.4465315
grallator_flat_new_actuator,Loss/learning_rate,114,9.999999747378752e-06,1778931708.4380372
grallator_flat_new_actuator,Loss/learning_rate,115,9.999999747378752e-06,1778931709.4190397
grallator_flat_new_actuator,Loss/learning_rate,116,9.999999747378752e-06,1778931710.4123478
grallator_flat_new_actuator,Loss/learning_rate,117,9.999999747378752e-06,1778931711.4131718
grallator_flat_new_actuator,Loss/learning_rate,118,9.999999747378752e-06,1778931712.383759
grallator_flat_new_actuator,Loss/learning_rate,119,9.999999747378752e-06,1778931713.4548395
grallator_flat_new_actuator,Loss/learning_rate,120,9.999999747378752e-06,1778931714.424344
grallator_flat_new_actuator,Loss/learning_rate,121,9.999999747378752e-06,1778931715.4115448
grallator_flat_new_actuator,Loss/learning_rate,122,9.999999747378752e-06,1778931716.3920364
grallator_flat_new_actuator,Loss/learning_rate,123,9.999999747378752e-06,1778931717.3846197
grallator_flat_new_actuator,Loss/learning_rate,124,9.999999747378752e-06,1778931718.3489237
grallator_flat_new_actuator,Loss/learning_rate,125,9.999999747378752e-06,1778931719.3254538
grallator_flat_new_actuator,Loss/learning_rate,126,9.999999747378752e-06,1778931720.3056138
grallator_flat_new_actuator,Loss/learning_rate,127,9.999999747378752e-06,1778931721.2895918
grallator_flat_new_actuator,Loss/learning_rate,128,9.999999747378752e-06,1778931722.289875
grallator_flat_new_actuator,Loss/learning_rate,129,2.2500000341096893e-05,1778931723.2822921
grallator_flat_new_actuator,Loss/learning_rate,130,9.999999747378752e-06,1778931724.3610783
grallator_flat_new_actuator,Loss/learning_rate,131,9.999999747378752e-06,1778931725.3318372
grallator_flat_new_actuator,Loss/learning_rate,132,9.999999747378752e-06,1778931726.308067
grallator_flat_new_actuator,Loss/learning_rate,133,9.999999747378752e-06,1778931727.2857146
grallator_flat_new_actuator,Loss/learning_rate,134,9.999999747378752e-06,1778931728.2552395
grallator_flat_new_actuator,Loss/learning_rate,135,1.4999999621068127e-05,1778931729.245707
grallator_flat_new_actuator,Loss/learning_rate,136,9.999999747378752e-06,1778931730.2360246
grallator_flat_new_actuator,Loss/learning_rate,137,9.999999747378752e-06,1778931731.1922646
grallator_flat_new_actuator,Loss/learning_rate,138,9.999999747378752e-06,1778931732.15368
grallator_flat_new_actuator,Loss/learning_rate,139,9.999999747378752e-06,1778931733.1172197
grallator_flat_new_actuator,Loss/learning_rate,140,9.999999747378752e-06,1778931734.1030843
grallator_flat_new_actuator,Loss/learning_rate,141,9.999999747378752e-06,1778931735.252837
grallator_flat_new_actuator,Loss/learning_rate,142,9.999999747378752e-06,1778931736.2270014
grallator_flat_new_actuator,Loss/learning_rate,143,9.999999747378752e-06,1778931737.1997285
grallator_flat_new_actuator,Loss/learning_rate,144,1.4999999621068127e-05,1778931738.1980362
grallator_flat_new_actuator,Loss/learning_rate,145,9.999999747378752e-06,1778931739.1652505
grallator_flat_new_actuator,Loss/learning_rate,146,9.999999747378752e-06,1778931740.1280951
grallator_flat_new_actuator,Loss/learning_rate,147,9.999999747378752e-06,1778931741.0843525
grallator_flat_new_actuator,Loss/learning_rate,148,9.999999747378752e-06,1778931742.0701215
grallator_flat_new_actuator,Loss/learning_rate,149,9.999999747378752e-06,1778931743.038883
grallator_flat_new_actuator,Loss/learning_rate,150,9.999999747378752e-06,1778931744.0031874
grallator_flat_new_actuator,Loss/learning_rate,151,9.999999747378752e-06,1778931744.971877
grallator_flat_new_actuator,Loss/learning_rate,152,9.999999747378752e-06,1778931746.0053656
grallator_flat_new_actuator,Loss/learning_rate,153,9.999999747378752e-06,1778931746.9655304
grallator_flat_new_actuator,Loss/learning_rate,154,9.999999747378752e-06,1778931747.9262662
grallator_flat_new_actuator,Loss/learning_rate,155,9.999999747378752e-06,1778931748.8861644
grallator_flat_new_actuator,Loss/learning_rate,156,9.999999747378752e-06,1778931749.8653345
grallator_flat_new_actuator,Loss/learning_rate,157,9.999999747378752e-06,1778931750.8517232
grallator_flat_new_actuator,Loss/learning_rate,158,9.999999747378752e-06,1778931751.8140972
grallator_flat_new_actuator,Loss/learning_rate,159,9.999999747378752e-06,1778931752.801338
grallator_flat_new_actuator,Loss/learning_rate,160,9.999999747378752e-06,1778931753.7627504
grallator_flat_new_actuator,Loss/learning_rate,161,9.999999747378752e-06,1778931754.7466176
grallator_flat_new_actuator,Loss/learning_rate,162,9.999999747378752e-06,1778931755.7287743
grallator_flat_new_actuator,Loss/learning_rate,163,9.999999747378752e-06,1778931756.8139114
grallator_flat_new_actuator,Loss/learning_rate,164,9.999999747378752e-06,1778931757.7730787
grallator_flat_new_actuator,Loss/learning_rate,165,9.999999747378752e-06,1778931758.7522626
grallator_flat_new_actuator,Loss/learning_rate,166,9.999999747378752e-06,1778931759.7095113
grallator_flat_new_actuator,Loss/learning_rate,167,5.062499985797331e-05,1778931760.6756244
grallator_flat_new_actuator,Loss/learning_rate,168,9.999999747378752e-06,1778931761.6261442
grallator_flat_new_actuator,Loss/learning_rate,169,9.999999747378752e-06,1778931762.5747235
grallator_flat_new_actuator,Loss/learning_rate,170,9.999999747378752e-06,1778931763.5623634
grallator_flat_new_actuator,Loss/learning_rate,171,9.999999747378752e-06,1778931764.5568984
grallator_flat_new_actuator,Loss/learning_rate,172,9.999999747378752e-06,1778931765.5335383
grallator_flat_new_actuator,Loss/learning_rate,173,9.999999747378752e-06,1778931766.4904387
grallator_flat_new_actuator,Loss/learning_rate,174,9.999999747378752e-06,1778931767.6024792
grallator_flat_new_actuator,Loss/learning_rate,175,9.999999747378752e-06,1778931768.5643058
grallator_flat_new_actuator,Loss/learning_rate,176,9.999999747378752e-06,1778931769.5134606
grallator_flat_new_actuator,Loss/learning_rate,177,9.999999747378752e-06,1778931770.4965014
grallator_flat_new_actuator,Loss/learning_rate,178,9.999999747378752e-06,1778931771.4688437
grallator_flat_new_actuator,Loss/learning_rate,179,9.999999747378752e-06,1778931772.4243383
grallator_flat_new_actuator,Loss/learning_rate,180,9.999999747378752e-06,1778931773.383923
grallator_flat_new_actuator,Loss/learning_rate,181,1.4999999621068127e-05,1778931774.3377116
grallator_flat_new_actuator,Loss/learning_rate,182,9.999999747378752e-06,1778931775.3375351
grallator_flat_new_actuator,Loss/learning_rate,183,9.999999747378752e-06,1778931776.3280993
grallator_flat_new_actuator,Loss/learning_rate,184,9.999999747378752e-06,1778931777.2812724
grallator_flat_new_actuator,Loss/learning_rate,185,9.999999747378752e-06,1778931778.3744793
grallator_flat_new_actuator,Loss/learning_rate,186,9.999999747378752e-06,1778931779.3569226
grallator_flat_new_actuator,Loss/learning_rate,187,9.999999747378752e-06,1778931780.3097425
grallator_flat_new_actuator,Loss/learning_rate,188,9.999999747378752e-06,1778931781.2715266
grallator_flat_new_actuator,Loss/learning_rate,189,9.999999747378752e-06,1778931782.2276683
grallator_flat_new_actuator,Loss/learning_rate,190,9.999999747378752e-06,1778931783.20895
grallator_flat_new_actuator,Loss/learning_rate,191,9.999999747378752e-06,1778931784.165164
grallator_flat_new_actuator,Loss/learning_rate,192,5.062499985797331e-05,1778931785.1399813
grallator_flat_new_actuator,Loss/learning_rate,193,1.4999999621068127e-05,1778931786.1101775
grallator_flat_new_actuator,Loss/learning_rate,194,9.999999747378752e-06,1778931787.0722227
grallator_flat_new_actuator,Loss/learning_rate,195,9.999999747378752e-06,1778931788.0339434
grallator_flat_new_actuator,Loss/learning_rate,196,9.999999747378752e-06,1778931789.0974467
grallator_flat_new_actuator,Loss/learning_rate,197,9.999999747378752e-06,1778931790.0665243
grallator_flat_new_actuator,Loss/learning_rate,198,9.999999747378752e-06,1778931791.0503445
grallator_flat_new_actuator,Loss/learning_rate,199,9.999999747378752e-06,1778931792.0381517
grallator_flat_new_actuator,Loss/learning_rate,200,9.999999747378752e-06,1778931793.0224566
grallator_flat_new_actuator,Loss/learning_rate,201,9.999999747378752e-06,1778931794.0043097
grallator_flat_new_actuator,Loss/learning_rate,202,9.999999747378752e-06,1778931794.9907568
grallator_flat_new_actuator,Loss/learning_rate,203,9.999999747378752e-06,1778931795.9512093
grallator_flat_new_actuator,Loss/learning_rate,204,5.062499985797331e-05,1778931796.9196076
grallator_flat_new_actuator,Loss/learning_rate,205,9.999999747378752e-06,1778931797.8806875
grallator_flat_new_actuator,Loss/learning_rate,206,9.999999747378752e-06,1778931798.8576796
grallator_flat_new_actuator,Loss/learning_rate,207,9.999999747378752e-06,1778931799.8265364
grallator_flat_new_actuator,Loss/learning_rate,208,9.999999747378752e-06,1778931800.7984014
grallator_flat_new_actuator,Loss/learning_rate,209,9.999999747378752e-06,1778931801.769033
grallator_flat_new_actuator,Loss/learning_rate,210,9.999999747378752e-06,1778931802.7313027
grallator_flat_new_actuator,Loss/learning_rate,211,9.999999747378752e-06,1778931803.6957135
grallator_flat_new_actuator,Loss/learning_rate,212,9.999999747378752e-06,1778931804.7085962
grallator_flat_new_actuator,Loss/learning_rate,213,9.999999747378752e-06,1778931805.7212029
grallator_flat_new_actuator,Loss/learning_rate,214,9.999999747378752e-06,1778931806.68937
grallator_flat_new_actuator,Loss/learning_rate,215,9.999999747378752e-06,1778931807.6574957
grallator_flat_new_actuator,Loss/learning_rate,216,9.999999747378752e-06,1778931808.6196313
grallator_flat_new_actuator,Loss/learning_rate,217,3.3749998692655936e-05,1778931809.5931091
grallator_flat_new_actuator,Loss/learning_rate,218,9.999999747378752e-06,1778931810.559721
grallator_flat_new_actuator,Loss/learning_rate,219,9.999999747378752e-06,1778931811.7112224
grallator_flat_new_actuator,Loss/learning_rate,220,9.999999747378752e-06,1778931812.6802986
grallator_flat_new_actuator,Loss/learning_rate,221,9.999999747378752e-06,1778931813.6461225
grallator_flat_new_actuator,Loss/learning_rate,222,9.999999747378752e-06,1778931814.614843
grallator_flat_new_actuator,Loss/learning_rate,223,2.2500000341096893e-05,1778931815.6073258
grallator_flat_new_actuator,Loss/learning_rate,224,9.999999747378752e-06,1778931816.5986722
grallator_flat_new_actuator,Loss/learning_rate,225,9.999999747378752e-06,1778931817.6000311
grallator_flat_new_actuator,Loss/learning_rate,226,9.999999747378752e-06,1778931818.5652468
grallator_flat_new_actuator,Loss/learning_rate,227,9.999999747378752e-06,1778931819.5570157
grallator_flat_new_actuator,Loss/learning_rate,228,9.999999747378752e-06,1778931820.563683
grallator_flat_new_actuator,Loss/learning_rate,229,9.999999747378752e-06,1778931821.5395422
grallator_flat_new_actuator,Loss/learning_rate,230,9.999999747378752e-06,1778931822.5394447
grallator_flat_new_actuator,Loss/learning_rate,231,9.999999747378752e-06,1778931823.508977
grallator_flat_new_actuator,Loss/learning_rate,232,9.999999747378752e-06,1778931824.4952047
grallator_flat_new_actuator,Loss/learning_rate,233,9.999999747378752e-06,1778931825.455813
grallator_flat_new_actuator,Loss/learning_rate,234,9.999999747378752e-06,1778931826.4332883
grallator_flat_new_actuator,Loss/learning_rate,235,9.999999747378752e-06,1778931827.40666
grallator_flat_new_actuator,Loss/learning_rate,236,9.999999747378752e-06,1778931828.382054
grallator_flat_new_actuator,Loss/learning_rate,237,9.999999747378752e-06,1778931829.3626566
grallator_flat_new_actuator,Loss/learning_rate,238,9.999999747378752e-06,1778931830.3242323
grallator_flat_new_actuator,Loss/learning_rate,239,9.999999747378752e-06,1778931831.3103878
grallator_flat_new_actuator,Loss/learning_rate,240,9.999999747378752e-06,1778931832.3017285
grallator_flat_new_actuator,Loss/learning_rate,241,9.999999747378752e-06,1778931833.4331062
grallator_flat_new_actuator,Loss/learning_rate,242,9.999999747378752e-06,1778931834.4177892
grallator_flat_new_actuator,Loss/learning_rate,243,9.999999747378752e-06,1778931835.391961
grallator_flat_new_actuator,Loss/learning_rate,244,9.999999747378752e-06,1778931836.3680036
grallator_flat_new_actuator,Loss/learning_rate,245,9.999999747378752e-06,1778931837.3310297
grallator_flat_new_actuator,Loss/learning_rate,246,9.999999747378752e-06,1778931838.301387
grallator_flat_new_actuator,Loss/learning_rate,247,9.999999747378752e-06,1778931839.2750974
grallator_flat_new_actuator,Loss/learning_rate,248,9.999999747378752e-06,1778931840.2737184
grallator_flat_new_actuator,Loss/learning_rate,249,9.999999747378752e-06,1778931841.2419775
grallator_flat_new_actuator,Loss/learning_rate,250,9.999999747378752e-06,1778931842.2075644
grallator_flat_new_actuator,Loss/learning_rate,251,9.999999747378752e-06,1778931843.181442
grallator_flat_new_actuator,Loss/learning_rate,252,9.999999747378752e-06,1778931844.252947
grallator_flat_new_actuator,Loss/learning_rate,253,9.999999747378752e-06,1778931845.2577877
grallator_flat_new_actuator,Loss/learning_rate,254,9.999999747378752e-06,1778931846.2358015
grallator_flat_new_actuator,Loss/learning_rate,255,9.999999747378752e-06,1778931847.2474334
grallator_flat_new_actuator,Loss/learning_rate,256,9.999999747378752e-06,1778931848.2217932
grallator_flat_new_actuator,Loss/learning_rate,257,9.999999747378752e-06,1778931849.1851625
grallator_flat_new_actuator,Loss/learning_rate,258,3.3749998692655936e-05,1778931850.1761997
grallator_flat_new_actuator,Loss/learning_rate,259,7.593750342493877e-05,1778931851.139724
grallator_flat_new_actuator,Loss/learning_rate,260,9.999999747378752e-06,1778931852.121896
grallator_flat_new_actuator,Loss/learning_rate,261,9.999999747378752e-06,1778931853.1173666
grallator_flat_new_actuator,Loss/learning_rate,262,9.999999747378752e-06,1778931854.0778086
grallator_flat_new_actuator,Loss/learning_rate,263,9.999999747378752e-06,1778931855.1533523
grallator_flat_new_actuator,Loss/learning_rate,264,9.999999747378752e-06,1778931856.111457
grallator_flat_new_actuator,Loss/learning_rate,265,9.999999747378752e-06,1778931857.1061482
grallator_flat_new_actuator,Loss/learning_rate,266,9.999999747378752e-06,1778931858.1217031
grallator_flat_new_actuator,Loss/learning_rate,267,9.999999747378752e-06,1778931859.0824435
grallator_flat_new_actuator,Loss/learning_rate,268,9.999999747378752e-06,1778931860.069861
grallator_flat_new_actuator,Loss/learning_rate,269,9.999999747378752e-06,1778931861.0753396
grallator_flat_new_actuator,Loss/learning_rate,270,9.999999747378752e-06,1778931862.04271
grallator_flat_new_actuator,Loss/learning_rate,271,9.999999747378752e-06,1778931863.0149565
grallator_flat_new_actuator,Loss/learning_rate,272,9.999999747378752e-06,1778931863.9783752
grallator_flat_new_actuator,Loss/learning_rate,273,9.999999747378752e-06,1778931864.9764273
grallator_flat_new_actuator,Loss/learning_rate,274,9.999999747378752e-06,1778931866.015025
grallator_flat_new_actuator,Loss/learning_rate,275,9.999999747378752e-06,1778931866.978937
grallator_flat_new_actuator,Loss/learning_rate,276,9.999999747378752e-06,1778931867.943559
grallator_flat_new_actuator,Loss/learning_rate,277,9.999999747378752e-06,1778931868.9064124
grallator_flat_new_actuator,Loss/learning_rate,278,9.999999747378752e-06,1778931869.8629396
grallator_flat_new_actuator,Loss/learning_rate,279,9.999999747378752e-06,1778931870.821813
grallator_flat_new_actuator,Loss/learning_rate,280,9.999999747378752e-06,1778931871.7875397
grallator_flat_new_actuator,Loss/learning_rate,281,9.999999747378752e-06,1778931872.7837462
grallator_flat_new_actuator,Loss/learning_rate,282,9.999999747378752e-06,1778931873.7748713
grallator_flat_new_actuator,Loss/learning_rate,283,9.999999747378752e-06,1778931874.7310343
grallator_flat_new_actuator,Loss/learning_rate,284,9.999999747378752e-06,1778931875.7186537
grallator_flat_new_actuator,Loss/learning_rate,285,9.999999747378752e-06,1778931876.8072915
grallator_flat_new_actuator,Loss/learning_rate,286,9.999999747378752e-06,1778931877.7638645
grallator_flat_new_actuator,Loss/learning_rate,287,9.999999747378752e-06,1778931878.7180533
grallator_flat_new_actuator,Loss/learning_rate,288,9.999999747378752e-06,1778931879.6692982
grallator_flat_new_actuator,Loss/learning_rate,289,9.999999747378752e-06,1778931880.625652
grallator_flat_new_actuator,Loss/learning_rate,290,9.999999747378752e-06,1778931881.6113584
grallator_flat_new_actuator,Loss/learning_rate,291,9.999999747378752e-06,1778931882.5781088
grallator_flat_new_actuator,Loss/learning_rate,292,9.999999747378752e-06,1778931883.5353193
grallator_flat_new_actuator,Loss/learning_rate,293,9.999999747378752e-06,1778931884.4956717
grallator_flat_new_actuator,Loss/learning_rate,294,9.999999747378752e-06,1778931885.4480412
grallator_flat_new_actuator,Loss/learning_rate,295,9.999999747378752e-06,1778931886.4480731
grallator_flat_new_actuator,Loss/learning_rate,296,9.999999747378752e-06,1778931887.5170693
grallator_flat_new_actuator,Loss/learning_rate,297,9.999999747378752e-06,1778931888.5151556
grallator_flat_new_actuator,Loss/learning_rate,298,9.999999747378752e-06,1778931889.469304
grallator_flat_new_actuator,Loss/learning_rate,299,9.999999747378752e-06,1778931890.4250357
grallator_flat_new_actuator,Policy/mean_noise_std,0,1.0009174346923828,1778931591.3253071
grallator_flat_new_actuator,Policy/mean_noise_std,1,1.0010451078414917,1778931592.4464183
grallator_flat_new_actuator,Policy/mean_noise_std,2,1.0009475946426392,1778931593.4099104
grallator_flat_new_actuator,Policy/mean_noise_std,3,1.0011162757873535,1778931594.841163
grallator_flat_new_actuator,Policy/mean_noise_std,4,1.0013490915298462,1778931595.8378088
grallator_flat_new_actuator,Policy/mean_noise_std,5,1.0012165307998657,1778931596.8344834
grallator_flat_new_actuator,Policy/mean_noise_std,6,1.002063512802124,1778931597.8174837
grallator_flat_new_actuator,Policy/mean_noise_std,7,1.002564549446106,1778931598.8107135
grallator_flat_new_actuator,Policy/mean_noise_std,8,1.003125786781311,1778931599.8185074
grallator_flat_new_actuator,Policy/mean_noise_std,9,1.0034945011138916,1778931600.8236053
grallator_flat_new_actuator,Policy/mean_noise_std,10,1.0031993389129639,1778931601.874702
grallator_flat_new_actuator,Policy/mean_noise_std,11,1.002810001373291,1778931602.9876535
grallator_flat_new_actuator,Policy/mean_noise_std,12,1.0026944875717163,1778931604.016864
grallator_flat_new_actuator,Policy/mean_noise_std,13,1.0029624700546265,1778931605.0444763
grallator_flat_new_actuator,Policy/mean_noise_std,14,1.0033494234085083,1778931606.0610704
grallator_flat_new_actuator,Policy/mean_noise_std,15,1.0037994384765625,1778931607.0883584
grallator_flat_new_actuator,Policy/mean_noise_std,16,1.0040943622589111,1778931608.143226
grallator_flat_new_actuator,Policy/mean_noise_std,17,1.0040210485458374,1778931609.1724784
grallator_flat_new_actuator,Policy/mean_noise_std,18,1.0041993856430054,1778931610.2161803
grallator_flat_new_actuator,Policy/mean_noise_std,19,1.004210114479065,1778931611.2756839
grallator_flat_new_actuator,Policy/mean_noise_std,20,1.0042015314102173,1778931612.3034415
grallator_flat_new_actuator,Policy/mean_noise_std,21,1.0044312477111816,1778931613.3455153
grallator_flat_new_actuator,Policy/mean_noise_std,22,1.0050454139709473,1778931614.3721755
grallator_flat_new_actuator,Policy/mean_noise_std,23,1.0054939985275269,1778931615.5425274
grallator_flat_new_actuator,Policy/mean_noise_std,24,1.0060276985168457,1778931616.579493
grallator_flat_new_actuator,Policy/mean_noise_std,25,1.0059449672698975,1778931617.6166599
grallator_flat_new_actuator,Policy/mean_noise_std,26,1.00565505027771,1778931618.647103
grallator_flat_new_actuator,Policy/mean_noise_std,27,1.0057358741760254,1778931619.6675084
grallator_flat_new_actuator,Policy/mean_noise_std,28,1.0051624774932861,1778931620.6913877
grallator_flat_new_actuator,Policy/mean_noise_std,29,1.0047950744628906,1778931621.7120388
grallator_flat_new_actuator,Policy/mean_noise_std,30,1.0044571161270142,1778931622.7493887
grallator_flat_new_actuator,Policy/mean_noise_std,31,1.0044771432876587,1778931623.7866724
grallator_flat_new_actuator,Policy/mean_noise_std,32,1.0043035745620728,1778931624.839134
grallator_flat_new_actuator,Policy/mean_noise_std,33,1.0042580366134644,1778931626.0093975
grallator_flat_new_actuator,Policy/mean_noise_std,34,1.0042873620986938,1778931627.0709643
grallator_flat_new_actuator,Policy/mean_noise_std,35,1.0042293071746826,1778931628.103534
grallator_flat_new_actuator,Policy/mean_noise_std,36,1.0036906003952026,1778931629.1270447
grallator_flat_new_actuator,Policy/mean_noise_std,37,1.0033410787582397,1778931630.150351
grallator_flat_new_actuator,Policy/mean_noise_std,38,1.0031275749206543,1778931631.1779654
grallator_flat_new_actuator,Policy/mean_noise_std,39,1.002743124961853,1778931632.2029326
grallator_flat_new_actuator,Policy/mean_noise_std,40,1.002542495727539,1778931633.2498565
grallator_flat_new_actuator,Policy/mean_noise_std,41,1.0023138523101807,1778931634.2992249
grallator_flat_new_actuator,Policy/mean_noise_std,42,1.0022482872009277,1778931635.3289044
grallator_flat_new_actuator,Policy/mean_noise_std,43,1.0023220777511597,1778931636.5213678
grallator_flat_new_actuator,Policy/mean_noise_std,44,1.0025171041488647,1778931637.5436482
grallator_flat_new_actuator,Policy/mean_noise_std,45,1.0026910305023193,1778931638.595255
grallator_flat_new_actuator,Policy/mean_noise_std,46,1.0027334690093994,1778931639.6487818
grallator_flat_new_actuator,Policy/mean_noise_std,47,1.0027832984924316,1778931640.6775043
grallator_flat_new_actuator,Policy/mean_noise_std,48,1.002665638923645,1778931641.6879542
grallator_flat_new_actuator,Policy/mean_noise_std,49,1.00247061252594,1778931642.7071116
grallator_flat_new_actuator,Policy/mean_noise_std,50,1.0023678541183472,1778931643.723238
grallator_flat_new_actuator,Policy/mean_noise_std,51,1.0023267269134521,1778931644.7517748
grallator_flat_new_actuator,Policy/mean_noise_std,52,1.0023425817489624,1778931645.789484
grallator_flat_new_actuator,Policy/mean_noise_std,53,1.0024890899658203,1778931646.8210807
grallator_flat_new_actuator,Policy/mean_noise_std,54,1.0024874210357666,1778931647.91533
grallator_flat_new_actuator,Policy/mean_noise_std,55,1.0024418830871582,1778931648.9290144
grallator_flat_new_actuator,Policy/mean_noise_std,56,1.0024333000183105,1778931649.9337556
grallator_flat_new_actuator,Policy/mean_noise_std,57,1.002211093902588,1778931650.9722443
grallator_flat_new_actuator,Policy/mean_noise_std,58,1.0021395683288574,1778931652.0051205
grallator_flat_new_actuator,Policy/mean_noise_std,59,1.0021843910217285,1778931653.032458
grallator_flat_new_actuator,Policy/mean_noise_std,60,1.002266526222229,1778931654.058832
grallator_flat_new_actuator,Policy/mean_noise_std,61,1.0023301839828491,1778931655.0823348
grallator_flat_new_actuator,Policy/mean_noise_std,62,1.0023720264434814,1778931656.0875933
grallator_flat_new_actuator,Policy/mean_noise_std,63,1.0023740530014038,1778931657.0953243
grallator_flat_new_actuator,Policy/mean_noise_std,64,1.0022939443588257,1778931658.1034899
grallator_flat_new_actuator,Policy/mean_noise_std,65,1.0021830797195435,1778931659.1715534
grallator_flat_new_actuator,Policy/mean_noise_std,66,1.0020891427993774,1778931660.1823928
grallator_flat_new_actuator,Policy/mean_noise_std,67,1.0020476579666138,1778931661.1953933
grallator_flat_new_actuator,Policy/mean_noise_std,68,1.0020452737808228,1778931662.196565
grallator_flat_new_actuator,Policy/mean_noise_std,69,1.0020326375961304,1778931663.2008836
grallator_flat_new_actuator,Policy/mean_noise_std,70,1.001987099647522,1778931664.1983721
grallator_flat_new_actuator,Policy/mean_noise_std,71,1.0019468069076538,1778931665.2015967
grallator_flat_new_actuator,Policy/mean_noise_std,72,1.001909613609314,1778931666.2123864
grallator_flat_new_actuator,Policy/mean_noise_std,73,1.0019207000732422,1778931667.2376232
grallator_flat_new_actuator,Policy/mean_noise_std,74,1.0019689798355103,1778931668.2500155
grallator_flat_new_actuator,Policy/mean_noise_std,75,1.002023696899414,1778931669.3263092
grallator_flat_new_actuator,Policy/mean_noise_std,76,1.0020915269851685,1778931670.3211997
grallator_flat_new_actuator,Policy/mean_noise_std,77,1.0021103620529175,1778931671.31628
grallator_flat_new_actuator,Policy/mean_noise_std,78,1.0021167993545532,1778931672.3042426
grallator_flat_new_actuator,Policy/mean_noise_std,79,1.0020158290863037,1778931673.294883
grallator_flat_new_actuator,Policy/mean_noise_std,80,1.0019605159759521,1778931674.2802432
grallator_flat_new_actuator,Policy/mean_noise_std,81,1.0019124746322632,1778931675.2853584
grallator_flat_new_actuator,Policy/mean_noise_std,82,1.0018857717514038,1778931676.2792418
grallator_flat_new_actuator,Policy/mean_noise_std,83,1.001888632774353,1778931677.2737393
grallator_flat_new_actuator,Policy/mean_noise_std,84,1.001874327659607,1778931678.2729113
grallator_flat_new_actuator,Policy/mean_noise_std,85,1.0018516778945923,1778931679.2657583
grallator_flat_new_actuator,Policy/mean_noise_std,86,1.0018062591552734,1778931680.4178624
grallator_flat_new_actuator,Policy/mean_noise_std,87,1.0018107891082764,1778931681.4371262
grallator_flat_new_actuator,Policy/mean_noise_std,88,1.0018672943115234,1778931682.480386
grallator_flat_new_actuator,Policy/mean_noise_std,89,1.0019910335540771,1778931683.4743998
grallator_flat_new_actuator,Policy/mean_noise_std,90,1.0020582675933838,1778931684.4680607
grallator_flat_new_actuator,Policy/mean_noise_std,91,1.0020756721496582,1778931685.4597256
grallator_flat_new_actuator,Policy/mean_noise_std,92,1.0020400285720825,1778931686.450424
grallator_flat_new_actuator,Policy/mean_noise_std,93,1.0019917488098145,1778931687.4413996
grallator_flat_new_actuator,Policy/mean_noise_std,94,1.0019618272781372,1778931688.469777
grallator_flat_new_actuator,Policy/mean_noise_std,95,1.0019879341125488,1778931689.461628
grallator_flat_new_actuator,Policy/mean_noise_std,96,1.002013921737671,1778931690.4587097
grallator_flat_new_actuator,Policy/mean_noise_std,97,1.002034068107605,1778931691.503232
grallator_flat_new_actuator,Policy/mean_noise_std,98,1.0020248889923096,1778931692.5108778
grallator_flat_new_actuator,Policy/mean_noise_std,99,1.0020216703414917,1778931693.519726
grallator_flat_new_actuator,Policy/mean_noise_std,100,1.002065658569336,1778931694.5447347
grallator_flat_new_actuator,Policy/mean_noise_std,101,1.002069354057312,1778931695.5401154
grallator_flat_new_actuator,Policy/mean_noise_std,102,1.0021295547485352,1778931696.5350502
grallator_flat_new_actuator,Policy/mean_noise_std,103,1.002179503440857,1778931697.5292401
grallator_flat_new_actuator,Policy/mean_noise_std,104,1.0022178888320923,1778931698.5218327
grallator_flat_new_actuator,Policy/mean_noise_std,105,1.0022010803222656,1778931699.5079336
grallator_flat_new_actuator,Policy/mean_noise_std,106,1.0021438598632812,1778931700.4853008
grallator_flat_new_actuator,Policy/mean_noise_std,107,1.002087950706482,1778931701.4870167
grallator_flat_new_actuator,Policy/mean_noise_std,108,1.002023458480835,1778931702.572304
grallator_flat_new_actuator,Policy/mean_noise_std,109,1.002012014389038,1778931703.5498517
grallator_flat_new_actuator,Policy/mean_noise_std,110,1.0020166635513306,1778931704.520524
grallator_flat_new_actuator,Policy/mean_noise_std,111,1.0020090341567993,1778931705.4951398
grallator_flat_new_actuator,Policy/mean_noise_std,112,1.0019917488098145,1778931706.4781249
grallator_flat_new_actuator,Policy/mean_noise_std,113,1.0019919872283936,1778931707.446625
grallator_flat_new_actuator,Policy/mean_noise_std,114,1.0019899606704712,1778931708.4381392
grallator_flat_new_actuator,Policy/mean_noise_std,115,1.0019983053207397,1778931709.419154
grallator_flat_new_actuator,Policy/mean_noise_std,116,1.002017617225647,1778931710.4124427
grallator_flat_new_actuator,Policy/mean_noise_std,117,1.0020188093185425,1778931711.4132643
grallator_flat_new_actuator,Policy/mean_noise_std,118,1.0020215511322021,1778931712.383806
grallator_flat_new_actuator,Policy/mean_noise_std,119,1.0020290613174438,1778931713.4549
grallator_flat_new_actuator,Policy/mean_noise_std,120,1.0020105838775635,1778931714.424408
grallator_flat_new_actuator,Policy/mean_noise_std,121,1.0019776821136475,1778931715.4116454
grallator_flat_new_actuator,Policy/mean_noise_std,122,1.0019569396972656,1778931716.392098
grallator_flat_new_actuator,Policy/mean_noise_std,123,1.0019570589065552,1778931717.3846803
grallator_flat_new_actuator,Policy/mean_noise_std,124,1.0020009279251099,1778931718.349015
grallator_flat_new_actuator,Policy/mean_noise_std,125,1.0020335912704468,1778931719.3255641
grallator_flat_new_actuator,Policy/mean_noise_std,126,1.0020793676376343,1778931720.3057027
grallator_flat_new_actuator,Policy/mean_noise_std,127,1.0020700693130493,1778931721.289693
grallator_flat_new_actuator,Policy/mean_noise_std,128,1.0020498037338257,1778931722.289977
grallator_flat_new_actuator,Policy/mean_noise_std,129,1.0019973516464233,1778931723.2823951
grallator_flat_new_actuator,Policy/mean_noise_std,130,1.0020016431808472,1778931724.3611283
grallator_flat_new_actuator,Policy/mean_noise_std,131,1.0019975900650024,1778931725.3319306
grallator_flat_new_actuator,Policy/mean_noise_std,132,1.0019793510437012,1778931726.3081777
grallator_flat_new_actuator,Policy/mean_noise_std,133,1.0019822120666504,1778931727.2858102
grallator_flat_new_actuator,Policy/mean_noise_std,134,1.0020209550857544,1778931728.2553291
grallator_flat_new_actuator,Policy/mean_noise_std,135,1.0020414590835571,1778931729.2458165
grallator_flat_new_actuator,Policy/mean_noise_std,136,1.0020179748535156,1778931730.2361205
grallator_flat_new_actuator,Policy/mean_noise_std,137,1.0019973516464233,1778931731.1923444
grallator_flat_new_actuator,Policy/mean_noise_std,138,1.0019619464874268,1778931732.1537826
grallator_flat_new_actuator,Policy/mean_noise_std,139,1.0019487142562866,1778931733.11733
grallator_flat_new_actuator,Policy/mean_noise_std,140,1.0019574165344238,1778931734.1031754
grallator_flat_new_actuator,Policy/mean_noise_std,141,1.001961588859558,1778931735.252956
grallator_flat_new_actuator,Policy/mean_noise_std,142,1.001985788345337,1778931736.2270977
grallator_flat_new_actuator,Policy/mean_noise_std,143,1.001993179321289,1778931737.1998181
grallator_flat_new_actuator,Policy/mean_noise_std,144,1.0020036697387695,1778931738.1981237
grallator_flat_new_actuator,Policy/mean_noise_std,145,1.00201416015625,1778931739.1653442
grallator_flat_new_actuator,Policy/mean_noise_std,146,1.002027153968811,1778931740.1281428
grallator_flat_new_actuator,Policy/mean_noise_std,147,1.0020523071289062,1778931741.0843997
grallator_flat_new_actuator,Policy/mean_noise_std,148,1.0020626783370972,1778931742.0702133
grallator_flat_new_actuator,Policy/mean_noise_std,149,1.0020133256912231,1778931743.0389857
grallator_flat_new_actuator,Policy/mean_noise_std,150,1.0019727945327759,1778931744.0032353
grallator_flat_new_actuator,Policy/mean_noise_std,151,1.0019623041152954,1778931744.9719765
grallator_flat_new_actuator,Policy/mean_noise_std,152,1.0019575357437134,1778931746.005467
grallator_flat_new_actuator,Policy/mean_noise_std,153,1.0019785165786743,1778931746.9656687
grallator_flat_new_actuator,Policy/mean_noise_std,154,1.0019828081130981,1778931747.926317
grallator_flat_new_actuator,Policy/mean_noise_std,155,1.00199556350708,1778931748.8862154
grallator_flat_new_actuator,Policy/mean_noise_std,156,1.00200355052948,1778931749.8654234
grallator_flat_new_actuator,Policy/mean_noise_std,157,1.0019965171813965,1778931750.8518274
grallator_flat_new_actuator,Policy/mean_noise_std,158,1.0019959211349487,1778931751.8141916
grallator_flat_new_actuator,Policy/mean_noise_std,159,1.0020215511322021,1778931752.8014395
grallator_flat_new_actuator,Policy/mean_noise_std,160,1.0020577907562256,1778931753.762796
grallator_flat_new_actuator,Policy/mean_noise_std,161,1.0021122694015503,1778931754.7466648
grallator_flat_new_actuator,Policy/mean_noise_std,162,1.0021352767944336,1778931755.7288778
grallator_flat_new_actuator,Policy/mean_noise_std,163,1.0021144151687622,1778931756.8139958
grallator_flat_new_actuator,Policy/mean_noise_std,164,1.002073049545288,1778931757.7731721
grallator_flat_new_actuator,Policy/mean_noise_std,165,1.002051830291748,1778931758.752358
grallator_flat_new_actuator,Policy/mean_noise_std,166,1.0020569562911987,1778931759.7096374
grallator_flat_new_actuator,Policy/mean_noise_std,167,1.0021032094955444,1778931760.6757247
grallator_flat_new_actuator,Policy/mean_noise_std,168,1.0020825862884521,1778931761.6262255
grallator_flat_new_actuator,Policy/mean_noise_std,169,1.002036213874817,1778931762.574813
grallator_flat_new_actuator,Policy/mean_noise_std,170,1.002005934715271,1778931763.5624638
grallator_flat_new_actuator,Policy/mean_noise_std,171,1.0019711256027222,1778931764.5569863
grallator_flat_new_actuator,Policy/mean_noise_std,172,1.0019726753234863,1778931765.5336342
grallator_flat_new_actuator,Policy/mean_noise_std,173,1.00200355052948,1778931766.4905322
grallator_flat_new_actuator,Policy/mean_noise_std,174,1.001975655555725,1778931767.6026003
grallator_flat_new_actuator,Policy/mean_noise_std,175,1.0019384622573853,1778931768.5644119
grallator_flat_new_actuator,Policy/mean_noise_std,176,1.0019010305404663,1778931769.5135446
grallator_flat_new_actuator,Policy/mean_noise_std,177,1.0018634796142578,1778931770.4965987
grallator_flat_new_actuator,Policy/mean_noise_std,178,1.0018504858016968,1778931771.4688916
grallator_flat_new_actuator,Policy/mean_noise_std,179,1.001873254776001,1778931772.4243999
grallator_flat_new_actuator,Policy/mean_noise_std,180,1.0018799304962158,1778931773.3839707
grallator_flat_new_actuator,Policy/mean_noise_std,181,1.0018717050552368,1778931774.3377743
grallator_flat_new_actuator,Policy/mean_noise_std,182,1.0019177198410034,1778931775.3376749
grallator_flat_new_actuator,Policy/mean_noise_std,183,1.0019499063491821,1778931776.3281963
grallator_flat_new_actuator,Policy/mean_noise_std,184,1.0019558668136597,1778931777.2813885
grallator_flat_new_actuator,Policy/mean_noise_std,185,1.0019603967666626,1778931778.3745275
grallator_flat_new_actuator,Policy/mean_noise_std,186,1.0019681453704834,1778931779.3570232
grallator_flat_new_actuator,Policy/mean_noise_std,187,1.001992106437683,1778931780.3098438
grallator_flat_new_actuator,Policy/mean_noise_std,188,1.0019735097885132,1778931781.2716098
grallator_flat_new_actuator,Policy/mean_noise_std,189,1.0019441843032837,1778931782.227762
grallator_flat_new_actuator,Policy/mean_noise_std,190,1.0019224882125854,1778931783.2090106
grallator_flat_new_actuator,Policy/mean_noise_std,191,1.0018945932388306,1778931784.165226
grallator_flat_new_actuator,Policy/mean_noise_std,192,1.0019158124923706,1778931785.1400714
grallator_flat_new_actuator,Policy/mean_noise_std,193,1.001888632774353,1778931786.1102846
grallator_flat_new_actuator,Policy/mean_noise_std,194,1.001837134361267,1778931787.0723288
grallator_flat_new_actuator,Policy/mean_noise_std,195,1.0018306970596313,1778931788.0339904
grallator_flat_new_actuator,Policy/mean_noise_std,196,1.0018280744552612,1778931789.0975513
grallator_flat_new_actuator,Policy/mean_noise_std,197,1.0018165111541748,1778931790.0666304
grallator_flat_new_actuator,Policy/mean_noise_std,198,1.0017988681793213,1778931791.0504427
grallator_flat_new_actuator,Policy/mean_noise_std,199,1.0017985105514526,1778931792.0382621
grallator_flat_new_actuator,Policy/mean_noise_std,200,1.0018019676208496,1778931793.0225039
grallator_flat_new_actuator,Policy/mean_noise_std,201,1.001788854598999,1778931794.0044022
grallator_flat_new_actuator,Policy/mean_noise_std,202,1.0017647743225098,1778931794.9908583
grallator_flat_new_actuator,Policy/mean_noise_std,203,1.0017502307891846,1778931795.9512982
grallator_flat_new_actuator,Policy/mean_noise_std,204,1.00175940990448,1778931796.9197087
grallator_flat_new_actuator,Policy/mean_noise_std,205,1.0017646551132202,1778931797.8807826
grallator_flat_new_actuator,Policy/mean_noise_std,206,1.0017439126968384,1778931798.8577685
grallator_flat_new_actuator,Policy/mean_noise_std,207,1.001717209815979,1778931799.8266444
grallator_flat_new_actuator,Policy/mean_noise_std,208,1.0017013549804688,1778931800.7984502
grallator_flat_new_actuator,Policy/mean_noise_std,209,1.0016530752182007,1778931801.7691379
grallator_flat_new_actuator,Policy/mean_noise_std,210,1.0015920400619507,1778931802.7314188
grallator_flat_new_actuator,Policy/mean_noise_std,211,1.001541256904602,1778931803.6958234
grallator_flat_new_actuator,Policy/mean_noise_std,212,1.0015370845794678,1778931804.7087011
grallator_flat_new_actuator,Policy/mean_noise_std,213,1.0015476942062378,1778931805.7213023
grallator_flat_new_actuator,Policy/mean_noise_std,214,1.0015596151351929,1778931806.6894753
grallator_flat_new_actuator,Policy/mean_noise_std,215,1.0015712976455688,1778931807.6576016
grallator_flat_new_actuator,Policy/mean_noise_std,216,1.00154447555542,1778931808.6197138
grallator_flat_new_actuator,Policy/mean_noise_std,217,1.001434564590454,1778931809.5932107
grallator_flat_new_actuator,Policy/mean_noise_std,218,1.0013234615325928,1778931810.5597842
grallator_flat_new_actuator,Policy/mean_noise_std,219,1.001285195350647,1778931811.7112684
grallator_flat_new_actuator,Policy/mean_noise_std,220,1.0012696981430054,1778931812.6804044
grallator_flat_new_actuator,Policy/mean_noise_std,221,1.0012646913528442,1778931813.6462102
grallator_flat_new_actuator,Policy/mean_noise_std,222,1.0012109279632568,1778931814.614939
grallator_flat_new_actuator,Policy/mean_noise_std,223,1.0011454820632935,1778931815.6074133
grallator_flat_new_actuator,Policy/mean_noise_std,224,1.0011179447174072,1778931816.5987747
grallator_flat_new_actuator,Policy/mean_noise_std,225,1.001181960105896,1778931817.6001194
grallator_flat_new_actuator,Policy/mean_noise_std,226,1.001211404800415,1778931818.5653358
grallator_flat_new_actuator,Policy/mean_noise_std,227,1.001188039779663,1778931819.5571208
grallator_flat_new_actuator,Policy/mean_noise_std,228,1.001243233680725,1778931820.563803
grallator_flat_new_actuator,Policy/mean_noise_std,229,1.0012738704681396,1778931821.5396094
grallator_flat_new_actuator,Policy/mean_noise_std,230,1.0012718439102173,1778931822.5395398
grallator_flat_new_actuator,Policy/mean_noise_std,231,1.0012876987457275,1778931823.5090725
grallator_flat_new_actuator,Policy/mean_noise_std,232,1.001328706741333,1778931824.495288
grallator_flat_new_actuator,Policy/mean_noise_std,233,1.0013624429702759,1778931825.4559226
grallator_flat_new_actuator,Policy/mean_noise_std,234,1.001379132270813,1778931826.4333844
grallator_flat_new_actuator,Policy/mean_noise_std,235,1.0013411045074463,1778931827.4067461
grallator_flat_new_actuator,Policy/mean_noise_std,236,1.0012738704681396,1778931828.3821585
grallator_flat_new_actuator,Policy/mean_noise_std,237,1.0012222528457642,1778931829.362746
grallator_flat_new_actuator,Policy/mean_noise_std,238,1.0011746883392334,1778931830.324338
grallator_flat_new_actuator,Policy/mean_noise_std,239,1.00115966796875,1778931831.3104491
grallator_flat_new_actuator,Policy/mean_noise_std,240,1.001158595085144,1778931832.3018415
grallator_flat_new_actuator,Policy/mean_noise_std,241,1.0011672973632812,1778931833.4332054
grallator_flat_new_actuator,Policy/mean_noise_std,242,1.0011605024337769,1778931834.4178848
grallator_flat_new_actuator,Policy/mean_noise_std,243,1.0011615753173828,1778931835.392067
grallator_flat_new_actuator,Policy/mean_noise_std,244,1.001106858253479,1778931836.368052
grallator_flat_new_actuator,Policy/mean_noise_std,245,1.0010305643081665,1778931837.331118
grallator_flat_new_actuator,Policy/mean_noise_std,246,1.001009464263916,1778931838.3014343
grallator_flat_new_actuator,Policy/mean_noise_std,247,1.0009827613830566,1778931839.2751844
grallator_flat_new_actuator,Policy/mean_noise_std,248,1.0009645223617554,1778931840.2738159
grallator_flat_new_actuator,Policy/mean_noise_std,249,1.000935435295105,1778931841.2420716
grallator_flat_new_actuator,Policy/mean_noise_std,250,1.0008994340896606,1778931842.2076757
grallator_flat_new_actuator,Policy/mean_noise_std,251,1.000861406326294,1778931843.1815062
grallator_flat_new_actuator,Policy/mean_noise_std,252,1.0008485317230225,1778931844.2530618
grallator_flat_new_actuator,Policy/mean_noise_std,253,1.000815987586975,1778931845.2578776
grallator_flat_new_actuator,Policy/mean_noise_std,254,1.0007368326187134,1778931846.2358944
grallator_flat_new_actuator,Policy/mean_noise_std,255,1.0006662607192993,1778931847.2474818
grallator_flat_new_actuator,Policy/mean_noise_std,256,1.0006442070007324,1778931848.2218957
grallator_flat_new_actuator,Policy/mean_noise_std,257,1.000671148300171,1778931849.1852098
grallator_flat_new_actuator,Policy/mean_noise_std,258,1.0006283521652222,1778931850.1763132
grallator_flat_new_actuator,Policy/mean_noise_std,259,1.0005499124526978,1778931851.1398199
grallator_flat_new_actuator,Policy/mean_noise_std,260,1.0005027055740356,1778931852.1219783
grallator_flat_new_actuator,Policy/mean_noise_std,261,1.0004620552062988,1778931853.11743
grallator_flat_new_actuator,Policy/mean_noise_std,262,1.0004605054855347,1778931854.0779085
grallator_flat_new_actuator,Policy/mean_noise_std,263,1.0004335641860962,1778931855.1533995
grallator_flat_new_actuator,Policy/mean_noise_std,264,1.0004035234451294,1778931856.1115513
grallator_flat_new_actuator,Policy/mean_noise_std,265,1.0003472566604614,1778931857.1062508
grallator_flat_new_actuator,Policy/mean_noise_std,266,1.0002778768539429,1778931858.1217868
grallator_flat_new_actuator,Policy/mean_noise_std,267,1.0003010034561157,1778931859.082526
grallator_flat_new_actuator,Policy/mean_noise_std,268,1.0003256797790527,1778931860.069965
grallator_flat_new_actuator,Policy/mean_noise_std,269,1.000345230102539,1778931861.0753868
grallator_flat_new_actuator,Policy/mean_noise_std,270,1.000347375869751,1778931862.042801
grallator_flat_new_actuator,Policy/mean_noise_std,271,1.0003372430801392,1778931863.0150495
grallator_flat_new_actuator,Policy/mean_noise_std,272,1.0003376007080078,1778931863.9784234
grallator_flat_new_actuator,Policy/mean_noise_std,273,1.0003538131713867,1778931864.9765198
grallator_flat_new_actuator,Policy/mean_noise_std,274,1.00033438205719,1778931866.015121
grallator_flat_new_actuator,Policy/mean_noise_std,275,1.0003283023834229,1778931866.9790397
grallator_flat_new_actuator,Policy/mean_noise_std,276,1.0003514289855957,1778931867.9436953
grallator_flat_new_actuator,Policy/mean_noise_std,277,1.000322937965393,1778931868.9064932
grallator_flat_new_actuator,Policy/mean_noise_std,278,1.0002497434616089,1778931869.8630397
grallator_flat_new_actuator,Policy/mean_noise_std,279,1.0002073049545288,1778931870.8219175
grallator_flat_new_actuator,Policy/mean_noise_std,280,1.0002084970474243,1778931871.787635
grallator_flat_new_actuator,Policy/mean_noise_std,281,1.0001901388168335,1778931872.7838566
grallator_flat_new_actuator,Policy/mean_noise_std,282,1.000189185142517,1778931873.7749662
grallator_flat_new_actuator,Policy/mean_noise_std,283,1.0001906156539917,1778931874.7311323
grallator_flat_new_actuator,Policy/mean_noise_std,284,1.0001122951507568,1778931875.7187562
grallator_flat_new_actuator,Policy/mean_noise_std,285,1.0001049041748047,1778931876.8073394
grallator_flat_new_actuator,Policy/mean_noise_std,286,1.0000945329666138,1778931877.7639651
grallator_flat_new_actuator,Policy/mean_noise_std,287,1.0000724792480469,1778931878.7181451
grallator_flat_new_actuator,Policy/mean_noise_std,288,1.0000853538513184,1778931879.6693966
grallator_flat_new_actuator,Policy/mean_noise_std,289,1.0001035928726196,1778931880.6257532
grallator_flat_new_actuator,Policy/mean_noise_std,290,1.0000656843185425,1778931881.6114542
grallator_flat_new_actuator,Policy/mean_noise_std,291,1.0000817775726318,1778931882.5781908
grallator_flat_new_actuator,Policy/mean_noise_std,292,1.0001004934310913,1778931883.5354216
grallator_flat_new_actuator,Policy/mean_noise_std,293,1.0000522136688232,1778931884.4957738
grallator_flat_new_actuator,Policy/mean_noise_std,294,1.0000029802322388,1778931885.4480894
grallator_flat_new_actuator,Policy/mean_noise_std,295,0.9999798536300659,1778931886.4481208
grallator_flat_new_actuator,Policy/mean_noise_std,296,0.9999834895133972,1778931887.5171578
grallator_flat_new_actuator,Policy/mean_noise_std,297,1.0000150203704834,1778931888.515203
grallator_flat_new_actuator,Policy/mean_noise_std,298,1.0000237226486206,1778931889.4694152
grallator_flat_new_actuator,Policy/mean_noise_std,299,1.0001074075698853,1778931890.425126
grallator_flat_new_actuator,Perf/total_fps,0,185.0,1778931591.3253374
grallator_flat_new_actuator,Perf/total_fps,1,371.0,1778931592.4464395
grallator_flat_new_actuator,Perf/total_fps,2,402.0,1778931593.4099324
grallator_flat_new_actuator,Perf/total_fps,3,269.0,1778931594.8411834
grallator_flat_new_actuator,Perf/total_fps,4,389.0,1778931595.8378296
grallator_flat_new_actuator,Perf/total_fps,5,388.0,1778931596.8345056
grallator_flat_new_actuator,Perf/total_fps,6,393.0,1778931597.817505
grallator_flat_new_actuator,Perf/total_fps,7,389.0,1778931598.8107347
grallator_flat_new_actuator,Perf/total_fps,8,384.0,1778931599.8185284
grallator_flat_new_actuator,Perf/total_fps,9,385.0,1778931600.8236291
grallator_flat_new_actuator,Perf/total_fps,10,369.0,1778931601.8747227
grallator_flat_new_actuator,Perf/total_fps,11,347.0,1778931602.987674
grallator_flat_new_actuator,Perf/total_fps,12,376.0,1778931604.0168831
grallator_flat_new_actuator,Perf/total_fps,13,376.0,1778931605.0444944
grallator_flat_new_actuator,Perf/total_fps,14,380.0,1778931606.0610921
grallator_flat_new_actuator,Perf/total_fps,15,376.0,1778931607.0883796
grallator_flat_new_actuator,Perf/total_fps,16,367.0,1778931608.143247
grallator_flat_new_actuator,Perf/total_fps,17,376.0,1778931609.1724987
grallator_flat_new_actuator,Perf/total_fps,18,371.0,1778931610.2162025
grallator_flat_new_actuator,Perf/total_fps,19,366.0,1778931611.27571
grallator_flat_new_actuator,Perf/total_fps,20,376.0,1778931612.3034618
grallator_flat_new_actuator,Perf/total_fps,21,371.0,1778931613.3455381
grallator_flat_new_actuator,Perf/total_fps,22,377.0,1778931614.3721983
grallator_flat_new_actuator,Perf/total_fps,23,330.0,1778931615.5425484
grallator_flat_new_actuator,Perf/total_fps,24,373.0,1778931616.5795152
grallator_flat_new_actuator,Perf/total_fps,25,373.0,1778931617.616683
grallator_flat_new_actuator,Perf/total_fps,26,375.0,1778931618.647121
grallator_flat_new_actuator,Perf/total_fps,27,379.0,1778931619.6675286
grallator_flat_new_actuator,Perf/total_fps,28,378.0,1778931620.691406
grallator_flat_new_actuator,Perf/total_fps,29,379.0,1778931621.712059
grallator_flat_new_actuator,Perf/total_fps,30,373.0,1778931622.7494113
grallator_flat_new_actuator,Perf/total_fps,31,373.0,1778931623.7866943
grallator_flat_new_actuator,Perf/total_fps,32,367.0,1778931624.8391545
grallator_flat_new_actuator,Perf/total_fps,33,330.0,1778931626.0094151
grallator_flat_new_actuator,Perf/total_fps,34,364.0,1778931627.0709834
grallator_flat_new_actuator,Perf/total_fps,35,375.0,1778931628.103558
grallator_flat_new_actuator,Perf/total_fps,36,378.0,1778931629.127067
grallator_flat_new_actuator,Perf/total_fps,37,378.0,1778931630.1503687
grallator_flat_new_actuator,Perf/total_fps,38,376.0,1778931631.1779869
grallator_flat_new_actuator,Perf/total_fps,39,377.0,1778931632.2029526
grallator_flat_new_actuator,Perf/total_fps,40,369.0,1778931633.2498786
grallator_flat_new_actuator,Perf/total_fps,41,369.0,1778931634.299253
grallator_flat_new_actuator,Perf/total_fps,42,375.0,1778931635.328925
grallator_flat_new_actuator,Perf/total_fps,43,324.0,1778931636.5213892
grallator_flat_new_actuator,Perf/total_fps,44,378.0,1778931637.5436687
grallator_flat_new_actuator,Perf/total_fps,45,368.0,1778931638.5952759
grallator_flat_new_actuator,Perf/total_fps,46,368.0,1778931639.6488094
grallator_flat_new_actuator,Perf/total_fps,47,376.0,1778931640.6775253
grallator_flat_new_actuator,Perf/total_fps,48,383.0,1778931641.687976
grallator_flat_new_actuator,Perf/total_fps,49,380.0,1778931642.7071326
grallator_flat_new_actuator,Perf/total_fps,50,381.0,1778931643.72326
grallator_flat_new_actuator,Perf/total_fps,51,380.0,1778931644.751796
grallator_flat_new_actuator,Perf/total_fps,52,373.0,1778931645.7895043
grallator_flat_new_actuator,Perf/total_fps,53,375.0,1778931646.8211007
grallator_flat_new_actuator,Perf/total_fps,54,353.0,1778931647.915349
grallator_flat_new_actuator,Perf/total_fps,55,382.0,1778931648.9290347
grallator_flat_new_actuator,Perf/total_fps,56,385.0,1778931649.9337769
grallator_flat_new_actuator,Perf/total_fps,57,372.0,1778931650.9722629
grallator_flat_new_actuator,Perf/total_fps,58,374.0,1778931652.0051417
grallator_flat_new_actuator,Perf/total_fps,59,377.0,1778931653.0324879
grallator_flat_new_actuator,Perf/total_fps,60,377.0,1778931654.0588524
grallator_flat_new_actuator,Perf/total_fps,61,378.0,1778931655.0823555
grallator_flat_new_actuator,Perf/total_fps,62,385.0,1778931656.087617
grallator_flat_new_actuator,Perf/total_fps,63,384.0,1778931657.0953453
grallator_flat_new_actuator,Perf/total_fps,64,384.0,1778931658.1035075
grallator_flat_new_actuator,Perf/total_fps,65,362.0,1778931659.171593
grallator_flat_new_actuator,Perf/total_fps,66,383.0,1778931660.182411
grallator_flat_new_actuator,Perf/total_fps,67,382.0,1778931661.1954148
grallator_flat_new_actuator,Perf/total_fps,68,386.0,1778931662.196608
grallator_flat_new_actuator,Perf/total_fps,69,385.0,1778931663.2009025
grallator_flat_new_actuator,Perf/total_fps,70,388.0,1778931664.1983943
grallator_flat_new_actuator,Perf/total_fps,71,386.0,1778931665.2016196
grallator_flat_new_actuator,Perf/total_fps,72,383.0,1778931666.2124078
grallator_flat_new_actuator,Perf/total_fps,73,377.0,1778931667.2376451
grallator_flat_new_actuator,Perf/total_fps,74,382.0,1778931668.2500339
grallator_flat_new_actuator,Perf/total_fps,75,359.0,1778931669.3263307
grallator_flat_new_actuator,Perf/total_fps,76,389.0,1778931670.3212209
grallator_flat_new_actuator,Perf/total_fps,77,389.0,1778931671.3163018
grallator_flat_new_actuator,Perf/total_fps,78,392.0,1778931672.3042612
grallator_flat_new_actuator,Perf/total_fps,79,390.0,1778931673.2949018
grallator_flat_new_actuator,Perf/total_fps,80,393.0,1778931674.2802641
grallator_flat_new_actuator,Perf/total_fps,81,385.0,1778931675.2853796
grallator_flat_new_actuator,Perf/total_fps,82,389.0,1778931676.2792604
grallator_flat_new_actuator,Perf/total_fps,83,389.0,1778931677.2737617
grallator_flat_new_actuator,Perf/total_fps,84,387.0,1778931678.2729337
grallator_flat_new_actuator,Perf/total_fps,85,390.0,1778931679.2657797
grallator_flat_new_actuator,Perf/total_fps,86,335.0,1778931680.4178798
grallator_flat_new_actuator,Perf/total_fps,87,379.0,1778931681.4371467
grallator_flat_new_actuator,Perf/total_fps,88,371.0,1778931682.4804068
grallator_flat_new_actuator,Perf/total_fps,89,389.0,1778931683.474418
grallator_flat_new_actuator,Perf/total_fps,90,389.0,1778931684.468079
grallator_flat_new_actuator,Perf/total_fps,91,390.0,1778931685.4597464
grallator_flat_new_actuator,Perf/total_fps,92,391.0,1778931686.4504466
grallator_flat_new_actuator,Perf/total_fps,93,390.0,1778931687.44142
grallator_flat_new_actuator,Perf/total_fps,94,376.0,1778931688.4697952
grallator_flat_new_actuator,Perf/total_fps,95,390.0,1778931689.4616501
grallator_flat_new_actuator,Perf/total_fps,96,388.0,1778931690.458731
grallator_flat_new_actuator,Perf/total_fps,97,370.0,1778931691.503249
grallator_flat_new_actuator,Perf/total_fps,98,384.0,1778931692.5108988
grallator_flat_new_actuator,Perf/total_fps,99,383.0,1778931693.5197442
grallator_flat_new_actuator,Perf/total_fps,100,378.0,1778931694.544757
grallator_flat_new_actuator,Perf/total_fps,101,394.0,1778931695.540136
grallator_flat_new_actuator,Perf/total_fps,102,389.0,1778931696.5350695
grallator_flat_new_actuator,Perf/total_fps,103,389.0,1778931697.5292578
grallator_flat_new_actuator,Perf/total_fps,104,397.0,1778931698.5218565
grallator_flat_new_actuator,Perf/total_fps,105,392.0,1778931699.507951
grallator_flat_new_actuator,Perf/total_fps,106,396.0,1778931700.485321
grallator_flat_new_actuator,Perf/total_fps,107,386.0,1778931701.4870372
grallator_flat_new_actuator,Perf/total_fps,108,357.0,1778931702.5723252
grallator_flat_new_actuator,Perf/total_fps,109,396.0,1778931703.5498695
grallator_flat_new_actuator,Perf/total_fps,110,399.0,1778931704.5205452
grallator_flat_new_actuator,Perf/total_fps,111,397.0,1778931705.495158
grallator_flat_new_actuator,Perf/total_fps,112,394.0,1778931706.478143
grallator_flat_new_actuator,Perf/total_fps,113,400.0,1778931707.4466455
grallator_flat_new_actuator,Perf/total_fps,114,390.0,1778931708.43817
grallator_flat_new_actuator,Perf/total_fps,115,394.0,1778931709.419175
grallator_flat_new_actuator,Perf/total_fps,116,389.0,1778931710.4124644
grallator_flat_new_actuator,Perf/total_fps,117,386.0,1778931711.4132857
grallator_flat_new_actuator,Perf/total_fps,118,399.0,1778931712.383825
grallator_flat_new_actuator,Perf/total_fps,119,361.0,1778931713.454919
grallator_flat_new_actuator,Perf/total_fps,120,400.0,1778931714.4244304
grallator_flat_new_actuator,Perf/total_fps,121,393.0,1778931715.4116666
grallator_flat_new_actuator,Perf/total_fps,122,395.0,1778931716.3921173
grallator_flat_new_actuator,Perf/total_fps,123,390.0,1778931717.384699
grallator_flat_new_actuator,Perf/total_fps,124,401.0,1778931718.3490362
grallator_flat_new_actuator,Perf/total_fps,125,397.0,1778931719.3256068
grallator_flat_new_actuator,Perf/total_fps,126,395.0,1778931720.3057246
grallator_flat_new_actuator,Perf/total_fps,127,393.0,1778931721.2897139
grallator_flat_new_actuator,Perf/total_fps,128,387.0,1778931722.2899983
grallator_flat_new_actuator,Perf/total_fps,129,390.0,1778931723.282417
grallator_flat_new_actuator,Perf/total_fps,130,358.0,1778931724.3611462
grallator_flat_new_actuator,Perf/total_fps,131,399.0,1778931725.3319519
grallator_flat_new_actuator,Perf/total_fps,132,397.0,1778931726.3081994
grallator_flat_new_actuator,Perf/total_fps,133,396.0,1778931727.285831
grallator_flat_new_actuator,Perf/total_fps,134,399.0,1778931728.2553506
grallator_flat_new_actuator,Perf/total_fps,135,391.0,1778931729.2458382
grallator_flat_new_actuator,Perf/total_fps,136,391.0,1778931730.2361412
grallator_flat_new_actuator,Perf/total_fps,137,405.0,1778931731.1923652
grallator_flat_new_actuator,Perf/total_fps,138,402.0,1778931732.153804
grallator_flat_new_actuator,Perf/total_fps,139,402.0,1778931733.117353
grallator_flat_new_actuator,Perf/total_fps,140,392.0,1778931734.1031966
grallator_flat_new_actuator,Perf/total_fps,141,336.0,1778931735.252978
grallator_flat_new_actuator,Perf/total_fps,142,397.0,1778931736.2271194
grallator_flat_new_actuator,Perf/total_fps,143,398.0,1778931737.199841
grallator_flat_new_actuator,Perf/total_fps,144,388.0,1778931738.1981447
grallator_flat_new_actuator,Perf/total_fps,145,400.0,1778931739.1653664
grallator_flat_new_actuator,Perf/total_fps,146,402.0,1778931740.12816
grallator_flat_new_actuator,Perf/total_fps,147,405.0,1778931741.0844173
grallator_flat_new_actuator,Perf/total_fps,148,393.0,1778931742.070245
grallator_flat_new_actuator,Perf/total_fps,149,399.0,1778931743.0390065
grallator_flat_new_actuator,Perf/total_fps,150,401.0,1778931744.0032527
grallator_flat_new_actuator,Perf/total_fps,151,405.0,1778931744.9719977
grallator_flat_new_actuator,Perf/total_fps,152,374.0,1778931746.0054877
grallator_flat_new_actuator,Perf/total_fps,153,403.0,1778931746.9656906
grallator_flat_new_actuator,Perf/total_fps,154,403.0,1778931747.9263356
grallator_flat_new_actuator,Perf/total_fps,155,403.0,1778931748.8862448
grallator_flat_new_actuator,Perf/total_fps,156,395.0,1778931749.8654442
grallator_flat_new_actuator,Perf/total_fps,157,392.0,1778931750.8518484
grallator_flat_new_actuator,Perf/total_fps,158,402.0,1778931751.8142128
grallator_flat_new_actuator,Perf/total_fps,159,392.0,1778931752.8014612
grallator_flat_new_actuator,Perf/total_fps,160,403.0,1778931753.7628143
grallator_flat_new_actuator,Perf/total_fps,161,393.0,1778931754.7466822
grallator_flat_new_actuator,Perf/total_fps,162,394.0,1778931755.7288995
grallator_flat_new_actuator,Perf/total_fps,163,356.0,1778931756.8140154
grallator_flat_new_actuator,Perf/total_fps,164,405.0,1778931757.7731988
grallator_flat_new_actuator,Perf/total_fps,165,396.0,1778931758.7523792
grallator_flat_new_actuator,Perf/total_fps,166,404.0,1778931759.7096586
grallator_flat_new_actuator,Perf/total_fps,167,401.0,1778931760.675759
grallator_flat_new_actuator,Perf/total_fps,168,407.0,1778931761.626256
grallator_flat_new_actuator,Perf/total_fps,169,408.0,1778931762.5748336
grallator_flat_new_actuator,Perf/total_fps,170,392.0,1778931763.5624847
grallator_flat_new_actuator,Perf/total_fps,171,390.0,1778931764.5570073
grallator_flat_new_actuator,Perf/total_fps,172,396.0,1778931765.5336542
grallator_flat_new_actuator,Perf/total_fps,173,404.0,1778931766.4905531
grallator_flat_new_actuator,Perf/total_fps,174,348.0,1778931767.6026223
grallator_flat_new_actuator,Perf/total_fps,175,402.0,1778931768.5644321
grallator_flat_new_actuator,Perf/total_fps,176,408.0,1778931769.5135672
grallator_flat_new_actuator,Perf/total_fps,177,394.0,1778931770.4966202
grallator_flat_new_actuator,Perf/total_fps,178,398.0,1778931771.4689095
grallator_flat_new_actuator,Perf/total_fps,179,405.0,1778931772.4244194
grallator_flat_new_actuator,Perf/total_fps,180,403.0,1778931773.383989
grallator_flat_new_actuator,Perf/total_fps,181,406.0,1778931774.3377943
grallator_flat_new_actuator,Perf/total_fps,182,387.0,1778931775.3376973
grallator_flat_new_actuator,Perf/total_fps,183,391.0,1778931776.3282187
grallator_flat_new_actuator,Perf/total_fps,184,406.0,1778931777.2814097
grallator_flat_new_actuator,Perf/total_fps,185,354.0,1778931778.3745468
grallator_flat_new_actuator,Perf/total_fps,186,395.0,1778931779.357058
grallator_flat_new_actuator,Perf/total_fps,187,406.0,1778931780.3098636
grallator_flat_new_actuator,Perf/total_fps,188,403.0,1778931781.2716317
grallator_flat_new_actuator,Perf/total_fps,189,405.0,1778931782.2277837
grallator_flat_new_actuator,Perf/total_fps,190,394.0,1778931783.2090304
grallator_flat_new_actuator,Perf/total_fps,191,405.0,1778931784.1652443
grallator_flat_new_actuator,Perf/total_fps,192,397.0,1778931785.1400948
grallator_flat_new_actuator,Perf/total_fps,193,399.0,1778931786.1103067
grallator_flat_new_actuator,Perf/total_fps,194,402.0,1778931787.0723515
grallator_flat_new_actuator,Perf/total_fps,195,402.0,1778931788.0340085
grallator_flat_new_actuator,Perf/total_fps,196,364.0,1778931789.0975933
grallator_flat_new_actuator,Perf/total_fps,197,400.0,1778931790.0666509
grallator_flat_new_actuator,Perf/total_fps,198,393.0,1778931791.0504646
grallator_flat_new_actuator,Perf/total_fps,199,392.0,1778931792.0382848
grallator_flat_new_actuator,Perf/total_fps,200,393.0,1778931793.0225227
grallator_flat_new_actuator,Perf/total_fps,201,399.0,1778931794.004423
grallator_flat_new_actuator,Perf/total_fps,202,392.0,1778931794.9908788
grallator_flat_new_actuator,Perf/total_fps,203,403.0,1778931795.9513187
grallator_flat_new_actuator,Perf/total_fps,204,400.0,1778931796.9197297
grallator_flat_new_actuator,Perf/total_fps,205,403.0,1778931797.8808036
grallator_flat_new_actuator,Perf/total_fps,206,396.0,1778931798.8577898
grallator_flat_new_actuator,Perf/total_fps,207,399.0,1778931799.8266668
grallator_flat_new_actuator,Perf/total_fps,208,398.0,1778931800.7984686
grallator_flat_new_actuator,Perf/total_fps,209,400.0,1778931801.7691586
grallator_flat_new_actuator,Perf/total_fps,210,402.0,1778931802.7314403
grallator_flat_new_actuator,Perf/total_fps,211,401.0,1778931803.6958444
grallator_flat_new_actuator,Perf/total_fps,212,383.0,1778931804.708725
grallator_flat_new_actuator,Perf/total_fps,213,382.0,1778931805.721324
grallator_flat_new_actuator,Perf/total_fps,214,400.0,1778931806.6894972
grallator_flat_new_actuator,Perf/total_fps,215,400.0,1778931807.6576233
grallator_flat_new_actuator,Perf/total_fps,216,402.0,1778931808.6197348
grallator_flat_new_actuator,Perf/total_fps,217,398.0,1778931809.5932314
grallator_flat_new_actuator,Perf/total_fps,218,401.0,1778931810.559806
grallator_flat_new_actuator,Perf/total_fps,219,336.0,1778931811.711286
grallator_flat_new_actuator,Perf/total_fps,220,399.0,1778931812.680426
grallator_flat_new_actuator,Perf/total_fps,221,401.0,1778931813.6462317
grallator_flat_new_actuator,Perf/total_fps,222,399.0,1778931814.6149597
grallator_flat_new_actuator,Perf/total_fps,223,390.0,1778931815.6074343
grallator_flat_new_actuator,Perf/total_fps,224,390.0,1778931816.5987961
grallator_flat_new_actuator,Perf/total_fps,225,386.0,1778931817.6001403
grallator_flat_new_actuator,Perf/total_fps,226,401.0,1778931818.5653577
grallator_flat_new_actuator,Perf/total_fps,227,390.0,1778931819.557142
grallator_flat_new_actuator,Perf/total_fps,228,385.0,1778931820.5638251
grallator_flat_new_actuator,Perf/total_fps,229,397.0,1778931821.5396285
grallator_flat_new_actuator,Perf/total_fps,230,387.0,1778931822.5395608
grallator_flat_new_actuator,Perf/total_fps,231,399.0,1778931823.5090926
grallator_flat_new_actuator,Perf/total_fps,232,393.0,1778931824.495309
grallator_flat_new_actuator,Perf/total_fps,233,403.0,1778931825.455945
grallator_flat_new_actuator,Perf/total_fps,234,396.0,1778931826.4334052
grallator_flat_new_actuator,Perf/total_fps,235,398.0,1778931827.4067667
grallator_flat_new_actuator,Perf/total_fps,236,397.0,1778931828.3821807
grallator_flat_new_actuator,Perf/total_fps,237,396.0,1778931829.3627696
grallator_flat_new_actuator,Perf/total_fps,238,403.0,1778931830.324359
grallator_flat_new_actuator,Perf/total_fps,239,393.0,1778931831.3104694
grallator_flat_new_actuator,Perf/total_fps,240,390.0,1778931832.301863
grallator_flat_new_actuator,Perf/total_fps,241,342.0,1778931833.4332278
grallator_flat_new_actuator,Perf/total_fps,242,393.0,1778931834.4179072
grallator_flat_new_actuator,Perf/total_fps,243,398.0,1778931835.3920894
grallator_flat_new_actuator,Perf/total_fps,244,397.0,1778931836.3680694
grallator_flat_new_actuator,Perf/total_fps,245,402.0,1778931837.3311388
grallator_flat_new_actuator,Perf/total_fps,246,399.0,1778931838.301453
grallator_flat_new_actuator,Perf/total_fps,247,398.0,1778931839.2752047
grallator_flat_new_actuator,Perf/total_fps,248,388.0,1778931840.2738402
grallator_flat_new_actuator,Perf/total_fps,249,400.0,1778931841.2420933
grallator_flat_new_actuator,Perf/total_fps,250,401.0,1778931842.207699
grallator_flat_new_actuator,Perf/total_fps,251,403.0,1778931843.1815274
grallator_flat_new_actuator,Perf/total_fps,252,361.0,1778931844.2531059
grallator_flat_new_actuator,Perf/total_fps,253,386.0,1778931845.2578976
grallator_flat_new_actuator,Perf/total_fps,254,396.0,1778931846.2359166
grallator_flat_new_actuator,Perf/total_fps,255,383.0,1778931847.2474992
grallator_flat_new_actuator,Perf/total_fps,256,397.0,1778931848.2219162
grallator_flat_new_actuator,Perf/total_fps,257,402.0,1778931849.1852286
grallator_flat_new_actuator,Perf/total_fps,258,391.0,1778931850.1763394
grallator_flat_new_actuator,Perf/total_fps,259,402.0,1778931851.139841
grallator_flat_new_actuator,Perf/total_fps,260,394.0,1778931852.1220002
grallator_flat_new_actuator,Perf/total_fps,261,389.0,1778931853.1174517
grallator_flat_new_actuator,Perf/total_fps,262,403.0,1778931854.077929
grallator_flat_new_actuator,Perf/total_fps,263,359.0,1778931855.1534176
grallator_flat_new_actuator,Perf/total_fps,264,404.0,1778931856.1115947
grallator_flat_new_actuator,Perf/total_fps,265,389.0,1778931857.1062787
grallator_flat_new_actuator,Perf/total_fps,266,381.0,1778931858.1218069
grallator_flat_new_actuator,Perf/total_fps,267,403.0,1778931859.0825465
grallator_flat_new_actuator,Perf/total_fps,268,392.0,1778931860.0699863
grallator_flat_new_actuator,Perf/total_fps,269,385.0,1778931861.0754044
grallator_flat_new_actuator,Perf/total_fps,270,400.0,1778931862.042822
grallator_flat_new_actuator,Perf/total_fps,271,398.0,1778931863.0150704
grallator_flat_new_actuator,Perf/total_fps,272,402.0,1778931863.9784412
grallator_flat_new_actuator,Perf/total_fps,273,388.0,1778931864.976541
grallator_flat_new_actuator,Perf/total_fps,274,372.0,1778931866.0151427
grallator_flat_new_actuator,Perf/total_fps,275,402.0,1778931866.9790618
grallator_flat_new_actuator,Perf/total_fps,276,402.0,1778931867.9437184
grallator_flat_new_actuator,Perf/total_fps,277,402.0,1778931868.906514
grallator_flat_new_actuator,Perf/total_fps,278,405.0,1778931869.8630607
grallator_flat_new_actuator,Perf/total_fps,279,404.0,1778931870.8219383
grallator_flat_new_actuator,Perf/total_fps,280,401.0,1778931871.7876563
grallator_flat_new_actuator,Perf/total_fps,281,388.0,1778931872.7838786
grallator_flat_new_actuator,Perf/total_fps,282,391.0,1778931873.774987
grallator_flat_new_actuator,Perf/total_fps,283,405.0,1778931874.7311544
grallator_flat_new_actuator,Perf/total_fps,284,392.0,1778931875.718778
grallator_flat_new_actuator,Perf/total_fps,285,355.0,1778931876.8073578
grallator_flat_new_actuator,Perf/total_fps,286,405.0,1778931877.763986
grallator_flat_new_actuator,Perf/total_fps,287,406.0,1778931878.7181668
grallator_flat_new_actuator,Perf/total_fps,288,407.0,1778931879.669417
grallator_flat_new_actuator,Perf/total_fps,289,405.0,1778931880.625774
grallator_flat_new_actuator,Perf/total_fps,290,393.0,1778931881.6114748
grallator_flat_new_actuator,Perf/total_fps,291,401.0,1778931882.5782113
grallator_flat_new_actuator,Perf/total_fps,292,404.0,1778931883.535442
grallator_flat_new_actuator,Perf/total_fps,293,403.0,1778931884.4957945
grallator_flat_new_actuator,Perf/total_fps,294,407.0,1778931885.4481072
grallator_flat_new_actuator,Perf/total_fps,295,387.0,1778931886.4481392
grallator_flat_new_actuator,Perf/total_fps,296,363.0,1778931887.5171797
grallator_flat_new_actuator,Perf/total_fps,297,388.0,1778931888.515222
grallator_flat_new_actuator,Perf/total_fps,298,406.0,1778931889.469437
grallator_flat_new_actuator,Perf/total_fps,299,405.0,1778931890.4251473
grallator_flat_new_actuator,Perf/collection time,0,1.801738977432251,1778931591.3253534
grallator_flat_new_actuator,Perf/collection time,1,0.9375193119049072,1778931592.4464538
grallator_flat_new_actuator,Perf/collection time,2,0.8583788871765137,1778931593.4099472
grallator_flat_new_actuator,Perf/collection time,3,1.3304157257080078,1778931594.8411975
grallator_flat_new_actuator,Perf/collection time,4,0.8873856067657471,1778931595.8378437
grallator_flat_new_actuator,Perf/collection time,5,0.8962767124176025,1778931596.8345206
grallator_flat_new_actuator,Perf/collection time,6,0.8835129737854004,1778931597.8175194
grallator_flat_new_actuator,Perf/collection time,7,0.8942079544067383,1778931598.8107493
grallator_flat_new_actuator,Perf/collection time,8,0.9061799049377441,1778931599.8185437
grallator_flat_new_actuator,Perf/collection time,9,0.9038193225860596,1778931600.823645
grallator_flat_new_actuator,Perf/collection time,10,0.9339077472686768,1778931601.874743
grallator_flat_new_actuator,Perf/collection time,11,1.0143685340881348,1778931602.9876885
grallator_flat_new_actuator,Perf/collection time,12,0.9180610179901123,1778931604.0168974
grallator_flat_new_actuator,Perf/collection time,13,0.9159061908721924,1778931605.0445082
grallator_flat_new_actuator,Perf/collection time,14,0.9167344570159912,1778931606.0611064
grallator_flat_new_actuator,Perf/collection time,15,0.9264907836914062,1778931607.088394
grallator_flat_new_actuator,Perf/collection time,16,0.9550092220306396,1778931608.1432633
grallator_flat_new_actuator,Perf/collection time,17,0.9159927368164062,1778931609.1725132
grallator_flat_new_actuator,Perf/collection time,18,0.9263174533843994,1778931610.2162194
grallator_flat_new_actuator,Perf/collection time,19,0.9393322467803955,1778931611.2757256
grallator_flat_new_actuator,Perf/collection time,20,0.9264962673187256,1778931612.3034754
grallator_flat_new_actuator,Perf/collection time,21,0.9418594837188721,1778931613.3455527
grallator_flat_new_actuator,Perf/collection time,22,0.9265117645263672,1778931614.3722136
grallator_flat_new_actuator,Perf/collection time,23,1.0684170722961426,1778931615.5425634
grallator_flat_new_actuator,Perf/collection time,24,0.9355607032775879,1778931616.5795329
grallator_flat_new_actuator,Perf/collection time,25,0.9230248928070068,1778931617.6166983
grallator_flat_new_actuator,Perf/collection time,26,0.9286539554595947,1778931618.6471343
grallator_flat_new_actuator,Perf/collection time,27,0.9178822040557861,1778931619.667547
grallator_flat_new_actuator,Perf/collection time,28,0.922386884689331,1778931620.6914198
grallator_flat_new_actuator,Perf/collection time,29,0.9200878143310547,1778931621.7120743
grallator_flat_new_actuator,Perf/collection time,30,0.9229474067687988,1778931622.7494268
grallator_flat_new_actuator,Perf/collection time,31,0.9344120025634766,1778931623.7867093
grallator_flat_new_actuator,Perf/collection time,32,0.9490318298339844,1778931624.839169
grallator_flat_new_actuator,Perf/collection time,33,1.0705552101135254,1778931626.0094287
grallator_flat_new_actuator,Perf/collection time,34,0.9603521823883057,1778931627.0709972
grallator_flat_new_actuator,Perf/collection time,35,0.927858829498291,1778931628.1036043
grallator_flat_new_actuator,Perf/collection time,36,0.9223051071166992,1778931629.1270819
grallator_flat_new_actuator,Perf/collection time,37,0.9232559204101562,1778931630.1503825
grallator_flat_new_actuator,Perf/collection time,38,0.9275164604187012,1778931631.1780019
grallator_flat_new_actuator,Perf/collection time,39,0.9242711067199707,1778931632.2029674
grallator_flat_new_actuator,Perf/collection time,40,0.9446439743041992,1778931633.2498937
grallator_flat_new_actuator,Perf/collection time,41,0.9281759262084961,1778931634.2992811
grallator_flat_new_actuator,Perf/collection time,42,0.9259364604949951,1778931635.3289397
grallator_flat_new_actuator,Perf/collection time,43,1.0932385921478271,1778931636.521405
grallator_flat_new_actuator,Perf/collection time,44,0.9213933944702148,1778931637.5436833
grallator_flat_new_actuator,Perf/collection time,45,0.9515135288238525,1778931638.5952904
grallator_flat_new_actuator,Perf/collection time,46,0.9409050941467285,1778931639.648825
grallator_flat_new_actuator,Perf/collection time,47,0.9270780086517334,1778931640.6775396
grallator_flat_new_actuator,Perf/collection time,48,0.9107112884521484,1778931641.6879904
grallator_flat_new_actuator,Perf/collection time,49,0.9180893898010254,1778931642.7071471
grallator_flat_new_actuator,Perf/collection time,50,0.9155299663543701,1778931643.7232745
grallator_flat_new_actuator,Perf/collection time,51,0.9150841236114502,1778931644.751811
grallator_flat_new_actuator,Perf/collection time,52,0.9365475177764893,1778931645.7895184
grallator_flat_new_actuator,Perf/collection time,53,0.9306776523590088,1778931646.821115
grallator_flat_new_actuator,Perf/collection time,54,0.9886622428894043,1778931647.9153624
grallator_flat_new_actuator,Perf/collection time,55,0.9125008583068848,1778931648.9290493
grallator_flat_new_actuator,Perf/collection time,56,0.9033849239349365,1778931649.933792
grallator_flat_new_actuator,Perf/collection time,57,0.9384300708770752,1778931650.9722762
grallator_flat_new_actuator,Perf/collection time,58,0.9325928688049316,1778931652.0051558
grallator_flat_new_actuator,Perf/collection time,59,0.9054813385009766,1778931653.0325146
grallator_flat_new_actuator,Perf/collection time,60,0.9254484176635742,1778931654.0588667
grallator_flat_new_actuator,Perf/collection time,61,0.9231500625610352,1778931655.082372
grallator_flat_new_actuator,Perf/collection time,62,0.9033715724945068,1778931656.0876317
grallator_flat_new_actuator,Perf/collection time,63,0.9068503379821777,1778931657.0953603
grallator_flat_new_actuator,Perf/collection time,64,0.903742790222168,1778931658.1035209
grallator_flat_new_actuator,Perf/collection time,65,0.9671545028686523,1778931659.171611
grallator_flat_new_actuator,Perf/collection time,66,0.9091026782989502,1778931660.1824243
grallator_flat_new_actuator,Perf/collection time,67,0.9034473896026611,1778931661.1954305
grallator_flat_new_actuator,Perf/collection time,68,0.9001288414001465,1778931662.1966236
grallator_flat_new_actuator,Perf/collection time,69,0.902886152267456,1778931663.2009163
grallator_flat_new_actuator,Perf/collection time,70,0.8958005905151367,1778931664.1984088
grallator_flat_new_actuator,Perf/collection time,71,0.9026594161987305,1778931665.2016346
grallator_flat_new_actuator,Perf/collection time,72,0.9115052223205566,1778931666.2124221
grallator_flat_new_actuator,Perf/collection time,73,0.9237265586853027,1778931667.2376602
grallator_flat_new_actuator,Perf/collection time,74,0.9119317531585693,1778931668.2500474
grallator_flat_new_actuator,Perf/collection time,75,0.9768881797790527,1778931669.3263457
grallator_flat_new_actuator,Perf/collection time,76,0.8925011157989502,1778931670.3212354
grallator_flat_new_actuator,Perf/collection time,77,0.8932061195373535,1778931671.3163178
grallator_flat_new_actuator,Perf/collection time,78,0.8884873390197754,1778931672.3042743
grallator_flat_new_actuator,Perf/collection time,79,0.8879055976867676,1778931673.2949154
grallator_flat_new_actuator,Perf/collection time,80,0.884469747543335,1778931674.2802784
grallator_flat_new_actuator,Perf/collection time,81,0.9046525955200195,1778931675.285394
grallator_flat_new_actuator,Perf/collection time,82,0.8926560878753662,1778931676.279274
grallator_flat_new_actuator,Perf/collection time,83,0.8927948474884033,1778931677.2737772
grallator_flat_new_actuator,Perf/collection time,84,0.8990359306335449,1778931678.2729487
grallator_flat_new_actuator,Perf/collection time,85,0.892784595489502,1778931679.2657943
grallator_flat_new_actuator,Perf/collection time,86,1.0535423755645752,1778931680.4178934
grallator_flat_new_actuator,Perf/collection time,87,0.9183177947998047,1778931681.4371614
grallator_flat_new_actuator,Perf/collection time,88,0.9262197017669678,1778931682.4804215
grallator_flat_new_actuator,Perf/collection time,89,0.8931286334991455,1778931683.474432
grallator_flat_new_actuator,Perf/collection time,90,0.8916759490966797,1778931684.4680927
grallator_flat_new_actuator,Perf/collection time,91,0.8904118537902832,1778931685.459761
grallator_flat_new_actuator,Perf/collection time,92,0.888718843460083,1778931686.4504614
grallator_flat_new_actuator,Perf/collection time,93,0.8904802799224854,1778931687.4414344
grallator_flat_new_actuator,Perf/collection time,94,0.9274249076843262,1778931688.4698093
grallator_flat_new_actuator,Perf/collection time,95,0.892256498336792,1778931689.4616654
grallator_flat_new_actuator,Perf/collection time,96,0.8959071636199951,1778931690.4587457
grallator_flat_new_actuator,Perf/collection time,97,0.9425995349884033,1778931691.5032625
grallator_flat_new_actuator,Perf/collection time,98,0.9079873561859131,1778931692.5109143
grallator_flat_new_actuator,Perf/collection time,99,0.9066910743713379,1778931693.5197575
grallator_flat_new_actuator,Perf/collection time,100,0.9050915241241455,1778931694.5447772
grallator_flat_new_actuator,Perf/collection time,101,0.8806042671203613,1778931695.5401511
grallator_flat_new_actuator,Perf/collection time,102,0.8930747509002686,1778931696.5350828
grallator_flat_new_actuator,Perf/collection time,103,0.8933305740356445,1778931697.5292716
grallator_flat_new_actuator,Perf/collection time,104,0.8754837512969971,1778931698.5218816
grallator_flat_new_actuator,Perf/collection time,105,0.8830406665802002,1778931699.5079644
grallator_flat_new_actuator,Perf/collection time,106,0.8755388259887695,1778931700.4853356
grallator_flat_new_actuator,Perf/collection time,107,0.9002788066864014,1778931701.4870515
grallator_flat_new_actuator,Perf/collection time,108,0.9636101722717285,1778931702.5723398
grallator_flat_new_actuator,Perf/collection time,109,0.8775207996368408,1778931703.5498836
grallator_flat_new_actuator,Perf/collection time,110,0.8687088489532471,1778931704.5205595
grallator_flat_new_actuator,Perf/collection time,111,0.874859094619751,1778931705.4951715
grallator_flat_new_actuator,Perf/collection time,112,0.868415117263794,1778931706.478157
grallator_flat_new_actuator,Perf/collection time,113,0.8686215877532959,1778931707.4466598
grallator_flat_new_actuator,Perf/collection time,114,0.8886897563934326,1778931708.4381943
grallator_flat_new_actuator,Perf/collection time,115,0.878136157989502,1778931709.4191897
grallator_flat_new_actuator,Perf/collection time,116,0.8907618522644043,1778931710.412479
grallator_flat_new_actuator,Perf/collection time,117,0.8896410465240479,1778931711.4133008
grallator_flat_new_actuator,Perf/collection time,118,0.8710777759552002,1778931712.3838387
grallator_flat_new_actuator,Perf/collection time,119,0.9726674556732178,1778931713.4549327
grallator_flat_new_actuator,Perf/collection time,120,0.8678944110870361,1778931714.4244456
grallator_flat_new_actuator,Perf/collection time,121,0.8682119846343994,1778931715.4116824
grallator_flat_new_actuator,Perf/collection time,122,0.8687825202941895,1778931716.3921313
grallator_flat_new_actuator,Perf/collection time,123,0.8925843238830566,1778931717.384713
grallator_flat_new_actuator,Perf/collection time,124,0.8636806011199951,1778931718.3490505
grallator_flat_new_actuator,Perf/collection time,125,0.8747153282165527,1778931719.325622
grallator_flat_new_actuator,Perf/collection time,126,0.8778629302978516,1778931720.305742
grallator_flat_new_actuator,Perf/collection time,127,0.8838284015655518,1778931721.2897296
grallator_flat_new_actuator,Perf/collection time,128,0.8983404636383057,1778931722.290013
grallator_flat_new_actuator,Perf/collection time,129,0.8907873630523682,1778931723.282432
grallator_flat_new_actuator,Perf/collection time,130,0.9783146381378174,1778931724.3611605
grallator_flat_new_actuator,Perf/collection time,131,0.8704314231872559,1778931725.3319664
grallator_flat_new_actuator,Perf/collection time,132,0.8739626407623291,1778931726.3082144
grallator_flat_new_actuator,Perf/collection time,133,0.8706579208374023,1778931727.2858453
grallator_flat_new_actuator,Perf/collection time,134,0.869610071182251,1778931728.2553656
grallator_flat_new_actuator,Perf/collection time,135,0.889176607131958,1778931729.2458525
grallator_flat_new_actuator,Perf/collection time,136,0.8879804611206055,1778931730.2361557
grallator_flat_new_actuator,Perf/collection time,137,0.8556723594665527,1778931731.1923797
grallator_flat_new_actuator,Perf/collection time,138,0.8613846302032471,1778931732.1538188
grallator_flat_new_actuator,Perf/collection time,139,0.8624296188354492,1778931733.1173673
grallator_flat_new_actuator,Perf/collection time,140,0.8846564292907715,1778931734.103211
grallator_flat_new_actuator,Perf/collection time,141,1.0408859252929688,1778931735.2529929
grallator_flat_new_actuator,Perf/collection time,142,0.8665595054626465,1778931736.227134
grallator_flat_new_actuator,Perf/collection time,143,0.8711082935333252,1778931737.1998558
grallator_flat_new_actuator,Perf/collection time,144,0.8949275016784668,1778931738.198162
grallator_flat_new_actuator,Perf/collection time,145,0.8616175651550293,1778931739.1653814
grallator_flat_new_actuator,Perf/collection time,146,0.8619756698608398,1778931740.1281736
grallator_flat_new_actuator,Perf/collection time,147,0.8571763038635254,1778931741.0844312
grallator_flat_new_actuator,Perf/collection time,148,0.8858730792999268,1778931742.0702612
grallator_flat_new_actuator,Perf/collection time,149,0.8688278198242188,1778931743.0390208
grallator_flat_new_actuator,Perf/collection time,150,0.862199068069458,1778931744.0032663
grallator_flat_new_actuator,Perf/collection time,151,0.8565342426300049,1778931744.9720123
grallator_flat_new_actuator,Perf/collection time,152,0.9327285289764404,1778931746.0055017
grallator_flat_new_actuator,Perf/collection time,153,0.858576774597168,1778931746.9657142
grallator_flat_new_actuator,Perf/collection time,154,0.8607933521270752,1778931747.9263499
grallator_flat_new_actuator,Perf/collection time,155,0.8579010963439941,1778931748.8862603
grallator_flat_new_actuator,Perf/collection time,156,0.8805158138275146,1778931749.8654592
grallator_flat_new_actuator,Perf/collection time,157,0.8855950832366943,1778931750.8518639
grallator_flat_new_actuator,Perf/collection time,158,0.8631460666656494,1778931751.8142369
grallator_flat_new_actuator,Perf/collection time,159,0.8865966796875,1778931752.801477
grallator_flat_new_actuator,Perf/collection time,160,0.863091230392456,1778931753.7628279
grallator_flat_new_actuator,Perf/collection time,161,0.883246898651123,1778931754.746696
grallator_flat_new_actuator,Perf/collection time,162,0.8817274570465088,1778931755.7289135
grallator_flat_new_actuator,Perf/collection time,163,0.984459638595581,1778931756.81403
grallator_flat_new_actuator,Perf/collection time,164,0.8520781993865967,1778931757.7732284
grallator_flat_new_actuator,Perf/collection time,165,0.877662181854248,1778931758.752394
grallator_flat_new_actuator,Perf/collection time,166,0.855266809463501,1778931759.7096732
grallator_flat_new_actuator,Perf/collection time,167,0.8583307266235352,1778931760.6757767
grallator_flat_new_actuator,Perf/collection time,168,0.8496267795562744,1778931761.6262708
grallator_flat_new_actuator,Perf/collection time,169,0.847679615020752,1778931762.5748484
grallator_flat_new_actuator,Perf/collection time,170,0.8873183727264404,1778931763.5624993
grallator_flat_new_actuator,Perf/collection time,171,0.8835458755493164,1778931764.5570226
grallator_flat_new_actuator,Perf/collection time,172,0.8764245510101318,1778931765.5336688
grallator_flat_new_actuator,Perf/collection time,173,0.8544247150421143,1778931766.490568
grallator_flat_new_actuator,Perf/collection time,174,1.0000560283660889,1778931767.6026373
grallator_flat_new_actuator,Perf/collection time,175,0.8497576713562012,1778931768.5644472
grallator_flat_new_actuator,Perf/collection time,176,0.846714973449707,1778931769.513604
grallator_flat_new_actuator,Perf/collection time,177,0.8811733722686768,1778931770.4966347
grallator_flat_new_actuator,Perf/collection time,178,0.872967004776001,1778931771.4689236
grallator_flat_new_actuator,Perf/collection time,179,0.8541684150695801,1778931772.424434
grallator_flat_new_actuator,Perf/collection time,180,0.8553016185760498,1778931773.384003
grallator_flat_new_actuator,Perf/collection time,181,0.851353645324707,1778931774.3378093
grallator_flat_new_actuator,Perf/collection time,182,0.8991730213165283,1778931775.3377125
grallator_flat_new_actuator,Perf/collection time,183,0.8881120681762695,1778931776.328233
grallator_flat_new_actuator,Perf/collection time,184,0.8517904281616211,1778931777.2814245
grallator_flat_new_actuator,Perf/collection time,185,0.9879822731018066,1778931778.3745606
grallator_flat_new_actuator,Perf/collection time,186,0.8776500225067139,1778931779.3570755
grallator_flat_new_actuator,Perf/collection time,187,0.8514490127563477,1778931780.3098783
grallator_flat_new_actuator,Perf/collection time,188,0.858731746673584,1778931781.271646
grallator_flat_new_actuator,Perf/collection time,189,0.8536052703857422,1778931782.227799
grallator_flat_new_actuator,Perf/collection time,190,0.879507303237915,1778931783.2090445
grallator_flat_new_actuator,Perf/collection time,191,0.8560726642608643,1778931784.1652582
grallator_flat_new_actuator,Perf/collection time,192,0.8581445217132568,1778931785.1401105
grallator_flat_new_actuator,Perf/collection time,193,0.8690857887268066,1778931786.1103222
grallator_flat_new_actuator,Perf/collection time,194,0.8574509620666504,1778931787.0723665
grallator_flat_new_actuator,Perf/collection time,195,0.8600187301635742,1778931788.0340226
grallator_flat_new_actuator,Perf/collection time,196,0.9623253345489502,1778931789.0976129
grallator_flat_new_actuator,Perf/collection time,197,0.8686766624450684,1778931790.0666656
grallator_flat_new_actuator,Perf/collection time,198,0.8747124671936035,1778931791.0504792
grallator_flat_new_actuator,Perf/collection time,199,0.888474702835083,1778931792.0382996
grallator_flat_new_actuator,Perf/collection time,200,0.882805347442627,1778931793.0225363
grallator_flat_new_actuator,Perf/collection time,201,0.8698768615722656,1778931794.0044372
grallator_flat_new_actuator,Perf/collection time,202,0.8683161735534668,1778931794.9908938
grallator_flat_new_actuator,Perf/collection time,203,0.8604342937469482,1778931795.9513333
grallator_flat_new_actuator,Perf/collection time,204,0.8623723983764648,1778931796.9197443
grallator_flat_new_actuator,Perf/collection time,205,0.8612077236175537,1778931797.8808184
grallator_flat_new_actuator,Perf/collection time,206,0.8744773864746094,1778931798.8578043
grallator_flat_new_actuator,Perf/collection time,207,0.8699030876159668,1778931799.8266819
grallator_flat_new_actuator,Perf/collection time,208,0.860058069229126,1778931800.7984824
grallator_flat_new_actuator,Perf/collection time,209,0.8652760982513428,1778931801.769174
grallator_flat_new_actuator,Perf/collection time,210,0.8619034290313721,1778931802.7314553
grallator_flat_new_actuator,Perf/collection time,211,0.8645834922790527,1778931803.695859
grallator_flat_new_actuator,Perf/collection time,212,0.9050078392028809,1778931804.7087402
grallator_flat_new_actuator,Perf/collection time,213,0.9100046157836914,1778931805.7213397
grallator_flat_new_actuator,Perf/collection time,214,0.8628270626068115,1778931806.6895125
grallator_flat_new_actuator,Perf/collection time,215,0.8674113750457764,1778931807.657638
grallator_flat_new_actuator,Perf/collection time,216,0.8622605800628662,1778931808.619749
grallator_flat_new_actuator,Perf/collection time,217,0.8626992702484131,1778931809.5932462
grallator_flat_new_actuator,Perf/collection time,218,0.8631348609924316,1778931810.5598211
grallator_flat_new_actuator,Perf/collection time,219,1.0515565872192383,1778931811.7112994
grallator_flat_new_actuator,Perf/collection time,220,0.8685998916625977,1778931812.6804404
grallator_flat_new_actuator,Perf/collection time,221,0.8666255474090576,1778931813.646246
grallator_flat_new_actuator,Perf/collection time,222,0.8595914840698242,1778931814.6149743
grallator_flat_new_actuator,Perf/collection time,223,0.8925929069519043,1778931815.6074486
grallator_flat_new_actuator,Perf/collection time,224,0.890984296798706,1778931816.598811
grallator_flat_new_actuator,Perf/collection time,225,0.8984253406524658,1778931817.6001544
grallator_flat_new_actuator,Perf/collection time,226,0.8647003173828125,1778931818.565372
grallator_flat_new_actuator,Perf/collection time,227,0.8886008262634277,1778931819.5571566
grallator_flat_new_actuator,Perf/collection time,228,0.902292013168335,1778931820.563841
grallator_flat_new_actuator,Perf/collection time,229,0.8730475902557373,1778931821.539643
grallator_flat_new_actuator,Perf/collection time,230,0.9002370834350586,1778931822.539596
grallator_flat_new_actuator,Perf/collection time,231,0.8583965301513672,1778931823.5091078
grallator_flat_new_actuator,Perf/collection time,232,0.8869838714599609,1778931824.4953249
grallator_flat_new_actuator,Perf/collection time,233,0.8609309196472168,1778931825.45596
grallator_flat_new_actuator,Perf/collection time,234,0.87080979347229,1778931826.4334195
grallator_flat_new_actuator,Perf/collection time,235,0.8713195323944092,1778931827.4067807
grallator_flat_new_actuator,Perf/collection time,236,0.8740379810333252,1778931828.3821957
grallator_flat_new_actuator,Perf/collection time,237,0.8666644096374512,1778931829.3628004
grallator_flat_new_actuator,Perf/collection time,238,0.8617525100708008,1778931830.3243735
grallator_flat_new_actuator,Perf/collection time,239,0.8864481449127197,1778931831.3104835
grallator_flat_new_actuator,Perf/collection time,240,0.8811845779418945,1778931832.3018777
grallator_flat_new_actuator,Perf/collection time,241,1.0333311557769775,1778931833.4332428
grallator_flat_new_actuator,Perf/collection time,242,0.8867580890655518,1778931834.4179232
grallator_flat_new_actuator,Perf/collection time,243,0.8622162342071533,1778931835.3921044
grallator_flat_new_actuator,Perf/collection time,244,0.8650412559509277,1778931836.368083
grallator_flat_new_actuator,Perf/collection time,245,0.8623404502868652,1778931837.3311532
grallator_flat_new_actuator,Perf/collection time,246,0.8700244426727295,1778931838.3014667
grallator_flat_new_actuator,Perf/collection time,247,0.8729569911956787,1778931839.275219
grallator_flat_new_actuator,Perf/collection time,248,0.8953320980072021,1778931840.2738714
grallator_flat_new_actuator,Perf/collection time,249,0.8567197322845459,1778931841.2421079
grallator_flat_new_actuator,Perf/collection time,250,0.8630664348602295,1778931842.207714
grallator_flat_new_actuator,Perf/collection time,251,0.8600113391876221,1778931843.1815417
grallator_flat_new_actuator,Perf/collection time,252,0.9693794250488281,1778931844.2531433
grallator_flat_new_actuator,Perf/collection time,253,0.8981804847717285,1778931845.257912
grallator_flat_new_actuator,Perf/collection time,254,0.8769745826721191,1778931846.2359316
grallator_flat_new_actuator,Perf/collection time,255,0.9114785194396973,1778931847.2475128
grallator_flat_new_actuator,Perf/collection time,256,0.8653814792633057,1778931848.2219305
grallator_flat_new_actuator,Perf/collection time,257,0.8637785911560059,1778931849.1852424
grallator_flat_new_actuator,Perf/collection time,258,0.8839356899261475,1778931850.1763546
grallator_flat_new_actuator,Perf/collection time,259,0.8637571334838867,1778931851.1398554
grallator_flat_new_actuator,Perf/collection time,260,0.8817477226257324,1778931852.1220152
grallator_flat_new_actuator,Perf/collection time,261,0.8941540718078613,1778931853.1174667
grallator_flat_new_actuator,Perf/collection time,262,0.859389066696167,1778931854.077943
grallator_flat_new_actuator,Perf/collection time,263,0.9705600738525391,1778931855.153431
grallator_flat_new_actuator,Perf/collection time,264,0.8580777645111084,1778931856.111618
grallator_flat_new_actuator,Perf/collection time,265,0.8888812065124512,1778931857.1062942
grallator_flat_new_actuator,Perf/collection time,266,0.9149136543273926,1778931858.1218212
grallator_flat_new_actuator,Perf/collection time,267,0.8613805770874023,1778931859.0825608
grallator_flat_new_actuator,Perf/collection time,268,0.8765749931335449,1778931860.0700004
grallator_flat_new_actuator,Perf/collection time,269,0.9051330089569092,1778931861.0754178
grallator_flat_new_actuator,Perf/collection time,270,0.8658185005187988,1778931862.0428362
grallator_flat_new_actuator,Perf/collection time,271,0.8717224597930908,1778931863.0150855
grallator_flat_new_actuator,Perf/collection time,272,0.8634862899780273,1778931863.9784548
grallator_flat_new_actuator,Perf/collection time,273,0.8905751705169678,1778931864.976556
grallator_flat_new_actuator,Perf/collection time,274,0.9385321140289307,1778931866.015157
grallator_flat_new_actuator,Perf/collection time,275,0.862849235534668,1778931866.9790764
grallator_flat_new_actuator,Perf/collection time,276,0.8630459308624268,1778931867.943733
grallator_flat_new_actuator,Perf/collection time,277,0.8556194305419922,1778931868.9065282
grallator_flat_new_actuator,Perf/collection time,278,0.8549587726593018,1778931869.8630757
grallator_flat_new_actuator,Perf/collection time,279,0.8578813076019287,1778931870.8219526
grallator_flat_new_actuator,Perf/collection time,280,0.8656947612762451,1778931871.7876706
grallator_flat_new_actuator,Perf/collection time,281,0.8848025798797607,1778931872.7838933
grallator_flat_new_actuator,Perf/collection time,282,0.8887319564819336,1778931873.7750013
grallator_flat_new_actuator,Perf/collection time,283,0.854759693145752,1778931874.7311692
grallator_flat_new_actuator,Perf/collection time,284,0.8875157833099365,1778931875.7187932
grallator_flat_new_actuator,Perf/collection time,285,0.9887566566467285,1778931876.8073719
grallator_flat_new_actuator,Perf/collection time,286,0.855644702911377,1778931877.7640014
grallator_flat_new_actuator,Perf/collection time,287,0.8534650802612305,1778931878.7181816
grallator_flat_new_actuator,Perf/collection time,288,0.8512692451477051,1778931879.6694312
grallator_flat_new_actuator,Perf/collection time,289,0.8575601577758789,1778931880.6257887
grallator_flat_new_actuator,Perf/collection time,290,0.8838968276977539,1778931881.6114895
grallator_flat_new_actuator,Perf/collection time,291,0.8664877414703369,1778931882.578226
grallator_flat_new_actuator,Perf/collection time,292,0.8545806407928467,1778931883.5354567
grallator_flat_new_actuator,Perf/collection time,293,0.8538765907287598,1778931884.4958096
grallator_flat_new_actuator,Perf/collection time,294,0.8498959541320801,1778931885.4481208
grallator_flat_new_actuator,Perf/collection time,295,0.898662805557251,1778931886.448153
grallator_flat_new_actuator,Perf/collection time,296,0.950763463973999,1778931887.5171945
grallator_flat_new_actuator,Perf/collection time,297,0.8851478099822998,1778931888.5152357
grallator_flat_new_actuator,Perf/collection time,298,0.8524978160858154,1778931889.4694514
grallator_flat_new_actuator,Perf/collection time,299,0.8556656837463379,1778931890.4251633
grallator_flat_new_actuator,Perf/learning_time,0,0.26345372200012207,1778931591.3253682
grallator_flat_new_actuator,Perf/learning_time,1,0.09632730484008789,1778931592.4464664
grallator_flat_new_actuator,Perf/learning_time,2,0.09662199020385742,1778931593.4099605
grallator_flat_new_actuator,Perf/learning_time,3,0.0919487476348877,1778931594.8412104
grallator_flat_new_actuator,Perf/learning_time,4,0.09935569763183594,1778931595.8378575
grallator_flat_new_actuator,Perf/learning_time,5,0.0912783145904541,1778931596.834535
grallator_flat_new_actuator,Perf/learning_time,6,0.09154391288757324,1778931597.8175328
grallator_flat_new_actuator,Perf/learning_time,7,0.09077596664428711,1778931598.8107622
grallator_flat_new_actuator,Perf/learning_time,8,0.09294724464416504,1778931599.8185573
grallator_flat_new_actuator,Perf/learning_time,9,0.09204339981079102,1778931600.8236585
grallator_flat_new_actuator,Perf/learning_time,10,0.10643744468688965,1778931601.8747714
grallator_flat_new_actuator,Perf/learning_time,11,0.08986330032348633,1778931602.987701
grallator_flat_new_actuator,Perf/learning_time,12,0.10284662246704102,1778931604.0169122
grallator_flat_new_actuator,Perf/learning_time,13,0.10353684425354004,1778931605.0445209
grallator_flat_new_actuator,Perf/learning_time,14,0.09173870086669922,1778931606.0611193
grallator_flat_new_actuator,Perf/learning_time,15,0.09222173690795898,1778931607.088407
grallator_flat_new_actuator,Perf/learning_time,16,0.0912022590637207,1778931608.1432767
grallator_flat_new_actuator,Perf/learning_time,17,0.10499072074890137,1778931609.172527
grallator_flat_new_actuator,Perf/learning_time,18,0.10640335083007812,1778931610.2162485
grallator_flat_new_actuator,Perf/learning_time,19,0.10918021202087402,1778931611.275739
grallator_flat_new_actuator,Perf/learning_time,20,0.09250020980834961,1778931612.3034885
grallator_flat_new_actuator,Perf/learning_time,21,0.09094738960266113,1778931613.3455658
grallator_flat_new_actuator,Perf/learning_time,22,0.09078598022460938,1778931614.3722267
grallator_flat_new_actuator,Perf/learning_time,23,0.09342193603515625,1778931615.542594
grallator_flat_new_actuator,Perf/learning_time,24,0.09298563003540039,1778931616.5795622
grallator_flat_new_actuator,Perf/learning_time,25,0.10577225685119629,1778931617.6167116
grallator_flat_new_actuator,Perf/learning_time,26,0.09335041046142578,1778931618.647147
grallator_flat_new_actuator,Perf/learning_time,27,0.09412074089050293,1778931619.667561
grallator_flat_new_actuator,Perf/learning_time,28,0.09299349784851074,1778931620.6914327
grallator_flat_new_actuator,Perf/learning_time,29,0.09220099449157715,1778931621.7120876
grallator_flat_new_actuator,Perf/learning_time,30,0.10554313659667969,1778931622.7494407
grallator_flat_new_actuator,Perf/learning_time,31,0.09448504447937012,1778931623.786723
grallator_flat_new_actuator,Perf/learning_time,32,0.09492969512939453,1778931624.8391824
grallator_flat_new_actuator,Perf/learning_time,33,0.09143638610839844,1778931626.009442
grallator_flat_new_actuator,Perf/learning_time,34,0.09262514114379883,1778931627.07101
grallator_flat_new_actuator,Perf/learning_time,35,0.09400510787963867,1778931628.1036208
grallator_flat_new_actuator,Perf/learning_time,36,0.09246110916137695,1778931629.1270952
grallator_flat_new_actuator,Perf/learning_time,37,0.09171080589294434,1778931630.1503956
grallator_flat_new_actuator,Perf/learning_time,38,0.09173464775085449,1778931631.1780152
grallator_flat_new_actuator,Perf/learning_time,39,0.09226775169372559,1778931632.2029805
grallator_flat_new_actuator,Perf/learning_time,40,0.0935971736907959,1778931633.2499073
grallator_flat_new_actuator,Perf/learning_time,41,0.11068534851074219,1778931634.2992961
grallator_flat_new_actuator,Perf/learning_time,42,0.09551358222961426,1778931635.328953
grallator_flat_new_actuator,Perf/learning_time,43,0.09094619750976562,1778931636.5214188
grallator_flat_new_actuator,Perf/learning_time,44,0.09266781806945801,1778931637.5436969
grallator_flat_new_actuator,Perf/learning_time,45,0.09158492088317871,1778931638.5953035
grallator_flat_new_actuator,Perf/learning_time,46,0.10185050964355469,1778931639.6488383
grallator_flat_new_actuator,Perf/learning_time,47,0.09311699867248535,1778931640.6775534
grallator_flat_new_actuator,Perf/learning_time,48,0.09127020835876465,1778931641.688004
grallator_flat_new_actuator,Perf/learning_time,49,0.09234786033630371,1778931642.70716
grallator_flat_new_actuator,Perf/learning_time,50,0.09227252006530762,1778931643.7232878
grallator_flat_new_actuator,Perf/learning_time,51,0.09378480911254883,1778931644.7518244
grallator_flat_new_actuator,Perf/learning_time,52,0.09250330924987793,1778931645.7895317
grallator_flat_new_actuator,Perf/learning_time,53,0.0921945571899414,1778931646.8211284
grallator_flat_new_actuator,Perf/learning_time,54,0.0972747802734375,1778931647.9153757
grallator_flat_new_actuator,Perf/learning_time,55,0.09247112274169922,1778931648.9290626
grallator_flat_new_actuator,Perf/learning_time,56,0.09250283241271973,1778931649.9338052
grallator_flat_new_actuator,Perf/learning_time,57,0.09128522872924805,1778931650.9722893
grallator_flat_new_actuator,Perf/learning_time,58,0.09151577949523926,1778931652.0051692
grallator_flat_new_actuator,Perf/learning_time,59,0.11117076873779297,1778931653.0325296
grallator_flat_new_actuator,Perf/learning_time,60,0.09219551086425781,1778931654.0588808
grallator_flat_new_actuator,Perf/learning_time,61,0.09191703796386719,1778931655.082385
grallator_flat_new_actuator,Perf/learning_time,62,0.09302663803100586,1778931656.0876448
grallator_flat_new_actuator,Perf/learning_time,63,0.09251785278320312,1778931657.0953739
grallator_flat_new_actuator,Perf/learning_time,64,0.09607386589050293,1778931658.1035335
grallator_flat_new_actuator,Perf/learning_time,65,0.09150028228759766,1778931659.1716254
grallator_flat_new_actuator,Perf/learning_time,66,0.09306025505065918,1778931660.182437
grallator_flat_new_actuator,Perf/learning_time,67,0.1005551815032959,1778931661.1954439
grallator_flat_new_actuator,Perf/learning_time,68,0.09245896339416504,1778931662.196637
grallator_flat_new_actuator,Perf/learning_time,69,0.09288716316223145,1778931663.200929
grallator_flat_new_actuator,Perf/learning_time,70,0.0932009220123291,1778931664.1984222
grallator_flat_new_actuator,Perf/learning_time,71,0.0917356014251709,1778931665.2016482
grallator_flat_new_actuator,Perf/learning_time,72,0.09061050415039062,1778931666.2124352
grallator_flat_new_actuator,Perf/learning_time,73,0.09289360046386719,1778931667.2376735
grallator_flat_new_actuator,Perf/learning_time,74,0.09171462059020996,1778931668.2500603
grallator_flat_new_actuator,Perf/learning_time,75,0.09082722663879395,1778931669.3263593
grallator_flat_new_actuator,Perf/learning_time,76,0.09321713447570801,1778931670.3212485
grallator_flat_new_actuator,Perf/learning_time,77,0.09271049499511719,1778931671.316331
grallator_flat_new_actuator,Perf/learning_time,78,0.09088730812072754,1778931672.3042872
grallator_flat_new_actuator,Perf/learning_time,79,0.09419989585876465,1778931673.2949286
grallator_flat_new_actuator,Perf/learning_time,80,0.09228205680847168,1778931674.2802918
grallator_flat_new_actuator,Perf/learning_time,81,0.09164619445800781,1778931675.2854073
grallator_flat_new_actuator,Perf/learning_time,82,0.09283876419067383,1778931676.2792866
grallator_flat_new_actuator,Perf/learning_time,83,0.0921330451965332,1778931677.273791
grallator_flat_new_actuator,Perf/learning_time,84,0.0913245677947998,1778931678.272962
grallator_flat_new_actuator,Perf/learning_time,85,0.09178876876831055,1778931679.2658079
grallator_flat_new_actuator,Perf/learning_time,86,0.09010767936706543,1778931680.4179068
grallator_flat_new_actuator,Perf/learning_time,87,0.09224295616149902,1778931681.4371746
grallator_flat_new_actuator,Perf/learning_time,88,0.10616493225097656,1778931682.480449
grallator_flat_new_actuator,Perf/learning_time,89,0.09233474731445312,1778931683.4744449
grallator_flat_new_actuator,Perf/learning_time,90,0.09337902069091797,1778931684.4681056
grallator_flat_new_actuator,Perf/learning_time,91,0.09268379211425781,1778931685.459774
grallator_flat_new_actuator,Perf/learning_time,92,0.09253787994384766,1778931686.450475
grallator_flat_new_actuator,Perf/learning_time,93,0.09176111221313477,1778931687.4414475
grallator_flat_new_actuator,Perf/learning_time,94,0.09193801879882812,1778931688.4698222
grallator_flat_new_actuator,Perf/learning_time,95,0.09061098098754883,1778931689.4616787
grallator_flat_new_actuator,Perf/learning_time,96,0.09243631362915039,1778931690.4587586
grallator_flat_new_actuator,Perf/learning_time,97,0.09337496757507324,1778931691.5032752
grallator_flat_new_actuator,Perf/learning_time,98,0.09075427055358887,1778931692.510928
grallator_flat_new_actuator,Perf/learning_time,99,0.09346914291381836,1778931693.5197709
grallator_flat_new_actuator,Perf/learning_time,100,0.108917236328125,1778931694.5448062
grallator_flat_new_actuator,Perf/learning_time,101,0.09158802032470703,1778931695.540164
grallator_flat_new_actuator,Perf/learning_time,102,0.09331679344177246,1778931696.5350955
grallator_flat_new_actuator,Perf/learning_time,103,0.09175777435302734,1778931697.5292847
grallator_flat_new_actuator,Perf/learning_time,104,0.09024572372436523,1778931698.5219085
grallator_flat_new_actuator,Perf/learning_time,105,0.09422826766967773,1778931699.5079772
grallator_flat_new_actuator,Perf/learning_time,106,0.09335732460021973,1778931700.485349
grallator_flat_new_actuator,Perf/learning_time,107,0.09274721145629883,1778931701.4870646
grallator_flat_new_actuator,Perf/learning_time,108,0.11057233810424805,1778931702.5723674
grallator_flat_new_actuator,Perf/learning_time,109,0.09145259857177734,1778931703.5498967
grallator_flat_new_actuator,Perf/learning_time,110,0.09356212615966797,1778931704.520589
grallator_flat_new_actuator,Perf/learning_time,111,0.0913081169128418,1778931705.4951844
grallator_flat_new_actuator,Perf/learning_time,112,0.10601663589477539,1778931706.4781702
grallator_flat_new_actuator,Perf/learning_time,113,0.09133648872375488,1778931707.4466743
grallator_flat_new_actuator,Perf/learning_time,114,0.09436678886413574,1778931708.4382172
grallator_flat_new_actuator,Perf/learning_time,115,0.09408974647521973,1778931709.4192033
grallator_flat_new_actuator,Perf/learning_time,116,0.09417462348937988,1778931710.4124925
grallator_flat_new_actuator,Perf/learning_time,117,0.10273003578186035,1778931711.413314
grallator_flat_new_actuator,Perf/learning_time,118,0.09090018272399902,1778931712.3838518
grallator_flat_new_actuator,Perf/learning_time,119,0.09013223648071289,1778931713.4549456
grallator_flat_new_actuator,Perf/learning_time,120,0.09201455116271973,1778931714.4244597
grallator_flat_new_actuator,Perf/learning_time,121,0.1081843376159668,1778931715.4116957
grallator_flat_new_actuator,Perf/learning_time,122,0.10313081741333008,1778931716.3921444
grallator_flat_new_actuator,Perf/learning_time,123,0.09145784378051758,1778931717.384726
grallator_flat_new_actuator,Perf/learning_time,124,0.09217977523803711,1778931718.349064
grallator_flat_new_actuator,Perf/learning_time,125,0.09214210510253906,1778931719.3256357
grallator_flat_new_actuator,Perf/learning_time,126,0.09305787086486816,1778931720.3057566
grallator_flat_new_actuator,Perf/learning_time,127,0.09169387817382812,1778931721.2897434
grallator_flat_new_actuator,Perf/learning_time,128,0.09305167198181152,1778931722.2900264
grallator_flat_new_actuator,Perf/learning_time,129,0.09222984313964844,1778931723.282446
grallator_flat_new_actuator,Perf/learning_time,130,0.09157562255859375,1778931724.3611734
grallator_flat_new_actuator,Perf/learning_time,131,0.09188199043273926,1778931725.3319798
grallator_flat_new_actuator,Perf/learning_time,132,0.09283113479614258,1778931726.3082278
grallator_flat_new_actuator,Perf/learning_time,133,0.09785127639770508,1778931727.2858598
grallator_flat_new_actuator,Perf/learning_time,134,0.09136295318603516,1778931728.2553792
grallator_flat_new_actuator,Perf/learning_time,135,0.09191346168518066,1778931729.2458663
grallator_flat_new_actuator,Perf/learning_time,136,0.0934152603149414,1778931730.2361686
grallator_flat_new_actuator,Perf/learning_time,137,0.09214425086975098,1778931731.192393
grallator_flat_new_actuator,Perf/learning_time,138,0.09148073196411133,1778931732.153833
grallator_flat_new_actuator,Perf/learning_time,139,0.09164690971374512,1778931733.1173801
grallator_flat_new_actuator,Perf/learning_time,140,0.09250426292419434,1778931734.103224
grallator_flat_new_actuator,Perf/learning_time,141,0.09897637367248535,1778931735.2530055
grallator_flat_new_actuator,Perf/learning_time,142,0.09870743751525879,1778931736.2271473
grallator_flat_new_actuator,Perf/learning_time,143,0.09295797348022461,1778931737.199869
grallator_flat_new_actuator,Perf/learning_time,144,0.09273910522460938,1778931738.1981924
grallator_flat_new_actuator,Perf/learning_time,145,0.09674668312072754,1778931739.1653948
grallator_flat_new_actuator,Perf/learning_time,146,0.0921940803527832,1778931740.1281867
grallator_flat_new_actuator,Perf/learning_time,147,0.09070920944213867,1778931741.0844445
grallator_flat_new_actuator,Perf/learning_time,148,0.09096574783325195,1778931742.0702746
grallator_flat_new_actuator,Perf/learning_time,149,0.09137654304504395,1778931743.039034
grallator_flat_new_actuator,Perf/learning_time,150,0.0935816764831543,1778931744.0032794
grallator_flat_new_actuator,Perf/learning_time,151,0.09141039848327637,1778931744.9720254
grallator_flat_new_actuator,Perf/learning_time,152,0.09195947647094727,1778931746.0055153
grallator_flat_new_actuator,Perf/learning_time,153,0.0920877456665039,1778931746.9657416
grallator_flat_new_actuator,Perf/learning_time,154,0.09113764762878418,1778931747.926363
grallator_flat_new_actuator,Perf/learning_time,155,0.0928804874420166,1778931748.8862734
grallator_flat_new_actuator,Perf/learning_time,156,0.0899055004119873,1778931749.8654726
grallator_flat_new_actuator,Perf/learning_time,157,0.09172677993774414,1778931750.851877
grallator_flat_new_actuator,Perf/learning_time,158,0.09050893783569336,1778931751.8142521
grallator_flat_new_actuator,Perf/learning_time,159,0.09132695198059082,1778931752.8014913
grallator_flat_new_actuator,Perf/learning_time,160,0.08962440490722656,1778931753.762841
grallator_flat_new_actuator,Perf/learning_time,161,0.09203815460205078,1778931754.7467093
grallator_flat_new_actuator,Perf/learning_time,162,0.09185600280761719,1778931755.7289267
grallator_flat_new_actuator,Perf/learning_time,163,0.09202742576599121,1778931756.8140426
grallator_flat_new_actuator,Perf/learning_time,164,0.09583544731140137,1778931757.773245
grallator_flat_new_actuator,Perf/learning_time,165,0.09186792373657227,1778931758.7524078
grallator_flat_new_actuator,Perf/learning_time,166,0.0931851863861084,1778931759.7096865
grallator_flat_new_actuator,Perf/learning_time,167,0.09868311882019043,1778931760.675791
grallator_flat_new_actuator,Perf/learning_time,168,0.09186100959777832,1778931761.6262841
grallator_flat_new_actuator,Perf/learning_time,169,0.09247016906738281,1778931762.5748618
grallator_flat_new_actuator,Perf/learning_time,170,0.09104084968566895,1778931763.5625124
grallator_flat_new_actuator,Perf/learning_time,171,0.10086965560913086,1778931764.557036
grallator_flat_new_actuator,Perf/learning_time,172,0.09152865409851074,1778931765.5336835
grallator_flat_new_actuator,Perf/learning_time,173,0.09396195411682129,1778931766.4906032
grallator_flat_new_actuator,Perf/learning_time,174,0.10338640213012695,1778931767.6026504
grallator_flat_new_actuator,Perf/learning_time,175,0.1033174991607666,1778931768.5644603
grallator_flat_new_actuator,Perf/learning_time,176,0.0935828685760498,1778931769.5136182
grallator_flat_new_actuator,Perf/learning_time,177,0.09306812286376953,1778931770.4966486
grallator_flat_new_actuator,Perf/learning_time,178,0.09059262275695801,1778931771.4689367
grallator_flat_new_actuator,Perf/learning_time,179,0.09267401695251465,1778931772.4244473
grallator_flat_new_actuator,Perf/learning_time,180,0.09528112411499023,1778931773.3840156
grallator_flat_new_actuator,Perf/learning_time,181,0.0928647518157959,1778931774.3378224
grallator_flat_new_actuator,Perf/learning_time,182,0.09150171279907227,1778931775.337728
grallator_flat_new_actuator,Perf/learning_time,183,0.09322333335876465,1778931776.3282466
grallator_flat_new_actuator,Perf/learning_time,184,0.09266090393066406,1778931777.281438
grallator_flat_new_actuator,Perf/learning_time,185,0.09625911712646484,1778931778.3745952
grallator_flat_new_actuator,Perf/learning_time,186,0.09351491928100586,1778931779.3570895
grallator_flat_new_actuator,Perf/learning_time,187,0.09218454360961914,1778931780.3098912
grallator_flat_new_actuator,Perf/learning_time,188,0.09364032745361328,1778931781.271659
grallator_flat_new_actuator,Perf/learning_time,189,0.09364986419677734,1778931782.2278123
grallator_flat_new_actuator,Perf/learning_time,190,0.0927882194519043,1778931783.2090583
grallator_flat_new_actuator,Perf/learning_time,191,0.09100914001464844,1778931784.1652713
grallator_flat_new_actuator,Perf/learning_time,192,0.10724496841430664,1778931785.1401243
grallator_flat_new_actuator,Perf/learning_time,193,0.09232449531555176,1778931786.110336
grallator_flat_new_actuator,Perf/learning_time,194,0.09554696083068848,1778931787.07238
grallator_flat_new_actuator,Perf/learning_time,195,0.09287834167480469,1778931788.0340357
grallator_flat_new_actuator,Perf/learning_time,196,0.09224748611450195,1778931789.0976272
grallator_flat_new_actuator,Perf/learning_time,197,0.09129858016967773,1778931790.066679
grallator_flat_new_actuator,Perf/learning_time,198,0.10046672821044922,1778931791.0504925
grallator_flat_new_actuator,Perf/learning_time,199,0.09036493301391602,1778931792.038313
grallator_flat_new_actuator,Perf/learning_time,200,0.09237551689147949,1778931793.0225492
grallator_flat_new_actuator,Perf/learning_time,201,0.09142279624938965,1778931794.004451
grallator_flat_new_actuator,Perf/learning_time,202,0.10938310623168945,1778931794.9909074
grallator_flat_new_actuator,Perf/learning_time,203,0.09131312370300293,1778931795.9513469
grallator_flat_new_actuator,Perf/learning_time,204,0.09729194641113281,1778931796.9197576
grallator_flat_new_actuator,Perf/learning_time,205,0.0911867618560791,1778931797.8808317
grallator_flat_new_actuator,Perf/learning_time,206,0.09358978271484375,1778931798.8578176
grallator_flat_new_actuator,Perf/learning_time,207,0.09020709991455078,1778931799.8266952
grallator_flat_new_actuator,Perf/learning_time,208,0.10288476943969727,1778931800.801671
grallator_flat_new_actuator,Perf/learning_time,209,0.09308958053588867,1778931801.769188
grallator_flat_new_actuator,Perf/learning_time,210,0.0916130542755127,1778931802.731469
grallator_flat_new_actuator,Perf/learning_time,211,0.09095335006713867,1778931803.6958725
grallator_flat_new_actuator,Perf/learning_time,212,0.096649169921875,1778931804.7087626
grallator_flat_new_actuator,Perf/learning_time,213,0.0934140682220459,1778931805.7213538
grallator_flat_new_actuator,Perf/learning_time,214,0.09612774848937988,1778931806.689526
grallator_flat_new_actuator,Perf/learning_time,215,0.09198427200317383,1778931807.6576514
grallator_flat_new_actuator,Perf/learning_time,216,0.09135246276855469,1778931808.6197627
grallator_flat_new_actuator,Perf/learning_time,217,0.10208344459533691,1778931809.5932593
grallator_flat_new_actuator,Perf/learning_time,218,0.09388327598571777,1778931810.559835
grallator_flat_new_actuator,Perf/learning_time,219,0.09063601493835449,1778931811.711312
grallator_flat_new_actuator,Perf/learning_time,220,0.09168291091918945,1778931812.6804538
grallator_flat_new_actuator,Perf/learning_time,221,0.09032201766967773,1778931813.6462674
grallator_flat_new_actuator,Perf/learning_time,222,0.10043001174926758,1778931814.6149874
grallator_flat_new_actuator,Perf/learning_time,223,0.09118366241455078,1778931815.6074624
grallator_flat_new_actuator,Perf/learning_time,224,0.09146475791931152,1778931816.5988245
grallator_flat_new_actuator,Perf/learning_time,225,0.09385561943054199,1778931817.6001673
grallator_flat_new_actuator,Perf/learning_time,226,0.09106755256652832,1778931818.565385
grallator_flat_new_actuator,Perf/learning_time,227,0.09421992301940918,1778931819.55717
grallator_flat_new_actuator,Perf/learning_time,228,0.09442520141601562,1778931820.563855
grallator_flat_new_actuator,Perf/learning_time,229,0.09397125244140625,1778931821.5396564
grallator_flat_new_actuator,Perf/learning_time,230,0.09088897705078125,1778931822.5396128
grallator_flat_new_actuator,Perf/learning_time,231,0.10234260559082031,1778931823.509121
grallator_flat_new_actuator,Perf/learning_time,232,0.08993816375732422,1778931824.4953382
grallator_flat_new_actuator,Perf/learning_time,233,0.08998751640319824,1778931825.4559736
grallator_flat_new_actuator,Perf/learning_time,234,0.09795928001403809,1778931826.4334326
grallator_flat_new_actuator,Perf/learning_time,235,0.09294676780700684,1778931827.406794
grallator_flat_new_actuator,Perf/learning_time,236,0.09242844581604004,1778931828.3822098
grallator_flat_new_actuator,Perf/learning_time,237,0.10289454460144043,1778931829.3628178
grallator_flat_new_actuator,Perf/learning_time,238,0.0908501148223877,1778931830.3243868
grallator_flat_new_actuator,Perf/learning_time,239,0.09054017066955566,1778931831.310497
grallator_flat_new_actuator,Perf/learning_time,240,0.10097360610961914,1778931832.3018909
grallator_flat_new_actuator,Perf/learning_time,241,0.08868956565856934,1778931833.4332561
grallator_flat_new_actuator,Perf/learning_time,242,0.08859014511108398,1778931834.417937
grallator_flat_new_actuator,Perf/learning_time,243,0.10203671455383301,1778931835.3921175
grallator_flat_new_actuator,Perf/learning_time,244,0.10204720497131348,1778931836.3680956
grallator_flat_new_actuator,Perf/learning_time,245,0.09173297882080078,1778931837.3311663
grallator_flat_new_actuator,Perf/learning_time,246,0.0917356014251709,1778931838.3014796
grallator_flat_new_actuator,Perf/learning_time,247,0.09166860580444336,1778931839.275232
grallator_flat_new_actuator,Perf/learning_time,248,0.09205961227416992,1778931840.2738876
grallator_flat_new_actuator,Perf/learning_time,249,0.10207366943359375,1778931841.242121
grallator_flat_new_actuator,Perf/learning_time,250,0.09234285354614258,1778931842.207728
grallator_flat_new_actuator,Perf/learning_time,251,0.09187555313110352,1778931843.1815548
grallator_flat_new_actuator,Perf/learning_time,252,0.09169387817382812,1778931844.2531796
grallator_flat_new_actuator,Perf/learning_time,253,0.09595465660095215,1778931845.2579246
grallator_flat_new_actuator,Perf/learning_time,254,0.09187531471252441,1778931846.2359447
grallator_flat_new_actuator,Perf/learning_time,255,0.09100627899169922,1778931847.2475257
grallator_flat_new_actuator,Perf/learning_time,256,0.09996557235717773,1778931848.2219431
grallator_flat_new_actuator,Perf/learning_time,257,0.09049177169799805,1778931849.1852558
grallator_flat_new_actuator,Perf/learning_time,258,0.09593486785888672,1778931850.1763678
grallator_flat_new_actuator,Perf/learning_time,259,0.09014177322387695,1778931851.1398687
grallator_flat_new_actuator,Perf/learning_time,260,0.0913848876953125,1778931852.1220286
grallator_flat_new_actuator,Perf/learning_time,261,0.09151387214660645,1778931853.1174808
grallator_flat_new_actuator,Perf/learning_time,262,0.09202384948730469,1778931854.0779557
grallator_flat_new_actuator,Perf/learning_time,263,0.09618663787841797,1778931855.153444
grallator_flat_new_actuator,Perf/learning_time,264,0.09133291244506836,1778931856.1116319
grallator_flat_new_actuator,Perf/learning_time,265,0.0966944694519043,1778931857.106308
grallator_flat_new_actuator,Perf/learning_time,266,0.09144902229309082,1778931858.121834
grallator_flat_new_actuator,Perf/learning_time,267,0.0904393196105957,1778931859.0825944
grallator_flat_new_actuator,Perf/learning_time,268,0.10193037986755371,1778931860.070014
grallator_flat_new_actuator,Perf/learning_time,269,0.09123444557189941,1778931861.0754309
grallator_flat_new_actuator,Perf/learning_time,270,0.09284543991088867,1778931862.0428498
grallator_flat_new_actuator,Perf/learning_time,271,0.0918891429901123,1778931863.015099
grallator_flat_new_actuator,Perf/learning_time,272,0.09115743637084961,1778931863.9784684
grallator_flat_new_actuator,Perf/learning_time,273,0.09875988960266113,1778931864.9765692
grallator_flat_new_actuator,Perf/learning_time,274,0.09122323989868164,1778931866.015171
grallator_flat_new_actuator,Perf/learning_time,275,0.09198784828186035,1778931866.9790902
grallator_flat_new_actuator,Perf/learning_time,276,0.09191608428955078,1778931867.9437463
grallator_flat_new_actuator,Perf/learning_time,277,0.09826827049255371,1778931868.906542
grallator_flat_new_actuator,Perf/learning_time,278,0.09241890907287598,1778931869.86309
grallator_flat_new_actuator,Perf/learning_time,279,0.09208440780639648,1778931870.8219655
grallator_flat_new_actuator,Perf/learning_time,280,0.091064453125,1778931871.7876837
grallator_flat_new_actuator,Perf/learning_time,281,0.10239720344543457,1778931872.7839062
grallator_flat_new_actuator,Perf/learning_time,282,0.09313750267028809,1778931873.7750154
grallator_flat_new_actuator,Perf/learning_time,283,0.0917348861694336,1778931874.7311823
grallator_flat_new_actuator,Perf/learning_time,284,0.09087347984313965,1778931875.7188063
grallator_flat_new_actuator,Perf/learning_time,285,0.09065794944763184,1778931876.8073852
grallator_flat_new_actuator,Perf/learning_time,286,0.09186172485351562,1778931877.764015
grallator_flat_new_actuator,Perf/learning_time,287,0.09207415580749512,1778931878.7181947
grallator_flat_new_actuator,Perf/learning_time,288,0.09108686447143555,1778931879.6694446
grallator_flat_new_actuator,Perf/learning_time,289,0.08983659744262695,1778931880.6258028
grallator_flat_new_actuator,Perf/learning_time,290,0.09305119514465332,1778931881.6115024
grallator_flat_new_actuator,Perf/learning_time,291,0.0910794734954834,1778931882.5782397
grallator_flat_new_actuator,Perf/learning_time,292,0.09379267692565918,1778931883.5354705
grallator_flat_new_actuator,Perf/learning_time,293,0.0976407527923584,1778931884.4958231
grallator_flat_new_actuator,Perf/learning_time,294,0.09340047836303711,1778931885.448134
grallator_flat_new_actuator,Perf/learning_time,295,0.09218692779541016,1778931886.4481661
grallator_flat_new_actuator,Perf/learning_time,296,0.1044013500213623,1778931887.5172079
grallator_flat_new_actuator,Perf/learning_time,297,0.10381770133972168,1778931888.515249
grallator_flat_new_actuator,Perf/learning_time,298,0.09190058708190918,1778931889.4694653
grallator_flat_new_actuator,Perf/learning_time,299,0.09102439880371094,1778931890.4251769
grallator_flat_new_actuator,Train/mean_reward,3,-9.910006523132324,1778931594.8413026
grallator_flat_new_actuator,Train/mean_reward,4,-10.14167308807373,1778931595.837924
grallator_flat_new_actuator,Train/mean_reward,5,-9.965095520019531,1778931596.8346386
grallator_flat_new_actuator,Train/mean_reward,6,-9.965095520019531,1778931597.8176284
grallator_flat_new_actuator,Train/mean_reward,7,-9.965095520019531,1778931598.8108375
grallator_flat_new_actuator,Train/mean_reward,8,-9.965095520019531,1778931599.8186529
grallator_flat_new_actuator,Train/mean_reward,9,-9.965095520019531,1778931600.8237348
grallator_flat_new_actuator,Train/mean_reward,10,-10.558883666992188,1778931601.8748653
grallator_flat_new_actuator,Train/mean_reward,11,-10.389949798583984,1778931602.9877777
grallator_flat_new_actuator,Train/mean_reward,12,-10.389949798583984,1778931604.016986
grallator_flat_new_actuator,Train/mean_reward,13,-10.389949798583984,1778931605.0446215
grallator_flat_new_actuator,Train/mean_reward,14,-10.389949798583984,1778931606.0611959
grallator_flat_new_actuator,Train/mean_reward,15,-10.913330078125,1778931607.0884907
grallator_flat_new_actuator,Train/mean_reward,16,-11.319182395935059,1778931608.1433644
grallator_flat_new_actuator,Train/mean_reward,17,-11.319182395935059,1778931609.172638
grallator_flat_new_actuator,Train/mean_reward,18,-11.50131893157959,1778931610.2163658
grallator_flat_new_actuator,Train/mean_reward,19,-11.489470481872559,1778931611.2758589
grallator_flat_new_actuator,Train/mean_reward,20,-11.489470481872559,1778931612.3036
grallator_flat_new_actuator,Train/mean_reward,21,-11.489470481872559,1778931613.3456771
grallator_flat_new_actuator,Train/mean_reward,22,-11.489470481872559,1778931614.37232
grallator_flat_new_actuator,Train/mean_reward,23,-11.616096496582031,1778931615.5426888
grallator_flat_new_actuator,Train/mean_reward,24,-11.616096496582031,1778931616.5797014
grallator_flat_new_actuator,Train/mean_reward,25,-11.616096496582031,1778931617.6168041
grallator_flat_new_actuator,Train/mean_reward,26,-11.616096496582031,1778931618.647237
grallator_flat_new_actuator,Train/mean_reward,27,-11.616096496582031,1778931619.6676738
grallator_flat_new_actuator,Train/mean_reward,28,-11.616096496582031,1778931620.6915216
grallator_flat_new_actuator,Train/mean_reward,29,-11.616096496582031,1778931621.712178
grallator_flat_new_actuator,Train/mean_reward,30,-11.616096496582031,1778931622.7495291
grallator_flat_new_actuator,Train/mean_reward,31,-11.834742546081543,1778931623.7868319
grallator_flat_new_actuator,Train/mean_reward,32,-12.51328182220459,1778931624.8392763
grallator_flat_new_actuator,Train/mean_reward,33,-12.51328182220459,1778931626.0095327
grallator_flat_new_actuator,Train/mean_reward,34,-13.400434494018555,1778931627.0711036
grallator_flat_new_actuator,Train/mean_reward,35,-13.400434494018555,1778931628.103739
grallator_flat_new_actuator,Train/mean_reward,36,-13.400434494018555,1778931629.1271877
grallator_flat_new_actuator,Train/mean_reward,37,-13.400434494018555,1778931630.1504886
grallator_flat_new_actuator,Train/mean_reward,38,-13.400434494018555,1778931631.1781075
grallator_flat_new_actuator,Train/mean_reward,39,-13.400434494018555,1778931632.203073
grallator_flat_new_actuator,Train/mean_reward,40,-13.40680980682373,1778931633.250002
grallator_flat_new_actuator,Train/mean_reward,41,-13.40680980682373,1778931634.2994142
grallator_flat_new_actuator,Train/mean_reward,42,-13.40680980682373,1778931635.329067
grallator_flat_new_actuator,Train/mean_reward,43,-13.40680980682373,1778931636.5215123
grallator_flat_new_actuator,Train/mean_reward,44,-13.40680980682373,1778931637.5437891
grallator_flat_new_actuator,Train/mean_reward,45,-15.489422798156738,1778931638.5954044
grallator_flat_new_actuator,Train/mean_reward,46,-15.341184616088867,1778931639.6489708
grallator_flat_new_actuator,Train/mean_reward,47,-15.832501411437988,1778931640.6776776
grallator_flat_new_actuator,Train/mean_reward,48,-15.832501411437988,1778931641.6881065
grallator_flat_new_actuator,Train/mean_reward,49,-15.832501411437988,1778931642.7072625
grallator_flat_new_actuator,Train/mean_reward,50,-15.832501411437988,1778931643.7233891
grallator_flat_new_actuator,Train/mean_reward,51,-15.832501411437988,1778931644.7519257
grallator_flat_new_actuator,Train/mean_reward,52,-15.896573066711426,1778931645.7896597
grallator_flat_new_actuator,Train/mean_reward,53,-16.0353946685791,1778931646.8212376
grallator_flat_new_actuator,Train/mean_reward,54,-16.0353946685791,1778931647.9154813
grallator_flat_new_actuator,Train/mean_reward,55,-16.0353946685791,1778931648.9291728
grallator_flat_new_actuator,Train/mean_reward,56,-16.271991729736328,1778931649.9339142
grallator_flat_new_actuator,Train/mean_reward,57,-16.253694534301758,1778931650.9723973
grallator_flat_new_actuator,Train/mean_reward,58,-15.835699081420898,1778931652.005285
grallator_flat_new_actuator,Train/mean_reward,59,-15.835699081420898,1778931653.032698
grallator_flat_new_actuator,Train/mean_reward,60,-16.15070152282715,1778931654.0589948
grallator_flat_new_actuator,Train/mean_reward,61,-16.7871150970459,1778931655.0825007
grallator_flat_new_actuator,Train/mean_reward,62,-16.7871150970459,1778931656.0877619
grallator_flat_new_actuator,Train/mean_reward,63,-16.7871150970459,1778931657.09549
grallator_flat_new_actuator,Train/mean_reward,64,-16.7871150970459,1778931658.1036727
grallator_flat_new_actuator,Train/mean_reward,65,-16.772388458251953,1778931659.1717432
grallator_flat_new_actuator,Train/mean_reward,66,-16.772388458251953,1778931660.182553
grallator_flat_new_actuator,Train/mean_reward,67,-16.772388458251953,1778931661.19556
grallator_flat_new_actuator,Train/mean_reward,68,-16.772388458251953,1778931662.1967537
grallator_flat_new_actuator,Train/mean_reward,69,-16.772388458251953,1778931663.2010443
grallator_flat_new_actuator,Train/mean_reward,70,-16.772388458251953,1778931664.1985412
grallator_flat_new_actuator,Train/mean_reward,71,-16.772388458251953,1778931665.2017648
grallator_flat_new_actuator,Train/mean_reward,72,-16.677053451538086,1778931666.2125509
grallator_flat_new_actuator,Train/mean_reward,73,-16.677053451538086,1778931667.237793
grallator_flat_new_actuator,Train/mean_reward,74,-16.66213035583496,1778931668.2501812
grallator_flat_new_actuator,Train/mean_reward,75,-16.41570281982422,1778931669.326478
grallator_flat_new_actuator,Train/mean_reward,76,-16.41570281982422,1778931670.3213687
grallator_flat_new_actuator,Train/mean_reward,77,-16.41570281982422,1778931671.3164515
grallator_flat_new_actuator,Train/mean_reward,78,-16.41570281982422,1778931672.3044045
grallator_flat_new_actuator,Train/mean_reward,79,-16.41570281982422,1778931673.2950497
grallator_flat_new_actuator,Train/mean_reward,80,-16.41570281982422,1778931674.2804108
grallator_flat_new_actuator,Train/mean_reward,81,-16.313949584960938,1778931675.2855265
grallator_flat_new_actuator,Train/mean_reward,82,-16.313949584960938,1778931676.2794657
grallator_flat_new_actuator,Train/mean_reward,83,-16.313949584960938,1778931677.2739124
grallator_flat_new_actuator,Train/mean_reward,84,-16.313949584960938,1778931678.2730827
grallator_flat_new_actuator,Train/mean_reward,85,-16.313949584960938,1778931679.265927
grallator_flat_new_actuator,Train/mean_reward,86,-16.313949584960938,1778931680.4180264
grallator_flat_new_actuator,Train/mean_reward,87,-16.035158157348633,1778931681.4373243
grallator_flat_new_actuator,Train/mean_reward,88,-15.870098114013672,1778931682.4806259
grallator_flat_new_actuator,Train/mean_reward,89,-15.870098114013672,1778931683.4745684
grallator_flat_new_actuator,Train/mean_reward,90,-15.870098114013672,1778931684.4682279
grallator_flat_new_actuator,Train/mean_reward,91,-15.870098114013672,1778931685.4598978
grallator_flat_new_actuator,Train/mean_reward,92,-15.870098114013672,1778931686.4506223
grallator_flat_new_actuator,Train/mean_reward,93,-15.870098114013672,1778931687.4415896
grallator_flat_new_actuator,Train/mean_reward,94,-15.457515716552734,1778931688.4699466
grallator_flat_new_actuator,Train/mean_reward,95,-15.457515716552734,1778931689.461803
grallator_flat_new_actuator,Train/mean_reward,96,-15.457515716552734,1778931690.4588838
grallator_flat_new_actuator,Train/mean_reward,97,-15.457515716552734,1778931691.5033998
grallator_flat_new_actuator,Train/mean_reward,98,-15.362146377563477,1778931692.5110538
grallator_flat_new_actuator,Train/mean_reward,99,-15.16600227355957,1778931693.519897
grallator_flat_new_actuator,Train/mean_reward,100,-15.166410446166992,1778931694.5449598
grallator_flat_new_actuator,Train/mean_reward,101,-15.166410446166992,1778931695.540293
grallator_flat_new_actuator,Train/mean_reward,102,-15.053770065307617,1778931696.5352244
grallator_flat_new_actuator,Train/mean_reward,103,-15.351739883422852,1778931697.5294178
grallator_flat_new_actuator,Train/mean_reward,104,-15.351739883422852,1778931698.5220718
grallator_flat_new_actuator,Train/mean_reward,105,-15.351739883422852,1778931699.5081046
grallator_flat_new_actuator,Train/mean_reward,106,-15.351739883422852,1778931700.4854794
grallator_flat_new_actuator,Train/mean_reward,107,-15.118856430053711,1778931701.4871943
grallator_flat_new_actuator,Train/mean_reward,108,-15.118856430053711,1778931702.5725238
grallator_flat_new_actuator,Train/mean_reward,109,-15.118856430053711,1778931703.550022
grallator_flat_new_actuator,Train/mean_reward,110,-15.118856430053711,1778931704.5207217
grallator_flat_new_actuator,Train/mean_reward,111,-15.118856430053711,1778931705.4953125
grallator_flat_new_actuator,Train/mean_reward,112,-15.118856430053711,1778931706.4783094
grallator_flat_new_actuator,Train/mean_reward,113,-15.118856430053711,1778931707.4468038
grallator_flat_new_actuator,Train/mean_reward,114,-15.041335105895996,1778931708.4384341
grallator_flat_new_actuator,Train/mean_reward,115,-14.933547019958496,1778931709.419333
grallator_flat_new_actuator,Train/mean_reward,116,-14.933547019958496,1778931710.412646
grallator_flat_new_actuator,Train/mean_reward,117,-14.673768043518066,1778931711.4134507
grallator_flat_new_actuator,Train/mean_reward,118,-14.673768043518066,1778931712.383991
grallator_flat_new_actuator,Train/mean_reward,119,-14.673768043518066,1778931713.4551094
grallator_flat_new_actuator,Train/mean_reward,120,-14.673768043518066,1778931714.4246185
grallator_flat_new_actuator,Train/mean_reward,121,-14.673768043518066,1778931715.4118328
grallator_flat_new_actuator,Train/mean_reward,122,-14.673768043518066,1778931716.3922799
grallator_flat_new_actuator,Train/mean_reward,123,-14.408510208129883,1778931717.3848655
grallator_flat_new_actuator,Train/mean_reward,124,-14.408510208129883,1778931718.3492012
grallator_flat_new_actuator,Train/mean_reward,125,-14.408510208129883,1778931719.325775
grallator_flat_new_actuator,Train/mean_reward,126,-14.408510208129883,1778931720.3058956
grallator_flat_new_actuator,Train/mean_reward,127,-14.408510208129883,1778931721.28988
grallator_flat_new_actuator,Train/mean_reward,128,-14.063592910766602,1778931722.2901652
grallator_flat_new_actuator,Train/mean_reward,129,-13.995473861694336,1778931723.2826061
grallator_flat_new_actuator,Train/mean_reward,130,-13.94481372833252,1778931724.3613114
grallator_flat_new_actuator,Train/mean_reward,131,-13.94481372833252,1778931725.332116
grallator_flat_new_actuator,Train/mean_reward,132,-13.94481372833252,1778931726.308367
grallator_flat_new_actuator,Train/mean_reward,133,-13.94481372833252,1778931727.2859979
grallator_flat_new_actuator,Train/mean_reward,134,-13.94481372833252,1778931728.2555187
grallator_flat_new_actuator,Train/mean_reward,135,-13.892702102661133,1778931729.2460084
grallator_flat_new_actuator,Train/mean_reward,136,-13.784479141235352,1778931730.2363112
grallator_flat_new_actuator,Train/mean_reward,137,-13.784479141235352,1778931731.192534
grallator_flat_new_actuator,Train/mean_reward,138,-13.784479141235352,1778931732.1539738
grallator_flat_new_actuator,Train/mean_reward,139,-13.784479141235352,1778931733.1175218
grallator_flat_new_actuator,Train/mean_reward,140,-13.651141166687012,1778931734.1033697
grallator_flat_new_actuator,Train/mean_reward,141,-13.448298454284668,1778931735.253149
grallator_flat_new_actuator,Train/mean_reward,142,-13.448298454284668,1778931736.2272909
grallator_flat_new_actuator,Train/mean_reward,143,-13.30380916595459,1778931737.2000148
grallator_flat_new_actuator,Train/mean_reward,144,-13.199395179748535,1778931738.19839
grallator_flat_new_actuator,Train/mean_reward,145,-13.199395179748535,1778931739.1655416
grallator_flat_new_actuator,Train/mean_reward,146,-13.199395179748535,1778931740.1283312
grallator_flat_new_actuator,Train/mean_reward,147,-13.199395179748535,1778931741.0846152
grallator_flat_new_actuator,Train/mean_reward,148,-13.122095108032227,1778931742.0704246
grallator_flat_new_actuator,Train/mean_reward,149,-13.122095108032227,1778931743.0391843
grallator_flat_new_actuator,Train/mean_reward,150,-13.122095108032227,1778931744.003424
grallator_flat_new_actuator,Train/mean_reward,151,-13.122095108032227,1778931744.9721727
grallator_flat_new_actuator,Train/mean_reward,152,-13.122095108032227,1778931746.005684
grallator_flat_new_actuator,Train/mean_reward,153,-13.122095108032227,1778931746.9659324
grallator_flat_new_actuator,Train/mean_reward,154,-13.122095108032227,1778931747.9265099
grallator_flat_new_actuator,Train/mean_reward,155,-13.122095108032227,1778931748.8864207
grallator_flat_new_actuator,Train/mean_reward,156,-13.01951789855957,1778931749.8656437
grallator_flat_new_actuator,Train/mean_reward,157,-12.883234977722168,1778931750.8520265
grallator_flat_new_actuator,Train/mean_reward,158,-12.883234977722168,1778931751.8143995
grallator_flat_new_actuator,Train/mean_reward,159,-12.890929222106934,1778931752.8016725
grallator_flat_new_actuator,Train/mean_reward,160,-12.890929222106934,1778931753.7629898
grallator_flat_new_actuator,Train/mean_reward,161,-12.890929222106934,1778931754.7468576
grallator_flat_new_actuator,Train/mean_reward,162,-12.890929222106934,1778931755.7290773
grallator_flat_new_actuator,Train/mean_reward,163,-12.890929222106934,1778931756.8141942
grallator_flat_new_actuator,Train/mean_reward,164,-12.890929222106934,1778931757.7734408
grallator_flat_new_actuator,Train/mean_reward,165,-12.82912540435791,1778931758.7525623
grallator_flat_new_actuator,Train/mean_reward,166,-12.82912540435791,1778931759.709839
grallator_flat_new_actuator,Train/mean_reward,167,-12.82912540435791,1778931760.6759796
grallator_flat_new_actuator,Train/mean_reward,168,-12.82912540435791,1778931761.6264396
grallator_flat_new_actuator,Train/mean_reward,169,-12.82912540435791,1778931762.5750175
grallator_flat_new_actuator,Train/mean_reward,170,-12.635224342346191,1778931763.5626988
grallator_flat_new_actuator,Train/mean_reward,171,-12.520687103271484,1778931764.557197
grallator_flat_new_actuator,Train/mean_reward,172,-12.338706970214844,1778931765.5338478
grallator_flat_new_actuator,Train/mean_reward,173,-12.338706970214844,1778931766.4907634
grallator_flat_new_actuator,Train/mean_reward,174,-12.338706970214844,1778931767.6028118
grallator_flat_new_actuator,Train/mean_reward,175,-12.338706970214844,1778931768.5646453
grallator_flat_new_actuator,Train/mean_reward,176,-12.338706970214844,1778931769.513782
grallator_flat_new_actuator,Train/mean_reward,177,-12.258591651916504,1778931770.496811
grallator_flat_new_actuator,Train/mean_reward,178,-12.17040729522705,1778931771.4690983
grallator_flat_new_actuator,Train/mean_reward,179,-12.17040729522705,1778931772.4246366
grallator_flat_new_actuator,Train/mean_reward,180,-12.17040729522705,1778931773.384177
grallator_flat_new_actuator,Train/mean_reward,181,-12.120976448059082,1778931774.3379886
grallator_flat_new_actuator,Train/mean_reward,182,-11.992836952209473,1778931775.3378942
grallator_flat_new_actuator,Train/mean_reward,183,-11.853204727172852,1778931776.3284163
grallator_flat_new_actuator,Train/mean_reward,184,-11.853204727172852,1778931777.2816322
grallator_flat_new_actuator,Train/mean_reward,185,-11.718666076660156,1778931778.374774
grallator_flat_new_actuator,Train/mean_reward,186,-11.684879302978516,1778931779.3572996
grallator_flat_new_actuator,Train/mean_reward,187,-11.684879302978516,1778931780.3100605
grallator_flat_new_actuator,Train/mean_reward,188,-11.684879302978516,1778931781.27183
grallator_flat_new_actuator,Train/mean_reward,189,-11.684879302978516,1778931782.227983
grallator_flat_new_actuator,Train/mean_reward,190,-11.5745849609375,1778931783.2092292
grallator_flat_new_actuator,Train/mean_reward,191,-11.5745849609375,1778931784.1654427
grallator_flat_new_actuator,Train/mean_reward,192,-11.5745849609375,1778931785.1403031
grallator_flat_new_actuator,Train/mean_reward,193,-11.5745849609375,1778931786.1105099
grallator_flat_new_actuator,Train/mean_reward,194,-11.5745849609375,1778931787.0725534
grallator_flat_new_actuator,Train/mean_reward,195,-11.5745849609375,1778931788.0342083
grallator_flat_new_actuator,Train/mean_reward,196,-11.5745849609375,1778931789.0978
grallator_flat_new_actuator,Train/mean_reward,197,-11.530871391296387,1778931790.0668519
grallator_flat_new_actuator,Train/mean_reward,198,-11.530871391296387,1778931791.0506892
grallator_flat_new_actuator,Train/mean_reward,199,-11.452554702758789,1778931792.0384896
grallator_flat_new_actuator,Train/mean_reward,200,-11.29275131225586,1778931793.0227468
grallator_flat_new_actuator,Train/mean_reward,201,-11.29275131225586,1778931794.0046475
grallator_flat_new_actuator,Train/mean_reward,202,-11.29275131225586,1778931794.9910822
grallator_flat_new_actuator,Train/mean_reward,203,-11.29275131225586,1778931795.9515202
grallator_flat_new_actuator,Train/mean_reward,204,-11.29275131225586,1778931796.9199328
grallator_flat_new_actuator,Train/mean_reward,205,-11.29275131225586,1778931797.881007
grallator_flat_new_actuator,Train/mean_reward,206,-11.239599227905273,1778931798.8579924
grallator_flat_new_actuator,Train/mean_reward,207,-11.239599227905273,1778931799.826872
grallator_flat_new_actuator,Train/mean_reward,208,-11.239599227905273,1778931800.8018587
grallator_flat_new_actuator,Train/mean_reward,209,-11.239599227905273,1778931801.7693627
grallator_flat_new_actuator,Train/mean_reward,210,-11.239599227905273,1778931802.731668
grallator_flat_new_actuator,Train/mean_reward,211,-11.239599227905273,1778931803.6960487
grallator_flat_new_actuator,Train/mean_reward,212,-11.026455879211426,1778931804.708995
grallator_flat_new_actuator,Train/mean_reward,213,-10.976554870605469,1778931805.7215369
grallator_flat_new_actuator,Train/mean_reward,214,-10.976554870605469,1778931806.6897397
grallator_flat_new_actuator,Train/mean_reward,215,-10.976554870605469,1778931807.657836
grallator_flat_new_actuator,Train/mean_reward,216,-10.976554870605469,1778931808.6199453
grallator_flat_new_actuator,Train/mean_reward,217,-10.976554870605469,1778931809.593441
grallator_flat_new_actuator,Train/mean_reward,218,-10.976554870605469,1778931810.5600228
grallator_flat_new_actuator,Train/mean_reward,219,-10.755373001098633,1778931811.7114975
grallator_flat_new_actuator,Train/mean_reward,220,-10.755373001098633,1778931812.6806586
grallator_flat_new_actuator,Train/mean_reward,221,-10.755373001098633,1778931813.6464531
grallator_flat_new_actuator,Train/mean_reward,222,-10.755373001098633,1778931814.6151714
grallator_flat_new_actuator,Train/mean_reward,223,-10.629075050354004,1778931815.6076703
grallator_flat_new_actuator,Train/mean_reward,224,-10.55270004272461,1778931816.5990105
grallator_flat_new_actuator,Train/mean_reward,225,-10.525421142578125,1778931817.6003513
grallator_flat_new_actuator,Train/mean_reward,226,-10.525421142578125,1778931818.5655885
grallator_flat_new_actuator,Train/mean_reward,227,-10.452936172485352,1778931819.5573602
grallator_flat_new_actuator,Train/mean_reward,228,-10.343469619750977,1778931820.5640438
grallator_flat_new_actuator,Train/mean_reward,229,-10.343469619750977,1778931821.5398417
grallator_flat_new_actuator,Train/mean_reward,230,-10.343469619750977,1778931822.5398023
grallator_flat_new_actuator,Train/mean_reward,231,-10.343469619750977,1778931823.5093095
grallator_flat_new_actuator,Train/mean_reward,232,-10.224714279174805,1778931824.4955263
grallator_flat_new_actuator,Train/mean_reward,233,-10.224714279174805,1778931825.4561608
grallator_flat_new_actuator,Train/mean_reward,234,-10.224714279174805,1778931826.43367
grallator_flat_new_actuator,Train/mean_reward,235,-10.224714279174805,1778931827.406984
grallator_flat_new_actuator,Train/mean_reward,236,-10.224714279174805,1778931828.3824143
grallator_flat_new_actuator,Train/mean_reward,237,-10.224714279174805,1778931829.3630505
grallator_flat_new_actuator,Train/mean_reward,238,-10.224714279174805,1778931830.3246017
grallator_flat_new_actuator,Train/mean_reward,239,-10.158418655395508,1778931831.3107126
grallator_flat_new_actuator,Train/mean_reward,240,-10.048599243164062,1778931832.3020842
grallator_flat_new_actuator,Train/mean_reward,241,-10.048599243164062,1778931833.4334466
grallator_flat_new_actuator,Train/mean_reward,242,-9.973433494567871,1778931834.418129
grallator_flat_new_actuator,Train/mean_reward,243,-9.973433494567871,1778931835.3923078
grallator_flat_new_actuator,Train/mean_reward,244,-9.973433494567871,1778931836.3682861
grallator_flat_new_actuator,Train/mean_reward,245,-9.973433494567871,1778931837.3313553
grallator_flat_new_actuator,Train/mean_reward,246,-9.973433494567871,1778931838.3016946
grallator_flat_new_actuator,Train/mean_reward,247,-9.973433494567871,1778931839.2754521
grallator_flat_new_actuator,Train/mean_reward,248,-9.874043464660645,1778931840.2741268
grallator_flat_new_actuator,Train/mean_reward,249,-9.874043464660645,1778931841.2423322
grallator_flat_new_actuator,Train/mean_reward,250,-9.874043464660645,1778931842.207929
grallator_flat_new_actuator,Train/mean_reward,251,-9.874043464660645,1778931843.181777
grallator_flat_new_actuator,Train/mean_reward,252,-9.874043464660645,1778931844.2535932
grallator_flat_new_actuator,Train/mean_reward,253,-9.633196830749512,1778931845.258121
grallator_flat_new_actuator,Train/mean_reward,254,-9.572528839111328,1778931846.236143
grallator_flat_new_actuator,Train/mean_reward,255,-9.427351951599121,1778931847.2477639
grallator_flat_new_actuator,Train/mean_reward,256,-9.427351951599121,1778931848.2221467
grallator_flat_new_actuator,Train/mean_reward,257,-9.427351951599121,1778931849.1854575
grallator_flat_new_actuator,Train/mean_reward,258,-9.427351951599121,1778931850.176652
grallator_flat_new_actuator,Train/mean_reward,259,-9.427351951599121,1778931851.1400743
grallator_flat_new_actuator,Train/mean_reward,260,-9.387487411499023,1778931852.1222262
grallator_flat_new_actuator,Train/mean_reward,261,-9.35847282409668,1778931853.1177037
grallator_flat_new_actuator,Train/mean_reward,262,-9.35847282409668,1778931854.0781522
grallator_flat_new_actuator,Train/mean_reward,263,-9.35847282409668,1778931855.1536682
grallator_flat_new_actuator,Train/mean_reward,264,-9.35847282409668,1778931856.1118283
grallator_flat_new_actuator,Train/mean_reward,265,-9.205501556396484,1778931857.106509
grallator_flat_new_actuator,Train/mean_reward,266,-8.945183753967285,1778931858.1220305
grallator_flat_new_actuator,Train/mean_reward,267,-8.945183753967285,1778931859.0827973
grallator_flat_new_actuator,Train/mean_reward,268,-8.886004447937012,1778931860.0702136
grallator_flat_new_actuator,Train/mean_reward,269,-8.800336837768555,1778931861.0756555
grallator_flat_new_actuator,Train/mean_reward,270,-8.800336837768555,1778931862.0430481
grallator_flat_new_actuator,Train/mean_reward,271,-8.800336837768555,1778931863.0153003
grallator_flat_new_actuator,Train/mean_reward,272,-8.800336837768555,1778931863.9786968
grallator_flat_new_actuator,Train/mean_reward,273,-8.655641555786133,1778931864.9767895
grallator_flat_new_actuator,Train/mean_reward,274,-8.655641555786133,1778931866.015368
grallator_flat_new_actuator,Train/mean_reward,275,-8.655641555786133,1778931866.9792912
grallator_flat_new_actuator,Train/mean_reward,276,-8.655641555786133,1778931867.9439442
grallator_flat_new_actuator,Train/mean_reward,277,-8.655641555786133,1778931868.906763
grallator_flat_new_actuator,Train/mean_reward,278,-8.655641555786133,1778931869.8632874
grallator_flat_new_actuator,Train/mean_reward,279,-8.655641555786133,1778931870.8221624
grallator_flat_new_actuator,Train/mean_reward,280,-8.655641555786133,1778931871.7878816
grallator_flat_new_actuator,Train/mean_reward,281,-8.501461029052734,1778931872.784104
grallator_flat_new_actuator,Train/mean_reward,282,-8.414645195007324,1778931873.7752142
grallator_flat_new_actuator,Train/mean_reward,283,-8.414645195007324,1778931874.7313814
grallator_flat_new_actuator,Train/mean_reward,284,-8.298063278198242,1778931875.719006
grallator_flat_new_actuator,Train/mean_reward,285,-8.298063278198242,1778931876.8076088
grallator_flat_new_actuator,Train/mean_reward,286,-8.298063278198242,1778931877.7642138
grallator_flat_new_actuator,Train/mean_reward,287,-8.298063278198242,1778931878.718403
grallator_flat_new_actuator,Train/mean_reward,288,-8.298063278198242,1778931879.6696665
grallator_flat_new_actuator,Train/mean_reward,289,-8.298063278198242,1778931880.6260343
grallator_flat_new_actuator,Train/mean_reward,290,-8.165393829345703,1778931881.6117225
grallator_flat_new_actuator,Train/mean_reward,291,-8.165393829345703,1778931882.5784512
grallator_flat_new_actuator,Train/mean_reward,292,-8.165393829345703,1778931883.5356922
grallator_flat_new_actuator,Train/mean_reward,293,-8.165393829345703,1778931884.4960208
grallator_flat_new_actuator,Train/mean_reward,294,-8.165393829345703,1778931885.4483337
grallator_flat_new_actuator,Train/mean_reward,295,-7.835936069488525,1778931886.4483647
grallator_flat_new_actuator,Train/mean_reward,296,-7.582576274871826,1778931887.5174084
grallator_flat_new_actuator,Train/mean_reward,297,-7.433206558227539,1778931888.5154471
grallator_flat_new_actuator,Train/mean_reward,298,-7.433206558227539,1778931889.4696896
grallator_flat_new_actuator,Train/mean_reward,299,-7.433206558227539,1778931890.4253743
grallator_flat_new_actuator,Train/mean_episode_length,3,90.5,1778931594.841353
grallator_flat_new_actuator,Train/mean_episode_length,4,99.66666412353516,1778931595.837968
grallator_flat_new_actuator,Train/mean_episode_length,5,107.0,1778931596.8346815
grallator_flat_new_actuator,Train/mean_episode_length,6,107.0,1778931597.8176706
grallator_flat_new_actuator,Train/mean_episode_length,7,107.0,1778931598.810879
grallator_flat_new_actuator,Train/mean_episode_length,8,107.0,1778931599.8186946
grallator_flat_new_actuator,Train/mean_episode_length,9,107.0,1778931600.8237762
grallator_flat_new_actuator,Train/mean_episode_length,10,137.8000030517578,1778931601.8749192
grallator_flat_new_actuator,Train/mean_episode_length,11,161.0,1778931602.9878194
grallator_flat_new_actuator,Train/mean_episode_length,12,161.0,1778931604.017028
grallator_flat_new_actuator,Train/mean_episode_length,13,161.0,1778931605.0446649
grallator_flat_new_actuator,Train/mean_episode_length,14,161.0,1778931606.0612383
grallator_flat_new_actuator,Train/mean_episode_length,15,190.57142639160156,1778931607.0885344
grallator_flat_new_actuator,Train/mean_episode_length,16,235.88888549804688,1778931608.1434076
grallator_flat_new_actuator,Train/mean_episode_length,17,235.88888549804688,1778931609.1726828
grallator_flat_new_actuator,Train/mean_episode_length,18,257.79998779296875,1778931610.2164354
grallator_flat_new_actuator,Train/mean_episode_length,19,277.6363525390625,1778931611.2759147
grallator_flat_new_actuator,Train/mean_episode_length,20,277.6363525390625,1778931612.3036523
grallator_flat_new_actuator,Train/mean_episode_length,21,277.6363525390625,1778931613.3457243
grallator_flat_new_actuator,Train/mean_episode_length,22,277.6363525390625,1778931614.3723664
grallator_flat_new_actuator,Train/mean_episode_length,23,302.0,1778931615.5427344
grallator_flat_new_actuator,Train/mean_episode_length,24,302.0,1778931616.5797513
grallator_flat_new_actuator,Train/mean_episode_length,25,302.0,1778931617.616851
grallator_flat_new_actuator,Train/mean_episode_length,26,302.0,1778931618.6472826
grallator_flat_new_actuator,Train/mean_episode_length,27,302.0,1778931619.667721
grallator_flat_new_actuator,Train/mean_episode_length,28,302.0,1778931620.6915681
grallator_flat_new_actuator,Train/mean_episode_length,29,302.0,1778931621.712225
grallator_flat_new_actuator,Train/mean_episode_length,30,302.0,1778931622.7495983
grallator_flat_new_actuator,Train/mean_episode_length,31,336.4615478515625,1778931623.7868795
grallator_flat_new_actuator,Train/mean_episode_length,32,368.3571472167969,1778931624.8393238
grallator_flat_new_actuator,Train/mean_episode_length,33,368.3571472167969,1778931626.009603
grallator_flat_new_actuator,Train/mean_episode_length,34,398.5333251953125,1778931627.071151
grallator_flat_new_actuator,Train/mean_episode_length,35,398.5333251953125,1778931628.103808
grallator_flat_new_actuator,Train/mean_episode_length,36,398.5333251953125,1778931629.1272378
grallator_flat_new_actuator,Train/mean_episode_length,37,398.5333251953125,1778931630.150537
grallator_flat_new_actuator,Train/mean_episode_length,38,398.5333251953125,1778931631.1781566
grallator_flat_new_actuator,Train/mean_episode_length,39,398.5333251953125,1778931632.2031207
grallator_flat_new_actuator,Train/mean_episode_length,40,433.9375,1778931633.2500522
grallator_flat_new_actuator,Train/mean_episode_length,41,433.9375,1778931634.2994843
grallator_flat_new_actuator,Train/mean_episode_length,42,433.9375,1778931635.329118
grallator_flat_new_actuator,Train/mean_episode_length,43,433.9375,1778931636.5215626
grallator_flat_new_actuator,Train/mean_episode_length,44,433.9375,1778931637.5438383
grallator_flat_new_actuator,Train/mean_episode_length,45,496.8333435058594,1778931638.5954545
grallator_flat_new_actuator,Train/mean_episode_length,46,523.3157958984375,1778931639.6490412
grallator_flat_new_actuator,Train/mean_episode_length,47,547.1500244140625,1778931640.6777315
grallator_flat_new_actuator,Train/mean_episode_length,48,547.1500244140625,1778931641.6881578
grallator_flat_new_actuator,Train/mean_episode_length,49,547.1500244140625,1778931642.7073145
grallator_flat_new_actuator,Train/mean_episode_length,50,547.1500244140625,1778931643.72344
grallator_flat_new_actuator,Train/mean_episode_length,51,547.1500244140625,1778931644.7519763
grallator_flat_new_actuator,Train/mean_episode_length,52,568.7142944335938,1778931645.7897134
grallator_flat_new_actuator,Train/mean_episode_length,53,588.3181762695312,1778931646.8212893
grallator_flat_new_actuator,Train/mean_episode_length,54,588.3181762695312,1778931647.9155338
grallator_flat_new_actuator,Train/mean_episode_length,55,588.3181762695312,1778931648.9292514
grallator_flat_new_actuator,Train/mean_episode_length,56,606.2174072265625,1778931649.9339678
grallator_flat_new_actuator,Train/mean_episode_length,57,622.625,1778931650.9724538
grallator_flat_new_actuator,Train/mean_episode_length,58,637.719970703125,1778931652.0053403
grallator_flat_new_actuator,Train/mean_episode_length,59,637.719970703125,1778931653.032776
grallator_flat_new_actuator,Train/mean_episode_length,60,651.6538696289062,1778931654.0590491
grallator_flat_new_actuator,Train/mean_episode_length,61,664.5555419921875,1778931655.082556
grallator_flat_new_actuator,Train/mean_episode_length,62,664.5555419921875,1778931656.0878167
grallator_flat_new_actuator,Train/mean_episode_length,63,664.5555419921875,1778931657.0955455
grallator_flat_new_actuator,Train/mean_episode_length,64,664.5555419921875,1778931658.10373
grallator_flat_new_actuator,Train/mean_episode_length,65,676.5357055664062,1778931659.1718016
grallator_flat_new_actuator,Train/mean_episode_length,66,676.5357055664062,1778931660.1826344
grallator_flat_new_actuator,Train/mean_episode_length,67,676.5357055664062,1778931661.1956418
grallator_flat_new_actuator,Train/mean_episode_length,68,676.5357055664062,1778931662.196811
grallator_flat_new_actuator,Train/mean_episode_length,69,676.5357055664062,1778931663.201101
grallator_flat_new_actuator,Train/mean_episode_length,70,676.5357055664062,1778931664.1986237
grallator_flat_new_actuator,Train/mean_episode_length,71,676.5357055664062,1778931665.201821
grallator_flat_new_actuator,Train/mean_episode_length,72,687.6896362304688,1778931666.2126348
grallator_flat_new_actuator,Train/mean_episode_length,73,687.6896362304688,1778931667.2378497
grallator_flat_new_actuator,Train/mean_episode_length,74,698.0999755859375,1778931668.250239
grallator_flat_new_actuator,Train/mean_episode_length,75,707.8386840820312,1778931669.3265388
grallator_flat_new_actuator,Train/mean_episode_length,76,707.8386840820312,1778931670.3214266
grallator_flat_new_actuator,Train/mean_episode_length,77,707.8386840820312,1778931671.316513
grallator_flat_new_actuator,Train/mean_episode_length,78,707.8386840820312,1778931672.3044617
grallator_flat_new_actuator,Train/mean_episode_length,79,707.8386840820312,1778931673.2951076
grallator_flat_new_actuator,Train/mean_episode_length,80,707.8386840820312,1778931674.2804697
grallator_flat_new_actuator,Train/mean_episode_length,81,716.96875,1778931675.2856064
grallator_flat_new_actuator,Train/mean_episode_length,82,716.96875,1778931676.2795613
grallator_flat_new_actuator,Train/mean_episode_length,83,716.96875,1778931677.2739723
grallator_flat_new_actuator,Train/mean_episode_length,84,716.96875,1778931678.2731416
grallator_flat_new_actuator,Train/mean_episode_length,85,716.96875,1778931679.2659857
grallator_flat_new_actuator,Train/mean_episode_length,86,716.96875,1778931680.418087
grallator_flat_new_actuator,Train/mean_episode_length,87,733.61767578125,1778931681.4373875
grallator_flat_new_actuator,Train/mean_episode_length,88,748.4166870117188,1778931682.4807098
grallator_flat_new_actuator,Train/mean_episode_length,89,748.4166870117188,1778931683.4746602
grallator_flat_new_actuator,Train/mean_episode_length,90,748.4166870117188,1778931684.4682891
grallator_flat_new_actuator,Train/mean_episode_length,91,748.4166870117188,1778931685.4599597
grallator_flat_new_actuator,Train/mean_episode_length,92,748.4166870117188,1778931686.450686
grallator_flat_new_actuator,Train/mean_episode_length,93,748.4166870117188,1778931687.4416573
grallator_flat_new_actuator,Train/mean_episode_length,94,761.6578979492188,1778931688.4700096
grallator_flat_new_actuator,Train/mean_episode_length,95,761.6578979492188,1778931689.4618661
grallator_flat_new_actuator,Train/mean_episode_length,96,761.6578979492188,1778931690.4589481
grallator_flat_new_actuator,Train/mean_episode_length,97,761.6578979492188,1778931691.5034614
grallator_flat_new_actuator,Train/mean_episode_length,98,767.7692260742188,1778931692.5111184
grallator_flat_new_actuator,Train/mean_episode_length,99,773.5750122070312,1778931693.519962
grallator_flat_new_actuator,Train/mean_episode_length,100,779.0975341796875,1778931694.5450494
grallator_flat_new_actuator,Train/mean_episode_length,101,779.0975341796875,1778931695.5403776
grallator_flat_new_actuator,Train/mean_episode_length,102,784.3571166992188,1778931696.5352905
grallator_flat_new_actuator,Train/mean_episode_length,103,789.3720703125,1778931697.529485
grallator_flat_new_actuator,Train/mean_episode_length,104,789.3720703125,1778931698.5221605
grallator_flat_new_actuator,Train/mean_episode_length,105,789.3720703125,1778931699.5081697
grallator_flat_new_actuator,Train/mean_episode_length,106,789.3720703125,1778931700.4855444
grallator_flat_new_actuator,Train/mean_episode_length,107,794.1591186523438,1778931701.4872603
grallator_flat_new_actuator,Train/mean_episode_length,108,794.1591186523438,1778931702.5726407
grallator_flat_new_actuator,Train/mean_episode_length,109,794.1591186523438,1778931703.5500882
grallator_flat_new_actuator,Train/mean_episode_length,110,794.1591186523438,1778931704.5207882
grallator_flat_new_actuator,Train/mean_episode_length,111,794.1591186523438,1778931705.49538
grallator_flat_new_actuator,Train/mean_episode_length,112,794.1591186523438,1778931706.4783766
grallator_flat_new_actuator,Train/mean_episode_length,113,794.1591186523438,1778931707.4468691
grallator_flat_new_actuator,Train/mean_episode_length,114,798.7333374023438,1778931708.4385464
grallator_flat_new_actuator,Train/mean_episode_length,115,803.1087036132812,1778931709.4194
grallator_flat_new_actuator,Train/mean_episode_length,116,803.1087036132812,1778931710.4127154
grallator_flat_new_actuator,Train/mean_episode_length,117,807.2978515625,1778931711.4135203
grallator_flat_new_actuator,Train/mean_episode_length,118,807.2978515625,1778931712.3840601
grallator_flat_new_actuator,Train/mean_episode_length,119,807.2978515625,1778931713.45518
grallator_flat_new_actuator,Train/mean_episode_length,120,807.2978515625,1778931714.4246905
grallator_flat_new_actuator,Train/mean_episode_length,121,807.2978515625,1778931715.411902
grallator_flat_new_actuator,Train/mean_episode_length,122,807.2978515625,1778931716.3923485
grallator_flat_new_actuator,Train/mean_episode_length,123,811.3125,1778931717.3849342
grallator_flat_new_actuator,Train/mean_episode_length,124,811.3125,1778931718.3492718
grallator_flat_new_actuator,Train/mean_episode_length,125,811.3125,1778931719.3258452
grallator_flat_new_actuator,Train/mean_episode_length,126,811.3125,1778931720.305965
grallator_flat_new_actuator,Train/mean_episode_length,127,811.3125,1778931721.2899485
grallator_flat_new_actuator,Train/mean_episode_length,128,818.8599853515625,1778931722.2902353
grallator_flat_new_actuator,Train/mean_episode_length,129,822.4117431640625,1778931723.282681
grallator_flat_new_actuator,Train/mean_episode_length,130,825.826904296875,1778931724.361383
grallator_flat_new_actuator,Train/mean_episode_length,131,825.826904296875,1778931725.3321881
grallator_flat_new_actuator,Train/mean_episode_length,132,825.826904296875,1778931726.3084388
grallator_flat_new_actuator,Train/mean_episode_length,133,825.826904296875,1778931727.2860706
grallator_flat_new_actuator,Train/mean_episode_length,134,825.826904296875,1778931728.255614
grallator_flat_new_actuator,Train/mean_episode_length,135,829.1132202148438,1778931729.2460802
grallator_flat_new_actuator,Train/mean_episode_length,136,832.2777709960938,1778931730.236384
grallator_flat_new_actuator,Train/mean_episode_length,137,832.2777709960938,1778931731.1926327
grallator_flat_new_actuator,Train/mean_episode_length,138,832.2777709960938,1778931732.154047
grallator_flat_new_actuator,Train/mean_episode_length,139,832.2777709960938,1778931733.11762
grallator_flat_new_actuator,Train/mean_episode_length,140,835.3272705078125,1778931734.1034453
grallator_flat_new_actuator,Train/mean_episode_length,141,841.1052856445312,1778931735.253224
grallator_flat_new_actuator,Train/mean_episode_length,142,841.1052856445312,1778931736.227366
grallator_flat_new_actuator,Train/mean_episode_length,143,843.8448486328125,1778931737.2000904
grallator_flat_new_actuator,Train/mean_episode_length,144,846.4915161132812,1778931738.1984985
grallator_flat_new_actuator,Train/mean_episode_length,145,846.4915161132812,1778931739.1656404
grallator_flat_new_actuator,Train/mean_episode_length,146,846.4915161132812,1778931740.128407
grallator_flat_new_actuator,Train/mean_episode_length,147,846.4915161132812,1778931741.084693
grallator_flat_new_actuator,Train/mean_episode_length,148,849.0499877929688,1778931742.0705023
grallator_flat_new_actuator,Train/mean_episode_length,149,849.0499877929688,1778931743.039261
grallator_flat_new_actuator,Train/mean_episode_length,150,849.0499877929688,1778931744.0035005
grallator_flat_new_actuator,Train/mean_episode_length,151,849.0499877929688,1778931744.9722514
grallator_flat_new_actuator,Train/mean_episode_length,152,849.0499877929688,1778931746.0057628
grallator_flat_new_actuator,Train/mean_episode_length,153,849.0499877929688,1778931746.966041
grallator_flat_new_actuator,Train/mean_episode_length,154,849.0499877929688,1778931747.9266124
grallator_flat_new_actuator,Train/mean_episode_length,155,849.0499877929688,1778931748.8865004
grallator_flat_new_actuator,Train/mean_episode_length,156,851.5245971679688,1778931749.865724
grallator_flat_new_actuator,Train/mean_episode_length,157,853.9193725585938,1778931750.8521063
grallator_flat_new_actuator,Train/mean_episode_length,158,853.9193725585938,1778931751.8144786
grallator_flat_new_actuator,Train/mean_episode_length,159,856.2380981445312,1778931752.8017557
grallator_flat_new_actuator,Train/mean_episode_length,160,856.2380981445312,1778931753.7630699
grallator_flat_new_actuator,Train/mean_episode_length,161,856.2380981445312,1778931754.7469378
grallator_flat_new_actuator,Train/mean_episode_length,162,856.2380981445312,1778931755.7291589
grallator_flat_new_actuator,Train/mean_episode_length,163,856.2380981445312,1778931756.8142896
grallator_flat_new_actuator,Train/mean_episode_length,164,856.2380981445312,1778931757.7735603
grallator_flat_new_actuator,Train/mean_episode_length,165,858.484375,1778931758.752671
grallator_flat_new_actuator,Train/mean_episode_length,166,858.484375,1778931759.7099233
grallator_flat_new_actuator,Train/mean_episode_length,167,858.484375,1778931760.676093
grallator_flat_new_actuator,Train/mean_episode_length,168,858.484375,1778931761.626523
grallator_flat_new_actuator,Train/mean_episode_length,169,858.484375,1778931762.575102
grallator_flat_new_actuator,Train/mean_episode_length,170,862.772705078125,1778931763.5627835
grallator_flat_new_actuator,Train/mean_episode_length,171,864.8209228515625,1778931764.557284
grallator_flat_new_actuator,Train/mean_episode_length,172,866.808837890625,1778931765.5339334
grallator_flat_new_actuator,Train/mean_episode_length,173,866.808837890625,1778931766.4908462
grallator_flat_new_actuator,Train/mean_episode_length,174,866.808837890625,1778931767.6028967
grallator_flat_new_actuator,Train/mean_episode_length,175,866.808837890625,1778931768.5647335
grallator_flat_new_actuator,Train/mean_episode_length,176,866.808837890625,1778931769.513869
grallator_flat_new_actuator,Train/mean_episode_length,177,868.7391357421875,1778931770.4968984
grallator_flat_new_actuator,Train/mean_episode_length,178,870.6142578125,1778931771.4691854
grallator_flat_new_actuator,Train/mean_episode_length,179,870.6142578125,1778931772.424729
grallator_flat_new_actuator,Train/mean_episode_length,180,870.6142578125,1778931773.3842652
grallator_flat_new_actuator,Train/mean_episode_length,181,872.4366455078125,1778931774.3380792
grallator_flat_new_actuator,Train/mean_episode_length,182,874.2083129882812,1778931775.3379846
grallator_flat_new_actuator,Train/mean_episode_length,183,875.9315185546875,1778931776.3285074
grallator_flat_new_actuator,Train/mean_episode_length,184,875.9315185546875,1778931777.2817245
grallator_flat_new_actuator,Train/mean_episode_length,185,877.6080932617188,1778931778.3748643
grallator_flat_new_actuator,Train/mean_episode_length,186,879.239990234375,1778931779.3574193
grallator_flat_new_actuator,Train/mean_episode_length,187,879.239990234375,1778931780.3101513
grallator_flat_new_actuator,Train/mean_episode_length,188,879.239990234375,1778931781.271922
grallator_flat_new_actuator,Train/mean_episode_length,189,879.239990234375,1778931782.2280748
grallator_flat_new_actuator,Train/mean_episode_length,190,880.8289184570312,1778931783.209322
grallator_flat_new_actuator,Train/mean_episode_length,191,880.8289184570312,1778931784.165535
grallator_flat_new_actuator,Train/mean_episode_length,192,880.8289184570312,1778931785.140396
grallator_flat_new_actuator,Train/mean_episode_length,193,880.8289184570312,1778931786.1106293
grallator_flat_new_actuator,Train/mean_episode_length,194,880.8289184570312,1778931787.0726864
grallator_flat_new_actuator,Train/mean_episode_length,195,880.8289184570312,1778931788.0343125
grallator_flat_new_actuator,Train/mean_episode_length,196,880.8289184570312,1778931789.0978925
grallator_flat_new_actuator,Train/mean_episode_length,197,882.3766479492188,1778931790.066944
grallator_flat_new_actuator,Train/mean_episode_length,198,882.3766479492188,1778931791.0507855
grallator_flat_new_actuator,Train/mean_episode_length,199,883.8846435546875,1778931792.0386114
grallator_flat_new_actuator,Train/mean_episode_length,200,885.3544311523438,1778931793.0228434
grallator_flat_new_actuator,Train/mean_episode_length,201,885.3544311523438,1778931794.004743
grallator_flat_new_actuator,Train/mean_episode_length,202,885.3544311523438,1778931794.9911754
grallator_flat_new_actuator,Train/mean_episode_length,203,885.3544311523438,1778931795.951647
grallator_flat_new_actuator,Train/mean_episode_length,204,885.3544311523438,1778931796.9200263
grallator_flat_new_actuator,Train/mean_episode_length,205,885.3544311523438,1778931797.8811023
grallator_flat_new_actuator,Train/mean_episode_length,206,886.7874755859375,1778931798.8580887
grallator_flat_new_actuator,Train/mean_episode_length,207,886.7874755859375,1778931799.826969
grallator_flat_new_actuator,Train/mean_episode_length,208,886.7874755859375,1778931800.8019552
grallator_flat_new_actuator,Train/mean_episode_length,209,886.7874755859375,1778931801.7694569
grallator_flat_new_actuator,Train/mean_episode_length,210,886.7874755859375,1778931802.7317667
grallator_flat_new_actuator,Train/mean_episode_length,211,886.7874755859375,1778931803.6961427
grallator_flat_new_actuator,Train/mean_episode_length,212,889.5487670898438,1778931804.7091274
grallator_flat_new_actuator,Train/mean_episode_length,213,892.1785888671875,1778931805.7216573
grallator_flat_new_actuator,Train/mean_episode_length,214,892.1785888671875,1778931806.689839
grallator_flat_new_actuator,Train/mean_episode_length,215,892.1785888671875,1778931807.6579332
grallator_flat_new_actuator,Train/mean_episode_length,216,892.1785888671875,1778931808.6200445
grallator_flat_new_actuator,Train/mean_episode_length,217,892.1785888671875,1778931809.5935388
grallator_flat_new_actuator,Train/mean_episode_length,218,892.1785888671875,1778931810.560121
grallator_flat_new_actuator,Train/mean_episode_length,219,894.68603515625,1778931811.7116234
grallator_flat_new_actuator,Train/mean_episode_length,220,894.68603515625,1778931812.680758
grallator_flat_new_actuator,Train/mean_episode_length,221,894.68603515625,1778931813.646553
grallator_flat_new_actuator,Train/mean_episode_length,222,894.68603515625,1778931814.615271
grallator_flat_new_actuator,Train/mean_episode_length,223,895.8965454101562,1778931815.6077719
grallator_flat_new_actuator,Train/mean_episode_length,224,897.0795288085938,1778931816.5991106
grallator_flat_new_actuator,Train/mean_episode_length,225,898.2359619140625,1778931817.6004505
grallator_flat_new_actuator,Train/mean_episode_length,226,898.2359619140625,1778931818.5656948
grallator_flat_new_actuator,Train/mean_episode_length,227,899.3666381835938,1778931819.5574849
grallator_flat_new_actuator,Train/mean_episode_length,228,900.4725341796875,1778931820.5641458
grallator_flat_new_actuator,Train/mean_episode_length,229,900.4725341796875,1778931821.5399432
grallator_flat_new_actuator,Train/mean_episode_length,230,900.4725341796875,1778931822.5399065
grallator_flat_new_actuator,Train/mean_episode_length,231,900.4725341796875,1778931823.5094106
grallator_flat_new_actuator,Train/mean_episode_length,232,901.5543212890625,1778931824.4956646
grallator_flat_new_actuator,Train/mean_episode_length,233,901.5543212890625,1778931825.456282
grallator_flat_new_actuator,Train/mean_episode_length,234,901.5543212890625,1778931826.4338307
grallator_flat_new_actuator,Train/mean_episode_length,235,901.5543212890625,1778931827.407085
grallator_flat_new_actuator,Train/mean_episode_length,236,901.5543212890625,1778931828.3825192
grallator_flat_new_actuator,Train/mean_episode_length,237,901.5543212890625,1778931829.3631845
grallator_flat_new_actuator,Train/mean_episode_length,238,901.5543212890625,1778931830.3247087
grallator_flat_new_actuator,Train/mean_episode_length,239,902.6129150390625,1778931831.3108168
grallator_flat_new_actuator,Train/mean_episode_length,240,903.64892578125,1778931832.302189
grallator_flat_new_actuator,Train/mean_episode_length,241,903.64892578125,1778931833.4335504
grallator_flat_new_actuator,Train/mean_episode_length,242,904.6631469726562,1778931834.4182346
grallator_flat_new_actuator,Train/mean_episode_length,243,904.6631469726562,1778931835.392411
grallator_flat_new_actuator,Train/mean_episode_length,244,904.6631469726562,1778931836.3683913
grallator_flat_new_actuator,Train/mean_episode_length,245,904.6631469726562,1778931837.3314593
grallator_flat_new_actuator,Train/mean_episode_length,246,904.6631469726562,1778931838.3018007
grallator_flat_new_actuator,Train/mean_episode_length,247,904.6631469726562,1778931839.2755597
grallator_flat_new_actuator,Train/mean_episode_length,248,905.65625,1778931840.2742758
grallator_flat_new_actuator,Train/mean_episode_length,249,905.65625,1778931841.2424383
grallator_flat_new_actuator,Train/mean_episode_length,250,905.65625,1778931842.2080348
grallator_flat_new_actuator,Train/mean_episode_length,251,905.65625,1778931843.1818829
grallator_flat_new_actuator,Train/mean_episode_length,252,905.65625,1778931844.2538285
grallator_flat_new_actuator,Train/mean_episode_length,253,907.5816040039062,1778931845.2582252
grallator_flat_new_actuator,Train/mean_episode_length,254,908.51513671875,1778931846.23625
grallator_flat_new_actuator,Train/mean_episode_length,255,909.4299926757812,1778931847.2478976
grallator_flat_new_actuator,Train/mean_episode_length,256,909.4299926757812,1778931848.2222574
grallator_flat_new_actuator,Train/mean_episode_length,257,909.4299926757812,1778931849.1855667
grallator_flat_new_actuator,Train/mean_episode_length,258,909.4299926757812,1778931850.176792
grallator_flat_new_actuator,Train/mean_episode_length,259,909.4299926757812,1778931851.1401858
grallator_flat_new_actuator,Train/mean_episode_length,260,918.530029296875,1778931852.1223474
grallator_flat_new_actuator,Train/mean_episode_length,261,927.6199951171875,1778931853.1178102
grallator_flat_new_actuator,Train/mean_episode_length,262,927.6199951171875,1778931854.0782583
grallator_flat_new_actuator,Train/mean_episode_length,263,927.6199951171875,1778931855.153779
grallator_flat_new_actuator,Train/mean_episode_length,264,927.6199951171875,1778931856.1119347
grallator_flat_new_actuator,Train/mean_episode_length,265,936.4400024414062,1778931857.106654
grallator_flat_new_actuator,Train/mean_episode_length,266,952.5399780273438,1778931858.1221373
grallator_flat_new_actuator,Train/mean_episode_length,267,952.5399780273438,1778931859.0829053
grallator_flat_new_actuator,Train/mean_episode_length,268,959.77001953125,1778931860.0703351
grallator_flat_new_actuator,Train/mean_episode_length,269,966.0900268554688,1778931861.0757637
grallator_flat_new_actuator,Train/mean_episode_length,270,966.0900268554688,1778931862.043157
grallator_flat_new_actuator,Train/mean_episode_length,271,966.0900268554688,1778931863.015407
grallator_flat_new_actuator,Train/mean_episode_length,272,966.0900268554688,1778931863.9788067
grallator_flat_new_actuator,Train/mean_episode_length,273,972.219970703125,1778931864.9768977
grallator_flat_new_actuator,Train/mean_episode_length,274,972.219970703125,1778931866.015475
grallator_flat_new_actuator,Train/mean_episode_length,275,972.219970703125,1778931866.979399
grallator_flat_new_actuator,Train/mean_episode_length,276,972.219970703125,1778931867.94405
grallator_flat_new_actuator,Train/mean_episode_length,277,972.219970703125,1778931868.9068737
grallator_flat_new_actuator,Train/mean_episode_length,278,972.219970703125,1778931869.8633935
grallator_flat_new_actuator,Train/mean_episode_length,279,972.219970703125,1778931870.8222818
grallator_flat_new_actuator,Train/mean_episode_length,280,972.219970703125,1778931871.7879884
grallator_flat_new_actuator,Train/mean_episode_length,281,978.2000122070312,1778931872.7842119
grallator_flat_new_actuator,Train/mean_episode_length,282,983.6500244140625,1778931873.7753215
grallator_flat_new_actuator,Train/mean_episode_length,283,983.6500244140625,1778931874.731544
grallator_flat_new_actuator,Train/mean_episode_length,284,988.8900146484375,1778931875.7191124
grallator_flat_new_actuator,Train/mean_episode_length,285,988.8900146484375,1778931876.8077202
grallator_flat_new_actuator,Train/mean_episode_length,286,988.8900146484375,1778931877.7643242
grallator_flat_new_actuator,Train/mean_episode_length,287,988.8900146484375,1778931878.7185097
grallator_flat_new_actuator,Train/mean_episode_length,288,988.8900146484375,1778931879.6697757
grallator_flat_new_actuator,Train/mean_episode_length,289,988.8900146484375,1778931880.6261444
grallator_flat_new_actuator,Train/mean_episode_length,290,993.1900024414062,1778931881.6118298
grallator_flat_new_actuator,Train/mean_episode_length,291,993.1900024414062,1778931882.5785587
grallator_flat_new_actuator,Train/mean_episode_length,292,993.1900024414062,1778931883.5357997
grallator_flat_new_actuator,Train/mean_episode_length,293,993.1900024414062,1778931884.4961267
grallator_flat_new_actuator,Train/mean_episode_length,294,993.1900024414062,1778931885.4484427
grallator_flat_new_actuator,Train/mean_episode_length,295,997.8599853515625,1778931886.4484725
grallator_flat_new_actuator,Train/mean_episode_length,296,999.6500244140625,1778931887.5175161
grallator_flat_new_actuator,Train/mean_episode_length,297,1000.0,1778931888.5155551
grallator_flat_new_actuator,Train/mean_episode_length,298,1000.0,1778931889.4697986
grallator_flat_new_actuator,Train/mean_episode_length,299,1000.0,1778931890.4254818
grallator_flat_new_actuator,Train/mean_reward/time,5,-9.910006523132324,1778931594.8413937
grallator_flat_new_actuator,Train/mean_reward/time,6,-10.14167308807373,1778931595.8380058
grallator_flat_new_actuator,Train/mean_reward/time,7,-9.965095520019531,1778931596.8347244
grallator_flat_new_actuator,Train/mean_reward/time,8,-9.965095520019531,1778931597.8177137
grallator_flat_new_actuator,Train/mean_reward/time,9,-9.965095520019531,1778931598.8109221
grallator_flat_new_actuator,Train/mean_reward/time,10,-9.965095520019531,1778931599.8187363
grallator_flat_new_actuator,Train/mean_reward/time,11,-9.965095520019531,1778931600.8238199
grallator_flat_new_actuator,Train/mean_reward/time,12,-10.558883666992188,1778931601.874978
grallator_flat_new_actuator,Train/mean_reward/time,13,-10.389949798583984,1778931602.9878638
grallator_flat_new_actuator,Train/mean_reward/time,14,-10.389949798583984,1778931604.0170708
grallator_flat_new_actuator,Train/mean_reward/time,15,-10.389949798583984,1778931605.044708
grallator_flat_new_actuator,Train/mean_reward/time,16,-10.389949798583984,1778931606.0612826
grallator_flat_new_actuator,Train/mean_reward/time,17,-10.913330078125,1778931607.088604
grallator_flat_new_actuator,Train/mean_reward/time,18,-11.319182395935059,1778931608.143462
grallator_flat_new_actuator,Train/mean_reward/time,19,-11.319182395935059,1778931609.1727393
grallator_flat_new_actuator,Train/mean_reward/time,20,-11.50131893157959,1778931610.216518
grallator_flat_new_actuator,Train/mean_reward/time,21,-11.489470481872559,1778931611.2759943
grallator_flat_new_actuator,Train/mean_reward/time,22,-11.489470481872559,1778931612.3037095
grallator_flat_new_actuator,Train/mean_reward/time,23,-11.489470481872559,1778931613.3457837
grallator_flat_new_actuator,Train/mean_reward/time,24,-11.489470481872559,1778931614.3724232
grallator_flat_new_actuator,Train/mean_reward/time,25,-11.616096496582031,1778931615.542791
grallator_flat_new_actuator,Train/mean_reward/time,27,-11.616096496582031,1778931616.5798082
grallator_flat_new_actuator,Train/mean_reward/time,28,-11.616096496582031,1778931617.6169107
grallator_flat_new_actuator,Train/mean_reward/time,29,-11.616096496582031,1778931618.6473413
grallator_flat_new_actuator,Train/mean_reward/time,30,-11.616096496582031,1778931619.6677802
grallator_flat_new_actuator,Train/mean_reward/time,31,-11.616096496582031,1778931620.6916542
grallator_flat_new_actuator,Train/mean_reward/time,32,-11.616096496582031,1778931621.712283
grallator_flat_new_actuator,Train/mean_reward/time,33,-11.616096496582031,1778931622.7496614
grallator_flat_new_actuator,Train/mean_reward/time,34,-11.834742546081543,1778931623.7869368
grallator_flat_new_actuator,Train/mean_reward/time,35,-12.51328182220459,1778931624.8393824
grallator_flat_new_actuator,Train/mean_reward/time,36,-12.51328182220459,1778931626.0096655
grallator_flat_new_actuator,Train/mean_reward/time,37,-13.400434494018555,1778931627.0712113
grallator_flat_new_actuator,Train/mean_reward/time,38,-13.400434494018555,1778931628.1038992
grallator_flat_new_actuator,Train/mean_reward/time,39,-13.400434494018555,1778931629.127297
grallator_flat_new_actuator,Train/mean_reward/time,40,-13.400434494018555,1778931630.1506236
grallator_flat_new_actuator,Train/mean_reward/time,41,-13.400434494018555,1778931631.1782172
grallator_flat_new_actuator,Train/mean_reward/time,42,-13.400434494018555,1778931632.2031784
grallator_flat_new_actuator,Train/mean_reward/time,43,-13.40680980682373,1778931633.2501125
grallator_flat_new_actuator,Train/mean_reward/time,44,-13.40680980682373,1778931634.2995923
grallator_flat_new_actuator,Train/mean_reward/time,45,-13.40680980682373,1778931635.329178
grallator_flat_new_actuator,Train/mean_reward/time,46,-13.40680980682373,1778931636.5216503
grallator_flat_new_actuator,Train/mean_reward/time,47,-13.40680980682373,1778931637.5438988
grallator_flat_new_actuator,Train/mean_reward/time,48,-15.489422798156738,1778931638.5955195
grallator_flat_new_actuator,Train/mean_reward/time,49,-15.341184616088867,1778931639.6491394
grallator_flat_new_actuator,Train/mean_reward/time,50,-15.832501411437988,1778931640.6778004
grallator_flat_new_actuator,Train/mean_reward/time,51,-15.832501411437988,1778931641.688224
grallator_flat_new_actuator,Train/mean_reward/time,52,-15.832501411437988,1778931642.7074
grallator_flat_new_actuator,Train/mean_reward/time,53,-15.832501411437988,1778931643.7235074
grallator_flat_new_actuator,Train/mean_reward/time,54,-15.832501411437988,1778931644.7520437
grallator_flat_new_actuator,Train/mean_reward/time,55,-15.896573066711426,1778931645.789787
grallator_flat_new_actuator,Train/mean_reward/time,57,-16.0353946685791,1778931646.8213625
grallator_flat_new_actuator,Train/mean_reward/time,58,-16.0353946685791,1778931647.915634
grallator_flat_new_actuator,Train/mean_reward/time,59,-16.0353946685791,1778931648.9293778
grallator_flat_new_actuator,Train/mean_reward/time,60,-16.271991729736328,1778931649.9340415
grallator_flat_new_actuator,Train/mean_reward/time,61,-16.253694534301758,1778931650.9725618
grallator_flat_new_actuator,Train/mean_reward/time,62,-15.835699081420898,1778931652.0054212
grallator_flat_new_actuator,Train/mean_reward/time,63,-15.835699081420898,1778931653.032887
grallator_flat_new_actuator,Train/mean_reward/time,64,-16.15070152282715,1778931654.0591302
grallator_flat_new_actuator,Train/mean_reward/time,65,-16.7871150970459,1778931655.0826602
grallator_flat_new_actuator,Train/mean_reward/time,66,-16.7871150970459,1778931656.0878978
grallator_flat_new_actuator,Train/mean_reward/time,67,-16.7871150970459,1778931657.0956545
grallator_flat_new_actuator,Train/mean_reward/time,68,-16.7871150970459,1778931658.103813
grallator_flat_new_actuator,Train/mean_reward/time,69,-16.772388458251953,1778931659.171887
grallator_flat_new_actuator,Train/mean_reward/time,70,-16.772388458251953,1778931660.1827188
grallator_flat_new_actuator,Train/mean_reward/time,71,-16.772388458251953,1778931661.1957273
grallator_flat_new_actuator,Train/mean_reward/time,72,-16.772388458251953,1778931662.1968932
grallator_flat_new_actuator,Train/mean_reward/time,73,-16.772388458251953,1778931663.2011838
grallator_flat_new_actuator,Train/mean_reward/time,74,-16.772388458251953,1778931664.1987088
grallator_flat_new_actuator,Train/mean_reward/time,75,-16.772388458251953,1778931665.201904
grallator_flat_new_actuator,Train/mean_reward/time,76,-16.677053451538086,1778931666.2127209
grallator_flat_new_actuator,Train/mean_reward/time,77,-16.677053451538086,1778931667.2379332
grallator_flat_new_actuator,Train/mean_reward/time,78,-16.66213035583496,1778931668.2503352
grallator_flat_new_actuator,Train/mean_reward/time,79,-16.41570281982422,1778931669.3266506
grallator_flat_new_actuator,Train/mean_reward/time,80,-16.41570281982422,1778931670.3215132
grallator_flat_new_actuator,Train/mean_reward/time,81,-16.41570281982422,1778931671.316624
grallator_flat_new_actuator,Train/mean_reward/time,82,-16.41570281982422,1778931672.3045464
grallator_flat_new_actuator,Train/mean_reward/time,83,-16.41570281982422,1778931673.2951922
grallator_flat_new_actuator,Train/mean_reward/time,84,-16.41570281982422,1778931674.2805545
grallator_flat_new_actuator,Train/mean_reward/time,85,-16.313949584960938,1778931675.285695
grallator_flat_new_actuator,Train/mean_reward/time,86,-16.313949584960938,1778931676.2796876
grallator_flat_new_actuator,Train/mean_reward/time,87,-16.313949584960938,1778931677.2740583
grallator_flat_new_actuator,Train/mean_reward/time,88,-16.313949584960938,1778931678.2732296
grallator_flat_new_actuator,Train/mean_reward/time,89,-16.313949584960938,1778931679.266072
grallator_flat_new_actuator,Train/mean_reward/time,90,-16.313949584960938,1778931680.4181736
grallator_flat_new_actuator,Train/mean_reward/time,91,-16.035158157348633,1778931681.4374743
grallator_flat_new_actuator,Train/mean_reward/time,92,-15.870098114013672,1778931682.480828
grallator_flat_new_actuator,Train/mean_reward/time,93,-15.870098114013672,1778931683.474751
grallator_flat_new_actuator,Train/mean_reward/time,94,-15.870098114013672,1778931684.4683788
grallator_flat_new_actuator,Train/mean_reward/time,95,-15.870098114013672,1778931685.4600499
grallator_flat_new_actuator,Train/mean_reward/time,96,-15.870098114013672,1778931686.4507763
grallator_flat_new_actuator,Train/mean_reward/time,97,-15.870098114013672,1778931687.441749
grallator_flat_new_actuator,Train/mean_reward/time,98,-15.457515716552734,1778931688.4701023
grallator_flat_new_actuator,Train/mean_reward/time,99,-15.457515716552734,1778931689.461956
grallator_flat_new_actuator,Train/mean_reward/time,100,-15.457515716552734,1778931690.4590688
grallator_flat_new_actuator,Train/mean_reward/time,101,-15.457515716552734,1778931691.5035512
grallator_flat_new_actuator,Train/mean_reward/time,102,-15.362146377563477,1778931692.5112119
grallator_flat_new_actuator,Train/mean_reward/time,103,-15.16600227355957,1778931693.5200534
grallator_flat_new_actuator,Train/mean_reward/time,104,-15.166410446166992,1778931694.545172
grallator_flat_new_actuator,Train/mean_reward/time,105,-15.166410446166992,1778931695.5404708
grallator_flat_new_actuator,Train/mean_reward/time,106,-15.053770065307617,1778931696.5353842
grallator_flat_new_actuator,Train/mean_reward/time,107,-15.351739883422852,1778931697.5296035
grallator_flat_new_actuator,Train/mean_reward/time,108,-15.351739883422852,1778931698.522298
grallator_flat_new_actuator,Train/mean_reward/time,109,-15.351739883422852,1778931699.5082648
grallator_flat_new_actuator,Train/mean_reward/time,110,-15.351739883422852,1778931700.4856606
grallator_flat_new_actuator,Train/mean_reward/time,111,-15.118856430053711,1778931701.487354
grallator_flat_new_actuator,Train/mean_reward/time,112,-15.118856430053711,1778931702.5727766
grallator_flat_new_actuator,Train/mean_reward/time,113,-15.118856430053711,1778931703.5501823
grallator_flat_new_actuator,Train/mean_reward/time,114,-15.118856430053711,1778931704.5208843
grallator_flat_new_actuator,Train/mean_reward/time,115,-15.118856430053711,1778931705.4954753
grallator_flat_new_actuator,Train/mean_reward/time,116,-15.118856430053711,1778931706.4784727
grallator_flat_new_actuator,Train/mean_reward/time,117,-15.118856430053711,1778931707.4469647
grallator_flat_new_actuator,Train/mean_reward/time,118,-15.041335105895996,1778931708.4387398
grallator_flat_new_actuator,Train/mean_reward/time,119,-14.933547019958496,1778931709.419495
grallator_flat_new_actuator,Train/mean_reward/time,120,-14.933547019958496,1778931710.4128115
grallator_flat_new_actuator,Train/mean_reward/time,120,-14.673768043518066,1778931711.4136503
grallator_flat_new_actuator,Train/mean_reward/time,121,-14.673768043518066,1778931712.3841617
grallator_flat_new_actuator,Train/mean_reward/time,123,-14.673768043518066,1778931713.4552822
grallator_flat_new_actuator,Train/mean_reward/time,123,-14.673768043518066,1778931714.4247947
grallator_flat_new_actuator,Train/mean_reward/time,124,-14.673768043518066,1778931715.4120028
grallator_flat_new_actuator,Train/mean_reward/time,125,-14.673768043518066,1778931716.3924513
grallator_flat_new_actuator,Train/mean_reward/time,126,-14.408510208129883,1778931717.3850358
grallator_flat_new_actuator,Train/mean_reward/time,127,-14.408510208129883,1778931718.349375
grallator_flat_new_actuator,Train/mean_reward/time,128,-14.408510208129883,1778931719.3259494
grallator_flat_new_actuator,Train/mean_reward/time,129,-14.408510208129883,1778931720.3060699
grallator_flat_new_actuator,Train/mean_reward/time,130,-14.408510208129883,1778931721.2900524
grallator_flat_new_actuator,Train/mean_reward/time,131,-14.063592910766602,1778931722.2903516
grallator_flat_new_actuator,Train/mean_reward/time,132,-13.995473861694336,1778931723.2828424
grallator_flat_new_actuator,Train/mean_reward/time,133,-13.94481372833252,1778931724.361489
grallator_flat_new_actuator,Train/mean_reward/time,134,-13.94481372833252,1778931725.332293
grallator_flat_new_actuator,Train/mean_reward/time,135,-13.94481372833252,1778931726.3085442
grallator_flat_new_actuator,Train/mean_reward/time,136,-13.94481372833252,1778931727.2861755
grallator_flat_new_actuator,Train/mean_reward/time,137,-13.94481372833252,1778931728.2557209
grallator_flat_new_actuator,Train/mean_reward/time,138,-13.892702102661133,1778931729.2461874
grallator_flat_new_actuator,Train/mean_reward/time,139,-13.784479141235352,1778931730.2364917
grallator_flat_new_actuator,Train/mean_reward/time,140,-13.784479141235352,1778931731.1927407
grallator_flat_new_actuator,Train/mean_reward/time,141,-13.784479141235352,1778931732.1541529
grallator_flat_new_actuator,Train/mean_reward/time,142,-13.784479141235352,1778931733.1177301
grallator_flat_new_actuator,Train/mean_reward/time,143,-13.651141166687012,1778931734.1035538
grallator_flat_new_actuator,Train/mean_reward/time,144,-13.448298454284668,1778931735.2533321
grallator_flat_new_actuator,Train/mean_reward/time,145,-13.448298454284668,1778931736.2274756
grallator_flat_new_actuator,Train/mean_reward/time,146,-13.30380916595459,1778931737.2002017
grallator_flat_new_actuator,Train/mean_reward/time,147,-13.199395179748535,1778931738.1986651
grallator_flat_new_actuator,Train/mean_reward/time,148,-13.199395179748535,1778931739.1657546
grallator_flat_new_actuator,Train/mean_reward/time,149,-13.199395179748535,1778931740.1285176
grallator_flat_new_actuator,Train/mean_reward/time,150,-13.199395179748535,1778931741.0848043
grallator_flat_new_actuator,Train/mean_reward/time,151,-13.122095108032227,1778931742.07064
grallator_flat_new_actuator,Train/mean_reward/time,152,-13.122095108032227,1778931743.0393722
grallator_flat_new_actuator,Train/mean_reward/time,153,-13.122095108032227,1778931744.0036383
grallator_flat_new_actuator,Train/mean_reward/time,154,-13.122095108032227,1778931744.9723628
grallator_flat_new_actuator,Train/mean_reward/time,155,-13.122095108032227,1778931746.0058737
grallator_flat_new_actuator,Train/mean_reward/time,156,-13.122095108032227,1778931746.9661903
grallator_flat_new_actuator,Train/mean_reward/time,157,-13.122095108032227,1778931747.9267268
grallator_flat_new_actuator,Train/mean_reward/time,158,-13.122095108032227,1778931748.8866417
grallator_flat_new_actuator,Train/mean_reward/time,159,-13.01951789855957,1778931749.8658345
grallator_flat_new_actuator,Train/mean_reward/time,160,-12.883234977722168,1778931750.85222
grallator_flat_new_actuator,Train/mean_reward/time,161,-12.883234977722168,1778931751.814616
grallator_flat_new_actuator,Train/mean_reward/time,161,-12.890929222106934,1778931752.801872
grallator_flat_new_actuator,Train/mean_reward/time,162,-12.890929222106934,1778931753.7631845
grallator_flat_new_actuator,Train/mean_reward/time,163,-12.890929222106934,1778931754.7470522
grallator_flat_new_actuator,Train/mean_reward/time,164,-12.890929222106934,1778931755.7292717
grallator_flat_new_actuator,Train/mean_reward/time,165,-12.890929222106934,1778931756.8144057
grallator_flat_new_actuator,Train/mean_reward/time,166,-12.890929222106934,1778931757.7737393
grallator_flat_new_actuator,Train/mean_reward/time,167,-12.82912540435791,1778931758.7527874
grallator_flat_new_actuator,Train/mean_reward/time,168,-12.82912540435791,1778931759.7100382
grallator_flat_new_actuator,Train/mean_reward/time,169,-12.82912540435791,1778931760.6762497
grallator_flat_new_actuator,Train/mean_reward/time,170,-12.82912540435791,1778931761.6266673
grallator_flat_new_actuator,Train/mean_reward/time,171,-12.82912540435791,1778931762.5752163
grallator_flat_new_actuator,Train/mean_reward/time,172,-12.635224342346191,1778931763.5629025
grallator_flat_new_actuator,Train/mean_reward/time,173,-12.520687103271484,1778931764.5574033
grallator_flat_new_actuator,Train/mean_reward/time,174,-12.338706970214844,1778931765.534055
grallator_flat_new_actuator,Train/mean_reward/time,175,-12.338706970214844,1778931766.4909694
grallator_flat_new_actuator,Train/mean_reward/time,176,-12.338706970214844,1778931767.6030188
grallator_flat_new_actuator,Train/mean_reward/time,177,-12.338706970214844,1778931768.564856
grallator_flat_new_actuator,Train/mean_reward/time,178,-12.338706970214844,1778931769.5139923
grallator_flat_new_actuator,Train/mean_reward/time,179,-12.258591651916504,1778931770.4970193
grallator_flat_new_actuator,Train/mean_reward/time,180,-12.17040729522705,1778931771.4693081
grallator_flat_new_actuator,Train/mean_reward/time,181,-12.17040729522705,1778931772.4248545
grallator_flat_new_actuator,Train/mean_reward/time,182,-12.17040729522705,1778931773.3843887
grallator_flat_new_actuator,Train/mean_reward/time,183,-12.120976448059082,1778931774.338204
grallator_flat_new_actuator,Train/mean_reward/time,184,-11.992836952209473,1778931775.338109
grallator_flat_new_actuator,Train/mean_reward/time,185,-11.853204727172852,1778931776.328663
grallator_flat_new_actuator,Train/mean_reward/time,186,-11.853204727172852,1778931777.281854
grallator_flat_new_actuator,Train/mean_reward/time,187,-11.718666076660156,1778931778.374996
grallator_flat_new_actuator,Train/mean_reward/time,188,-11.684879302978516,1778931779.3576264
grallator_flat_new_actuator,Train/mean_reward/time,189,-11.684879302978516,1778931780.3102934
grallator_flat_new_actuator,Train/mean_reward/time,190,-11.684879302978516,1778931781.272054
grallator_flat_new_actuator,Train/mean_reward/time,191,-11.684879302978516,1778931782.2282047
grallator_flat_new_actuator,Train/mean_reward/time,192,-11.5745849609375,1778931783.2094536
grallator_flat_new_actuator,Train/mean_reward/time,193,-11.5745849609375,1778931784.1656947
grallator_flat_new_actuator,Train/mean_reward/time,194,-11.5745849609375,1778931785.1405277
grallator_flat_new_actuator,Train/mean_reward/time,194,-11.5745849609375,1778931786.1107633
grallator_flat_new_actuator,Train/mean_reward/time,195,-11.5745849609375,1778931787.0728297
grallator_flat_new_actuator,Train/mean_reward/time,196,-11.5745849609375,1778931788.034448
grallator_flat_new_actuator,Train/mean_reward/time,197,-11.5745849609375,1778931789.098026
grallator_flat_new_actuator,Train/mean_reward/time,198,-11.530871391296387,1778931790.0670762
grallator_flat_new_actuator,Train/mean_reward/time,199,-11.530871391296387,1778931791.0509195
grallator_flat_new_actuator,Train/mean_reward/time,200,-11.452554702758789,1778931792.0387511
grallator_flat_new_actuator,Train/mean_reward/time,201,-11.29275131225586,1778931793.0229762
grallator_flat_new_actuator,Train/mean_reward/time,202,-11.29275131225586,1778931794.0048761
grallator_flat_new_actuator,Train/mean_reward/time,203,-11.29275131225586,1778931794.9913096
grallator_flat_new_actuator,Train/mean_reward/time,204,-11.29275131225586,1778931795.9518092
grallator_flat_new_actuator,Train/mean_reward/time,205,-11.29275131225586,1778931796.9201608
grallator_flat_new_actuator,Train/mean_reward/time,206,-11.29275131225586,1778931797.8812366
grallator_flat_new_actuator,Train/mean_reward/time,207,-11.239599227905273,1778931798.8582232
grallator_flat_new_actuator,Train/mean_reward/time,208,-11.239599227905273,1778931799.827105
grallator_flat_new_actuator,Train/mean_reward/time,209,-11.239599227905273,1778931800.802092
grallator_flat_new_actuator,Train/mean_reward/time,210,-11.239599227905273,1778931801.7696142
grallator_flat_new_actuator,Train/mean_reward/time,211,-11.239599227905273,1778931802.7319016
grallator_flat_new_actuator,Train/mean_reward/time,212,-11.239599227905273,1778931803.696277
grallator_flat_new_actuator,Train/mean_reward/time,213,-11.026455879211426,1778931804.7093172
grallator_flat_new_actuator,Train/mean_reward/time,214,-10.976554870605469,1778931805.721803
grallator_flat_new_actuator,Train/mean_reward/time,215,-10.976554870605469,1778931806.6899807
grallator_flat_new_actuator,Train/mean_reward/time,216,-10.976554870605469,1778931807.6580756
grallator_flat_new_actuator,Train/mean_reward/time,217,-10.976554870605469,1778931808.620188
grallator_flat_new_actuator,Train/mean_reward/time,218,-10.976554870605469,1778931809.5937083
grallator_flat_new_actuator,Train/mean_reward/time,219,-10.976554870605469,1778931810.560264
grallator_flat_new_actuator,Train/mean_reward/time,220,-10.755373001098633,1778931811.7117693
grallator_flat_new_actuator,Train/mean_reward/time,221,-10.755373001098633,1778931812.6809022
grallator_flat_new_actuator,Train/mean_reward/time,222,-10.755373001098633,1778931813.6467233
grallator_flat_new_actuator,Train/mean_reward/time,223,-10.755373001098633,1778931814.6154153
grallator_flat_new_actuator,Train/mean_reward/time,224,-10.629075050354004,1778931815.6079168
grallator_flat_new_actuator,Train/mean_reward/time,225,-10.55270004272461,1778931816.5992572
grallator_flat_new_actuator,Train/mean_reward/time,226,-10.525421142578125,1778931817.600641
grallator_flat_new_actuator,Train/mean_reward/time,227,-10.525421142578125,1778931818.5658433
grallator_flat_new_actuator,Train/mean_reward/time,228,-10.452936172485352,1778931819.5576632
grallator_flat_new_actuator,Train/mean_reward/time,229,-10.343469619750977,1778931820.5642962
grallator_flat_new_actuator,Train/mean_reward/time,230,-10.343469619750977,1778931821.5400927
grallator_flat_new_actuator,Train/mean_reward/time,231,-10.343469619750977,1778931822.540057
grallator_flat_new_actuator,Train/mean_reward/time,232,-10.343469619750977,1778931823.5095592
grallator_flat_new_actuator,Train/mean_reward/time,233,-10.224714279174805,1778931824.4958167
grallator_flat_new_actuator,Train/mean_reward/time,233,-10.224714279174805,1778931825.4564333
grallator_flat_new_actuator,Train/mean_reward/time,234,-10.224714279174805,1778931826.4340544
grallator_flat_new_actuator,Train/mean_reward/time,235,-10.224714279174805,1778931827.407231
grallator_flat_new_actuator,Train/mean_reward/time,236,-10.224714279174805,1778931828.382706
grallator_flat_new_actuator,Train/mean_reward/time,237,-10.224714279174805,1778931829.3633866
grallator_flat_new_actuator,Train/mean_reward/time,238,-10.224714279174805,1778931830.324858
grallator_flat_new_actuator,Train/mean_reward/time,239,-10.158418655395508,1778931831.3109648
grallator_flat_new_actuator,Train/mean_reward/time,240,-10.048599243164062,1778931832.302382
grallator_flat_new_actuator,Train/mean_reward/time,241,-10.048599243164062,1778931833.4337242
grallator_flat_new_actuator,Train/mean_reward/time,242,-9.973433494567871,1778931834.4183967
grallator_flat_new_actuator,Train/mean_reward/time,243,-9.973433494567871,1778931835.3925605
grallator_flat_new_actuator,Train/mean_reward/time,244,-9.973433494567871,1778931836.3685415
grallator_flat_new_actuator,Train/mean_reward/time,245,-9.973433494567871,1778931837.3316345
grallator_flat_new_actuator,Train/mean_reward/time,246,-9.973433494567871,1778931838.3019547
grallator_flat_new_actuator,Train/mean_reward/time,247,-9.973433494567871,1778931839.2757413
grallator_flat_new_actuator,Train/mean_reward/time,248,-9.874043464660645,1778931840.274484
grallator_flat_new_actuator,Train/mean_reward/time,249,-9.874043464660645,1778931841.242619
grallator_flat_new_actuator,Train/mean_reward/time,250,-9.874043464660645,1778931842.2082572
grallator_flat_new_actuator,Train/mean_reward/time,251,-9.874043464660645,1778931843.1820397
grallator_flat_new_actuator,Train/mean_reward/time,252,-9.874043464660645,1778931844.2541792
grallator_flat_new_actuator,Train/mean_reward/time,253,-9.633196830749512,1778931845.258392
grallator_flat_new_actuator,Train/mean_reward/time,254,-9.572528839111328,1778931846.236407
grallator_flat_new_actuator,Train/mean_reward/time,255,-9.427351951599121,1778931847.248067
grallator_flat_new_actuator,Train/mean_reward/time,256,-9.427351951599121,1778931848.2224584
grallator_flat_new_actuator,Train/mean_reward/time,257,-9.427351951599121,1778931849.18575
grallator_flat_new_actuator,Train/mean_reward/time,258,-9.427351951599121,1778931850.177007
grallator_flat_new_actuator,Train/mean_reward/time,259,-9.427351951599121,1778931851.1403468
grallator_flat_new_actuator,Train/mean_reward/time,260,-9.387487411499023,1778931852.1225097
grallator_flat_new_actuator,Train/mean_reward/time,261,-9.35847282409668,1778931853.117967
grallator_flat_new_actuator,Train/mean_reward/time,262,-9.35847282409668,1778931854.0784264
grallator_flat_new_actuator,Train/mean_reward/time,263,-9.35847282409668,1778931855.1539369
grallator_flat_new_actuator,Train/mean_reward/time,264,-9.35847282409668,1778931856.112094
grallator_flat_new_actuator,Train/mean_reward/time,265,-9.205501556396484,1778931857.1068146
grallator_flat_new_actuator,Train/mean_reward/time,266,-8.945183753967285,1778931858.122308
grallator_flat_new_actuator,Train/mean_reward/time,267,-8.945183753967285,1778931859.0830638
grallator_flat_new_actuator,Train/mean_reward/time,268,-8.886004447937012,1778931860.070494
grallator_flat_new_actuator,Train/mean_reward/time,269,-8.800336837768555,1778931861.0759237
grallator_flat_new_actuator,Train/mean_reward/time,270,-8.800336837768555,1778931862.0433161
grallator_flat_new_actuator,Train/mean_reward/time,271,-8.800336837768555,1778931863.0155659
grallator_flat_new_actuator,Train/mean_reward/time,272,-8.800336837768555,1778931863.9789662
grallator_flat_new_actuator,Train/mean_reward/time,273,-8.655641555786133,1778931864.977056
grallator_flat_new_actuator,Train/mean_reward/time,274,-8.655641555786133,1778931866.0156803
grallator_flat_new_actuator,Train/mean_reward/time,275,-8.655641555786133,1778931866.979559
grallator_flat_new_actuator,Train/mean_reward/time,276,-8.655641555786133,1778931867.9442062
grallator_flat_new_actuator,Train/mean_reward/time,276,-8.655641555786133,1778931868.907034
grallator_flat_new_actuator,Train/mean_reward/time,277,-8.655641555786133,1778931869.8635514
grallator_flat_new_actuator,Train/mean_reward/time,278,-8.655641555786133,1778931870.822441
grallator_flat_new_actuator,Train/mean_reward/time,279,-8.655641555786133,1778931871.7881474
grallator_flat_new_actuator,Train/mean_reward/time,280,-8.501461029052734,1778931872.7843704
grallator_flat_new_actuator,Train/mean_reward/time,281,-8.414645195007324,1778931873.7755175
grallator_flat_new_actuator,Train/mean_reward/time,282,-8.414645195007324,1778931874.7318015
grallator_flat_new_actuator,Train/mean_reward/time,283,-8.298063278198242,1778931875.7192693
grallator_flat_new_actuator,Train/mean_reward/time,284,-8.298063278198242,1778931876.8078806
grallator_flat_new_actuator,Train/mean_reward/time,285,-8.298063278198242,1778931877.7645028
grallator_flat_new_actuator,Train/mean_reward/time,286,-8.298063278198242,1778931878.7186925
grallator_flat_new_actuator,Train/mean_reward/time,287,-8.298063278198242,1778931879.6699338
grallator_flat_new_actuator,Train/mean_reward/time,288,-8.298063278198242,1778931880.6263165
grallator_flat_new_actuator,Train/mean_reward/time,289,-8.165393829345703,1778931881.6119869
grallator_flat_new_actuator,Train/mean_reward/time,290,-8.165393829345703,1778931882.5787435
grallator_flat_new_actuator,Train/mean_reward/time,291,-8.165393829345703,1778931883.5359588
grallator_flat_new_actuator,Train/mean_reward/time,292,-8.165393829345703,1778931884.496285
grallator_flat_new_actuator,Train/mean_reward/time,293,-8.165393829345703,1778931885.4486268
grallator_flat_new_actuator,Train/mean_reward/time,294,-7.835936069488525,1778931886.448672
grallator_flat_new_actuator,Train/mean_reward/time,295,-7.582576274871826,1778931887.517708
grallator_flat_new_actuator,Train/mean_reward/time,296,-7.433206558227539,1778931888.5157406
grallator_flat_new_actuator,Train/mean_reward/time,297,-7.433206558227539,1778931889.469958
grallator_flat_new_actuator,Train/mean_reward/time,298,-7.433206558227539,1778931890.4256854
grallator_flat_new_actuator,Train/mean_episode_length/time,5,90.5,1778931594.8415494
grallator_flat_new_actuator,Train/mean_episode_length/time,6,99.66666412353516,1778931595.8381612
grallator_flat_new_actuator,Train/mean_episode_length/time,7,107.0,1778931596.834759
grallator_flat_new_actuator,Train/mean_episode_length/time,8,107.0,1778931597.8177488
grallator_flat_new_actuator,Train/mean_episode_length/time,9,107.0,1778931598.8109589
grallator_flat_new_actuator,Train/mean_episode_length/time,10,107.0,1778931599.8187723
grallator_flat_new_actuator,Train/mean_episode_length/time,11,107.0,1778931600.8238537
grallator_flat_new_actuator,Train/mean_episode_length/time,12,137.8000030517578,1778931601.875038
grallator_flat_new_actuator,Train/mean_episode_length/time,13,161.0,1778931602.9879005
grallator_flat_new_actuator,Train/mean_episode_length/time,14,161.0,1778931604.0171978
grallator_flat_new_actuator,Train/mean_episode_length/time,15,161.0,1778931605.0448349
grallator_flat_new_actuator,Train/mean_episode_length/time,16,161.0,1778931606.0613196
grallator_flat_new_actuator,Train/mean_episode_length/time,17,190.57142639160156,1778931607.088647
grallator_flat_new_actuator,Train/mean_episode_length/time,18,235.88888549804688,1778931608.143499
grallator_flat_new_actuator,Train/mean_episode_length/time,19,235.88888549804688,1778931609.1727777
grallator_flat_new_actuator,Train/mean_episode_length/time,20,257.79998779296875,1778931610.2165663
grallator_flat_new_actuator,Train/mean_episode_length/time,21,277.6363525390625,1778931611.2760599
grallator_flat_new_actuator,Train/mean_episode_length/time,22,277.6363525390625,1778931612.3038328
grallator_flat_new_actuator,Train/mean_episode_length/time,23,277.6363525390625,1778931613.3459485
grallator_flat_new_actuator,Train/mean_episode_length/time,24,277.6363525390625,1778931614.3724651
grallator_flat_new_actuator,Train/mean_episode_length/time,25,302.0,1778931615.542831
grallator_flat_new_actuator,Train/mean_episode_length/time,27,302.0,1778931616.5798485
grallator_flat_new_actuator,Train/mean_episode_length/time,28,302.0,1778931617.6169512
grallator_flat_new_actuator,Train/mean_episode_length/time,29,302.0,1778931618.6474712
grallator_flat_new_actuator,Train/mean_episode_length/time,30,302.0,1778931619.6679153
grallator_flat_new_actuator,Train/mean_episode_length/time,31,302.0,1778931620.691786
grallator_flat_new_actuator,Train/mean_episode_length/time,32,302.0,1778931621.7123234
grallator_flat_new_actuator,Train/mean_episode_length/time,33,302.0,1778931622.7497044
grallator_flat_new_actuator,Train/mean_episode_length/time,34,336.4615478515625,1778931623.786977
grallator_flat_new_actuator,Train/mean_episode_length/time,35,368.3571472167969,1778931624.839424
grallator_flat_new_actuator,Train/mean_episode_length/time,36,368.3571472167969,1778931626.0097978
grallator_flat_new_actuator,Train/mean_episode_length/time,37,398.5333251953125,1778931627.0713344
grallator_flat_new_actuator,Train/mean_episode_length/time,38,398.5333251953125,1778931628.1039674
grallator_flat_new_actuator,Train/mean_episode_length/time,39,398.5333251953125,1778931629.1273382
grallator_flat_new_actuator,Train/mean_episode_length/time,40,398.5333251953125,1778931630.1507635
grallator_flat_new_actuator,Train/mean_episode_length/time,41,398.5333251953125,1778931631.1782687
grallator_flat_new_actuator,Train/mean_episode_length/time,42,398.5333251953125,1778931632.20322
grallator_flat_new_actuator,Train/mean_episode_length/time,43,433.9375,1778931633.250156
grallator_flat_new_actuator,Train/mean_episode_length/time,44,433.9375,1778931634.299658
grallator_flat_new_actuator,Train/mean_episode_length/time,45,433.9375,1778931635.3292217
grallator_flat_new_actuator,Train/mean_episode_length/time,46,433.9375,1778931636.5216963
grallator_flat_new_actuator,Train/mean_episode_length/time,47,433.9375,1778931637.5439425
grallator_flat_new_actuator,Train/mean_episode_length/time,48,496.8333435058594,1778931638.5955632
grallator_flat_new_actuator,Train/mean_episode_length/time,49,523.3157958984375,1778931639.6491992
grallator_flat_new_actuator,Train/mean_episode_length/time,50,547.1500244140625,1778931640.6778462
grallator_flat_new_actuator,Train/mean_episode_length/time,51,547.1500244140625,1778931641.6882682
grallator_flat_new_actuator,Train/mean_episode_length/time,52,547.1500244140625,1778931642.7074573
grallator_flat_new_actuator,Train/mean_episode_length/time,53,547.1500244140625,1778931643.7235525
grallator_flat_new_actuator,Train/mean_episode_length/time,54,547.1500244140625,1778931644.752089
grallator_flat_new_actuator,Train/mean_episode_length/time,55,568.7142944335938,1778931645.7898333
grallator_flat_new_actuator,Train/mean_episode_length/time,57,588.3181762695312,1778931646.8214083
grallator_flat_new_actuator,Train/mean_episode_length/time,58,588.3181762695312,1778931647.9157734
grallator_flat_new_actuator,Train/mean_episode_length/time,59,588.3181762695312,1778931648.9294546
grallator_flat_new_actuator,Train/mean_episode_length/time,60,606.2174072265625,1778931649.934088
grallator_flat_new_actuator,Train/mean_episode_length/time,61,622.625,1778931650.9727237
grallator_flat_new_actuator,Train/mean_episode_length/time,62,637.719970703125,1778931652.005469
grallator_flat_new_actuator,Train/mean_episode_length/time,63,637.719970703125,1778931653.0329652
grallator_flat_new_actuator,Train/mean_episode_length/time,64,651.6538696289062,1778931654.0591784
grallator_flat_new_actuator,Train/mean_episode_length/time,65,664.5555419921875,1778931655.0827107
grallator_flat_new_actuator,Train/mean_episode_length/time,66,664.5555419921875,1778931656.0879483
grallator_flat_new_actuator,Train/mean_episode_length/time,67,664.5555419921875,1778931657.0957074
grallator_flat_new_actuator,Train/mean_episode_length/time,68,664.5555419921875,1778931658.103954
grallator_flat_new_actuator,Train/mean_episode_length/time,69,676.5357055664062,1778931659.171938
grallator_flat_new_actuator,Train/mean_episode_length/time,70,676.5357055664062,1778931660.1828623
grallator_flat_new_actuator,Train/mean_episode_length/time,71,676.5357055664062,1778931661.1957784
grallator_flat_new_actuator,Train/mean_episode_length/time,72,676.5357055664062,1778931662.1969433
grallator_flat_new_actuator,Train/mean_episode_length/time,73,676.5357055664062,1778931663.2013273
grallator_flat_new_actuator,Train/mean_episode_length/time,74,676.5357055664062,1778931664.1987598
grallator_flat_new_actuator,Train/mean_episode_length/time,75,676.5357055664062,1778931665.2019541
grallator_flat_new_actuator,Train/mean_episode_length/time,76,687.6896362304688,1778931666.2127717
grallator_flat_new_actuator,Train/mean_episode_length/time,77,687.6896362304688,1778931667.238081
grallator_flat_new_actuator,Train/mean_episode_length/time,78,698.0999755859375,1778931668.2504842
grallator_flat_new_actuator,Train/mean_episode_length/time,79,707.8386840820312,1778931669.3267057
grallator_flat_new_actuator,Train/mean_episode_length/time,80,707.8386840820312,1778931670.3215659
grallator_flat_new_actuator,Train/mean_episode_length/time,81,707.8386840820312,1778931671.3166814
grallator_flat_new_actuator,Train/mean_episode_length/time,82,707.8386840820312,1778931672.3047101
grallator_flat_new_actuator,Train/mean_episode_length/time,83,707.8386840820312,1778931673.2953336
grallator_flat_new_actuator,Train/mean_episode_length/time,84,707.8386840820312,1778931674.280634
grallator_flat_new_actuator,Train/mean_episode_length/time,85,716.96875,1778931675.2857478
grallator_flat_new_actuator,Train/mean_episode_length/time,86,716.96875,1778931676.2798398
grallator_flat_new_actuator,Train/mean_episode_length/time,87,716.96875,1778931677.274112
grallator_flat_new_actuator,Train/mean_episode_length/time,88,716.96875,1778931678.2732823
grallator_flat_new_actuator,Train/mean_episode_length/time,89,716.96875,1778931679.2661269
grallator_flat_new_actuator,Train/mean_episode_length/time,90,716.96875,1778931680.4183276
grallator_flat_new_actuator,Train/mean_episode_length/time,91,733.61767578125,1778931681.4375277
grallator_flat_new_actuator,Train/mean_episode_length/time,92,748.4166870117188,1778931682.480914
grallator_flat_new_actuator,Train/mean_episode_length/time,93,748.4166870117188,1778931683.4748948
grallator_flat_new_actuator,Train/mean_episode_length/time,94,748.4166870117188,1778931684.4685287
grallator_flat_new_actuator,Train/mean_episode_length/time,95,748.4166870117188,1778931685.4601057
grallator_flat_new_actuator,Train/mean_episode_length/time,96,748.4166870117188,1778931686.4509563
grallator_flat_new_actuator,Train/mean_episode_length/time,97,748.4166870117188,1778931687.4418066
grallator_flat_new_actuator,Train/mean_episode_length/time,98,761.6578979492188,1778931688.4702713
grallator_flat_new_actuator,Train/mean_episode_length/time,99,761.6578979492188,1778931689.4620125
grallator_flat_new_actuator,Train/mean_episode_length/time,100,761.6578979492188,1778931690.4591315
grallator_flat_new_actuator,Train/mean_episode_length/time,101,761.6578979492188,1778931691.50371
grallator_flat_new_actuator,Train/mean_episode_length/time,102,767.7692260742188,1778931692.5112727
grallator_flat_new_actuator,Train/mean_episode_length/time,103,773.5750122070312,1778931693.5201995
grallator_flat_new_actuator,Train/mean_episode_length/time,104,779.0975341796875,1778931694.5452604
grallator_flat_new_actuator,Train/mean_episode_length/time,105,779.0975341796875,1778931695.5405307
grallator_flat_new_actuator,Train/mean_episode_length/time,106,784.3571166992188,1778931696.5355496
grallator_flat_new_actuator,Train/mean_episode_length/time,107,789.3720703125,1778931697.5297668
grallator_flat_new_actuator,Train/mean_episode_length/time,108,789.3720703125,1778931698.5223873
grallator_flat_new_actuator,Train/mean_episode_length/time,109,789.3720703125,1778931699.5084147
grallator_flat_new_actuator,Train/mean_episode_length/time,110,789.3720703125,1778931700.485722
grallator_flat_new_actuator,Train/mean_episode_length/time,111,794.1591186523438,1778931701.4874156
grallator_flat_new_actuator,Train/mean_episode_length/time,112,794.1591186523438,1778931702.5728624
grallator_flat_new_actuator,Train/mean_episode_length/time,113,794.1591186523438,1778931703.5503445
grallator_flat_new_actuator,Train/mean_episode_length/time,114,794.1591186523438,1778931704.520945
grallator_flat_new_actuator,Train/mean_episode_length/time,115,794.1591186523438,1778931705.4956486
grallator_flat_new_actuator,Train/mean_episode_length/time,116,794.1591186523438,1778931706.4786487
grallator_flat_new_actuator,Train/mean_episode_length/time,117,794.1591186523438,1778931707.447024
grallator_flat_new_actuator,Train/mean_episode_length/time,118,798.7333374023438,1778931708.4388344
grallator_flat_new_actuator,Train/mean_episode_length/time,119,803.1087036132812,1778931709.4195566
grallator_flat_new_actuator,Train/mean_episode_length/time,120,803.1087036132812,1778931710.4128733
grallator_flat_new_actuator,Train/mean_episode_length/time,120,807.2978515625,1778931711.413715
grallator_flat_new_actuator,Train/mean_episode_length/time,121,807.2978515625,1778931712.3843095
grallator_flat_new_actuator,Train/mean_episode_length/time,123,807.2978515625,1778931713.4554393
grallator_flat_new_actuator,Train/mean_episode_length/time,123,807.2978515625,1778931714.4249823
grallator_flat_new_actuator,Train/mean_episode_length/time,124,807.2978515625,1778931715.4120648
grallator_flat_new_actuator,Train/mean_episode_length/time,125,807.2978515625,1778931716.3926325
grallator_flat_new_actuator,Train/mean_episode_length/time,126,811.3125,1778931717.3851893
grallator_flat_new_actuator,Train/mean_episode_length/time,127,811.3125,1778931718.3494384
grallator_flat_new_actuator,Train/mean_episode_length/time,128,811.3125,1778931719.3260143
grallator_flat_new_actuator,Train/mean_episode_length/time,129,811.3125,1778931720.306133
grallator_flat_new_actuator,Train/mean_episode_length/time,130,811.3125,1778931721.2901154
grallator_flat_new_actuator,Train/mean_episode_length/time,131,818.8599853515625,1778931722.2904155
grallator_flat_new_actuator,Train/mean_episode_length/time,132,822.4117431640625,1778931723.282934
grallator_flat_new_actuator,Train/mean_episode_length/time,133,825.826904296875,1778931724.361659
grallator_flat_new_actuator,Train/mean_episode_length/time,134,825.826904296875,1778931725.33236
grallator_flat_new_actuator,Train/mean_episode_length/time,135,825.826904296875,1778931726.3086376
grallator_flat_new_actuator,Train/mean_episode_length/time,136,825.826904296875,1778931727.2862551
grallator_flat_new_actuator,Train/mean_episode_length/time,137,825.826904296875,1778931728.255786
grallator_flat_new_actuator,Train/mean_episode_length/time,138,829.1132202148438,1778931729.2462656
grallator_flat_new_actuator,Train/mean_episode_length/time,139,832.2777709960938,1778931730.2365577
grallator_flat_new_actuator,Train/mean_episode_length/time,140,832.2777709960938,1778931731.1928082
grallator_flat_new_actuator,Train/mean_episode_length/time,141,832.2777709960938,1778931732.154219
grallator_flat_new_actuator,Train/mean_episode_length/time,142,832.2777709960938,1778931733.1177983
grallator_flat_new_actuator,Train/mean_episode_length/time,143,835.3272705078125,1778931734.1036484
grallator_flat_new_actuator,Train/mean_episode_length/time,144,841.1052856445312,1778931735.2534025
grallator_flat_new_actuator,Train/mean_episode_length/time,145,841.1052856445312,1778931736.2275445
grallator_flat_new_actuator,Train/mean_episode_length/time,146,843.8448486328125,1778931737.2002723
grallator_flat_new_actuator,Train/mean_episode_length/time,147,846.4915161132812,1778931738.1987662
grallator_flat_new_actuator,Train/mean_episode_length/time,148,846.4915161132812,1778931739.1658418
grallator_flat_new_actuator,Train/mean_episode_length/time,149,846.4915161132812,1778931740.128701
grallator_flat_new_actuator,Train/mean_episode_length/time,150,846.4915161132812,1778931741.0849679
grallator_flat_new_actuator,Train/mean_episode_length/time,151,849.0499877929688,1778931742.070715
grallator_flat_new_actuator,Train/mean_episode_length/time,152,849.0499877929688,1778931743.0394425
grallator_flat_new_actuator,Train/mean_episode_length/time,153,849.0499877929688,1778931744.0038025
grallator_flat_new_actuator,Train/mean_episode_length/time,154,849.0499877929688,1778931744.9724343
grallator_flat_new_actuator,Train/mean_episode_length/time,155,849.0499877929688,1778931746.0059433
grallator_flat_new_actuator,Train/mean_episode_length/time,156,849.0499877929688,1778931746.9663076
grallator_flat_new_actuator,Train/mean_episode_length/time,157,849.0499877929688,1778931747.9268901
grallator_flat_new_actuator,Train/mean_episode_length/time,158,849.0499877929688,1778931748.886811
grallator_flat_new_actuator,Train/mean_episode_length/time,159,851.5245971679688,1778931749.8659055
grallator_flat_new_actuator,Train/mean_episode_length/time,160,853.9193725585938,1778931750.852294
grallator_flat_new_actuator,Train/mean_episode_length/time,161,853.9193725585938,1778931751.8146918
grallator_flat_new_actuator,Train/mean_episode_length/time,161,856.2380981445312,1778931752.801946
grallator_flat_new_actuator,Train/mean_episode_length/time,162,856.2380981445312,1778931753.7633524
grallator_flat_new_actuator,Train/mean_episode_length/time,163,856.2380981445312,1778931754.7472177
grallator_flat_new_actuator,Train/mean_episode_length/time,164,856.2380981445312,1778931755.7293437
grallator_flat_new_actuator,Train/mean_episode_length/time,165,856.2380981445312,1778931756.8144803
grallator_flat_new_actuator,Train/mean_episode_length/time,166,856.2380981445312,1778931757.773846
grallator_flat_new_actuator,Train/mean_episode_length/time,167,858.484375,1778931758.7528615
grallator_flat_new_actuator,Train/mean_episode_length/time,168,858.484375,1778931759.7101128
grallator_flat_new_actuator,Train/mean_episode_length/time,169,858.484375,1778931760.6763518
grallator_flat_new_actuator,Train/mean_episode_length/time,170,858.484375,1778931761.6267436
grallator_flat_new_actuator,Train/mean_episode_length/time,171,858.484375,1778931762.575289
grallator_flat_new_actuator,Train/mean_episode_length/time,172,862.772705078125,1778931763.5629778
grallator_flat_new_actuator,Train/mean_episode_length/time,173,864.8209228515625,1778931764.55748
grallator_flat_new_actuator,Train/mean_episode_length/time,174,866.808837890625,1778931765.5341294
grallator_flat_new_actuator,Train/mean_episode_length/time,175,866.808837890625,1778931766.4910448
grallator_flat_new_actuator,Train/mean_episode_length/time,176,866.808837890625,1778931767.603095
grallator_flat_new_actuator,Train/mean_episode_length/time,177,866.808837890625,1778931768.564933
grallator_flat_new_actuator,Train/mean_episode_length/time,178,866.808837890625,1778931769.5140693
grallator_flat_new_actuator,Train/mean_episode_length/time,179,868.7391357421875,1778931770.4970958
grallator_flat_new_actuator,Train/mean_episode_length/time,180,870.6142578125,1778931771.4694772
grallator_flat_new_actuator,Train/mean_episode_length/time,181,870.6142578125,1778931772.425026
grallator_flat_new_actuator,Train/mean_episode_length/time,182,870.6142578125,1778931773.3845577
grallator_flat_new_actuator,Train/mean_episode_length/time,183,872.4366455078125,1778931774.3383899
grallator_flat_new_actuator,Train/mean_episode_length/time,184,874.2083129882812,1778931775.3381906
grallator_flat_new_actuator,Train/mean_episode_length/time,185,875.9315185546875,1778931776.3287451
grallator_flat_new_actuator,Train/mean_episode_length/time,186,875.9315185546875,1778931777.2819338
grallator_flat_new_actuator,Train/mean_episode_length/time,187,877.6080932617188,1778931778.37517
grallator_flat_new_actuator,Train/mean_episode_length/time,188,879.239990234375,1778931779.3577409
grallator_flat_new_actuator,Train/mean_episode_length/time,189,879.239990234375,1778931780.3103755
grallator_flat_new_actuator,Train/mean_episode_length/time,190,879.239990234375,1778931781.2722595
grallator_flat_new_actuator,Train/mean_episode_length/time,191,879.239990234375,1778931782.2282858
grallator_flat_new_actuator,Train/mean_episode_length/time,192,880.8289184570312,1778931783.2096362
grallator_flat_new_actuator,Train/mean_episode_length/time,193,880.8289184570312,1778931784.1658711
grallator_flat_new_actuator,Train/mean_episode_length/time,194,880.8289184570312,1778931785.1406364
grallator_flat_new_actuator,Train/mean_episode_length/time,194,880.8289184570312,1778931786.1108465
grallator_flat_new_actuator,Train/mean_episode_length/time,195,880.8289184570312,1778931787.0729175
grallator_flat_new_actuator,Train/mean_episode_length/time,196,880.8289184570312,1778931788.034632
grallator_flat_new_actuator,Train/mean_episode_length/time,197,880.8289184570312,1778931789.098107
grallator_flat_new_actuator,Train/mean_episode_length/time,198,882.3766479492188,1778931790.0671577
grallator_flat_new_actuator,Train/mean_episode_length/time,199,882.3766479492188,1778931791.0510037
grallator_flat_new_actuator,Train/mean_episode_length/time,200,883.8846435546875,1778931792.0388343
grallator_flat_new_actuator,Train/mean_episode_length/time,201,885.3544311523438,1778931793.023157
grallator_flat_new_actuator,Train/mean_episode_length/time,202,885.3544311523438,1778931794.0049603
grallator_flat_new_actuator,Train/mean_episode_length/time,203,885.3544311523438,1778931794.9913926
grallator_flat_new_actuator,Train/mean_episode_length/time,204,885.3544311523438,1778931795.9518948
grallator_flat_new_actuator,Train/mean_episode_length/time,205,885.3544311523438,1778931796.920244
grallator_flat_new_actuator,Train/mean_episode_length/time,206,885.3544311523438,1778931797.8813217
grallator_flat_new_actuator,Train/mean_episode_length/time,207,886.7874755859375,1778931798.8583229
grallator_flat_new_actuator,Train/mean_episode_length/time,208,886.7874755859375,1778931799.827192
grallator_flat_new_actuator,Train/mean_episode_length/time,209,886.7874755859375,1778931800.802288
grallator_flat_new_actuator,Train/mean_episode_length/time,210,886.7874755859375,1778931801.769703
grallator_flat_new_actuator,Train/mean_episode_length/time,211,886.7874755859375,1778931802.731985
grallator_flat_new_actuator,Train/mean_episode_length/time,212,886.7874755859375,1778931803.6963615
grallator_flat_new_actuator,Train/mean_episode_length/time,213,889.5487670898438,1778931804.7094448
grallator_flat_new_actuator,Train/mean_episode_length/time,214,892.1785888671875,1778931805.7218912
grallator_flat_new_actuator,Train/mean_episode_length/time,215,892.1785888671875,1778931806.6900666
grallator_flat_new_actuator,Train/mean_episode_length/time,216,892.1785888671875,1778931807.658166
grallator_flat_new_actuator,Train/mean_episode_length/time,217,892.1785888671875,1778931808.620274
grallator_flat_new_actuator,Train/mean_episode_length/time,218,892.1785888671875,1778931809.5937996
grallator_flat_new_actuator,Train/mean_episode_length/time,219,892.1785888671875,1778931810.560472
grallator_flat_new_actuator,Train/mean_episode_length/time,220,894.68603515625,1778931811.7119427
grallator_flat_new_actuator,Train/mean_episode_length/time,221,894.68603515625,1778931812.680991
grallator_flat_new_actuator,Train/mean_episode_length/time,222,894.68603515625,1778931813.6468143
grallator_flat_new_actuator,Train/mean_episode_length/time,223,894.68603515625,1778931814.6155028
grallator_flat_new_actuator,Train/mean_episode_length/time,224,895.8965454101562,1778931815.6080053
grallator_flat_new_actuator,Train/mean_episode_length/time,225,897.0795288085938,1778931816.5993469
grallator_flat_new_actuator,Train/mean_episode_length/time,226,898.2359619140625,1778931817.6007366
grallator_flat_new_actuator,Train/mean_episode_length/time,227,898.2359619140625,1778931818.5659335
grallator_flat_new_actuator,Train/mean_episode_length/time,228,899.3666381835938,1778931819.557757
grallator_flat_new_actuator,Train/mean_episode_length/time,229,900.4725341796875,1778931820.5643895
grallator_flat_new_actuator,Train/mean_episode_length/time,230,900.4725341796875,1778931821.5402844
grallator_flat_new_actuator,Train/mean_episode_length/time,231,900.4725341796875,1778931822.5401483
grallator_flat_new_actuator,Train/mean_episode_length/time,232,900.4725341796875,1778931823.5096867
grallator_flat_new_actuator,Train/mean_episode_length/time,233,901.5543212890625,1778931824.4959085
grallator_flat_new_actuator,Train/mean_episode_length/time,233,901.5543212890625,1778931825.4565277
grallator_flat_new_actuator,Train/mean_episode_length/time,234,901.5543212890625,1778931826.4341488
grallator_flat_new_actuator,Train/mean_episode_length/time,235,901.5543212890625,1778931827.4073222
grallator_flat_new_actuator,Train/mean_episode_length/time,236,901.5543212890625,1778931828.3828018
grallator_flat_new_actuator,Train/mean_episode_length/time,237,901.5543212890625,1778931829.3635106
grallator_flat_new_actuator,Train/mean_episode_length/time,238,901.5543212890625,1778931830.3249495
grallator_flat_new_actuator,Train/mean_episode_length/time,239,902.6129150390625,1778931831.3111432
grallator_flat_new_actuator,Train/mean_episode_length/time,240,903.64892578125,1778931832.3024778
grallator_flat_new_actuator,Train/mean_episode_length/time,241,903.64892578125,1778931833.433819
grallator_flat_new_actuator,Train/mean_episode_length/time,242,904.6631469726562,1778931834.418493
grallator_flat_new_actuator,Train/mean_episode_length/time,243,904.6631469726562,1778931835.3926835
grallator_flat_new_actuator,Train/mean_episode_length/time,244,904.6631469726562,1778931836.3687413
grallator_flat_new_actuator,Train/mean_episode_length/time,245,904.6631469726562,1778931837.3317306
grallator_flat_new_actuator,Train/mean_episode_length/time,246,904.6631469726562,1778931838.30214
grallator_flat_new_actuator,Train/mean_episode_length/time,247,904.6631469726562,1778931839.27584
grallator_flat_new_actuator,Train/mean_episode_length/time,248,905.65625,1778931840.2746336
grallator_flat_new_actuator,Train/mean_episode_length/time,249,905.65625,1778931841.2427163
grallator_flat_new_actuator,Train/mean_episode_length/time,250,905.65625,1778931842.2083616
grallator_flat_new_actuator,Train/mean_episode_length/time,251,905.65625,1778931843.182256
grallator_flat_new_actuator,Train/mean_episode_length/time,252,905.65625,1778931844.2544112
grallator_flat_new_actuator,Train/mean_episode_length/time,253,907.5816040039062,1778931845.2584877
grallator_flat_new_actuator,Train/mean_episode_length/time,254,908.51513671875,1778931846.2365017
grallator_flat_new_actuator,Train/mean_episode_length/time,255,909.4299926757812,1778931847.2482545
grallator_flat_new_actuator,Train/mean_episode_length/time,256,909.4299926757812,1778931848.2225595
grallator_flat_new_actuator,Train/mean_episode_length/time,257,909.4299926757812,1778931849.1859329
grallator_flat_new_actuator,Train/mean_episode_length/time,258,909.4299926757812,1778931850.177141
grallator_flat_new_actuator,Train/mean_episode_length/time,259,909.4299926757812,1778931851.1404443
grallator_flat_new_actuator,Train/mean_episode_length/time,260,918.530029296875,1778931852.1226327
grallator_flat_new_actuator,Train/mean_episode_length/time,261,927.6199951171875,1778931853.1181846
grallator_flat_new_actuator,Train/mean_episode_length/time,262,927.6199951171875,1778931854.0785222
grallator_flat_new_actuator,Train/mean_episode_length/time,263,927.6199951171875,1778931855.154117
grallator_flat_new_actuator,Train/mean_episode_length/time,264,927.6199951171875,1778931856.1121893
grallator_flat_new_actuator,Train/mean_episode_length/time,265,936.4400024414062,1778931857.1069114
grallator_flat_new_actuator,Train/mean_episode_length/time,266,952.5399780273438,1778931858.1224067
grallator_flat_new_actuator,Train/mean_episode_length/time,267,952.5399780273438,1778931859.0831616
grallator_flat_new_actuator,Train/mean_episode_length/time,268,959.77001953125,1778931860.0706167
grallator_flat_new_actuator,Train/mean_episode_length/time,269,966.0900268554688,1778931861.0761113
grallator_flat_new_actuator,Train/mean_episode_length/time,270,966.0900268554688,1778931862.0434139
grallator_flat_new_actuator,Train/mean_episode_length/time,271,966.0900268554688,1778931863.015698
grallator_flat_new_actuator,Train/mean_episode_length/time,272,966.0900268554688,1778931863.979143
grallator_flat_new_actuator,Train/mean_episode_length/time,273,972.219970703125,1778931864.9771512
grallator_flat_new_actuator,Train/mean_episode_length/time,274,972.219970703125,1778931866.0157814
grallator_flat_new_actuator,Train/mean_episode_length/time,275,972.219970703125,1778931866.9797113
grallator_flat_new_actuator,Train/mean_episode_length/time,276,972.219970703125,1778931867.9443016
grallator_flat_new_actuator,Train/mean_episode_length/time,276,972.219970703125,1778931868.9071307
grallator_flat_new_actuator,Train/mean_episode_length/time,277,972.219970703125,1778931869.8636727
grallator_flat_new_actuator,Train/mean_episode_length/time,278,972.219970703125,1778931870.8225358
grallator_flat_new_actuator,Train/mean_episode_length/time,279,972.219970703125,1778931871.7882438
grallator_flat_new_actuator,Train/mean_episode_length/time,280,978.2000122070312,1778931872.7844656
grallator_flat_new_actuator,Train/mean_episode_length/time,281,983.6500244140625,1778931873.7756417
grallator_flat_new_actuator,Train/mean_episode_length/time,282,983.6500244140625,1778931874.7319014
grallator_flat_new_actuator,Train/mean_episode_length/time,283,988.8900146484375,1778931875.7193654
grallator_flat_new_actuator,Train/mean_episode_length/time,284,988.8900146484375,1778931876.808071
grallator_flat_new_actuator,Train/mean_episode_length/time,285,988.8900146484375,1778931877.764625
grallator_flat_new_actuator,Train/mean_episode_length/time,286,988.8900146484375,1778931878.7187893
grallator_flat_new_actuator,Train/mean_episode_length/time,287,988.8900146484375,1778931879.6700313
grallator_flat_new_actuator,Train/mean_episode_length/time,288,988.8900146484375,1778931880.626415
grallator_flat_new_actuator,Train/mean_episode_length/time,289,993.1900024414062,1778931881.612082
grallator_flat_new_actuator,Train/mean_episode_length/time,290,993.1900024414062,1778931882.5788429
grallator_flat_new_actuator,Train/mean_episode_length/time,291,993.1900024414062,1778931883.5360532
grallator_flat_new_actuator,Train/mean_episode_length/time,292,993.1900024414062,1778931884.4963813
grallator_flat_new_actuator,Train/mean_episode_length/time,293,993.1900024414062,1778931885.448816
grallator_flat_new_actuator,Train/mean_episode_length/time,294,997.8599853515625,1778931886.448865
grallator_flat_new_actuator,Train/mean_episode_length/time,295,999.6500244140625,1778931887.5178084
grallator_flat_new_actuator,Train/mean_episode_length/time,296,1000.0,1778931888.51593
grallator_flat_new_actuator,Train/mean_episode_length/time,297,1000.0,1778931889.4700553
grallator_flat_new_actuator,Train/mean_episode_length/time,298,1000.0,1778931890.4257848
