run,tag,step,value,wall_time
unitree_go2_flat,Episode_Reward/track_lin_vel_xy_exp,0,0.0,1778917712.6812515
unitree_go2_flat,Episode_Reward/track_lin_vel_xy_exp,1,0.0,1778917713.7478228
unitree_go2_flat,Episode_Reward/track_lin_vel_xy_exp,2,0.0,1778917714.7480712
unitree_go2_flat,Episode_Reward/track_lin_vel_xy_exp,3,0.02773243747651577,1778917716.2013497
unitree_go2_flat,Episode_Reward/track_lin_vel_xy_exp,4,0.08349084109067917,1778917717.21991
unitree_go2_flat,Episode_Reward/track_lin_vel_xy_exp,5,0.0033357986249029636,1778917718.3572466
unitree_go2_flat,Episode_Reward/track_lin_vel_xy_exp,6,0.001160840387456119,1778917719.365477
unitree_go2_flat,Episode_Reward/track_lin_vel_xy_exp,7,0.001160840387456119,1778917720.3770382
unitree_go2_flat,Episode_Reward/track_lin_vel_xy_exp,8,0.001160840387456119,1778917721.375168
unitree_go2_flat,Episode_Reward/track_lin_vel_xy_exp,9,0.013217512518167496,1778917722.3811598
unitree_go2_flat,Episode_Reward/track_lin_vel_xy_exp,10,0.061900924891233444,1778917723.3852746
unitree_go2_flat,Episode_Reward/track_lin_vel_xy_exp,11,0.07877468317747116,1778917724.388324
unitree_go2_flat,Episode_Reward/track_lin_vel_xy_exp,12,0.15364818274974823,1778917725.3893545
unitree_go2_flat,Episode_Reward/track_lin_vel_xy_exp,13,0.15364818274974823,1778917726.3985696
unitree_go2_flat,Episode_Reward/track_lin_vel_xy_exp,14,0.15364818274974823,1778917727.4000592
unitree_go2_flat,Episode_Reward/track_lin_vel_xy_exp,15,0.15364818274974823,1778917728.532727
unitree_go2_flat,Episode_Reward/track_lin_vel_xy_exp,16,0.20848087966442108,1778917729.556515
unitree_go2_flat,Episode_Reward/track_lin_vel_xy_exp,17,0.004638781771063805,1778917730.556879
unitree_go2_flat,Episode_Reward/track_lin_vel_xy_exp,18,0.04261656105518341,1778917731.5589852
unitree_go2_flat,Episode_Reward/track_lin_vel_xy_exp,19,0.39033016562461853,1778917732.569523
unitree_go2_flat,Episode_Reward/track_lin_vel_xy_exp,20,0.12417062371969223,1778917733.5754912
unitree_go2_flat,Episode_Reward/track_lin_vel_xy_exp,21,0.12417062371969223,1778917734.5870101
unitree_go2_flat,Episode_Reward/track_lin_vel_xy_exp,22,0.12417062371969223,1778917735.5831296
unitree_go2_flat,Episode_Reward/track_lin_vel_xy_exp,23,0.1020529717206955,1778917736.5881445
unitree_go2_flat,Episode_Reward/track_lin_vel_xy_exp,24,0.04833868145942688,1778917737.5933554
unitree_go2_flat,Episode_Reward/track_lin_vel_xy_exp,25,0.04833868145942688,1778917738.5980072
unitree_go2_flat,Episode_Reward/track_lin_vel_xy_exp,26,0.04833868145942688,1778917739.739466
unitree_go2_flat,Episode_Reward/track_lin_vel_xy_exp,27,0.5174633264541626,1778917740.7518494
unitree_go2_flat,Episode_Reward/track_lin_vel_xy_exp,28,0.30167368054389954,1778917741.7711844
unitree_go2_flat,Episode_Reward/track_lin_vel_xy_exp,29,0.09812759608030319,1778917742.7789886
unitree_go2_flat,Episode_Reward/track_lin_vel_xy_exp,30,0.09812759608030319,1778917743.7871566
unitree_go2_flat,Episode_Reward/track_lin_vel_xy_exp,31,0.09812759608030319,1778917744.7855406
unitree_go2_flat,Episode_Reward/track_lin_vel_xy_exp,32,0.10450582206249237,1778917745.794697
unitree_go2_flat,Episode_Reward/track_lin_vel_xy_exp,33,0.11343535035848618,1778917746.7962985
unitree_go2_flat,Episode_Reward/track_lin_vel_xy_exp,34,0.5496547222137451,1778917747.810507
unitree_go2_flat,Episode_Reward/track_lin_vel_xy_exp,35,0.2534131705760956,1778917748.82238
unitree_go2_flat,Episode_Reward/track_lin_vel_xy_exp,36,0.017373505979776382,1778917749.8294737
unitree_go2_flat,Episode_Reward/track_lin_vel_xy_exp,37,0.010445567779242992,1778917750.9664128
unitree_go2_flat,Episode_Reward/track_lin_vel_xy_exp,38,0.06085510179400444,1778917751.9733257
unitree_go2_flat,Episode_Reward/track_lin_vel_xy_exp,39,0.03484781086444855,1778917752.982073
unitree_go2_flat,Episode_Reward/track_lin_vel_xy_exp,40,0.073214091360569,1778917753.9930136
unitree_go2_flat,Episode_Reward/track_lin_vel_xy_exp,41,0.09623385965824127,1778917754.9957697
unitree_go2_flat,Episode_Reward/track_lin_vel_xy_exp,42,0.024915283545851707,1778917756.0055382
unitree_go2_flat,Episode_Reward/track_lin_vel_xy_exp,43,0.014726917259395123,1778917757.0115235
unitree_go2_flat,Episode_Reward/track_lin_vel_xy_exp,44,0.007117780856788158,1778917758.0302258
unitree_go2_flat,Episode_Reward/track_lin_vel_xy_exp,45,0.089415043592453,1778917759.0482798
unitree_go2_flat,Episode_Reward/track_lin_vel_xy_exp,46,0.14870868623256683,1778917760.0499315
unitree_go2_flat,Episode_Reward/track_lin_vel_xy_exp,47,0.10711155831813812,1778917761.1444662
unitree_go2_flat,Episode_Reward/track_lin_vel_xy_exp,48,0.10711155831813812,1778917762.1428454
unitree_go2_flat,Episode_Reward/track_lin_vel_xy_exp,49,0.10711155831813812,1778917763.140346
unitree_go2_flat,Episode_Reward/track_lin_vel_xy_exp,50,0.10711155831813812,1778917764.149832
unitree_go2_flat,Episode_Reward/track_lin_vel_xy_exp,51,0.24994651973247528,1778917765.172543
unitree_go2_flat,Episode_Reward/track_lin_vel_xy_exp,52,0.2945016026496887,1778917766.202776
unitree_go2_flat,Episode_Reward/track_lin_vel_xy_exp,53,0.27675920724868774,1778917767.22291
unitree_go2_flat,Episode_Reward/track_lin_vel_xy_exp,54,0.3317558169364929,1778917768.2264605
unitree_go2_flat,Episode_Reward/track_lin_vel_xy_exp,55,0.5563786029815674,1778917769.2623217
unitree_go2_flat,Episode_Reward/track_lin_vel_xy_exp,56,0.6452265977859497,1778917770.2667725
unitree_go2_flat,Episode_Reward/track_lin_vel_xy_exp,57,0.5009825229644775,1778917771.2753048
unitree_go2_flat,Episode_Reward/track_lin_vel_xy_exp,58,0.023814529180526733,1778917772.3547494
unitree_go2_flat,Episode_Reward/track_lin_vel_xy_exp,59,0.009691614657640457,1778917773.3538773
unitree_go2_flat,Episode_Reward/track_lin_vel_xy_exp,60,0.009691614657640457,1778917774.3689163
unitree_go2_flat,Episode_Reward/track_lin_vel_xy_exp,61,0.2299472540616989,1778917775.375756
unitree_go2_flat,Episode_Reward/track_lin_vel_xy_exp,62,0.3817908465862274,1778917776.3827138
unitree_go2_flat,Episode_Reward/track_lin_vel_xy_exp,63,0.0019990266300737858,1778917777.3888202
unitree_go2_flat,Episode_Reward/track_lin_vel_xy_exp,64,0.0019990266300737858,1778917778.3925118
unitree_go2_flat,Episode_Reward/track_lin_vel_xy_exp,65,0.0019990266300737858,1778917779.4052002
unitree_go2_flat,Episode_Reward/track_lin_vel_xy_exp,66,0.03010965883731842,1778917780.4380538
unitree_go2_flat,Episode_Reward/track_lin_vel_xy_exp,67,0.03750719875097275,1778917781.4409506
unitree_go2_flat,Episode_Reward/track_lin_vel_xy_exp,68,0.03750719875097275,1778917782.4546251
unitree_go2_flat,Episode_Reward/track_lin_vel_xy_exp,69,0.03750719875097275,1778917783.56099
unitree_go2_flat,Episode_Reward/track_lin_vel_xy_exp,70,0.03750719875097275,1778917784.564631
unitree_go2_flat,Episode_Reward/track_lin_vel_xy_exp,71,0.03750719875097275,1778917785.562368
unitree_go2_flat,Episode_Reward/track_lin_vel_xy_exp,72,0.02208242192864418,1778917786.576644
unitree_go2_flat,Episode_Reward/track_lin_vel_xy_exp,73,0.00048773642629384995,1778917787.5921738
unitree_go2_flat,Episode_Reward/track_lin_vel_xy_exp,74,0.00048773642629384995,1778917788.6096423
unitree_go2_flat,Episode_Reward/track_lin_vel_xy_exp,75,0.00048773642629384995,1778917789.622122
unitree_go2_flat,Episode_Reward/track_lin_vel_xy_exp,76,0.21746008098125458,1778917790.6352084
unitree_go2_flat,Episode_Reward/track_lin_vel_xy_exp,77,0.21746008098125458,1778917791.6402903
unitree_go2_flat,Episode_Reward/track_lin_vel_xy_exp,78,0.21746008098125458,1778917792.6400478
unitree_go2_flat,Episode_Reward/track_lin_vel_xy_exp,79,0.21746008098125458,1778917793.7793167
unitree_go2_flat,Episode_Reward/track_lin_vel_xy_exp,80,0.21746008098125458,1778917794.7828572
unitree_go2_flat,Episode_Reward/track_lin_vel_xy_exp,81,0.21746008098125458,1778917795.7809668
unitree_go2_flat,Episode_Reward/track_lin_vel_xy_exp,82,0.06366796791553497,1778917796.7897506
unitree_go2_flat,Episode_Reward/track_lin_vel_xy_exp,83,0.05698135122656822,1778917797.8016298
unitree_go2_flat,Episode_Reward/track_lin_vel_xy_exp,84,0.05698135122656822,1778917798.8086026
unitree_go2_flat,Episode_Reward/track_lin_vel_xy_exp,85,0.05698135122656822,1778917799.8079312
unitree_go2_flat,Episode_Reward/track_lin_vel_xy_exp,86,0.07245089113712311,1778917800.8220897
unitree_go2_flat,Episode_Reward/track_lin_vel_xy_exp,87,0.19337397813796997,1778917801.8428082
unitree_go2_flat,Episode_Reward/track_lin_vel_xy_exp,88,0.17822062969207764,1778917802.8524883
unitree_go2_flat,Episode_Reward/track_lin_vel_xy_exp,89,0.18802952766418457,1778917803.8556583
unitree_go2_flat,Episode_Reward/track_lin_vel_xy_exp,90,0.18802952766418457,1778917805.0029876
unitree_go2_flat,Episode_Reward/track_lin_vel_xy_exp,91,0.18802952766418457,1778917806.0044935
unitree_go2_flat,Episode_Reward/track_lin_vel_xy_exp,92,0.1409492939710617,1778917807.0238085
unitree_go2_flat,Episode_Reward/track_lin_vel_xy_exp,93,0.06879167258739471,1778917808.034416
unitree_go2_flat,Episode_Reward/track_lin_vel_xy_exp,94,0.6606061458587646,1778917809.053259
unitree_go2_flat,Episode_Reward/track_lin_vel_xy_exp,95,0.4578879773616791,1778917810.0540404
unitree_go2_flat,Episode_Reward/track_lin_vel_xy_exp,96,0.4578879773616791,1778917811.0624082
unitree_go2_flat,Episode_Reward/track_lin_vel_xy_exp,97,0.4578879773616791,1778917812.0870483
unitree_go2_flat,Episode_Reward/track_lin_vel_xy_exp,98,0.4578879773616791,1778917813.0893688
unitree_go2_flat,Episode_Reward/track_lin_vel_xy_exp,99,0.4602585732936859,1778917814.103324
unitree_go2_flat,Episode_Reward/track_lin_vel_xy_exp,100,0.4727274775505066,1778917815.1225536
unitree_go2_flat,Episode_Reward/track_lin_vel_xy_exp,101,0.4727274775505066,1778917816.245434
unitree_go2_flat,Episode_Reward/track_lin_vel_xy_exp,102,0.4727274775505066,1778917817.247857
unitree_go2_flat,Episode_Reward/track_lin_vel_xy_exp,103,0.17943748831748962,1778917818.2587326
unitree_go2_flat,Episode_Reward/track_lin_vel_xy_exp,104,0.13753889501094818,1778917819.2647352
unitree_go2_flat,Episode_Reward/track_lin_vel_xy_exp,105,0.13753889501094818,1778917820.265909
unitree_go2_flat,Episode_Reward/track_lin_vel_xy_exp,106,0.13753889501094818,1778917821.26779
unitree_go2_flat,Episode_Reward/track_lin_vel_xy_exp,107,0.12924812734127045,1778917822.27435
unitree_go2_flat,Episode_Reward/track_lin_vel_xy_exp,108,0.07121264934539795,1778917823.2919884
unitree_go2_flat,Episode_Reward/track_lin_vel_xy_exp,109,0.07121264934539795,1778917824.294452
unitree_go2_flat,Episode_Reward/track_lin_vel_xy_exp,110,0.07121264934539795,1778917825.2967784
unitree_go2_flat,Episode_Reward/track_lin_vel_xy_exp,111,0.07121264934539795,1778917826.308383
unitree_go2_flat,Episode_Reward/track_lin_vel_xy_exp,112,0.07121264934539795,1778917827.3156102
unitree_go2_flat,Episode_Reward/track_lin_vel_xy_exp,113,0.07121264934539795,1778917828.3219178
unitree_go2_flat,Episode_Reward/track_lin_vel_xy_exp,114,0.062468256801366806,1778917829.3262796
unitree_go2_flat,Episode_Reward/track_lin_vel_xy_exp,115,0.059553466737270355,1778917830.3301342
unitree_go2_flat,Episode_Reward/track_lin_vel_xy_exp,116,0.059553466737270355,1778917831.3302486
unitree_go2_flat,Episode_Reward/track_lin_vel_xy_exp,117,0.1436290293931961,1778917832.3406274
unitree_go2_flat,Episode_Reward/track_lin_vel_xy_exp,118,0.3117801547050476,1778917833.3534012
unitree_go2_flat,Episode_Reward/track_lin_vel_xy_exp,119,0.3117801547050476,1778917834.3627007
unitree_go2_flat,Episode_Reward/track_lin_vel_xy_exp,120,0.3117801547050476,1778917835.3727257
unitree_go2_flat,Episode_Reward/track_lin_vel_xy_exp,121,0.3117801547050476,1778917836.3807433
unitree_go2_flat,Episode_Reward/track_lin_vel_xy_exp,122,0.3117801547050476,1778917837.529169
unitree_go2_flat,Episode_Reward/track_lin_vel_xy_exp,123,0.23986384272575378,1778917838.5367212
unitree_go2_flat,Episode_Reward/track_lin_vel_xy_exp,124,0.06521003693342209,1778917839.5369143
unitree_go2_flat,Episode_Reward/track_lin_vel_xy_exp,125,0.06521003693342209,1778917840.5328112
unitree_go2_flat,Episode_Reward/track_lin_vel_xy_exp,126,0.06521003693342209,1778917841.5468023
unitree_go2_flat,Episode_Reward/track_lin_vel_xy_exp,127,0.12780773639678955,1778917842.5515006
unitree_go2_flat,Episode_Reward/track_lin_vel_xy_exp,128,0.29436081647872925,1778917843.5593839
unitree_go2_flat,Episode_Reward/track_lin_vel_xy_exp,129,0.22882883250713348,1778917844.5663042
unitree_go2_flat,Episode_Reward/track_lin_vel_xy_exp,130,0.0831381306052208,1778917845.5696561
unitree_go2_flat,Episode_Reward/track_lin_vel_xy_exp,131,0.010292778722941875,1778917846.5662792
unitree_go2_flat,Episode_Reward/track_lin_vel_xy_exp,132,0.010292778722941875,1778917847.5643096
unitree_go2_flat,Episode_Reward/track_lin_vel_xy_exp,133,0.010292778722941875,1778917848.7012594
unitree_go2_flat,Episode_Reward/track_lin_vel_xy_exp,134,0.193226620554924,1778917849.7112992
unitree_go2_flat,Episode_Reward/track_lin_vel_xy_exp,135,0.7997506856918335,1778917850.7257628
unitree_go2_flat,Episode_Reward/track_lin_vel_xy_exp,136,0.3203114867210388,1778917851.7501051
unitree_go2_flat,Episode_Reward/track_lin_vel_xy_exp,137,0.21187178790569305,1778917852.7549126
unitree_go2_flat,Episode_Reward/track_lin_vel_xy_exp,138,0.19585764408111572,1778917853.7848077
unitree_go2_flat,Episode_Reward/track_lin_vel_xy_exp,139,0.030879897996783257,1778917854.8180172
unitree_go2_flat,Episode_Reward/track_lin_vel_xy_exp,140,0.05323557183146477,1778917855.8207347
unitree_go2_flat,Episode_Reward/track_lin_vel_xy_exp,141,0.10816596448421478,1778917856.8347676
unitree_go2_flat,Episode_Reward/track_lin_vel_xy_exp,142,0.04985461384057999,1778917857.8340871
unitree_go2_flat,Episode_Reward/track_lin_vel_xy_exp,143,0.04985461384057999,1778917858.832223
unitree_go2_flat,Episode_Reward/track_lin_vel_xy_exp,144,0.047635700553655624,1778917859.9538321
unitree_go2_flat,Episode_Reward/track_lin_vel_xy_exp,145,0.03920383378863335,1778917860.95581
unitree_go2_flat,Episode_Reward/track_lin_vel_xy_exp,146,0.03920383378863335,1778917861.957316
unitree_go2_flat,Episode_Reward/track_lin_vel_xy_exp,147,0.03920383378863335,1778917862.9526258
unitree_go2_flat,Episode_Reward/track_lin_vel_xy_exp,148,0.03920383378863335,1778917863.9427578
unitree_go2_flat,Episode_Reward/track_lin_vel_xy_exp,149,0.046775758266448975,1778917864.9477499
unitree_go2_flat,Episode_Reward/track_lin_vel_xy_exp,150,0.055724404752254486,1778917865.9670467
unitree_go2_flat,Episode_Reward/track_lin_vel_xy_exp,151,0.055724404752254486,1778917866.9911757
unitree_go2_flat,Episode_Reward/track_lin_vel_xy_exp,152,0.09350966662168503,1778917868.0085633
unitree_go2_flat,Episode_Reward/track_lin_vel_xy_exp,153,0.09890756011009216,1778917869.0058882
unitree_go2_flat,Episode_Reward/track_lin_vel_xy_exp,154,0.09890756011009216,1778917870.1358323
unitree_go2_flat,Episode_Reward/track_lin_vel_xy_exp,155,0.13630017638206482,1778917871.1348538
unitree_go2_flat,Episode_Reward/track_lin_vel_xy_exp,156,0.5476189851760864,1778917872.1503785
unitree_go2_flat,Episode_Reward/track_lin_vel_xy_exp,157,0.5476189851760864,1778917873.1587863
unitree_go2_flat,Episode_Reward/track_lin_vel_xy_exp,158,0.5476189851760864,1778917874.1597822
unitree_go2_flat,Episode_Reward/track_lin_vel_xy_exp,159,0.2983231544494629,1778917875.1658835
unitree_go2_flat,Episode_Reward/track_lin_vel_xy_exp,160,0.1736752688884735,1778917876.1682558
unitree_go2_flat,Episode_Reward/track_lin_vel_xy_exp,161,0.1736752688884735,1778917877.1743398
unitree_go2_flat,Episode_Reward/track_lin_vel_xy_exp,162,0.1736752688884735,1778917878.1842506
unitree_go2_flat,Episode_Reward/track_lin_vel_xy_exp,163,0.1736752688884735,1778917879.188909
unitree_go2_flat,Episode_Reward/track_lin_vel_xy_exp,164,0.1736752688884735,1778917880.1887667
unitree_go2_flat,Episode_Reward/track_lin_vel_xy_exp,165,0.32365769147872925,1778917881.3054597
unitree_go2_flat,Episode_Reward/track_lin_vel_xy_exp,166,0.4136471450328827,1778917882.3032367
unitree_go2_flat,Episode_Reward/track_lin_vel_xy_exp,167,0.4136471450328827,1778917883.3054178
unitree_go2_flat,Episode_Reward/track_lin_vel_xy_exp,168,0.4136471450328827,1778917884.2940483
unitree_go2_flat,Episode_Reward/track_lin_vel_xy_exp,169,0.38901710510253906,1778917885.2976866
unitree_go2_flat,Episode_Reward/track_lin_vel_xy_exp,170,0.6723768711090088,1778917886.2984087
unitree_go2_flat,Episode_Reward/track_lin_vel_xy_exp,171,0.8873431086540222,1778917887.306311
unitree_go2_flat,Episode_Reward/track_lin_vel_xy_exp,172,0.5707645416259766,1778917888.3059142
unitree_go2_flat,Episode_Reward/track_lin_vel_xy_exp,173,0.5707645416259766,1778917889.3121884
unitree_go2_flat,Episode_Reward/track_lin_vel_xy_exp,174,0.5707645416259766,1778917890.3114007
unitree_go2_flat,Episode_Reward/track_lin_vel_xy_exp,175,0.5707645416259766,1778917891.3291495
unitree_go2_flat,Episode_Reward/track_lin_vel_xy_exp,176,0.29192203283309937,1778917892.4906616
unitree_go2_flat,Episode_Reward/track_lin_vel_xy_exp,177,0.20449575781822205,1778917893.500846
unitree_go2_flat,Episode_Reward/track_lin_vel_xy_exp,178,0.43509459495544434,1778917894.5064511
unitree_go2_flat,Episode_Reward/track_lin_vel_xy_exp,179,0.4830573499202728,1778917895.5058281
unitree_go2_flat,Episode_Reward/track_lin_vel_xy_exp,180,0.32904738187789917,1778917896.5032666
unitree_go2_flat,Episode_Reward/track_lin_vel_xy_exp,181,0.3191368579864502,1778917897.5104113
unitree_go2_flat,Episode_Reward/track_lin_vel_xy_exp,182,0.3918006420135498,1778917898.5501235
unitree_go2_flat,Episode_Reward/track_lin_vel_xy_exp,183,0.3012368679046631,1778917899.54913
unitree_go2_flat,Episode_Reward/track_lin_vel_xy_exp,184,0.3012368679046631,1778917900.5418088
unitree_go2_flat,Episode_Reward/track_lin_vel_xy_exp,185,0.3012368679046631,1778917901.5510492
unitree_go2_flat,Episode_Reward/track_lin_vel_xy_exp,186,0.46738240122795105,1778917902.6559443
unitree_go2_flat,Episode_Reward/track_lin_vel_xy_exp,187,0.6079670786857605,1778917903.6669106
unitree_go2_flat,Episode_Reward/track_lin_vel_xy_exp,188,0.6079670786857605,1778917904.6627674
unitree_go2_flat,Episode_Reward/track_lin_vel_xy_exp,189,0.6079670786857605,1778917905.665518
unitree_go2_flat,Episode_Reward/track_lin_vel_xy_exp,190,0.6079670786857605,1778917906.6636696
unitree_go2_flat,Episode_Reward/track_lin_vel_xy_exp,191,0.32097291946411133,1778917907.6755853
unitree_go2_flat,Episode_Reward/track_lin_vel_xy_exp,192,0.24544811248779297,1778917908.6864262
unitree_go2_flat,Episode_Reward/track_lin_vel_xy_exp,193,0.21171864867210388,1778917909.7065525
unitree_go2_flat,Episode_Reward/track_lin_vel_xy_exp,194,0.0835467129945755,1778917910.709367
unitree_go2_flat,Episode_Reward/track_lin_vel_xy_exp,195,0.0835467129945755,1778917911.7054565
unitree_go2_flat,Episode_Reward/track_lin_vel_xy_exp,196,0.0835467129945755,1778917912.7032511
unitree_go2_flat,Episode_Reward/track_lin_vel_xy_exp,197,0.29389533400535583,1778917913.8565474
unitree_go2_flat,Episode_Reward/track_lin_vel_xy_exp,198,0.5883833765983582,1778917914.8586664
unitree_go2_flat,Episode_Reward/track_lin_vel_xy_exp,199,0.5883833765983582,1778917915.8624766
unitree_go2_flat,Episode_Reward/track_lin_vel_xy_exp,200,0.5883833765983582,1778917916.8559291
unitree_go2_flat,Episode_Reward/track_lin_vel_xy_exp,201,0.03203488513827324,1778917917.862564
unitree_go2_flat,Episode_Reward/track_lin_vel_xy_exp,202,0.03203488513827324,1778917918.862681
unitree_go2_flat,Episode_Reward/track_lin_vel_xy_exp,203,0.03203488513827324,1778917919.869635
unitree_go2_flat,Episode_Reward/track_lin_vel_xy_exp,204,0.03203488513827324,1778917920.8721406
unitree_go2_flat,Episode_Reward/track_lin_vel_xy_exp,205,0.03203488513827324,1778917921.88242
unitree_go2_flat,Episode_Reward/track_lin_vel_xy_exp,206,0.03203488513827324,1778917922.890421
unitree_go2_flat,Episode_Reward/track_lin_vel_xy_exp,207,0.2723332643508911,1778917923.8986802
unitree_go2_flat,Episode_Reward/track_lin_vel_xy_exp,208,0.2827810049057007,1778917925.0523021
unitree_go2_flat,Episode_Reward/track_lin_vel_xy_exp,209,0.2827810049057007,1778917926.0480387
unitree_go2_flat,Episode_Reward/track_lin_vel_xy_exp,210,0.2827810049057007,1778917927.045526
unitree_go2_flat,Episode_Reward/track_lin_vel_xy_exp,211,0.06745108962059021,1778917928.0615895
unitree_go2_flat,Episode_Reward/track_lin_vel_xy_exp,212,0.024922240525484085,1778917929.0693269
unitree_go2_flat,Episode_Reward/track_lin_vel_xy_exp,213,0.04153617098927498,1778917930.0837078
unitree_go2_flat,Episode_Reward/track_lin_vel_xy_exp,214,0.07893737405538559,1778917931.083144
unitree_go2_flat,Episode_Reward/track_lin_vel_xy_exp,215,0.07893737405538559,1778917932.0840502
unitree_go2_flat,Episode_Reward/track_lin_vel_xy_exp,216,0.07893737405538559,1778917933.0887394
unitree_go2_flat,Episode_Reward/track_lin_vel_xy_exp,217,0.07893737405538559,1778917934.088258
unitree_go2_flat,Episode_Reward/track_lin_vel_xy_exp,218,0.5338280200958252,1778917935.099626
unitree_go2_flat,Episode_Reward/track_lin_vel_xy_exp,219,0.1731797307729721,1778917936.2135577
unitree_go2_flat,Episode_Reward/track_lin_vel_xy_exp,220,0.11340099573135376,1778917937.2096808
unitree_go2_flat,Episode_Reward/track_lin_vel_xy_exp,221,0.11340099573135376,1778917938.2131977
unitree_go2_flat,Episode_Reward/track_lin_vel_xy_exp,222,0.17455849051475525,1778917939.2218318
unitree_go2_flat,Episode_Reward/track_lin_vel_xy_exp,223,0.4732351303100586,1778917940.229709
unitree_go2_flat,Episode_Reward/track_lin_vel_xy_exp,224,0.5921543836593628,1778917941.244531
unitree_go2_flat,Episode_Reward/track_lin_vel_xy_exp,225,0.6770966053009033,1778917942.243918
unitree_go2_flat,Episode_Reward/track_lin_vel_xy_exp,226,0.6770966053009033,1778917943.2402027
unitree_go2_flat,Episode_Reward/track_lin_vel_xy_exp,227,0.6770966053009033,1778917944.2313347
unitree_go2_flat,Episode_Reward/track_lin_vel_xy_exp,228,0.4259904623031616,1778917945.229519
unitree_go2_flat,Episode_Reward/track_lin_vel_xy_exp,229,0.39011818170547485,1778917946.348483
unitree_go2_flat,Episode_Reward/track_lin_vel_xy_exp,230,0.39011818170547485,1778917947.3425055
unitree_go2_flat,Episode_Reward/track_lin_vel_xy_exp,231,0.39011818170547485,1778917948.3378305
unitree_go2_flat,Episode_Reward/track_lin_vel_xy_exp,232,0.38783764839172363,1778917949.3391821
unitree_go2_flat,Episode_Reward/track_lin_vel_xy_exp,233,0.37187421321868896,1778917950.3383894
unitree_go2_flat,Episode_Reward/track_lin_vel_xy_exp,234,0.37187421321868896,1778917951.3365538
unitree_go2_flat,Episode_Reward/track_lin_vel_xy_exp,235,0.447090208530426,1778917952.3392441
unitree_go2_flat,Episode_Reward/track_lin_vel_xy_exp,236,0.510734498500824,1778917953.341275
unitree_go2_flat,Episode_Reward/track_lin_vel_xy_exp,237,0.510734498500824,1778917954.3350577
unitree_go2_flat,Episode_Reward/track_lin_vel_xy_exp,238,0.510734498500824,1778917955.3349874
unitree_go2_flat,Episode_Reward/track_lin_vel_xy_exp,239,0.2940254807472229,1778917956.3386939
unitree_go2_flat,Episode_Reward/track_lin_vel_xy_exp,240,0.22178910672664642,1778917957.4856355
unitree_go2_flat,Episode_Reward/track_lin_vel_xy_exp,241,0.22178910672664642,1778917958.4840808
unitree_go2_flat,Episode_Reward/track_lin_vel_xy_exp,242,0.23567430675029755,1778917959.4899418
unitree_go2_flat,Episode_Reward/track_lin_vel_xy_exp,243,0.263444721698761,1778917960.4832196
unitree_go2_flat,Episode_Reward/track_lin_vel_xy_exp,244,0.263444721698761,1778917961.480166
unitree_go2_flat,Episode_Reward/track_lin_vel_xy_exp,245,0.263444721698761,1778917962.4902682
unitree_go2_flat,Episode_Reward/track_lin_vel_xy_exp,246,0.263444721698761,1778917963.4900053
unitree_go2_flat,Episode_Reward/track_lin_vel_xy_exp,247,0.263444721698761,1778917964.4986806
unitree_go2_flat,Episode_Reward/track_lin_vel_xy_exp,248,0.250666081905365,1778917965.5061786
unitree_go2_flat,Episode_Reward/track_lin_vel_xy_exp,249,0.21963226795196533,1778917966.5072787
unitree_go2_flat,Episode_Reward/track_lin_vel_xy_exp,250,0.21963226795196533,1778917967.5058606
unitree_go2_flat,Episode_Reward/track_lin_vel_xy_exp,251,0.21963226795196533,1778917968.5844016
unitree_go2_flat,Episode_Reward/track_lin_vel_xy_exp,252,0.28532344102859497,1778917969.5992217
unitree_go2_flat,Episode_Reward/track_lin_vel_xy_exp,253,0.5066443681716919,1778917970.6047509
unitree_go2_flat,Episode_Reward/track_lin_vel_xy_exp,254,0.5793866515159607,1778917971.619604
unitree_go2_flat,Episode_Reward/track_lin_vel_xy_exp,255,0.4021989703178406,1778917972.642337
unitree_go2_flat,Episode_Reward/track_lin_vel_xy_exp,256,0.09480571001768112,1778917973.651093
unitree_go2_flat,Episode_Reward/track_lin_vel_xy_exp,257,0.09480571001768112,1778917974.6463072
unitree_go2_flat,Episode_Reward/track_lin_vel_xy_exp,258,0.09480571001768112,1778917975.641949
unitree_go2_flat,Episode_Reward/track_lin_vel_xy_exp,259,0.09209474176168442,1778917976.6577215
unitree_go2_flat,Episode_Reward/track_lin_vel_xy_exp,260,0.07853984832763672,1778917977.659014
unitree_go2_flat,Episode_Reward/track_lin_vel_xy_exp,261,0.2538767457008362,1778917978.672075
unitree_go2_flat,Episode_Reward/track_lin_vel_xy_exp,262,0.19535157084465027,1778917979.698267
unitree_go2_flat,Episode_Reward/track_lin_vel_xy_exp,263,0.23095034062862396,1778917980.7124076
unitree_go2_flat,Episode_Reward/track_lin_vel_xy_exp,264,0.19149824976921082,1778917981.7212558
unitree_go2_flat,Episode_Reward/track_lin_vel_xy_exp,265,0.5461273193359375,1778917982.728667
unitree_go2_flat,Episode_Reward/track_lin_vel_xy_exp,266,0.5576038360595703,1778917983.7444267
unitree_go2_flat,Episode_Reward/track_lin_vel_xy_exp,267,0.5586472749710083,1778917984.7419155
unitree_go2_flat,Episode_Reward/track_lin_vel_xy_exp,268,0.5586472749710083,1778917985.7424731
unitree_go2_flat,Episode_Reward/track_lin_vel_xy_exp,269,0.4484124183654785,1778917986.750724
unitree_go2_flat,Episode_Reward/track_lin_vel_xy_exp,270,0.02952013909816742,1778917987.7588015
unitree_go2_flat,Episode_Reward/track_lin_vel_xy_exp,271,0.02952013909816742,1778917988.759948
unitree_go2_flat,Episode_Reward/track_lin_vel_xy_exp,272,0.02952013909816742,1778917989.8381693
unitree_go2_flat,Episode_Reward/track_lin_vel_xy_exp,273,0.02952013909816742,1778917990.8416557
unitree_go2_flat,Episode_Reward/track_lin_vel_xy_exp,274,0.15128213167190552,1778917991.852568
unitree_go2_flat,Episode_Reward/track_lin_vel_xy_exp,275,0.2951826751232147,1778917992.850885
unitree_go2_flat,Episode_Reward/track_lin_vel_xy_exp,276,0.2951826751232147,1778917993.8589613
unitree_go2_flat,Episode_Reward/track_lin_vel_xy_exp,277,0.295324444770813,1778917994.8953748
unitree_go2_flat,Episode_Reward/track_lin_vel_xy_exp,278,0.29534468054771423,1778917995.895452
unitree_go2_flat,Episode_Reward/track_lin_vel_xy_exp,279,0.29534468054771423,1778917996.8957627
unitree_go2_flat,Episode_Reward/track_lin_vel_xy_exp,280,0.27467772364616394,1778917997.9067843
unitree_go2_flat,Episode_Reward/track_lin_vel_xy_exp,281,0.04734107479453087,1778917998.9028823
unitree_go2_flat,Episode_Reward/track_lin_vel_xy_exp,282,0.04734107479453087,1778917999.9182177
unitree_go2_flat,Episode_Reward/track_lin_vel_xy_exp,283,0.04734107479453087,1778918001.0484667
unitree_go2_flat,Episode_Reward/track_lin_vel_xy_exp,284,0.6156307458877563,1778918002.0595338
unitree_go2_flat,Episode_Reward/track_lin_vel_xy_exp,285,0.899775505065918,1778918003.0702915
unitree_go2_flat,Episode_Reward/track_lin_vel_xy_exp,286,0.899775505065918,1778918004.0665412
unitree_go2_flat,Episode_Reward/track_lin_vel_xy_exp,287,0.899775505065918,1778918005.0837598
unitree_go2_flat,Episode_Reward/track_lin_vel_xy_exp,288,0.899775505065918,1778918006.0892727
unitree_go2_flat,Episode_Reward/track_lin_vel_xy_exp,289,0.899775505065918,1778918007.0969152
unitree_go2_flat,Episode_Reward/track_lin_vel_xy_exp,290,0.4419841766357422,1778918008.1116874
unitree_go2_flat,Episode_Reward/track_lin_vel_xy_exp,291,0.16730937361717224,1778918009.1146452
unitree_go2_flat,Episode_Reward/track_lin_vel_xy_exp,292,0.16730937361717224,1778918010.1178374
unitree_go2_flat,Episode_Reward/track_lin_vel_xy_exp,293,0.16730937361717224,1778918011.1327596
unitree_go2_flat,Episode_Reward/track_lin_vel_xy_exp,294,0.7004690170288086,1778918012.300775
unitree_go2_flat,Episode_Reward/track_lin_vel_xy_exp,295,1.0812972784042358,1778918013.3103645
unitree_go2_flat,Episode_Reward/track_lin_vel_xy_exp,296,1.0812972784042358,1778918014.3180013
unitree_go2_flat,Episode_Reward/track_lin_vel_xy_exp,297,0.01802799105644226,1778918015.327762
unitree_go2_flat,Episode_Reward/track_lin_vel_xy_exp,298,0.009274433366954327,1778918016.334831
unitree_go2_flat,Episode_Reward/track_lin_vel_xy_exp,299,0.009274433366954327,1778918017.338303
unitree_go2_flat,Episode_Reward/track_ang_vel_z_exp,0,0.0,1778917712.6819313
unitree_go2_flat,Episode_Reward/track_ang_vel_z_exp,1,0.0,1778917713.7484288
unitree_go2_flat,Episode_Reward/track_ang_vel_z_exp,2,0.0,1778917714.7486987
unitree_go2_flat,Episode_Reward/track_ang_vel_z_exp,3,0.007810551673173904,1778917716.2019782
unitree_go2_flat,Episode_Reward/track_ang_vel_z_exp,4,0.026586245745420456,1778917717.220618
unitree_go2_flat,Episode_Reward/track_ang_vel_z_exp,5,0.0241079144179821,1778917718.3578677
unitree_go2_flat,Episode_Reward/track_ang_vel_z_exp,6,0.02639647386968136,1778917719.3661025
unitree_go2_flat,Episode_Reward/track_ang_vel_z_exp,7,0.02639647386968136,1778917720.3776782
unitree_go2_flat,Episode_Reward/track_ang_vel_z_exp,8,0.02639647386968136,1778917721.3758266
unitree_go2_flat,Episode_Reward/track_ang_vel_z_exp,9,0.02855483442544937,1778917722.3817978
unitree_go2_flat,Episode_Reward/track_ang_vel_z_exp,10,0.045420050621032715,1778917723.385923
unitree_go2_flat,Episode_Reward/track_ang_vel_z_exp,11,0.06131332740187645,1778917724.38898
unitree_go2_flat,Episode_Reward/track_ang_vel_z_exp,12,0.04683953523635864,1778917725.3901005
unitree_go2_flat,Episode_Reward/track_ang_vel_z_exp,13,0.04683953523635864,1778917726.399202
unitree_go2_flat,Episode_Reward/track_ang_vel_z_exp,14,0.04683953523635864,1778917727.4006717
unitree_go2_flat,Episode_Reward/track_ang_vel_z_exp,15,0.04683953523635864,1778917728.533341
unitree_go2_flat,Episode_Reward/track_ang_vel_z_exp,16,0.06518981605768204,1778917729.5571828
unitree_go2_flat,Episode_Reward/track_ang_vel_z_exp,17,0.09192372858524323,1778917730.5576136
unitree_go2_flat,Episode_Reward/track_ang_vel_z_exp,18,0.08957847207784653,1778917731.559595
unitree_go2_flat,Episode_Reward/track_ang_vel_z_exp,19,0.07241524755954742,1778917732.5701408
unitree_go2_flat,Episode_Reward/track_ang_vel_z_exp,20,0.10522663593292236,1778917733.5761254
unitree_go2_flat,Episode_Reward/track_ang_vel_z_exp,21,0.10522663593292236,1778917734.5876744
unitree_go2_flat,Episode_Reward/track_ang_vel_z_exp,22,0.10522663593292236,1778917735.583784
unitree_go2_flat,Episode_Reward/track_ang_vel_z_exp,23,0.10702093690633774,1778917736.5889027
unitree_go2_flat,Episode_Reward/track_ang_vel_z_exp,24,0.111378513276577,1778917737.5939817
unitree_go2_flat,Episode_Reward/track_ang_vel_z_exp,25,0.111378513276577,1778917738.5987315
unitree_go2_flat,Episode_Reward/track_ang_vel_z_exp,26,0.111378513276577,1778917739.7401805
unitree_go2_flat,Episode_Reward/track_ang_vel_z_exp,27,0.12368065118789673,1778917740.7525084
unitree_go2_flat,Episode_Reward/track_ang_vel_z_exp,28,0.10607018321752548,1778917741.771848
unitree_go2_flat,Episode_Reward/track_ang_vel_z_exp,29,0.09356146305799484,1778917742.7797298
unitree_go2_flat,Episode_Reward/track_ang_vel_z_exp,30,0.09356146305799484,1778917743.7878456
unitree_go2_flat,Episode_Reward/track_ang_vel_z_exp,31,0.09356146305799484,1778917744.7861843
unitree_go2_flat,Episode_Reward/track_ang_vel_z_exp,32,0.14759407937526703,1778917745.795322
unitree_go2_flat,Episode_Reward/track_ang_vel_z_exp,33,0.2232397496700287,1778917746.796929
unitree_go2_flat,Episode_Reward/track_ang_vel_z_exp,34,0.19122520089149475,1778917747.8111427
unitree_go2_flat,Episode_Reward/track_ang_vel_z_exp,35,0.07482168078422546,1778917748.8230116
unitree_go2_flat,Episode_Reward/track_ang_vel_z_exp,36,0.16993348300457,1778917749.8301744
unitree_go2_flat,Episode_Reward/track_ang_vel_z_exp,37,0.1750253140926361,1778917750.9670262
unitree_go2_flat,Episode_Reward/track_ang_vel_z_exp,38,0.04819812998175621,1778917751.9740498
unitree_go2_flat,Episode_Reward/track_ang_vel_z_exp,39,0.007483019959181547,1778917752.9827318
unitree_go2_flat,Episode_Reward/track_ang_vel_z_exp,40,0.020325256511569023,1778917753.9936843
unitree_go2_flat,Episode_Reward/track_ang_vel_z_exp,41,0.028030600398778915,1778917754.9963627
unitree_go2_flat,Episode_Reward/track_ang_vel_z_exp,42,0.027703283354640007,1778917756.0061982
unitree_go2_flat,Episode_Reward/track_ang_vel_z_exp,43,0.027656523510813713,1778917757.0121589
unitree_go2_flat,Episode_Reward/track_ang_vel_z_exp,44,0.03582208231091499,1778917758.0309365
unitree_go2_flat,Episode_Reward/track_ang_vel_z_exp,45,0.16234445571899414,1778917759.048935
unitree_go2_flat,Episode_Reward/track_ang_vel_z_exp,46,0.23012863099575043,1778917760.0505576
unitree_go2_flat,Episode_Reward/track_ang_vel_z_exp,47,0.22391431033611298,1778917761.1451123
unitree_go2_flat,Episode_Reward/track_ang_vel_z_exp,48,0.22391431033611298,1778917762.1434464
unitree_go2_flat,Episode_Reward/track_ang_vel_z_exp,49,0.22391431033611298,1778917763.1409674
unitree_go2_flat,Episode_Reward/track_ang_vel_z_exp,50,0.22391431033611298,1778917764.1504302
unitree_go2_flat,Episode_Reward/track_ang_vel_z_exp,51,0.19100622832775116,1778917765.1731977
unitree_go2_flat,Episode_Reward/track_ang_vel_z_exp,52,0.14932772517204285,1778917766.203546
unitree_go2_flat,Episode_Reward/track_ang_vel_z_exp,53,0.2504478096961975,1778917767.2235928
unitree_go2_flat,Episode_Reward/track_ang_vel_z_exp,54,0.29128891229629517,1778917768.2270477
unitree_go2_flat,Episode_Reward/track_ang_vel_z_exp,55,0.1997893899679184,1778917769.2629633
unitree_go2_flat,Episode_Reward/track_ang_vel_z_exp,56,0.18178002536296844,1778917770.2674117
unitree_go2_flat,Episode_Reward/track_ang_vel_z_exp,57,0.17060647904872894,1778917771.2759655
unitree_go2_flat,Episode_Reward/track_ang_vel_z_exp,58,0.0680738016963005,1778917772.3553555
unitree_go2_flat,Episode_Reward/track_ang_vel_z_exp,59,0.012559468857944012,1778917773.3545074
unitree_go2_flat,Episode_Reward/track_ang_vel_z_exp,60,0.012559468857944012,1778917774.3697007
unitree_go2_flat,Episode_Reward/track_ang_vel_z_exp,61,0.10306578874588013,1778917775.3764622
unitree_go2_flat,Episode_Reward/track_ang_vel_z_exp,62,0.16562628746032715,1778917776.383338
unitree_go2_flat,Episode_Reward/track_ang_vel_z_exp,63,0.011386833153665066,1778917777.3894408
unitree_go2_flat,Episode_Reward/track_ang_vel_z_exp,64,0.011386833153665066,1778917778.393135
unitree_go2_flat,Episode_Reward/track_ang_vel_z_exp,65,0.011386833153665066,1778917779.405882
unitree_go2_flat,Episode_Reward/track_ang_vel_z_exp,66,0.010556722991168499,1778917780.438714
unitree_go2_flat,Episode_Reward/track_ang_vel_z_exp,67,0.010338271968066692,1778917781.441559
unitree_go2_flat,Episode_Reward/track_ang_vel_z_exp,68,0.010338271968066692,1778917782.4552443
unitree_go2_flat,Episode_Reward/track_ang_vel_z_exp,69,0.010338271968066692,1778917783.5616415
unitree_go2_flat,Episode_Reward/track_ang_vel_z_exp,70,0.010338271968066692,1778917784.565248
unitree_go2_flat,Episode_Reward/track_ang_vel_z_exp,71,0.010338271968066692,1778917785.5630589
unitree_go2_flat,Episode_Reward/track_ang_vel_z_exp,72,0.05509942024946213,1778917786.577305
unitree_go2_flat,Episode_Reward/track_ang_vel_z_exp,73,0.11776503175497055,1778917787.592818
unitree_go2_flat,Episode_Reward/track_ang_vel_z_exp,74,0.11776503175497055,1778917788.6103513
unitree_go2_flat,Episode_Reward/track_ang_vel_z_exp,75,0.11776503175497055,1778917789.6227176
unitree_go2_flat,Episode_Reward/track_ang_vel_z_exp,76,0.22425143420696259,1778917790.6358197
unitree_go2_flat,Episode_Reward/track_ang_vel_z_exp,77,0.22425143420696259,1778917791.640876
unitree_go2_flat,Episode_Reward/track_ang_vel_z_exp,78,0.22425143420696259,1778917792.640705
unitree_go2_flat,Episode_Reward/track_ang_vel_z_exp,79,0.22425143420696259,1778917793.779931
unitree_go2_flat,Episode_Reward/track_ang_vel_z_exp,80,0.22425143420696259,1778917794.7834482
unitree_go2_flat,Episode_Reward/track_ang_vel_z_exp,81,0.22425143420696259,1778917795.7816079
unitree_go2_flat,Episode_Reward/track_ang_vel_z_exp,82,0.1738516092300415,1778917796.7904868
unitree_go2_flat,Episode_Reward/track_ang_vel_z_exp,83,0.17166030406951904,1778917797.8023229
unitree_go2_flat,Episode_Reward/track_ang_vel_z_exp,84,0.17166030406951904,1778917798.8092408
unitree_go2_flat,Episode_Reward/track_ang_vel_z_exp,85,0.17166030406951904,1778917799.8085334
unitree_go2_flat,Episode_Reward/track_ang_vel_z_exp,86,0.20896542072296143,1778917800.8228505
unitree_go2_flat,Episode_Reward/track_ang_vel_z_exp,87,0.19337034225463867,1778917801.8434043
unitree_go2_flat,Episode_Reward/track_ang_vel_z_exp,88,0.21042774617671967,1778917802.8531027
unitree_go2_flat,Episode_Reward/track_ang_vel_z_exp,89,0.25502464175224304,1778917803.8562593
unitree_go2_flat,Episode_Reward/track_ang_vel_z_exp,90,0.25502464175224304,1778917805.0035934
unitree_go2_flat,Episode_Reward/track_ang_vel_z_exp,91,0.25502464175224304,1778917806.0051596
unitree_go2_flat,Episode_Reward/track_ang_vel_z_exp,92,0.25758349895477295,1778917807.0243957
unitree_go2_flat,Episode_Reward/track_ang_vel_z_exp,93,0.17426419258117676,1778917808.03504
unitree_go2_flat,Episode_Reward/track_ang_vel_z_exp,94,0.2259681224822998,1778917809.0539567
unitree_go2_flat,Episode_Reward/track_ang_vel_z_exp,95,0.15721747279167175,1778917810.0546772
unitree_go2_flat,Episode_Reward/track_ang_vel_z_exp,96,0.15721747279167175,1778917811.0631464
unitree_go2_flat,Episode_Reward/track_ang_vel_z_exp,97,0.15721747279167175,1778917812.0876808
unitree_go2_flat,Episode_Reward/track_ang_vel_z_exp,98,0.15721747279167175,1778917813.0899928
unitree_go2_flat,Episode_Reward/track_ang_vel_z_exp,99,0.181261345744133,1778917814.1039634
unitree_go2_flat,Episode_Reward/track_ang_vel_z_exp,100,0.13866829872131348,1778917815.1232998
unitree_go2_flat,Episode_Reward/track_ang_vel_z_exp,101,0.13866829872131348,1778917816.2460325
unitree_go2_flat,Episode_Reward/track_ang_vel_z_exp,102,0.13866829872131348,1778917817.2484722
unitree_go2_flat,Episode_Reward/track_ang_vel_z_exp,103,0.23134982585906982,1778917818.2593653
unitree_go2_flat,Episode_Reward/track_ang_vel_z_exp,104,0.24459004402160645,1778917819.2653377
unitree_go2_flat,Episode_Reward/track_ang_vel_z_exp,105,0.24459004402160645,1778917820.2665331
unitree_go2_flat,Episode_Reward/track_ang_vel_z_exp,106,0.24459004402160645,1778917821.2684286
unitree_go2_flat,Episode_Reward/track_ang_vel_z_exp,107,0.23804226517677307,1778917822.27498
unitree_go2_flat,Episode_Reward/track_ang_vel_z_exp,108,0.19220778346061707,1778917823.2925642
unitree_go2_flat,Episode_Reward/track_ang_vel_z_exp,109,0.19220778346061707,1778917824.2951932
unitree_go2_flat,Episode_Reward/track_ang_vel_z_exp,110,0.19220778346061707,1778917825.2974024
unitree_go2_flat,Episode_Reward/track_ang_vel_z_exp,111,0.19220778346061707,1778917826.3093154
unitree_go2_flat,Episode_Reward/track_ang_vel_z_exp,112,0.19220778346061707,1778917827.3161902
unitree_go2_flat,Episode_Reward/track_ang_vel_z_exp,113,0.19220778346061707,1778917828.322508
unitree_go2_flat,Episode_Reward/track_ang_vel_z_exp,114,0.1674516201019287,1778917829.3268912
unitree_go2_flat,Episode_Reward/track_ang_vel_z_exp,115,0.1591995805501938,1778917830.3307645
unitree_go2_flat,Episode_Reward/track_ang_vel_z_exp,116,0.1591995805501938,1778917831.3309898
unitree_go2_flat,Episode_Reward/track_ang_vel_z_exp,117,0.17978057265281677,1778917832.3412166
unitree_go2_flat,Episode_Reward/track_ang_vel_z_exp,118,0.22094254195690155,1778917833.3540525
unitree_go2_flat,Episode_Reward/track_ang_vel_z_exp,119,0.22094254195690155,1778917834.3633096
unitree_go2_flat,Episode_Reward/track_ang_vel_z_exp,120,0.22094254195690155,1778917835.373332
unitree_go2_flat,Episode_Reward/track_ang_vel_z_exp,121,0.22094254195690155,1778917836.3813477
unitree_go2_flat,Episode_Reward/track_ang_vel_z_exp,122,0.22094254195690155,1778917837.529817
unitree_go2_flat,Episode_Reward/track_ang_vel_z_exp,123,0.23351800441741943,1778917838.5373201
unitree_go2_flat,Episode_Reward/track_ang_vel_z_exp,124,0.26405853033065796,1778917839.5374892
unitree_go2_flat,Episode_Reward/track_ang_vel_z_exp,125,0.26405853033065796,1778917840.5334978
unitree_go2_flat,Episode_Reward/track_ang_vel_z_exp,126,0.26405853033065796,1778917841.547378
unitree_go2_flat,Episode_Reward/track_ang_vel_z_exp,127,0.2551804780960083,1778917842.552135
unitree_go2_flat,Episode_Reward/track_ang_vel_z_exp,128,0.223476380109787,1778917843.5600648
unitree_go2_flat,Episode_Reward/track_ang_vel_z_exp,129,0.20154058933258057,1778917844.566933
unitree_go2_flat,Episode_Reward/track_ang_vel_z_exp,130,0.2714865207672119,1778917845.5702894
unitree_go2_flat,Episode_Reward/track_ang_vel_z_exp,131,0.3064594864845276,1778917846.5668926
unitree_go2_flat,Episode_Reward/track_ang_vel_z_exp,132,0.3064594864845276,1778917847.5649278
unitree_go2_flat,Episode_Reward/track_ang_vel_z_exp,133,0.3064594864845276,1778917848.7018874
unitree_go2_flat,Episode_Reward/track_ang_vel_z_exp,134,0.2624180316925049,1778917849.7119877
unitree_go2_flat,Episode_Reward/track_ang_vel_z_exp,135,0.25368526577949524,1778917850.7263753
unitree_go2_flat,Episode_Reward/track_ang_vel_z_exp,136,0.18881075084209442,1778917851.7508972
unitree_go2_flat,Episode_Reward/track_ang_vel_z_exp,137,0.19983945786952972,1778917852.7556021
unitree_go2_flat,Episode_Reward/track_ang_vel_z_exp,138,0.1869826763868332,1778917853.7854886
unitree_go2_flat,Episode_Reward/track_ang_vel_z_exp,139,0.03385544940829277,1778917854.818895
unitree_go2_flat,Episode_Reward/track_ang_vel_z_exp,140,0.010450487956404686,1778917855.8214111
unitree_go2_flat,Episode_Reward/track_ang_vel_z_exp,141,0.23086705803871155,1778917856.8354068
unitree_go2_flat,Episode_Reward/track_ang_vel_z_exp,142,0.2016756385564804,1778917857.8347676
unitree_go2_flat,Episode_Reward/track_ang_vel_z_exp,143,0.2016756385564804,1778917858.8329086
unitree_go2_flat,Episode_Reward/track_ang_vel_z_exp,144,0.21415363252162933,1778917859.9545004
unitree_go2_flat,Episode_Reward/track_ang_vel_z_exp,145,0.2615699768066406,1778917860.9563913
unitree_go2_flat,Episode_Reward/track_ang_vel_z_exp,146,0.2615699768066406,1778917861.958035
unitree_go2_flat,Episode_Reward/track_ang_vel_z_exp,147,0.2615699768066406,1778917862.953373
unitree_go2_flat,Episode_Reward/track_ang_vel_z_exp,148,0.2615699768066406,1778917863.9433544
unitree_go2_flat,Episode_Reward/track_ang_vel_z_exp,149,0.26866576075553894,1778917864.9483535
unitree_go2_flat,Episode_Reward/track_ang_vel_z_exp,150,0.2770516872406006,1778917865.9677436
unitree_go2_flat,Episode_Reward/track_ang_vel_z_exp,151,0.2770516872406006,1778917866.991942
unitree_go2_flat,Episode_Reward/track_ang_vel_z_exp,152,0.07682809233665466,1778917868.009185
unitree_go2_flat,Episode_Reward/track_ang_vel_z_exp,153,0.04822471737861633,1778917869.0064805
unitree_go2_flat,Episode_Reward/track_ang_vel_z_exp,154,0.04822471737861633,1778917870.1364372
unitree_go2_flat,Episode_Reward/track_ang_vel_z_exp,155,0.06569668650627136,1778917871.1356134
unitree_go2_flat,Episode_Reward/track_ang_vel_z_exp,156,0.2578883767127991,1778917872.1511383
unitree_go2_flat,Episode_Reward/track_ang_vel_z_exp,157,0.2578883767127991,1778917873.1593714
unitree_go2_flat,Episode_Reward/track_ang_vel_z_exp,158,0.2578883767127991,1778917874.1603873
unitree_go2_flat,Episode_Reward/track_ang_vel_z_exp,159,0.24036213755607605,1778917875.1665437
unitree_go2_flat,Episode_Reward/track_ang_vel_z_exp,160,0.23159901797771454,1778917876.1689293
unitree_go2_flat,Episode_Reward/track_ang_vel_z_exp,161,0.23159901797771454,1778917877.1750317
unitree_go2_flat,Episode_Reward/track_ang_vel_z_exp,162,0.23159901797771454,1778917878.1848845
unitree_go2_flat,Episode_Reward/track_ang_vel_z_exp,163,0.23159901797771454,1778917879.1895297
unitree_go2_flat,Episode_Reward/track_ang_vel_z_exp,164,0.23159901797771454,1778917880.189377
unitree_go2_flat,Episode_Reward/track_ang_vel_z_exp,165,0.17753908038139343,1778917881.3061316
unitree_go2_flat,Episode_Reward/track_ang_vel_z_exp,166,0.1451030969619751,1778917882.3038664
unitree_go2_flat,Episode_Reward/track_ang_vel_z_exp,167,0.1451030969619751,1778917883.306044
unitree_go2_flat,Episode_Reward/track_ang_vel_z_exp,168,0.1451030969619751,1778917884.2946887
unitree_go2_flat,Episode_Reward/track_ang_vel_z_exp,169,0.22428563237190247,1778917885.2983525
unitree_go2_flat,Episode_Reward/track_ang_vel_z_exp,170,0.22012518346309662,1778917886.2990336
unitree_go2_flat,Episode_Reward/track_ang_vel_z_exp,171,0.1767542064189911,1778917887.3069508
unitree_go2_flat,Episode_Reward/track_ang_vel_z_exp,172,0.17182211577892303,1778917888.3065252
unitree_go2_flat,Episode_Reward/track_ang_vel_z_exp,173,0.17182211577892303,1778917889.3128185
unitree_go2_flat,Episode_Reward/track_ang_vel_z_exp,174,0.17182211577892303,1778917890.3121479
unitree_go2_flat,Episode_Reward/track_ang_vel_z_exp,175,0.17182211577892303,1778917891.3298812
unitree_go2_flat,Episode_Reward/track_ang_vel_z_exp,176,0.21215948462486267,1778917892.4913132
unitree_go2_flat,Episode_Reward/track_ang_vel_z_exp,177,0.2331303060054779,1778917893.501441
unitree_go2_flat,Episode_Reward/track_ang_vel_z_exp,178,0.2708841562271118,1778917894.5071762
unitree_go2_flat,Episode_Reward/track_ang_vel_z_exp,179,0.28208214044570923,1778917895.5064387
unitree_go2_flat,Episode_Reward/track_ang_vel_z_exp,180,0.25623762607574463,1778917896.5038705
unitree_go2_flat,Episode_Reward/track_ang_vel_z_exp,181,0.22045938670635223,1778917897.5110602
unitree_go2_flat,Episode_Reward/track_ang_vel_z_exp,182,0.2127174586057663,1778917898.550823
unitree_go2_flat,Episode_Reward/track_ang_vel_z_exp,183,0.18888545036315918,1778917899.5497398
unitree_go2_flat,Episode_Reward/track_ang_vel_z_exp,184,0.18888545036315918,1778917900.542433
unitree_go2_flat,Episode_Reward/track_ang_vel_z_exp,185,0.18888545036315918,1778917901.5516896
unitree_go2_flat,Episode_Reward/track_ang_vel_z_exp,186,0.23125100135803223,1778917902.6566331
unitree_go2_flat,Episode_Reward/track_ang_vel_z_exp,187,0.2670987546443939,1778917903.6674924
unitree_go2_flat,Episode_Reward/track_ang_vel_z_exp,188,0.2670987546443939,1778917904.663386
unitree_go2_flat,Episode_Reward/track_ang_vel_z_exp,189,0.2670987546443939,1778917905.666116
unitree_go2_flat,Episode_Reward/track_ang_vel_z_exp,190,0.2670987546443939,1778917906.6642551
unitree_go2_flat,Episode_Reward/track_ang_vel_z_exp,191,0.17783157527446747,1778917907.6763318
unitree_go2_flat,Episode_Reward/track_ang_vel_z_exp,192,0.1543402075767517,1778917908.6870482
unitree_go2_flat,Episode_Reward/track_ang_vel_z_exp,193,0.15641091763973236,1778917909.707197
unitree_go2_flat,Episode_Reward/track_ang_vel_z_exp,194,0.16427956521511078,1778917910.7100089
unitree_go2_flat,Episode_Reward/track_ang_vel_z_exp,195,0.16427956521511078,1778917911.7061286
unitree_go2_flat,Episode_Reward/track_ang_vel_z_exp,196,0.16427956521511078,1778917912.7039135
unitree_go2_flat,Episode_Reward/track_ang_vel_z_exp,197,0.20027582347393036,1778917913.8572636
unitree_go2_flat,Episode_Reward/track_ang_vel_z_exp,198,0.25067055225372314,1778917914.8592622
unitree_go2_flat,Episode_Reward/track_ang_vel_z_exp,199,0.25067055225372314,1778917915.8630943
unitree_go2_flat,Episode_Reward/track_ang_vel_z_exp,200,0.25067055225372314,1778917916.8565316
unitree_go2_flat,Episode_Reward/track_ang_vel_z_exp,201,0.25414323806762695,1778917917.8632133
unitree_go2_flat,Episode_Reward/track_ang_vel_z_exp,202,0.25414323806762695,1778917918.8632941
unitree_go2_flat,Episode_Reward/track_ang_vel_z_exp,203,0.25414323806762695,1778917919.870306
unitree_go2_flat,Episode_Reward/track_ang_vel_z_exp,204,0.25414323806762695,1778917920.872753
unitree_go2_flat,Episode_Reward/track_ang_vel_z_exp,205,0.25414323806762695,1778917921.8830311
unitree_go2_flat,Episode_Reward/track_ang_vel_z_exp,206,0.25414323806762695,1778917922.8910525
unitree_go2_flat,Episode_Reward/track_ang_vel_z_exp,207,0.17415300011634827,1778917923.8992724
unitree_go2_flat,Episode_Reward/track_ang_vel_z_exp,208,0.1706751435995102,1778917925.0529096
unitree_go2_flat,Episode_Reward/track_ang_vel_z_exp,209,0.1706751435995102,1778917926.0487351
unitree_go2_flat,Episode_Reward/track_ang_vel_z_exp,210,0.1706751435995102,1778917927.0462022
unitree_go2_flat,Episode_Reward/track_ang_vel_z_exp,211,0.258603036403656,1778917928.0622113
unitree_go2_flat,Episode_Reward/track_ang_vel_z_exp,212,0.26691341400146484,1778917929.0699692
unitree_go2_flat,Episode_Reward/track_ang_vel_z_exp,213,0.24491195380687714,1778917930.0842993
unitree_go2_flat,Episode_Reward/track_ang_vel_z_exp,214,0.2008514106273651,1778917931.0837526
unitree_go2_flat,Episode_Reward/track_ang_vel_z_exp,215,0.2008514106273651,1778917932.0846736
unitree_go2_flat,Episode_Reward/track_ang_vel_z_exp,216,0.2008514106273651,1778917933.0893376
unitree_go2_flat,Episode_Reward/track_ang_vel_z_exp,217,0.2008514106273651,1778917934.0889208
unitree_go2_flat,Episode_Reward/track_ang_vel_z_exp,218,0.1620224118232727,1778917935.1002414
unitree_go2_flat,Episode_Reward/track_ang_vel_z_exp,219,0.22840186953544617,1778917936.2141957
unitree_go2_flat,Episode_Reward/track_ang_vel_z_exp,220,0.2953425645828247,1778917937.210355
unitree_go2_flat,Episode_Reward/track_ang_vel_z_exp,221,0.2953425645828247,1778917938.2137947
unitree_go2_flat,Episode_Reward/track_ang_vel_z_exp,222,0.23843638598918915,1778917939.222427
unitree_go2_flat,Episode_Reward/track_ang_vel_z_exp,223,0.26165324449539185,1778917940.2303262
unitree_go2_flat,Episode_Reward/track_ang_vel_z_exp,224,0.2719682455062866,1778917941.2452443
unitree_go2_flat,Episode_Reward/track_ang_vel_z_exp,225,0.2793360948562622,1778917942.2446334
unitree_go2_flat,Episode_Reward/track_ang_vel_z_exp,226,0.2793360948562622,1778917943.2408724
unitree_go2_flat,Episode_Reward/track_ang_vel_z_exp,227,0.2793360948562622,1778917944.2319605
unitree_go2_flat,Episode_Reward/track_ang_vel_z_exp,228,0.27871471643447876,1778917945.230175
unitree_go2_flat,Episode_Reward/track_ang_vel_z_exp,229,0.2786259353160858,1778917946.3492095
unitree_go2_flat,Episode_Reward/track_ang_vel_z_exp,230,0.2786259353160858,1778917947.3431716
unitree_go2_flat,Episode_Reward/track_ang_vel_z_exp,231,0.2786259353160858,1778917948.338478
unitree_go2_flat,Episode_Reward/track_ang_vel_z_exp,232,0.26314231753349304,1778917949.3398495
unitree_go2_flat,Episode_Reward/track_ang_vel_z_exp,233,0.1547568440437317,1778917950.339
unitree_go2_flat,Episode_Reward/track_ang_vel_z_exp,234,0.1547568440437317,1778917951.3372166
unitree_go2_flat,Episode_Reward/track_ang_vel_z_exp,235,0.19581912457942963,1778917952.3398788
unitree_go2_flat,Episode_Reward/track_ang_vel_z_exp,236,0.23056411743164062,1778917953.3418741
unitree_go2_flat,Episode_Reward/track_ang_vel_z_exp,237,0.23056411743164062,1778917954.3356628
unitree_go2_flat,Episode_Reward/track_ang_vel_z_exp,238,0.23056411743164062,1778917955.3355649
unitree_go2_flat,Episode_Reward/track_ang_vel_z_exp,239,0.2609519958496094,1778917956.339305
unitree_go2_flat,Episode_Reward/track_ang_vel_z_exp,240,0.2710812985897064,1778917957.4862435
unitree_go2_flat,Episode_Reward/track_ang_vel_z_exp,241,0.2710812985897064,1778917958.4847305
unitree_go2_flat,Episode_Reward/track_ang_vel_z_exp,242,0.2800085246562958,1778917959.4905648
unitree_go2_flat,Episode_Reward/track_ang_vel_z_exp,243,0.2978629767894745,1778917960.483832
unitree_go2_flat,Episode_Reward/track_ang_vel_z_exp,244,0.2978629767894745,1778917961.4807696
unitree_go2_flat,Episode_Reward/track_ang_vel_z_exp,245,0.2978629767894745,1778917962.4908893
unitree_go2_flat,Episode_Reward/track_ang_vel_z_exp,246,0.2978629767894745,1778917963.4906874
unitree_go2_flat,Episode_Reward/track_ang_vel_z_exp,247,0.2978629767894745,1778917964.4992826
unitree_go2_flat,Episode_Reward/track_ang_vel_z_exp,248,0.2569509744644165,1778917965.506821
unitree_go2_flat,Episode_Reward/track_ang_vel_z_exp,249,0.15759329497814178,1778917966.5079403
unitree_go2_flat,Episode_Reward/track_ang_vel_z_exp,250,0.15759329497814178,1778917967.506501
unitree_go2_flat,Episode_Reward/track_ang_vel_z_exp,251,0.15759329497814178,1778917968.5850112
unitree_go2_flat,Episode_Reward/track_ang_vel_z_exp,252,0.1786639392375946,1778917969.5998645
unitree_go2_flat,Episode_Reward/track_ang_vel_z_exp,253,0.24099181592464447,1778917970.6053793
unitree_go2_flat,Episode_Reward/track_ang_vel_z_exp,254,0.23833982646465302,1778917971.620216
unitree_go2_flat,Episode_Reward/track_ang_vel_z_exp,255,0.22112207114696503,1778917972.6430836
unitree_go2_flat,Episode_Reward/track_ang_vel_z_exp,256,0.22340667247772217,1778917973.6517203
unitree_go2_flat,Episode_Reward/track_ang_vel_z_exp,257,0.22340667247772217,1778917974.6469274
unitree_go2_flat,Episode_Reward/track_ang_vel_z_exp,258,0.22340667247772217,1778917975.64254
unitree_go2_flat,Episode_Reward/track_ang_vel_z_exp,259,0.2200360745191574,1778917976.6584938
unitree_go2_flat,Episode_Reward/track_ang_vel_z_exp,260,0.2031831443309784,1778917977.6596704
unitree_go2_flat,Episode_Reward/track_ang_vel_z_exp,261,0.19238261878490448,1778917978.6728346
unitree_go2_flat,Episode_Reward/track_ang_vel_z_exp,262,0.11747018992900848,1778917979.6989102
unitree_go2_flat,Episode_Reward/track_ang_vel_z_exp,263,0.07843074202537537,1778917980.7131186
unitree_go2_flat,Episode_Reward/track_ang_vel_z_exp,264,0.2015378475189209,1778917981.7219813
unitree_go2_flat,Episode_Reward/track_ang_vel_z_exp,265,0.1926276534795761,1778917982.729286
unitree_go2_flat,Episode_Reward/track_ang_vel_z_exp,266,0.14201031625270844,1778917983.7450929
unitree_go2_flat,Episode_Reward/track_ang_vel_z_exp,267,0.1374087631702423,1778917984.7425435
unitree_go2_flat,Episode_Reward/track_ang_vel_z_exp,268,0.1374087631702423,1778917985.7432048
unitree_go2_flat,Episode_Reward/track_ang_vel_z_exp,269,0.1740729659795761,1778917986.7514708
unitree_go2_flat,Episode_Reward/track_ang_vel_z_exp,270,0.31339699029922485,1778917987.7593858
unitree_go2_flat,Episode_Reward/track_ang_vel_z_exp,271,0.31339699029922485,1778917988.760605
unitree_go2_flat,Episode_Reward/track_ang_vel_z_exp,272,0.31339699029922485,1778917989.8388464
unitree_go2_flat,Episode_Reward/track_ang_vel_z_exp,273,0.31339699029922485,1778917990.8424304
unitree_go2_flat,Episode_Reward/track_ang_vel_z_exp,274,0.2863989472389221,1778917991.8531973
unitree_go2_flat,Episode_Reward/track_ang_vel_z_exp,275,0.2544921338558197,1778917992.851477
unitree_go2_flat,Episode_Reward/track_ang_vel_z_exp,276,0.2544921338558197,1778917993.8595514
unitree_go2_flat,Episode_Reward/track_ang_vel_z_exp,277,0.23156031966209412,1778917994.8961098
unitree_go2_flat,Episode_Reward/track_ang_vel_z_exp,278,0.2282843440771103,1778917995.8960407
unitree_go2_flat,Episode_Reward/track_ang_vel_z_exp,279,0.2282843440771103,1778917996.8964193
unitree_go2_flat,Episode_Reward/track_ang_vel_z_exp,280,0.22382090985774994,1778917997.907396
unitree_go2_flat,Episode_Reward/track_ang_vel_z_exp,281,0.17472311854362488,1778917998.9034889
unitree_go2_flat,Episode_Reward/track_ang_vel_z_exp,282,0.17472311854362488,1778917999.9188793
unitree_go2_flat,Episode_Reward/track_ang_vel_z_exp,283,0.17472311854362488,1778918001.049081
unitree_go2_flat,Episode_Reward/track_ang_vel_z_exp,284,0.23745882511138916,1778918002.06015
unitree_go2_flat,Episode_Reward/track_ang_vel_z_exp,285,0.2688266932964325,1778918003.0709403
unitree_go2_flat,Episode_Reward/track_ang_vel_z_exp,286,0.2688266932964325,1778918004.0671325
unitree_go2_flat,Episode_Reward/track_ang_vel_z_exp,287,0.2688266932964325,1778918005.084418
unitree_go2_flat,Episode_Reward/track_ang_vel_z_exp,288,0.2688266932964325,1778918006.0899298
unitree_go2_flat,Episode_Reward/track_ang_vel_z_exp,289,0.2688266932964325,1778918007.0975325
unitree_go2_flat,Episode_Reward/track_ang_vel_z_exp,290,0.2337798774242401,1778918008.1122873
unitree_go2_flat,Episode_Reward/track_ang_vel_z_exp,291,0.21275179088115692,1778918009.1152277
unitree_go2_flat,Episode_Reward/track_ang_vel_z_exp,292,0.21275179088115692,1778918010.118516
unitree_go2_flat,Episode_Reward/track_ang_vel_z_exp,293,0.21275179088115692,1778918011.1334054
unitree_go2_flat,Episode_Reward/track_ang_vel_z_exp,294,0.24279126524925232,1778918012.3013783
unitree_go2_flat,Episode_Reward/track_ang_vel_z_exp,295,0.2642480731010437,1778918013.310994
unitree_go2_flat,Episode_Reward/track_ang_vel_z_exp,296,0.2642480731010437,1778918014.3187597
unitree_go2_flat,Episode_Reward/track_ang_vel_z_exp,297,0.15749627351760864,1778918015.3284955
unitree_go2_flat,Episode_Reward/track_ang_vel_z_exp,298,0.1537797898054123,1778918016.3354592
unitree_go2_flat,Episode_Reward/track_ang_vel_z_exp,299,0.1537797898054123,1778918017.3389957
unitree_go2_flat,Episode_Reward/lin_vel_z_l2,0,0.0,1778917712.6824803
unitree_go2_flat,Episode_Reward/lin_vel_z_l2,1,0.0,1778917713.7489665
unitree_go2_flat,Episode_Reward/lin_vel_z_l2,2,0.0,1778917714.7491689
unitree_go2_flat,Episode_Reward/lin_vel_z_l2,3,-0.010162848979234695,1778917716.2025137
unitree_go2_flat,Episode_Reward/lin_vel_z_l2,4,-0.03760254383087158,1778917717.2211885
unitree_go2_flat,Episode_Reward/lin_vel_z_l2,5,-0.03493200242519379,1778917718.35841
unitree_go2_flat,Episode_Reward/lin_vel_z_l2,6,-0.025870293378829956,1778917719.366651
unitree_go2_flat,Episode_Reward/lin_vel_z_l2,7,-0.025870293378829956,1778917720.3781836
unitree_go2_flat,Episode_Reward/lin_vel_z_l2,8,-0.025870293378829956,1778917721.3763487
unitree_go2_flat,Episode_Reward/lin_vel_z_l2,9,-0.028762292116880417,1778917722.3823426
unitree_go2_flat,Episode_Reward/lin_vel_z_l2,10,-0.04235970601439476,1778917723.3864186
unitree_go2_flat,Episode_Reward/lin_vel_z_l2,11,-0.042220376431941986,1778917724.3894894
unitree_go2_flat,Episode_Reward/lin_vel_z_l2,12,-0.046393897384405136,1778917725.3906288
unitree_go2_flat,Episode_Reward/lin_vel_z_l2,13,-0.046393897384405136,1778917726.3997085
unitree_go2_flat,Episode_Reward/lin_vel_z_l2,14,-0.046393897384405136,1778917727.4011579
unitree_go2_flat,Episode_Reward/lin_vel_z_l2,15,-0.046393897384405136,1778917728.533877
unitree_go2_flat,Episode_Reward/lin_vel_z_l2,16,-0.04173777997493744,1778917729.5577228
unitree_go2_flat,Episode_Reward/lin_vel_z_l2,17,-0.043501824140548706,1778917730.5581026
unitree_go2_flat,Episode_Reward/lin_vel_z_l2,18,-0.0446108877658844,1778917731.5601065
unitree_go2_flat,Episode_Reward/lin_vel_z_l2,19,-0.05719449371099472,1778917732.5706868
unitree_go2_flat,Episode_Reward/lin_vel_z_l2,20,-0.05865345522761345,1778917733.576656
unitree_go2_flat,Episode_Reward/lin_vel_z_l2,21,-0.05865345522761345,1778917734.5881765
unitree_go2_flat,Episode_Reward/lin_vel_z_l2,22,-0.05865345522761345,1778917735.5843174
unitree_go2_flat,Episode_Reward/lin_vel_z_l2,23,-0.06011837720870972,1778917736.589455
unitree_go2_flat,Episode_Reward/lin_vel_z_l2,24,-0.06367605179548264,1778917737.5944946
unitree_go2_flat,Episode_Reward/lin_vel_z_l2,25,-0.06367605179548264,1778917738.599301
unitree_go2_flat,Episode_Reward/lin_vel_z_l2,26,-0.06367605179548264,1778917739.7408423
unitree_go2_flat,Episode_Reward/lin_vel_z_l2,27,-0.06570173054933548,1778917740.7530315
unitree_go2_flat,Episode_Reward/lin_vel_z_l2,28,-0.062120940536260605,1778917741.7723284
unitree_go2_flat,Episode_Reward/lin_vel_z_l2,29,-0.059652622789144516,1778917742.7802155
unitree_go2_flat,Episode_Reward/lin_vel_z_l2,30,-0.059652622789144516,1778917743.7883701
unitree_go2_flat,Episode_Reward/lin_vel_z_l2,31,-0.059652622789144516,1778917744.786709
unitree_go2_flat,Episode_Reward/lin_vel_z_l2,32,-0.06893935054540634,1778917745.795861
unitree_go2_flat,Episode_Reward/lin_vel_z_l2,33,-0.08194076269865036,1778917746.7974145
unitree_go2_flat,Episode_Reward/lin_vel_z_l2,34,-0.07195307314395905,1778917747.811694
unitree_go2_flat,Episode_Reward/lin_vel_z_l2,35,-0.051669906824827194,1778917748.8235044
unitree_go2_flat,Episode_Reward/lin_vel_z_l2,36,-0.08499356359243393,1778917749.83077
unitree_go2_flat,Episode_Reward/lin_vel_z_l2,37,-0.08660142123699188,1778917750.9675171
unitree_go2_flat,Episode_Reward/lin_vel_z_l2,38,-0.050826992839574814,1778917751.974637
unitree_go2_flat,Episode_Reward/lin_vel_z_l2,39,-0.045166950672864914,1778917752.9832263
unitree_go2_flat,Episode_Reward/lin_vel_z_l2,40,-0.04147719591856003,1778917753.994199
unitree_go2_flat,Episode_Reward/lin_vel_z_l2,41,-0.039263345301151276,1778917754.996897
unitree_go2_flat,Episode_Reward/lin_vel_z_l2,42,-0.03903025761246681,1778917756.0067637
unitree_go2_flat,Episode_Reward/lin_vel_z_l2,43,-0.03899695724248886,1778917757.0126956
unitree_go2_flat,Episode_Reward/lin_vel_z_l2,44,-0.04449375718832016,1778917758.0314956
unitree_go2_flat,Episode_Reward/lin_vel_z_l2,45,-0.06975671648979187,1778917759.0494132
unitree_go2_flat,Episode_Reward/lin_vel_z_l2,46,-0.08044886589050293,1778917760.0511308
unitree_go2_flat,Episode_Reward/lin_vel_z_l2,47,-0.09437068551778793,1778917761.145623
unitree_go2_flat,Episode_Reward/lin_vel_z_l2,48,-0.09437068551778793,1778917762.1439764
unitree_go2_flat,Episode_Reward/lin_vel_z_l2,49,-0.09437068551778793,1778917763.14146
unitree_go2_flat,Episode_Reward/lin_vel_z_l2,50,-0.09437068551778793,1778917764.1509707
unitree_go2_flat,Episode_Reward/lin_vel_z_l2,51,-0.08584044873714447,1778917765.1737947
unitree_go2_flat,Episode_Reward/lin_vel_z_l2,52,-0.06789616495370865,1778917766.2041898
unitree_go2_flat,Episode_Reward/lin_vel_z_l2,53,-0.07404228299856186,1778917767.2241268
unitree_go2_flat,Episode_Reward/lin_vel_z_l2,54,-0.08138268440961838,1778917768.227528
unitree_go2_flat,Episode_Reward/lin_vel_z_l2,55,-0.07341361790895462,1778917769.263482
unitree_go2_flat,Episode_Reward/lin_vel_z_l2,56,-0.07306815683841705,1778917770.2679744
unitree_go2_flat,Episode_Reward/lin_vel_z_l2,57,-0.06959031522274017,1778917771.2765014
unitree_go2_flat,Episode_Reward/lin_vel_z_l2,58,-0.04313395917415619,1778917772.355891
unitree_go2_flat,Episode_Reward/lin_vel_z_l2,59,-0.03232836350798607,1778917773.354999
unitree_go2_flat,Episode_Reward/lin_vel_z_l2,60,-0.03232836350798607,1778917774.370338
unitree_go2_flat,Episode_Reward/lin_vel_z_l2,61,-0.05618342384696007,1778917775.3770528
unitree_go2_flat,Episode_Reward/lin_vel_z_l2,62,-0.07243522256612778,1778917776.3838713
unitree_go2_flat,Episode_Reward/lin_vel_z_l2,63,-0.029169363901019096,1778917777.38997
unitree_go2_flat,Episode_Reward/lin_vel_z_l2,64,-0.029169363901019096,1778917778.3936899
unitree_go2_flat,Episode_Reward/lin_vel_z_l2,65,-0.029169363901019096,1778917779.4064794
unitree_go2_flat,Episode_Reward/lin_vel_z_l2,66,-0.04012685269117355,1778917780.4392188
unitree_go2_flat,Episode_Reward/lin_vel_z_l2,67,-0.043010398745536804,1778917781.4421327
unitree_go2_flat,Episode_Reward/lin_vel_z_l2,68,-0.043010398745536804,1778917782.4557962
unitree_go2_flat,Episode_Reward/lin_vel_z_l2,69,-0.043010398745536804,1778917783.5621731
unitree_go2_flat,Episode_Reward/lin_vel_z_l2,70,-0.043010398745536804,1778917784.5657842
unitree_go2_flat,Episode_Reward/lin_vel_z_l2,71,-0.043010398745536804,1778917785.5636382
unitree_go2_flat,Episode_Reward/lin_vel_z_l2,72,-0.04612037166953087,1778917786.577881
unitree_go2_flat,Episode_Reward/lin_vel_z_l2,73,-0.05047432705760002,1778917787.5933485
unitree_go2_flat,Episode_Reward/lin_vel_z_l2,74,-0.05047432705760002,1778917788.611027
unitree_go2_flat,Episode_Reward/lin_vel_z_l2,75,-0.05047432705760002,1778917789.6232038
unitree_go2_flat,Episode_Reward/lin_vel_z_l2,76,-0.08120986819267273,1778917790.6363816
unitree_go2_flat,Episode_Reward/lin_vel_z_l2,77,-0.08120986819267273,1778917791.6413946
unitree_go2_flat,Episode_Reward/lin_vel_z_l2,78,-0.08120986819267273,1778917792.6412086
unitree_go2_flat,Episode_Reward/lin_vel_z_l2,79,-0.08120986819267273,1778917793.7804177
unitree_go2_flat,Episode_Reward/lin_vel_z_l2,80,-0.08120986819267273,1778917794.7839575
unitree_go2_flat,Episode_Reward/lin_vel_z_l2,81,-0.08120986819267273,1778917795.782122
unitree_go2_flat,Episode_Reward/lin_vel_z_l2,82,-0.08020259439945221,1778917796.7911532
unitree_go2_flat,Episode_Reward/lin_vel_z_l2,83,-0.0801587924361229,1778917797.8029592
unitree_go2_flat,Episode_Reward/lin_vel_z_l2,84,-0.0801587924361229,1778917798.8097968
unitree_go2_flat,Episode_Reward/lin_vel_z_l2,85,-0.0801587924361229,1778917799.8090482
unitree_go2_flat,Episode_Reward/lin_vel_z_l2,86,-0.07151777297258377,1778917800.8234363
unitree_go2_flat,Episode_Reward/lin_vel_z_l2,87,-0.0751817375421524,1778917801.8439078
unitree_go2_flat,Episode_Reward/lin_vel_z_l2,88,-0.0740085020661354,1778917802.8536289
unitree_go2_flat,Episode_Reward/lin_vel_z_l2,89,-0.07036253064870834,1778917803.8567674
unitree_go2_flat,Episode_Reward/lin_vel_z_l2,90,-0.07036253064870834,1778917805.0040994
unitree_go2_flat,Episode_Reward/lin_vel_z_l2,91,-0.07036253064870834,1778917806.0057354
unitree_go2_flat,Episode_Reward/lin_vel_z_l2,92,-0.0706099197268486,1778917807.0249119
unitree_go2_flat,Episode_Reward/lin_vel_z_l2,93,-0.0664806067943573,1778917808.0355508
unitree_go2_flat,Episode_Reward/lin_vel_z_l2,94,-0.07811084389686584,1778917809.0545695
unitree_go2_flat,Episode_Reward/lin_vel_z_l2,95,-0.06831787526607513,1778917810.0551398
unitree_go2_flat,Episode_Reward/lin_vel_z_l2,96,-0.06831787526607513,1778917811.0637035
unitree_go2_flat,Episode_Reward/lin_vel_z_l2,97,-0.06831787526607513,1778917812.088154
unitree_go2_flat,Episode_Reward/lin_vel_z_l2,98,-0.06831787526607513,1778917813.0905075
unitree_go2_flat,Episode_Reward/lin_vel_z_l2,99,-0.0722314715385437,1778917814.1044872
unitree_go2_flat,Episode_Reward/lin_vel_z_l2,100,-0.05967463180422783,1778917815.12396
unitree_go2_flat,Episode_Reward/lin_vel_z_l2,101,-0.05967463180422783,1778917816.2465363
unitree_go2_flat,Episode_Reward/lin_vel_z_l2,102,-0.05967463180422783,1778917817.249038
unitree_go2_flat,Episode_Reward/lin_vel_z_l2,103,-0.06886966526508331,1778917818.25991
unitree_go2_flat,Episode_Reward/lin_vel_z_l2,104,-0.07018323987722397,1778917819.265845
unitree_go2_flat,Episode_Reward/lin_vel_z_l2,105,-0.07018323987722397,1778917820.267072
unitree_go2_flat,Episode_Reward/lin_vel_z_l2,106,-0.07018323987722397,1778917821.268991
unitree_go2_flat,Episode_Reward/lin_vel_z_l2,107,-0.07158038020133972,1778917822.2754686
unitree_go2_flat,Episode_Reward/lin_vel_z_l2,108,-0.0813603550195694,1778917823.2930784
unitree_go2_flat,Episode_Reward/lin_vel_z_l2,109,-0.0813603550195694,1778917824.2957773
unitree_go2_flat,Episode_Reward/lin_vel_z_l2,110,-0.0813603550195694,1778917825.297943
unitree_go2_flat,Episode_Reward/lin_vel_z_l2,111,-0.0813603550195694,1778917826.3102148
unitree_go2_flat,Episode_Reward/lin_vel_z_l2,112,-0.0813603550195694,1778917827.3167303
unitree_go2_flat,Episode_Reward/lin_vel_z_l2,113,-0.0813603550195694,1778917828.3229918
unitree_go2_flat,Episode_Reward/lin_vel_z_l2,114,-0.07372116297483444,1778917829.327404
unitree_go2_flat,Episode_Reward/lin_vel_z_l2,115,-0.07117476314306259,1778917830.3312924
unitree_go2_flat,Episode_Reward/lin_vel_z_l2,116,-0.07117476314306259,1778917831.3316739
unitree_go2_flat,Episode_Reward/lin_vel_z_l2,117,-0.0744858905673027,1778917832.3418458
unitree_go2_flat,Episode_Reward/lin_vel_z_l2,118,-0.08110813796520233,1778917833.3545642
unitree_go2_flat,Episode_Reward/lin_vel_z_l2,119,-0.08110813796520233,1778917834.3638484
unitree_go2_flat,Episode_Reward/lin_vel_z_l2,120,-0.08110813796520233,1778917835.3738835
unitree_go2_flat,Episode_Reward/lin_vel_z_l2,121,-0.08110813796520233,1778917836.3818858
unitree_go2_flat,Episode_Reward/lin_vel_z_l2,122,-0.08110813796520233,1778917837.5303848
unitree_go2_flat,Episode_Reward/lin_vel_z_l2,123,-0.08281361311674118,1778917838.5378633
unitree_go2_flat,Episode_Reward/lin_vel_z_l2,124,-0.08695551007986069,1778917839.5380063
unitree_go2_flat,Episode_Reward/lin_vel_z_l2,125,-0.08695551007986069,1778917840.534
unitree_go2_flat,Episode_Reward/lin_vel_z_l2,126,-0.08695551007986069,1778917841.547896
unitree_go2_flat,Episode_Reward/lin_vel_z_l2,127,-0.08210861682891846,1778917842.552693
unitree_go2_flat,Episode_Reward/lin_vel_z_l2,128,-0.06520384550094604,1778917843.5606146
unitree_go2_flat,Episode_Reward/lin_vel_z_l2,129,-0.059203337877988815,1778917844.5673966
unitree_go2_flat,Episode_Reward/lin_vel_z_l2,130,-0.0698380246758461,1778917845.5708134
unitree_go2_flat,Episode_Reward/lin_vel_z_l2,131,-0.0751553624868393,1778917846.5673654
unitree_go2_flat,Episode_Reward/lin_vel_z_l2,132,-0.0751553624868393,1778917847.5653996
unitree_go2_flat,Episode_Reward/lin_vel_z_l2,133,-0.0751553624868393,1778917848.7024
unitree_go2_flat,Episode_Reward/lin_vel_z_l2,134,-0.06596778333187103,1778917849.7125986
unitree_go2_flat,Episode_Reward/lin_vel_z_l2,135,-0.06777804344892502,1778917850.7268698
unitree_go2_flat,Episode_Reward/lin_vel_z_l2,136,-0.06537000834941864,1778917851.7515574
unitree_go2_flat,Episode_Reward/lin_vel_z_l2,137,-0.07052485644817352,1778917852.7561193
unitree_go2_flat,Episode_Reward/lin_vel_z_l2,138,-0.06988715380430222,1778917853.7860954
unitree_go2_flat,Episode_Reward/lin_vel_z_l2,139,-0.05153346806764603,1778917854.8196375
unitree_go2_flat,Episode_Reward/lin_vel_z_l2,140,-0.028855470940470695,1778917855.8219671
unitree_go2_flat,Episode_Reward/lin_vel_z_l2,141,-0.07022067904472351,1778917856.8359292
unitree_go2_flat,Episode_Reward/lin_vel_z_l2,142,-0.07030941545963287,1778917857.8352692
unitree_go2_flat,Episode_Reward/lin_vel_z_l2,143,-0.07030941545963287,1778917858.8334117
unitree_go2_flat,Episode_Reward/lin_vel_z_l2,144,-0.07442110776901245,1778917859.9550874
unitree_go2_flat,Episode_Reward/lin_vel_z_l2,145,-0.09004553407430649,1778917860.9568753
unitree_go2_flat,Episode_Reward/lin_vel_z_l2,146,-0.09004553407430649,1778917861.9586473
unitree_go2_flat,Episode_Reward/lin_vel_z_l2,147,-0.09004553407430649,1778917862.9539359
unitree_go2_flat,Episode_Reward/lin_vel_z_l2,148,-0.09004553407430649,1778917863.9438736
unitree_go2_flat,Episode_Reward/lin_vel_z_l2,149,-0.07609713822603226,1778917864.9488769
unitree_go2_flat,Episode_Reward/lin_vel_z_l2,150,-0.05961267277598381,1778917865.9682949
unitree_go2_flat,Episode_Reward/lin_vel_z_l2,151,-0.05961267277598381,1778917866.9925632
unitree_go2_flat,Episode_Reward/lin_vel_z_l2,152,-0.059202760457992554,1778917868.0097284
unitree_go2_flat,Episode_Reward/lin_vel_z_l2,153,-0.05914421007037163,1778917869.006989
unitree_go2_flat,Episode_Reward/lin_vel_z_l2,154,-0.05914421007037163,1778917870.1369846
unitree_go2_flat,Episode_Reward/lin_vel_z_l2,155,-0.0600566565990448,1778917871.1361537
unitree_go2_flat,Episode_Reward/lin_vel_z_l2,156,-0.07009361684322357,1778917872.1517484
unitree_go2_flat,Episode_Reward/lin_vel_z_l2,157,-0.07009361684322357,1778917873.1598825
unitree_go2_flat,Episode_Reward/lin_vel_z_l2,158,-0.07009361684322357,1778917874.1609526
unitree_go2_flat,Episode_Reward/lin_vel_z_l2,159,-0.0782080590724945,1778917875.1671329
unitree_go2_flat,Episode_Reward/lin_vel_z_l2,160,-0.08226527273654938,1778917876.169467
unitree_go2_flat,Episode_Reward/lin_vel_z_l2,161,-0.08226527273654938,1778917877.1755674
unitree_go2_flat,Episode_Reward/lin_vel_z_l2,162,-0.08226527273654938,1778917878.1854362
unitree_go2_flat,Episode_Reward/lin_vel_z_l2,163,-0.08226527273654938,1778917879.1900747
unitree_go2_flat,Episode_Reward/lin_vel_z_l2,164,-0.08226527273654938,1778917880.1899476
unitree_go2_flat,Episode_Reward/lin_vel_z_l2,165,-0.0897185429930687,1778917881.3068244
unitree_go2_flat,Episode_Reward/lin_vel_z_l2,166,-0.09419049322605133,1778917882.3043275
unitree_go2_flat,Episode_Reward/lin_vel_z_l2,167,-0.09419049322605133,1778917883.306526
unitree_go2_flat,Episode_Reward/lin_vel_z_l2,168,-0.09419049322605133,1778917884.2951875
unitree_go2_flat,Episode_Reward/lin_vel_z_l2,169,-0.08534000813961029,1778917885.2989476
unitree_go2_flat,Episode_Reward/lin_vel_z_l2,170,-0.07782415300607681,1778917886.299537
unitree_go2_flat,Episode_Reward/lin_vel_z_l2,171,-0.07697122544050217,1778917887.3074837
unitree_go2_flat,Episode_Reward/lin_vel_z_l2,172,-0.08803042769432068,1778917888.307007
unitree_go2_flat,Episode_Reward/lin_vel_z_l2,173,-0.08803042769432068,1778917889.3132865
unitree_go2_flat,Episode_Reward/lin_vel_z_l2,174,-0.08803042769432068,1778917890.31281
unitree_go2_flat,Episode_Reward/lin_vel_z_l2,175,-0.08803042769432068,1778917891.330454
unitree_go2_flat,Episode_Reward/lin_vel_z_l2,176,-0.08593755960464478,1778917892.4918327
unitree_go2_flat,Episode_Reward/lin_vel_z_l2,177,-0.07959158718585968,1778917893.5019543
unitree_go2_flat,Episode_Reward/lin_vel_z_l2,178,-0.08481007069349289,1778917894.507861
unitree_go2_flat,Episode_Reward/lin_vel_z_l2,179,-0.0870065912604332,1778917895.5069375
unitree_go2_flat,Episode_Reward/lin_vel_z_l2,180,-0.08336039632558823,1778917896.5043514
unitree_go2_flat,Episode_Reward/lin_vel_z_l2,181,-0.07638341933488846,1778917897.5116007
unitree_go2_flat,Episode_Reward/lin_vel_z_l2,182,-0.07822686433792114,1778917898.5513904
unitree_go2_flat,Episode_Reward/lin_vel_z_l2,183,-0.08656559884548187,1778917899.550245
unitree_go2_flat,Episode_Reward/lin_vel_z_l2,184,-0.08656559884548187,1778917900.542942
unitree_go2_flat,Episode_Reward/lin_vel_z_l2,185,-0.08656559884548187,1778917901.5521915
unitree_go2_flat,Episode_Reward/lin_vel_z_l2,186,-0.07807451486587524,1778917902.6571991
unitree_go2_flat,Episode_Reward/lin_vel_z_l2,187,-0.07088974118232727,1778917903.6679838
unitree_go2_flat,Episode_Reward/lin_vel_z_l2,188,-0.07088974118232727,1778917904.6638873
unitree_go2_flat,Episode_Reward/lin_vel_z_l2,189,-0.07088974118232727,1778917905.666616
unitree_go2_flat,Episode_Reward/lin_vel_z_l2,190,-0.07088974118232727,1778917906.6647818
unitree_go2_flat,Episode_Reward/lin_vel_z_l2,191,-0.0818551555275917,1778917907.6769829
unitree_go2_flat,Episode_Reward/lin_vel_z_l2,192,-0.0847407877445221,1778917908.6875558
unitree_go2_flat,Episode_Reward/lin_vel_z_l2,193,-0.08149220049381256,1778917909.7077568
unitree_go2_flat,Episode_Reward/lin_vel_z_l2,194,-0.06914757192134857,1778917910.7105186
unitree_go2_flat,Episode_Reward/lin_vel_z_l2,195,-0.06914757192134857,1778917911.7067683
unitree_go2_flat,Episode_Reward/lin_vel_z_l2,196,-0.06914757192134857,1778917912.7044032
unitree_go2_flat,Episode_Reward/lin_vel_z_l2,197,-0.07664411514997482,1778917913.8577805
unitree_go2_flat,Episode_Reward/lin_vel_z_l2,198,-0.08713929355144501,1778917914.8598015
unitree_go2_flat,Episode_Reward/lin_vel_z_l2,199,-0.08713929355144501,1778917915.8635998
unitree_go2_flat,Episode_Reward/lin_vel_z_l2,200,-0.08713929355144501,1778917916.8570619
unitree_go2_flat,Episode_Reward/lin_vel_z_l2,201,-0.06982919573783875,1778917917.8637125
unitree_go2_flat,Episode_Reward/lin_vel_z_l2,202,-0.06982919573783875,1778917918.8638527
unitree_go2_flat,Episode_Reward/lin_vel_z_l2,203,-0.06982919573783875,1778917919.8709166
unitree_go2_flat,Episode_Reward/lin_vel_z_l2,204,-0.06982919573783875,1778917920.873307
unitree_go2_flat,Episode_Reward/lin_vel_z_l2,205,-0.06982919573783875,1778917921.883561
unitree_go2_flat,Episode_Reward/lin_vel_z_l2,206,-0.06982919573783875,1778917922.891513
unitree_go2_flat,Episode_Reward/lin_vel_z_l2,207,-0.09131517261266708,1778917923.8997967
unitree_go2_flat,Episode_Reward/lin_vel_z_l2,208,-0.09224934875965118,1778917925.0534399
unitree_go2_flat,Episode_Reward/lin_vel_z_l2,209,-0.09224934875965118,1778917926.0492814
unitree_go2_flat,Episode_Reward/lin_vel_z_l2,210,-0.09224934875965118,1778917927.0467734
unitree_go2_flat,Episode_Reward/lin_vel_z_l2,211,-0.09999366849660873,1778917928.0627596
unitree_go2_flat,Episode_Reward/lin_vel_z_l2,212,-0.08496524393558502,1778917929.0705037
unitree_go2_flat,Episode_Reward/lin_vel_z_l2,213,-0.08657453954219818,1778917930.084848
unitree_go2_flat,Episode_Reward/lin_vel_z_l2,214,-0.09265359491109848,1778917931.084215
unitree_go2_flat,Episode_Reward/lin_vel_z_l2,215,-0.09265359491109848,1778917932.085117
unitree_go2_flat,Episode_Reward/lin_vel_z_l2,216,-0.09265359491109848,1778917933.089878
unitree_go2_flat,Episode_Reward/lin_vel_z_l2,217,-0.09265359491109848,1778917934.0894575
unitree_go2_flat,Episode_Reward/lin_vel_z_l2,218,-0.0751447081565857,1778917935.1007624
unitree_go2_flat,Episode_Reward/lin_vel_z_l2,219,-0.08958979696035385,1778917936.214737
unitree_go2_flat,Episode_Reward/lin_vel_z_l2,220,-0.1175890564918518,1778917937.2109559
unitree_go2_flat,Episode_Reward/lin_vel_z_l2,221,-0.1175890564918518,1778917938.2143645
unitree_go2_flat,Episode_Reward/lin_vel_z_l2,222,-0.0885884091258049,1778917939.2229226
unitree_go2_flat,Episode_Reward/lin_vel_z_l2,223,-0.06284813582897186,1778917940.2308514
unitree_go2_flat,Episode_Reward/lin_vel_z_l2,224,-0.0750151127576828,1778917941.245782
unitree_go2_flat,Episode_Reward/lin_vel_z_l2,225,-0.08370580524206161,1778917942.2451506
unitree_go2_flat,Episode_Reward/lin_vel_z_l2,226,-0.08370580524206161,1778917943.2413623
unitree_go2_flat,Episode_Reward/lin_vel_z_l2,227,-0.08370580524206161,1778917944.232431
unitree_go2_flat,Episode_Reward/lin_vel_z_l2,228,-0.0913562923669815,1778917945.230727
unitree_go2_flat,Episode_Reward/lin_vel_z_l2,229,-0.09244921058416367,1778917946.349803
unitree_go2_flat,Episode_Reward/lin_vel_z_l2,230,-0.09244921058416367,1778917947.3437147
unitree_go2_flat,Episode_Reward/lin_vel_z_l2,231,-0.09244921058416367,1778917948.3390539
unitree_go2_flat,Episode_Reward/lin_vel_z_l2,232,-0.09033653140068054,1778917949.3403842
unitree_go2_flat,Episode_Reward/lin_vel_z_l2,233,-0.07554779946804047,1778917950.3394778
unitree_go2_flat,Episode_Reward/lin_vel_z_l2,234,-0.07554779946804047,1778917951.3377788
unitree_go2_flat,Episode_Reward/lin_vel_z_l2,235,-0.07784916460514069,1778917952.340366
unitree_go2_flat,Episode_Reward/lin_vel_z_l2,236,-0.07979646325111389,1778917953.3423378
unitree_go2_flat,Episode_Reward/lin_vel_z_l2,237,-0.07979646325111389,1778917954.3361807
unitree_go2_flat,Episode_Reward/lin_vel_z_l2,238,-0.07979646325111389,1778917955.33609
unitree_go2_flat,Episode_Reward/lin_vel_z_l2,239,-0.07260797917842865,1778917956.3398256
unitree_go2_flat,Episode_Reward/lin_vel_z_l2,240,-0.07021181285381317,1778917957.4867768
unitree_go2_flat,Episode_Reward/lin_vel_z_l2,241,-0.07021181285381317,1778917958.4852288
unitree_go2_flat,Episode_Reward/lin_vel_z_l2,242,-0.0801471620798111,1778917959.4910865
unitree_go2_flat,Episode_Reward/lin_vel_z_l2,243,-0.10001786798238754,1778917960.4843097
unitree_go2_flat,Episode_Reward/lin_vel_z_l2,244,-0.10001786798238754,1778917961.4812686
unitree_go2_flat,Episode_Reward/lin_vel_z_l2,245,-0.10001786798238754,1778917962.49138
unitree_go2_flat,Episode_Reward/lin_vel_z_l2,246,-0.10001786798238754,1778917963.491219
unitree_go2_flat,Episode_Reward/lin_vel_z_l2,247,-0.10001786798238754,1778917964.4998453
unitree_go2_flat,Episode_Reward/lin_vel_z_l2,248,-0.09198892116546631,1778917965.507317
unitree_go2_flat,Episode_Reward/lin_vel_z_l2,249,-0.07249008119106293,1778917966.508461
unitree_go2_flat,Episode_Reward/lin_vel_z_l2,250,-0.07249008119106293,1778917967.507006
unitree_go2_flat,Episode_Reward/lin_vel_z_l2,251,-0.07249008119106293,1778917968.5855043
unitree_go2_flat,Episode_Reward/lin_vel_z_l2,252,-0.0733145922422409,1778917969.6003728
unitree_go2_flat,Episode_Reward/lin_vel_z_l2,253,-0.07234197854995728,1778917970.6059048
unitree_go2_flat,Episode_Reward/lin_vel_z_l2,254,-0.06200350448489189,1778917971.6207764
unitree_go2_flat,Episode_Reward/lin_vel_z_l2,255,-0.07267020642757416,1778917972.643764
unitree_go2_flat,Episode_Reward/lin_vel_z_l2,256,-0.0782814547419548,1778917973.6522045
unitree_go2_flat,Episode_Reward/lin_vel_z_l2,257,-0.0782814547419548,1778917974.6474023
unitree_go2_flat,Episode_Reward/lin_vel_z_l2,258,-0.0782814547419548,1778917975.6430647
unitree_go2_flat,Episode_Reward/lin_vel_z_l2,259,-0.07675283402204514,1778917976.6591842
unitree_go2_flat,Episode_Reward/lin_vel_z_l2,260,-0.0691097304224968,1778917977.6601844
unitree_go2_flat,Episode_Reward/lin_vel_z_l2,261,-0.0680253654718399,1778917978.6733735
unitree_go2_flat,Episode_Reward/lin_vel_z_l2,262,-0.06087226793169975,1778917979.6993935
unitree_go2_flat,Episode_Reward/lin_vel_z_l2,263,-0.044929973781108856,1778917980.7137918
unitree_go2_flat,Episode_Reward/lin_vel_z_l2,264,-0.06904555857181549,1778917981.7225072
unitree_go2_flat,Episode_Reward/lin_vel_z_l2,265,-0.05226864665746689,1778917982.729815
unitree_go2_flat,Episode_Reward/lin_vel_z_l2,266,-0.07594329118728638,1778917983.7456286
unitree_go2_flat,Episode_Reward/lin_vel_z_l2,267,-0.07809554040431976,1778917984.7430487
unitree_go2_flat,Episode_Reward/lin_vel_z_l2,268,-0.07809554040431976,1778917985.7437315
unitree_go2_flat,Episode_Reward/lin_vel_z_l2,269,-0.07748129963874817,1778917986.7521305
unitree_go2_flat,Episode_Reward/lin_vel_z_l2,270,-0.07514720410108566,1778917987.759905
unitree_go2_flat,Episode_Reward/lin_vel_z_l2,271,-0.07514720410108566,1778917988.7611017
unitree_go2_flat,Episode_Reward/lin_vel_z_l2,272,-0.07514720410108566,1778917989.8393703
unitree_go2_flat,Episode_Reward/lin_vel_z_l2,273,-0.07514720410108566,1778917990.8429637
unitree_go2_flat,Episode_Reward/lin_vel_z_l2,274,-0.07697661221027374,1778917991.8537192
unitree_go2_flat,Episode_Reward/lin_vel_z_l2,275,-0.07913865149021149,1778917992.851978
unitree_go2_flat,Episode_Reward/lin_vel_z_l2,276,-0.07913865149021149,1778917993.8600638
unitree_go2_flat,Episode_Reward/lin_vel_z_l2,277,-0.05895833298563957,1778917994.8967535
unitree_go2_flat,Episode_Reward/lin_vel_z_l2,278,-0.056075435131788254,1778917995.896519
unitree_go2_flat,Episode_Reward/lin_vel_z_l2,279,-0.056075435131788254,1778917996.8970044
unitree_go2_flat,Episode_Reward/lin_vel_z_l2,280,-0.05681465566158295,1778917997.907968
unitree_go2_flat,Episode_Reward/lin_vel_z_l2,281,-0.06494612991809845,1778917998.9040005
unitree_go2_flat,Episode_Reward/lin_vel_z_l2,282,-0.06494612991809845,1778917999.9193723
unitree_go2_flat,Episode_Reward/lin_vel_z_l2,283,-0.06494612991809845,1778918001.0496376
unitree_go2_flat,Episode_Reward/lin_vel_z_l2,284,-0.06538251787424088,1778918002.060676
unitree_go2_flat,Episode_Reward/lin_vel_z_l2,285,-0.06560070812702179,1778918003.0713887
unitree_go2_flat,Episode_Reward/lin_vel_z_l2,286,-0.06560070812702179,1778918004.0676312
unitree_go2_flat,Episode_Reward/lin_vel_z_l2,287,-0.06560070812702179,1778918005.0849879
unitree_go2_flat,Episode_Reward/lin_vel_z_l2,288,-0.06560070812702179,1778918006.0904174
unitree_go2_flat,Episode_Reward/lin_vel_z_l2,289,-0.06560070812702179,1778918007.098068
unitree_go2_flat,Episode_Reward/lin_vel_z_l2,290,-0.0630328506231308,1778918008.1128554
unitree_go2_flat,Episode_Reward/lin_vel_z_l2,291,-0.06149212643504143,1778918009.1157653
unitree_go2_flat,Episode_Reward/lin_vel_z_l2,292,-0.06149212643504143,1778918010.11914
unitree_go2_flat,Episode_Reward/lin_vel_z_l2,293,-0.06149212643504143,1778918011.133957
unitree_go2_flat,Episode_Reward/lin_vel_z_l2,294,-0.06280236691236496,1778918012.3019056
unitree_go2_flat,Episode_Reward/lin_vel_z_l2,295,-0.06373824179172516,1778918013.3114722
unitree_go2_flat,Episode_Reward/lin_vel_z_l2,296,-0.06373824179172516,1778918014.319283
unitree_go2_flat,Episode_Reward/lin_vel_z_l2,297,-0.06838556379079819,1778918015.3290436
unitree_go2_flat,Episode_Reward/lin_vel_z_l2,298,-0.07118801772594452,1778918016.3359654
unitree_go2_flat,Episode_Reward/lin_vel_z_l2,299,-0.07118801772594452,1778918017.3394978
unitree_go2_flat,Episode_Reward/ang_vel_xy_l2,0,0.0,1778917712.6830258
unitree_go2_flat,Episode_Reward/ang_vel_xy_l2,1,0.0,1778917713.7494674
unitree_go2_flat,Episode_Reward/ang_vel_xy_l2,2,0.0,1778917714.7496436
unitree_go2_flat,Episode_Reward/ang_vel_xy_l2,3,-0.019535508006811142,1778917716.203063
unitree_go2_flat,Episode_Reward/ang_vel_xy_l2,4,-0.06969336420297623,1778917717.2217839
unitree_go2_flat,Episode_Reward/ang_vel_xy_l2,5,-0.09991055727005005,1778917718.3589532
unitree_go2_flat,Episode_Reward/ang_vel_xy_l2,6,-0.1079423651099205,1778917719.3671565
unitree_go2_flat,Episode_Reward/ang_vel_xy_l2,7,-0.1079423651099205,1778917720.3787394
unitree_go2_flat,Episode_Reward/ang_vel_xy_l2,8,-0.1079423651099205,1778917721.376874
unitree_go2_flat,Episode_Reward/ang_vel_xy_l2,9,-0.12460003793239594,1778917722.3828754
unitree_go2_flat,Episode_Reward/ang_vel_xy_l2,10,-0.2043418288230896,1778917723.3869243
unitree_go2_flat,Episode_Reward/ang_vel_xy_l2,11,-0.19633027911186218,1778917724.389988
unitree_go2_flat,Episode_Reward/ang_vel_xy_l2,12,-0.20605169236660004,1778917725.3911085
unitree_go2_flat,Episode_Reward/ang_vel_xy_l2,13,-0.20605169236660004,1778917726.4001944
unitree_go2_flat,Episode_Reward/ang_vel_xy_l2,14,-0.20605169236660004,1778917727.401633
unitree_go2_flat,Episode_Reward/ang_vel_xy_l2,15,-0.20605169236660004,1778917728.534389
unitree_go2_flat,Episode_Reward/ang_vel_xy_l2,16,-0.27176111936569214,1778917729.5582213
unitree_go2_flat,Episode_Reward/ang_vel_xy_l2,17,-0.2627609372138977,1778917730.5586154
unitree_go2_flat,Episode_Reward/ang_vel_xy_l2,18,-0.26600682735443115,1778917731.5606244
unitree_go2_flat,Episode_Reward/ang_vel_xy_l2,19,-0.3208504915237427,1778917732.5711746
unitree_go2_flat,Episode_Reward/ang_vel_xy_l2,20,-0.39357730746269226,1778917733.5771723
unitree_go2_flat,Episode_Reward/ang_vel_xy_l2,21,-0.39357730746269226,1778917734.5886676
unitree_go2_flat,Episode_Reward/ang_vel_xy_l2,22,-0.39357730746269226,1778917735.584845
unitree_go2_flat,Episode_Reward/ang_vel_xy_l2,23,-0.3872842490673065,1778917736.5899706
unitree_go2_flat,Episode_Reward/ang_vel_xy_l2,24,-0.3720010221004486,1778917737.5950065
unitree_go2_flat,Episode_Reward/ang_vel_xy_l2,25,-0.3720010221004486,1778917738.5998526
unitree_go2_flat,Episode_Reward/ang_vel_xy_l2,26,-0.3720010221004486,1778917739.7414687
unitree_go2_flat,Episode_Reward/ang_vel_xy_l2,27,-0.4648767411708832,1778917740.75354
unitree_go2_flat,Episode_Reward/ang_vel_xy_l2,28,-0.4593772292137146,1778917741.7728653
unitree_go2_flat,Episode_Reward/ang_vel_xy_l2,29,-0.44141292572021484,1778917742.7806954
unitree_go2_flat,Episode_Reward/ang_vel_xy_l2,30,-0.44141292572021484,1778917743.7889144
unitree_go2_flat,Episode_Reward/ang_vel_xy_l2,31,-0.44141292572021484,1778917744.7871776
unitree_go2_flat,Episode_Reward/ang_vel_xy_l2,32,-0.4724239706993103,1778917745.796374
unitree_go2_flat,Episode_Reward/ang_vel_xy_l2,33,-0.5158394575119019,1778917746.7979078
unitree_go2_flat,Episode_Reward/ang_vel_xy_l2,34,-0.5402893424034119,1778917747.8121626
unitree_go2_flat,Episode_Reward/ang_vel_xy_l2,35,-0.19247597455978394,1778917748.8239949
unitree_go2_flat,Episode_Reward/ang_vel_xy_l2,36,-0.588646650314331,1778917749.8312995
unitree_go2_flat,Episode_Reward/ang_vel_xy_l2,37,-0.6089383959770203,1778917750.9680192
unitree_go2_flat,Episode_Reward/ang_vel_xy_l2,38,-0.1670839786529541,1778917751.975261
unitree_go2_flat,Episode_Reward/ang_vel_xy_l2,39,-0.08276327699422836,1778917752.9837108
unitree_go2_flat,Episode_Reward/ang_vel_xy_l2,40,-0.12441769242286682,1778917753.9947429
unitree_go2_flat,Episode_Reward/ang_vel_xy_l2,41,-0.14941035211086273,1778917754.9973788
unitree_go2_flat,Episode_Reward/ang_vel_xy_l2,42,-0.11184506863355637,1778917756.0072465
unitree_go2_flat,Episode_Reward/ang_vel_xy_l2,43,-0.10647859424352646,1778917757.0131986
unitree_go2_flat,Episode_Reward/ang_vel_xy_l2,44,-0.10291236639022827,1778917758.0320156
unitree_go2_flat,Episode_Reward/ang_vel_xy_l2,45,-0.4648590087890625,1778917759.0498955
unitree_go2_flat,Episode_Reward/ang_vel_xy_l2,46,-0.6785788536071777,1778917760.0516312
unitree_go2_flat,Episode_Reward/ang_vel_xy_l2,47,-0.6645148992538452,1778917761.1461034
unitree_go2_flat,Episode_Reward/ang_vel_xy_l2,48,-0.6645148992538452,1778917762.1444836
unitree_go2_flat,Episode_Reward/ang_vel_xy_l2,49,-0.6645148992538452,1778917763.1419616
unitree_go2_flat,Episode_Reward/ang_vel_xy_l2,50,-0.6645148992538452,1778917764.1514854
unitree_go2_flat,Episode_Reward/ang_vel_xy_l2,51,-0.5969892740249634,1778917765.1743343
unitree_go2_flat,Episode_Reward/ang_vel_xy_l2,52,-0.5068852305412292,1778917766.204791
unitree_go2_flat,Episode_Reward/ang_vel_xy_l2,53,-0.5703454613685608,1778917767.2246912
unitree_go2_flat,Episode_Reward/ang_vel_xy_l2,54,-0.6353961229324341,1778917768.2280583
unitree_go2_flat,Episode_Reward/ang_vel_xy_l2,55,-0.48625993728637695,1778917769.2639844
unitree_go2_flat,Episode_Reward/ang_vel_xy_l2,56,-0.4590113162994385,1778917770.2685091
unitree_go2_flat,Episode_Reward/ang_vel_xy_l2,57,-0.5226949453353882,1778917771.2770176
unitree_go2_flat,Episode_Reward/ang_vel_xy_l2,58,-0.2757476568222046,1778917772.3563852
unitree_go2_flat,Episode_Reward/ang_vel_xy_l2,59,-0.07717348635196686,1778917773.3553693
unitree_go2_flat,Episode_Reward/ang_vel_xy_l2,60,-0.07717348635196686,1778917774.3709817
unitree_go2_flat,Episode_Reward/ang_vel_xy_l2,61,-0.4203234612941742,1778917775.3776526
unitree_go2_flat,Episode_Reward/ang_vel_xy_l2,62,-0.6596484780311584,1778917776.3843815
unitree_go2_flat,Episode_Reward/ang_vel_xy_l2,63,-0.09828969836235046,1778917777.3904967
unitree_go2_flat,Episode_Reward/ang_vel_xy_l2,64,-0.09828969836235046,1778917778.3941712
unitree_go2_flat,Episode_Reward/ang_vel_xy_l2,65,-0.09828969836235046,1778917779.4070911
unitree_go2_flat,Episode_Reward/ang_vel_xy_l2,66,-0.0865667462348938,1778917780.439743
unitree_go2_flat,Episode_Reward/ang_vel_xy_l2,67,-0.08348177373409271,1778917781.4427183
unitree_go2_flat,Episode_Reward/ang_vel_xy_l2,68,-0.08348177373409271,1778917782.456295
unitree_go2_flat,Episode_Reward/ang_vel_xy_l2,69,-0.08348177373409271,1778917783.5627348
unitree_go2_flat,Episode_Reward/ang_vel_xy_l2,70,-0.08348177373409271,1778917784.56624
unitree_go2_flat,Episode_Reward/ang_vel_xy_l2,71,-0.08348177373409271,1778917785.5641863
unitree_go2_flat,Episode_Reward/ang_vel_xy_l2,72,-0.18069450557231903,1778917786.5784223
unitree_go2_flat,Episode_Reward/ang_vel_xy_l2,73,-0.3167923092842102,1778917787.5938408
unitree_go2_flat,Episode_Reward/ang_vel_xy_l2,74,-0.3167923092842102,1778917788.611679
unitree_go2_flat,Episode_Reward/ang_vel_xy_l2,75,-0.3167923092842102,1778917789.623727
unitree_go2_flat,Episode_Reward/ang_vel_xy_l2,76,-0.6691882014274597,1778917790.6369057
unitree_go2_flat,Episode_Reward/ang_vel_xy_l2,77,-0.6691882014274597,1778917791.641887
unitree_go2_flat,Episode_Reward/ang_vel_xy_l2,78,-0.6691882014274597,1778917792.641718
unitree_go2_flat,Episode_Reward/ang_vel_xy_l2,79,-0.6691882014274597,1778917793.7809238
unitree_go2_flat,Episode_Reward/ang_vel_xy_l2,80,-0.6691882014274597,1778917794.784469
unitree_go2_flat,Episode_Reward/ang_vel_xy_l2,81,-0.6691882014274597,1778917795.7826383
unitree_go2_flat,Episode_Reward/ang_vel_xy_l2,82,-0.6910826563835144,1778917796.7918565
unitree_go2_flat,Episode_Reward/ang_vel_xy_l2,83,-0.6920346021652222,1778917797.803598
unitree_go2_flat,Episode_Reward/ang_vel_xy_l2,84,-0.6920346021652222,1778917798.8103218
unitree_go2_flat,Episode_Reward/ang_vel_xy_l2,85,-0.6920346021652222,1778917799.8095553
unitree_go2_flat,Episode_Reward/ang_vel_xy_l2,86,-0.6400176286697388,1778917800.8240204
unitree_go2_flat,Episode_Reward/ang_vel_xy_l2,87,-0.6375185251235962,1778917801.844382
unitree_go2_flat,Episode_Reward/ang_vel_xy_l2,88,-0.6670567989349365,1778917802.854124
unitree_go2_flat,Episode_Reward/ang_vel_xy_l2,89,-0.7219673991203308,1778917803.8572338
unitree_go2_flat,Episode_Reward/ang_vel_xy_l2,90,-0.7219673991203308,1778917805.0045402
unitree_go2_flat,Episode_Reward/ang_vel_xy_l2,91,-0.7219673991203308,1778917806.0062788
unitree_go2_flat,Episode_Reward/ang_vel_xy_l2,92,-0.7039079070091248,1778917807.0254166
unitree_go2_flat,Episode_Reward/ang_vel_xy_l2,93,-0.6234942674636841,1778917808.036048
unitree_go2_flat,Episode_Reward/ang_vel_xy_l2,94,-0.6255538463592529,1778917809.0551515
unitree_go2_flat,Episode_Reward/ang_vel_xy_l2,95,-0.652272641658783,1778917810.0556135
unitree_go2_flat,Episode_Reward/ang_vel_xy_l2,96,-0.652272641658783,1778917811.0641637
unitree_go2_flat,Episode_Reward/ang_vel_xy_l2,97,-0.652272641658783,1778917812.0886433
unitree_go2_flat,Episode_Reward/ang_vel_xy_l2,98,-0.652272641658783,1778917813.091043
unitree_go2_flat,Episode_Reward/ang_vel_xy_l2,99,-0.6411201357841492,1778917814.1049957
unitree_go2_flat,Episode_Reward/ang_vel_xy_l2,100,-0.5671828985214233,1778917815.1245275
unitree_go2_flat,Episode_Reward/ang_vel_xy_l2,101,-0.5671828985214233,1778917816.2470763
unitree_go2_flat,Episode_Reward/ang_vel_xy_l2,102,-0.5671828985214233,1778917817.2496223
unitree_go2_flat,Episode_Reward/ang_vel_xy_l2,103,-0.6110230684280396,1778917818.2604141
unitree_go2_flat,Episode_Reward/ang_vel_xy_l2,104,-0.6172859072685242,1778917819.2663274
unitree_go2_flat,Episode_Reward/ang_vel_xy_l2,105,-0.6172859072685242,1778917820.267589
unitree_go2_flat,Episode_Reward/ang_vel_xy_l2,106,-0.6172859072685242,1778917821.2695265
unitree_go2_flat,Episode_Reward/ang_vel_xy_l2,107,-0.6149137020111084,1778917822.2759974
unitree_go2_flat,Episode_Reward/ang_vel_xy_l2,108,-0.5983082056045532,1778917823.2935362
unitree_go2_flat,Episode_Reward/ang_vel_xy_l2,109,-0.5983082056045532,1778917824.2963328
unitree_go2_flat,Episode_Reward/ang_vel_xy_l2,110,-0.5983082056045532,1778917825.298469
unitree_go2_flat,Episode_Reward/ang_vel_xy_l2,111,-0.5983082056045532,1778917826.3111496
unitree_go2_flat,Episode_Reward/ang_vel_xy_l2,112,-0.5983082056045532,1778917827.3171935
unitree_go2_flat,Episode_Reward/ang_vel_xy_l2,113,-0.5983082056045532,1778917828.3234658
unitree_go2_flat,Episode_Reward/ang_vel_xy_l2,114,-0.6020500659942627,1778917829.3279245
unitree_go2_flat,Episode_Reward/ang_vel_xy_l2,115,-0.6032973527908325,1778917830.3318229
unitree_go2_flat,Episode_Reward/ang_vel_xy_l2,116,-0.6032973527908325,1778917831.3322885
unitree_go2_flat,Episode_Reward/ang_vel_xy_l2,117,-0.6141790151596069,1778917832.3423345
unitree_go2_flat,Episode_Reward/ang_vel_xy_l2,118,-0.6359423995018005,1778917833.3550475
unitree_go2_flat,Episode_Reward/ang_vel_xy_l2,119,-0.6359423995018005,1778917834.3643422
unitree_go2_flat,Episode_Reward/ang_vel_xy_l2,120,-0.6359423995018005,1778917835.3743744
unitree_go2_flat,Episode_Reward/ang_vel_xy_l2,121,-0.6359423995018005,1778917836.3824143
unitree_go2_flat,Episode_Reward/ang_vel_xy_l2,122,-0.6359423995018005,1778917837.5308902
unitree_go2_flat,Episode_Reward/ang_vel_xy_l2,123,-0.6264446973800659,1778917838.5383773
unitree_go2_flat,Episode_Reward/ang_vel_xy_l2,124,-0.6033787131309509,1778917839.538501
unitree_go2_flat,Episode_Reward/ang_vel_xy_l2,125,-0.6033787131309509,1778917840.5344787
unitree_go2_flat,Episode_Reward/ang_vel_xy_l2,126,-0.6033787131309509,1778917841.548362
unitree_go2_flat,Episode_Reward/ang_vel_xy_l2,127,-0.5976722240447998,1778917842.5532339
unitree_go2_flat,Episode_Reward/ang_vel_xy_l2,128,-0.5841653347015381,1778917843.5611205
unitree_go2_flat,Episode_Reward/ang_vel_xy_l2,129,-0.5996031165122986,1778917844.5678902
unitree_go2_flat,Episode_Reward/ang_vel_xy_l2,130,-0.6037055850028992,1778917845.5713308
unitree_go2_flat,Episode_Reward/ang_vel_xy_l2,131,-0.6057567596435547,1778917846.5678387
unitree_go2_flat,Episode_Reward/ang_vel_xy_l2,132,-0.6057567596435547,1778917847.5658793
unitree_go2_flat,Episode_Reward/ang_vel_xy_l2,133,-0.6057567596435547,1778917848.7029445
unitree_go2_flat,Episode_Reward/ang_vel_xy_l2,134,-0.5717959403991699,1778917849.713146
unitree_go2_flat,Episode_Reward/ang_vel_xy_l2,135,-0.5659241676330566,1778917850.7273512
unitree_go2_flat,Episode_Reward/ang_vel_xy_l2,136,-0.6136640310287476,1778917851.7522418
unitree_go2_flat,Episode_Reward/ang_vel_xy_l2,137,-0.6203256845474243,1778917852.7567768
unitree_go2_flat,Episode_Reward/ang_vel_xy_l2,138,-0.5827816724777222,1778917853.786669
unitree_go2_flat,Episode_Reward/ang_vel_xy_l2,139,-0.13583782315254211,1778917854.8202164
unitree_go2_flat,Episode_Reward/ang_vel_xy_l2,140,-0.0679168626666069,1778917855.8224876
unitree_go2_flat,Episode_Reward/ang_vel_xy_l2,141,-0.5160423517227173,1778917856.8363998
unitree_go2_flat,Episode_Reward/ang_vel_xy_l2,142,-0.5585333108901978,1778917857.8358166
unitree_go2_flat,Episode_Reward/ang_vel_xy_l2,143,-0.5585333108901978,1778917858.833904
unitree_go2_flat,Episode_Reward/ang_vel_xy_l2,144,-0.5694150924682617,1778917859.955659
unitree_go2_flat,Episode_Reward/ang_vel_xy_l2,145,-0.6107655763626099,1778917860.9573302
unitree_go2_flat,Episode_Reward/ang_vel_xy_l2,146,-0.6107655763626099,1778917861.959204
unitree_go2_flat,Episode_Reward/ang_vel_xy_l2,147,-0.6107655763626099,1778917862.9544332
unitree_go2_flat,Episode_Reward/ang_vel_xy_l2,148,-0.6107655763626099,1778917863.9443765
unitree_go2_flat,Episode_Reward/ang_vel_xy_l2,149,-0.5947588682174683,1778917864.949425
unitree_go2_flat,Episode_Reward/ang_vel_xy_l2,150,-0.5758418440818787,1778917865.9688373
unitree_go2_flat,Episode_Reward/ang_vel_xy_l2,151,-0.5758418440818787,1778917866.9932117
unitree_go2_flat,Episode_Reward/ang_vel_xy_l2,152,-0.21573999524116516,1778917868.0102243
unitree_go2_flat,Episode_Reward/ang_vel_xy_l2,153,-0.16429685056209564,1778917869.0074744
unitree_go2_flat,Episode_Reward/ang_vel_xy_l2,154,-0.16429685056209564,1778917870.1374831
unitree_go2_flat,Episode_Reward/ang_vel_xy_l2,155,-0.19900378584861755,1778917871.136726
unitree_go2_flat,Episode_Reward/ang_vel_xy_l2,156,-0.5807799696922302,1778917872.1523445
unitree_go2_flat,Episode_Reward/ang_vel_xy_l2,157,-0.5807799696922302,1778917873.1603417
unitree_go2_flat,Episode_Reward/ang_vel_xy_l2,158,-0.5807799696922302,1778917874.1614072
unitree_go2_flat,Episode_Reward/ang_vel_xy_l2,159,-0.5738223791122437,1778917875.167677
unitree_go2_flat,Episode_Reward/ang_vel_xy_l2,160,-0.5703434944152832,1778917876.1700346
unitree_go2_flat,Episode_Reward/ang_vel_xy_l2,161,-0.5703434944152832,1778917877.1760929
unitree_go2_flat,Episode_Reward/ang_vel_xy_l2,162,-0.5703434944152832,1778917878.1859553
unitree_go2_flat,Episode_Reward/ang_vel_xy_l2,163,-0.5703434944152832,1778917879.1905375
unitree_go2_flat,Episode_Reward/ang_vel_xy_l2,164,-0.5703434944152832,1778917880.190438
unitree_go2_flat,Episode_Reward/ang_vel_xy_l2,165,-0.5911502242088318,1778917881.3073795
unitree_go2_flat,Episode_Reward/ang_vel_xy_l2,166,-0.603634238243103,1778917882.3048263
unitree_go2_flat,Episode_Reward/ang_vel_xy_l2,167,-0.603634238243103,1778917883.3070092
unitree_go2_flat,Episode_Reward/ang_vel_xy_l2,168,-0.603634238243103,1778917884.2956767
unitree_go2_flat,Episode_Reward/ang_vel_xy_l2,169,-0.581076979637146,1778917885.299467
unitree_go2_flat,Episode_Reward/ang_vel_xy_l2,170,-0.5596563816070557,1778917886.3000562
unitree_go2_flat,Episode_Reward/ang_vel_xy_l2,171,-0.555864691734314,1778917887.3080328
unitree_go2_flat,Episode_Reward/ang_vel_xy_l2,172,-0.585852861404419,1778917888.3073916
unitree_go2_flat,Episode_Reward/ang_vel_xy_l2,173,-0.585852861404419,1778917889.3138096
unitree_go2_flat,Episode_Reward/ang_vel_xy_l2,174,-0.585852861404419,1778917890.3134565
unitree_go2_flat,Episode_Reward/ang_vel_xy_l2,175,-0.585852861404419,1778917891.331033
unitree_go2_flat,Episode_Reward/ang_vel_xy_l2,176,-0.5871068239212036,1778917892.4923499
unitree_go2_flat,Episode_Reward/ang_vel_xy_l2,177,-0.5733743906021118,1778917893.502481
unitree_go2_flat,Episode_Reward/ang_vel_xy_l2,178,-0.5699230432510376,1778917894.5084698
unitree_go2_flat,Episode_Reward/ang_vel_xy_l2,179,-0.5728275775909424,1778917895.507423
unitree_go2_flat,Episode_Reward/ang_vel_xy_l2,180,-0.5604329109191895,1778917896.5048668
unitree_go2_flat,Episode_Reward/ang_vel_xy_l2,181,-0.5231096744537354,1778917897.5121057
unitree_go2_flat,Episode_Reward/ang_vel_xy_l2,182,-0.5305744409561157,1778917898.5519524
unitree_go2_flat,Episode_Reward/ang_vel_xy_l2,183,-0.5829243659973145,1778917899.5508065
unitree_go2_flat,Episode_Reward/ang_vel_xy_l2,184,-0.5829243659973145,1778917900.5434213
unitree_go2_flat,Episode_Reward/ang_vel_xy_l2,185,-0.5829243659973145,1778917901.5527074
unitree_go2_flat,Episode_Reward/ang_vel_xy_l2,186,-0.5823383331298828,1778917902.6577878
unitree_go2_flat,Episode_Reward/ang_vel_xy_l2,187,-0.5818424224853516,1778917903.6684718
unitree_go2_flat,Episode_Reward/ang_vel_xy_l2,188,-0.5818424224853516,1778917904.6643472
unitree_go2_flat,Episode_Reward/ang_vel_xy_l2,189,-0.5818424224853516,1778917905.6671152
unitree_go2_flat,Episode_Reward/ang_vel_xy_l2,190,-0.5818424224853516,1778917906.6652343
unitree_go2_flat,Episode_Reward/ang_vel_xy_l2,191,-0.546869695186615,1778917907.6776676
unitree_go2_flat,Episode_Reward/ang_vel_xy_l2,192,-0.5376664400100708,1778917908.6880794
unitree_go2_flat,Episode_Reward/ang_vel_xy_l2,193,-0.5322732329368591,1778917909.70826
unitree_go2_flat,Episode_Reward/ang_vel_xy_l2,194,-0.5117791891098022,1778917910.7109878
unitree_go2_flat,Episode_Reward/ang_vel_xy_l2,195,-0.5117791891098022,1778917911.7072759
unitree_go2_flat,Episode_Reward/ang_vel_xy_l2,196,-0.5117791891098022,1778917912.7048008
unitree_go2_flat,Episode_Reward/ang_vel_xy_l2,197,-0.5255910754203796,1778917913.858272
unitree_go2_flat,Episode_Reward/ang_vel_xy_l2,198,-0.5449277758598328,1778917914.86028
unitree_go2_flat,Episode_Reward/ang_vel_xy_l2,199,-0.5449277758598328,1778917915.8640728
unitree_go2_flat,Episode_Reward/ang_vel_xy_l2,200,-0.5449277758598328,1778917916.8575194
unitree_go2_flat,Episode_Reward/ang_vel_xy_l2,201,-0.5003322958946228,1778917917.864085
unitree_go2_flat,Episode_Reward/ang_vel_xy_l2,202,-0.5003322958946228,1778917918.8643804
unitree_go2_flat,Episode_Reward/ang_vel_xy_l2,203,-0.5003322958946228,1778917919.8714786
unitree_go2_flat,Episode_Reward/ang_vel_xy_l2,204,-0.5003322958946228,1778917920.8738167
unitree_go2_flat,Episode_Reward/ang_vel_xy_l2,205,-0.5003322958946228,1778917921.8841264
unitree_go2_flat,Episode_Reward/ang_vel_xy_l2,206,-0.5003322958946228,1778917922.8919706
unitree_go2_flat,Episode_Reward/ang_vel_xy_l2,207,-0.5220290422439575,1778917923.9002807
unitree_go2_flat,Episode_Reward/ang_vel_xy_l2,208,-0.5229723453521729,1778917925.053973
unitree_go2_flat,Episode_Reward/ang_vel_xy_l2,209,-0.5229723453521729,1778917926.0498266
unitree_go2_flat,Episode_Reward/ang_vel_xy_l2,210,-0.5229723453521729,1778917927.0472724
unitree_go2_flat,Episode_Reward/ang_vel_xy_l2,211,-0.5359033942222595,1778917928.0632534
unitree_go2_flat,Episode_Reward/ang_vel_xy_l2,212,-0.5109743475914001,1778917929.0709932
unitree_go2_flat,Episode_Reward/ang_vel_xy_l2,213,-0.5145832300186157,1778917930.0853558
unitree_go2_flat,Episode_Reward/ang_vel_xy_l2,214,-0.526547372341156,1778917931.0847142
unitree_go2_flat,Episode_Reward/ang_vel_xy_l2,215,-0.526547372341156,1778917932.0854812
unitree_go2_flat,Episode_Reward/ang_vel_xy_l2,216,-0.526547372341156,1778917933.0903983
unitree_go2_flat,Episode_Reward/ang_vel_xy_l2,217,-0.526547372341156,1778917934.0900044
unitree_go2_flat,Episode_Reward/ang_vel_xy_l2,218,-0.5766048431396484,1778917935.1012728
unitree_go2_flat,Episode_Reward/ang_vel_xy_l2,219,-0.5551184415817261,1778917936.2152133
unitree_go2_flat,Episode_Reward/ang_vel_xy_l2,220,-0.5749107599258423,1778917937.2114704
unitree_go2_flat,Episode_Reward/ang_vel_xy_l2,221,-0.5749107599258423,1778917938.2149172
unitree_go2_flat,Episode_Reward/ang_vel_xy_l2,222,-0.5070878267288208,1778917939.2233899
unitree_go2_flat,Episode_Reward/ang_vel_xy_l2,223,-0.49162644147872925,1778917940.2313857
unitree_go2_flat,Episode_Reward/ang_vel_xy_l2,224,-0.5209234952926636,1778917941.2462876
unitree_go2_flat,Episode_Reward/ang_vel_xy_l2,225,-0.5418499708175659,1778917942.245695
unitree_go2_flat,Episode_Reward/ang_vel_xy_l2,226,-0.5418499708175659,1778917943.2418652
unitree_go2_flat,Episode_Reward/ang_vel_xy_l2,227,-0.5418499708175659,1778917944.2329288
unitree_go2_flat,Episode_Reward/ang_vel_xy_l2,228,-0.542590856552124,1778917945.2312038
unitree_go2_flat,Episode_Reward/ang_vel_xy_l2,229,-0.5426967144012451,1778917946.3503652
unitree_go2_flat,Episode_Reward/ang_vel_xy_l2,230,-0.5426967144012451,1778917947.344231
unitree_go2_flat,Episode_Reward/ang_vel_xy_l2,231,-0.5426967144012451,1778917948.3396068
unitree_go2_flat,Episode_Reward/ang_vel_xy_l2,232,-0.5387823581695557,1778917949.3409238
unitree_go2_flat,Episode_Reward/ang_vel_xy_l2,233,-0.511381983757019,1778917950.3399754
unitree_go2_flat,Episode_Reward/ang_vel_xy_l2,234,-0.511381983757019,1778917951.3383102
unitree_go2_flat,Episode_Reward/ang_vel_xy_l2,235,-0.4847409427165985,1778917952.3408785
unitree_go2_flat,Episode_Reward/ang_vel_xy_l2,236,-0.4621985852718353,1778917953.3427336
unitree_go2_flat,Episode_Reward/ang_vel_xy_l2,237,-0.4621985852718353,1778917954.3367093
unitree_go2_flat,Episode_Reward/ang_vel_xy_l2,238,-0.4621985852718353,1778917955.3365583
unitree_go2_flat,Episode_Reward/ang_vel_xy_l2,239,-0.4827004373073578,1778917956.3403056
unitree_go2_flat,Episode_Reward/ang_vel_xy_l2,240,-0.4895343482494354,1778917957.4872563
unitree_go2_flat,Episode_Reward/ang_vel_xy_l2,241,-0.4895343482494354,1778917958.4857485
unitree_go2_flat,Episode_Reward/ang_vel_xy_l2,242,-0.4949653744697571,1778917959.4915993
unitree_go2_flat,Episode_Reward/ang_vel_xy_l2,243,-0.5058273673057556,1778917960.4848392
unitree_go2_flat,Episode_Reward/ang_vel_xy_l2,244,-0.5058273673057556,1778917961.4817932
unitree_go2_flat,Episode_Reward/ang_vel_xy_l2,245,-0.5058273673057556,1778917962.4918723
unitree_go2_flat,Episode_Reward/ang_vel_xy_l2,246,-0.5058273673057556,1778917963.4917617
unitree_go2_flat,Episode_Reward/ang_vel_xy_l2,247,-0.5058273673057556,1778917964.500353
unitree_go2_flat,Episode_Reward/ang_vel_xy_l2,248,-0.5069559812545776,1778917965.5078063
unitree_go2_flat,Episode_Reward/ang_vel_xy_l2,249,-0.5096966624259949,1778917966.5089447
unitree_go2_flat,Episode_Reward/ang_vel_xy_l2,250,-0.5096966624259949,1778917967.5075169
unitree_go2_flat,Episode_Reward/ang_vel_xy_l2,251,-0.5096966624259949,1778917968.5859923
unitree_go2_flat,Episode_Reward/ang_vel_xy_l2,252,-0.5042223930358887,1778917969.6009138
unitree_go2_flat,Episode_Reward/ang_vel_xy_l2,253,-0.48081815242767334,1778917970.6063979
unitree_go2_flat,Episode_Reward/ang_vel_xy_l2,254,-0.45987367630004883,1778917971.6212656
unitree_go2_flat,Episode_Reward/ang_vel_xy_l2,255,-0.4681236147880554,1778917972.644429
unitree_go2_flat,Episode_Reward/ang_vel_xy_l2,256,-0.46417102217674255,1778917973.6527321
unitree_go2_flat,Episode_Reward/ang_vel_xy_l2,257,-0.46417102217674255,1778917974.6479027
unitree_go2_flat,Episode_Reward/ang_vel_xy_l2,258,-0.46417102217674255,1778917975.6435475
unitree_go2_flat,Episode_Reward/ang_vel_xy_l2,259,-0.4680473208427429,1778917976.659821
unitree_go2_flat,Episode_Reward/ang_vel_xy_l2,260,-0.4874289929866791,1778917977.6606684
unitree_go2_flat,Episode_Reward/ang_vel_xy_l2,261,-0.48921912908554077,1778917978.673929
unitree_go2_flat,Episode_Reward/ang_vel_xy_l2,262,-0.34462976455688477,1778917979.69991
unitree_go2_flat,Episode_Reward/ang_vel_xy_l2,263,-0.1501360386610031,1778917980.7144175
unitree_go2_flat,Episode_Reward/ang_vel_xy_l2,264,-0.461760014295578,1778917981.7230637
unitree_go2_flat,Episode_Reward/ang_vel_xy_l2,265,-0.466911643743515,1778917982.730347
unitree_go2_flat,Episode_Reward/ang_vel_xy_l2,266,-0.4654090106487274,1778917983.7461414
unitree_go2_flat,Episode_Reward/ang_vel_xy_l2,267,-0.4652723968029022,1778917984.7435288
unitree_go2_flat,Episode_Reward/ang_vel_xy_l2,268,-0.4652723968029022,1778917985.7442315
unitree_go2_flat,Episode_Reward/ang_vel_xy_l2,269,-0.4705553650856018,1778917986.7528028
unitree_go2_flat,Episode_Reward/ang_vel_xy_l2,270,-0.490630567073822,1778917987.7603602
unitree_go2_flat,Episode_Reward/ang_vel_xy_l2,271,-0.490630567073822,1778917988.7616284
unitree_go2_flat,Episode_Reward/ang_vel_xy_l2,272,-0.490630567073822,1778917989.8398678
unitree_go2_flat,Episode_Reward/ang_vel_xy_l2,273,-0.490630567073822,1778917990.843445
unitree_go2_flat,Episode_Reward/ang_vel_xy_l2,274,-0.49455857276916504,1778917991.8541937
unitree_go2_flat,Episode_Reward/ang_vel_xy_l2,275,-0.49920082092285156,1778917992.8524315
unitree_go2_flat,Episode_Reward/ang_vel_xy_l2,276,-0.49920082092285156,1778917993.8605285
unitree_go2_flat,Episode_Reward/ang_vel_xy_l2,277,-0.4311385154724121,1778917994.8973467
unitree_go2_flat,Episode_Reward/ang_vel_xy_l2,278,-0.4214152991771698,1778917995.897008
unitree_go2_flat,Episode_Reward/ang_vel_xy_l2,279,-0.4214152991771698,1778917996.8975372
unitree_go2_flat,Episode_Reward/ang_vel_xy_l2,280,-0.42419928312301636,1778917997.9084566
unitree_go2_flat,Episode_Reward/ang_vel_xy_l2,281,-0.4548225402832031,1778917998.9044871
unitree_go2_flat,Episode_Reward/ang_vel_xy_l2,282,-0.4548225402832031,1778917999.9198818
unitree_go2_flat,Episode_Reward/ang_vel_xy_l2,283,-0.4548225402832031,1778918001.0501025
unitree_go2_flat,Episode_Reward/ang_vel_xy_l2,284,-0.4700845181941986,1778918002.0611634
unitree_go2_flat,Episode_Reward/ang_vel_xy_l2,285,-0.47771549224853516,1778918003.071807
unitree_go2_flat,Episode_Reward/ang_vel_xy_l2,286,-0.47771549224853516,1778918004.0680962
unitree_go2_flat,Episode_Reward/ang_vel_xy_l2,287,-0.47771549224853516,1778918005.0855012
unitree_go2_flat,Episode_Reward/ang_vel_xy_l2,288,-0.47771549224853516,1778918006.0908961
unitree_go2_flat,Episode_Reward/ang_vel_xy_l2,289,-0.47771549224853516,1778918007.0985904
unitree_go2_flat,Episode_Reward/ang_vel_xy_l2,290,-0.47918975353240967,1778918008.1133363
unitree_go2_flat,Episode_Reward/ang_vel_xy_l2,291,-0.48007434606552124,1778918009.1162598
unitree_go2_flat,Episode_Reward/ang_vel_xy_l2,292,-0.48007434606552124,1778918010.119724
unitree_go2_flat,Episode_Reward/ang_vel_xy_l2,293,-0.48007434606552124,1778918011.1344886
unitree_go2_flat,Episode_Reward/ang_vel_xy_l2,294,-0.49128350615501404,1778918012.3024478
unitree_go2_flat,Episode_Reward/ang_vel_xy_l2,295,-0.4992900788784027,1778918013.3119361
unitree_go2_flat,Episode_Reward/ang_vel_xy_l2,296,-0.4992900788784027,1778918014.3198037
unitree_go2_flat,Episode_Reward/ang_vel_xy_l2,297,-0.45811158418655396,1778918015.329597
unitree_go2_flat,Episode_Reward/ang_vel_xy_l2,298,-0.4492691457271576,1778918016.3364651
unitree_go2_flat,Episode_Reward/ang_vel_xy_l2,299,-0.4492691457271576,1778918017.3399923
unitree_go2_flat,Episode_Reward/dof_torques_l2,0,0.0,1778917712.6835527
unitree_go2_flat,Episode_Reward/dof_torques_l2,1,0.0,1778917713.7499614
unitree_go2_flat,Episode_Reward/dof_torques_l2,2,0.0,1778917714.7500885
unitree_go2_flat,Episode_Reward/dof_torques_l2,3,-0.0037440317682921886,1778917716.2035518
unitree_go2_flat,Episode_Reward/dof_torques_l2,4,-0.012969143688678741,1778917717.2223513
unitree_go2_flat,Episode_Reward/dof_torques_l2,5,-0.013335956260561943,1778917718.3594995
unitree_go2_flat,Episode_Reward/dof_torques_l2,6,-0.013413879089057446,1778917719.3676615
unitree_go2_flat,Episode_Reward/dof_torques_l2,7,-0.013413879089057446,1778917720.3792403
unitree_go2_flat,Episode_Reward/dof_torques_l2,8,-0.013413879089057446,1778917721.3773553
unitree_go2_flat,Episode_Reward/dof_torques_l2,9,-0.015553243458271027,1778917722.38342
unitree_go2_flat,Episode_Reward/dof_torques_l2,10,-0.027097001671791077,1778917723.387385
unitree_go2_flat,Episode_Reward/dof_torques_l2,11,-0.031688392162323,1778917724.3904681
unitree_go2_flat,Episode_Reward/dof_torques_l2,12,-0.032045166939496994,1778917725.391601
unitree_go2_flat,Episode_Reward/dof_torques_l2,13,-0.032045166939496994,1778917726.4006925
unitree_go2_flat,Episode_Reward/dof_torques_l2,14,-0.032045166939496994,1778917727.4020853
unitree_go2_flat,Episode_Reward/dof_torques_l2,15,-0.032045166939496994,1778917728.5349216
unitree_go2_flat,Episode_Reward/dof_torques_l2,16,-0.04950016736984253,1778917729.5587642
unitree_go2_flat,Episode_Reward/dof_torques_l2,17,-0.06002597138285637,1778917730.5590854
unitree_go2_flat,Episode_Reward/dof_torques_l2,18,-0.06026284024119377,1778917731.5610974
unitree_go2_flat,Episode_Reward/dof_torques_l2,19,-0.06131577119231224,1778917732.5716703
unitree_go2_flat,Episode_Reward/dof_torques_l2,20,-0.055415891110897064,1778917733.577696
unitree_go2_flat,Episode_Reward/dof_torques_l2,21,-0.055415891110897064,1778917734.5891385
unitree_go2_flat,Episode_Reward/dof_torques_l2,22,-0.055415891110897064,1778917735.5852923
unitree_go2_flat,Episode_Reward/dof_torques_l2,23,-0.06079427897930145,1778917736.5904698
unitree_go2_flat,Episode_Reward/dof_torques_l2,24,-0.07385610044002533,1778917737.5954523
unitree_go2_flat,Episode_Reward/dof_torques_l2,25,-0.07385610044002533,1778917738.600368
unitree_go2_flat,Episode_Reward/dof_torques_l2,26,-0.07385610044002533,1778917739.7420888
unitree_go2_flat,Episode_Reward/dof_torques_l2,27,-0.08146878331899643,1778917740.7540402
unitree_go2_flat,Episode_Reward/dof_torques_l2,28,-0.07115732133388519,1778917741.7733657
unitree_go2_flat,Episode_Reward/dof_torques_l2,29,-0.0637684315443039,1778917742.7811759
unitree_go2_flat,Episode_Reward/dof_torques_l2,30,-0.0637684315443039,1778917743.789491
unitree_go2_flat,Episode_Reward/dof_torques_l2,31,-0.0637684315443039,1778917744.78766
unitree_go2_flat,Episode_Reward/dof_torques_l2,32,-0.076480932533741,1778917745.796897
unitree_go2_flat,Episode_Reward/dof_torques_l2,33,-0.09427842497825623,1778917746.7983942
unitree_go2_flat,Episode_Reward/dof_torques_l2,34,-0.10780929774045944,1778917747.8126588
unitree_go2_flat,Episode_Reward/dof_torques_l2,35,-0.03205552324652672,1778917748.8244836
unitree_go2_flat,Episode_Reward/dof_torques_l2,36,-0.10320504754781723,1778917749.8318405
unitree_go2_flat,Episode_Reward/dof_torques_l2,37,-0.10698076337575912,1778917750.9684918
unitree_go2_flat,Episode_Reward/dof_torques_l2,38,-0.030645567923784256,1778917751.9758089
unitree_go2_flat,Episode_Reward/dof_torques_l2,39,-0.010935268364846706,1778917752.9841824
unitree_go2_flat,Episode_Reward/dof_torques_l2,40,-0.017273304983973503,1778917753.99524
unitree_go2_flat,Episode_Reward/dof_torques_l2,41,-0.021076124161481857,1778917754.9978888
unitree_go2_flat,Episode_Reward/dof_torques_l2,42,-0.017105385661125183,1778917756.0077894
unitree_go2_flat,Episode_Reward/dof_torques_l2,43,-0.016538139432668686,1778917757.013699
unitree_go2_flat,Episode_Reward/dof_torques_l2,44,-0.01765800267457962,1778917758.0325298
unitree_go2_flat,Episode_Reward/dof_torques_l2,45,-0.09821942448616028,1778917759.0504596
unitree_go2_flat,Episode_Reward/dof_torques_l2,46,-0.1440339982509613,1778917760.0521035
unitree_go2_flat,Episode_Reward/dof_torques_l2,47,-0.11787080019712448,1778917761.1466331
unitree_go2_flat,Episode_Reward/dof_torques_l2,48,-0.11787080019712448,1778917762.1450331
unitree_go2_flat,Episode_Reward/dof_torques_l2,49,-0.11787080019712448,1778917763.1424458
unitree_go2_flat,Episode_Reward/dof_torques_l2,50,-0.11787080019712448,1778917764.1520493
unitree_go2_flat,Episode_Reward/dof_torques_l2,51,-0.11675012111663818,1778917765.1748688
unitree_go2_flat,Episode_Reward/dof_torques_l2,52,-0.09910368174314499,1778917766.2053127
unitree_go2_flat,Episode_Reward/dof_torques_l2,53,-0.11439164727926254,1778917767.2252023
unitree_go2_flat,Episode_Reward/dof_torques_l2,54,-0.12761351466178894,1778917768.228528
unitree_go2_flat,Episode_Reward/dof_torques_l2,55,-0.09863197058439255,1778917769.2644665
unitree_go2_flat,Episode_Reward/dof_torques_l2,56,-0.09368374198675156,1778917770.269035
unitree_go2_flat,Episode_Reward/dof_torques_l2,57,-0.1009269654750824,1778917771.2775111
unitree_go2_flat,Episode_Reward/dof_torques_l2,58,-0.05101124569773674,1778917772.3569224
unitree_go2_flat,Episode_Reward/dof_torques_l2,59,-0.007691423874348402,1778917773.3557687
unitree_go2_flat,Episode_Reward/dof_torques_l2,60,-0.007691423874348402,1778917774.3716488
unitree_go2_flat,Episode_Reward/dof_torques_l2,61,-0.06558370590209961,1778917775.378276
unitree_go2_flat,Episode_Reward/dof_torques_l2,62,-0.10592056810855865,1778917776.3848717
unitree_go2_flat,Episode_Reward/dof_torques_l2,63,-0.01078239269554615,1778917777.3910282
unitree_go2_flat,Episode_Reward/dof_torques_l2,64,-0.01078239269554615,1778917778.3947256
unitree_go2_flat,Episode_Reward/dof_torques_l2,65,-0.01078239269554615,1778917779.4077353
unitree_go2_flat,Episode_Reward/dof_torques_l2,66,-0.009273716248571873,1778917780.440232
unitree_go2_flat,Episode_Reward/dof_torques_l2,67,-0.008876696228981018,1778917781.443206
unitree_go2_flat,Episode_Reward/dof_torques_l2,68,-0.008876696228981018,1778917782.456818
unitree_go2_flat,Episode_Reward/dof_torques_l2,69,-0.008876696228981018,1778917783.5632298
unitree_go2_flat,Episode_Reward/dof_torques_l2,70,-0.008876696228981018,1778917784.5667417
unitree_go2_flat,Episode_Reward/dof_torques_l2,71,-0.008876696228981018,1778917785.5647254
unitree_go2_flat,Episode_Reward/dof_torques_l2,72,-0.029598480090498924,1778917786.578966
unitree_go2_flat,Episode_Reward/dof_torques_l2,73,-0.05860897898674011,1778917787.5943482
unitree_go2_flat,Episode_Reward/dof_torques_l2,74,-0.05860897898674011,1778917788.612319
unitree_go2_flat,Episode_Reward/dof_torques_l2,75,-0.05860897898674011,1778917789.6241949
unitree_go2_flat,Episode_Reward/dof_torques_l2,76,-0.11401140689849854,1778917790.6374137
unitree_go2_flat,Episode_Reward/dof_torques_l2,77,-0.11401140689849854,1778917791.6423414
unitree_go2_flat,Episode_Reward/dof_torques_l2,78,-0.11401140689849854,1778917792.6421607
unitree_go2_flat,Episode_Reward/dof_torques_l2,79,-0.11401140689849854,1778917793.7813833
unitree_go2_flat,Episode_Reward/dof_torques_l2,80,-0.11401140689849854,1778917794.7849488
unitree_go2_flat,Episode_Reward/dof_torques_l2,81,-0.11401140689849854,1778917795.7830985
unitree_go2_flat,Episode_Reward/dof_torques_l2,82,-0.12943701446056366,1778917796.792465
unitree_go2_flat,Episode_Reward/dof_torques_l2,83,-0.13010768592357635,1778917797.8041856
unitree_go2_flat,Episode_Reward/dof_torques_l2,84,-0.13010768592357635,1778917798.810877
unitree_go2_flat,Episode_Reward/dof_torques_l2,85,-0.13010768592357635,1778917799.8100474
unitree_go2_flat,Episode_Reward/dof_torques_l2,86,-0.13993984460830688,1778917800.8245559
unitree_go2_flat,Episode_Reward/dof_torques_l2,87,-0.15109124779701233,1778917801.8448699
unitree_go2_flat,Episode_Reward/dof_torques_l2,88,-0.14081941545009613,1778917802.85466
unitree_go2_flat,Episode_Reward/dof_torques_l2,89,-0.1195077896118164,1778917803.8577483
unitree_go2_flat,Episode_Reward/dof_torques_l2,90,-0.1195077896118164,1778917805.0050082
unitree_go2_flat,Episode_Reward/dof_torques_l2,91,-0.1195077896118164,1778917806.0068524
unitree_go2_flat,Episode_Reward/dof_torques_l2,92,-0.13004985451698303,1778917807.0258868
unitree_go2_flat,Episode_Reward/dof_torques_l2,93,-0.12953758239746094,1778917808.03651
unitree_go2_flat,Episode_Reward/dof_torques_l2,94,-0.13786301016807556,1778917809.0557516
unitree_go2_flat,Episode_Reward/dof_torques_l2,95,-0.1326640099287033,1778917810.056088
unitree_go2_flat,Episode_Reward/dof_torques_l2,96,-0.1326640099287033,1778917811.064661
unitree_go2_flat,Episode_Reward/dof_torques_l2,97,-0.1326640099287033,1778917812.0891094
unitree_go2_flat,Episode_Reward/dof_torques_l2,98,-0.1326640099287033,1778917813.0915306
unitree_go2_flat,Episode_Reward/dof_torques_l2,99,-0.13676324486732483,1778917814.1054814
unitree_go2_flat,Episode_Reward/dof_torques_l2,100,-0.176019549369812,1778917815.1251576
unitree_go2_flat,Episode_Reward/dof_torques_l2,101,-0.176019549369812,1778917816.2475548
unitree_go2_flat,Episode_Reward/dof_torques_l2,102,-0.176019549369812,1778917817.2501676
unitree_go2_flat,Episode_Reward/dof_torques_l2,103,-0.13938550651073456,1778917818.260975
unitree_go2_flat,Episode_Reward/dof_torques_l2,104,-0.13415208458900452,1778917819.2668166
unitree_go2_flat,Episode_Reward/dof_torques_l2,105,-0.13415208458900452,1778917820.2681293
unitree_go2_flat,Episode_Reward/dof_torques_l2,106,-0.13415208458900452,1778917821.2700512
unitree_go2_flat,Episode_Reward/dof_torques_l2,107,-0.13531367480754852,1778917822.2764711
unitree_go2_flat,Episode_Reward/dof_torques_l2,108,-0.1434449404478073,1778917823.294025
unitree_go2_flat,Episode_Reward/dof_torques_l2,109,-0.1434449404478073,1778917824.2968926
unitree_go2_flat,Episode_Reward/dof_torques_l2,110,-0.1434449404478073,1778917825.2989607
unitree_go2_flat,Episode_Reward/dof_torques_l2,111,-0.1434449404478073,1778917826.3118188
unitree_go2_flat,Episode_Reward/dof_torques_l2,112,-0.1434449404478073,1778917827.3177092
unitree_go2_flat,Episode_Reward/dof_torques_l2,113,-0.1434449404478073,1778917828.3239572
unitree_go2_flat,Episode_Reward/dof_torques_l2,114,-0.1490173041820526,1778917829.3284154
unitree_go2_flat,Episode_Reward/dof_torques_l2,115,-0.1508747637271881,1778917830.332329
unitree_go2_flat,Episode_Reward/dof_torques_l2,116,-0.1508747637271881,1778917831.332902
unitree_go2_flat,Episode_Reward/dof_torques_l2,117,-0.1417926847934723,1778917832.3428252
unitree_go2_flat,Episode_Reward/dof_torques_l2,118,-0.12362855672836304,1778917833.355559
unitree_go2_flat,Episode_Reward/dof_torques_l2,119,-0.12362855672836304,1778917834.364867
unitree_go2_flat,Episode_Reward/dof_torques_l2,120,-0.12362855672836304,1778917835.3749003
unitree_go2_flat,Episode_Reward/dof_torques_l2,121,-0.12362855672836304,1778917836.3829112
unitree_go2_flat,Episode_Reward/dof_torques_l2,122,-0.12362855672836304,1778917837.5313745
unitree_go2_flat,Episode_Reward/dof_torques_l2,123,-0.13007237017154694,1778917838.5389044
unitree_go2_flat,Episode_Reward/dof_torques_l2,124,-0.14572161436080933,1778917839.538972
unitree_go2_flat,Episode_Reward/dof_torques_l2,125,-0.14572161436080933,1778917840.534985
unitree_go2_flat,Episode_Reward/dof_torques_l2,126,-0.14572161436080933,1778917841.5488718
unitree_go2_flat,Episode_Reward/dof_torques_l2,127,-0.14449384808540344,1778917842.5537581
unitree_go2_flat,Episode_Reward/dof_torques_l2,128,-0.14687888324260712,1778917843.5616155
unitree_go2_flat,Episode_Reward/dof_torques_l2,129,-0.16220074892044067,1778917844.5683835
unitree_go2_flat,Episode_Reward/dof_torques_l2,130,-0.14197573065757751,1778917845.5718338
unitree_go2_flat,Episode_Reward/dof_torques_l2,131,-0.13186320662498474,1778917846.5682857
unitree_go2_flat,Episode_Reward/dof_torques_l2,132,-0.13186320662498474,1778917847.5663548
unitree_go2_flat,Episode_Reward/dof_torques_l2,133,-0.13186320662498474,1778917848.7034247
unitree_go2_flat,Episode_Reward/dof_torques_l2,134,-0.1426488608121872,1778917849.7138681
unitree_go2_flat,Episode_Reward/dof_torques_l2,135,-0.1359662264585495,1778917850.7278695
unitree_go2_flat,Episode_Reward/dof_torques_l2,136,-0.1377694010734558,1778917851.7529032
unitree_go2_flat,Episode_Reward/dof_torques_l2,137,-0.12761971354484558,1778917852.7573602
unitree_go2_flat,Episode_Reward/dof_torques_l2,138,-0.11990801990032196,1778917853.7872274
unitree_go2_flat,Episode_Reward/dof_torques_l2,139,-0.02861061319708824,1778917854.8207822
unitree_go2_flat,Episode_Reward/dof_torques_l2,140,-0.01567276194691658,1778917855.8230085
unitree_go2_flat,Episode_Reward/dof_torques_l2,141,-0.13328011333942413,1778917856.8368871
unitree_go2_flat,Episode_Reward/dof_torques_l2,142,-0.15656958520412445,1778917857.8362806
unitree_go2_flat,Episode_Reward/dof_torques_l2,143,-0.15656958520412445,1778917858.834369
unitree_go2_flat,Episode_Reward/dof_torques_l2,144,-0.1489914357662201,1778917859.9562013
unitree_go2_flat,Episode_Reward/dof_torques_l2,145,-0.12019442766904831,1778917860.957831
unitree_go2_flat,Episode_Reward/dof_torques_l2,146,-0.12019442766904831,1778917861.959798
unitree_go2_flat,Episode_Reward/dof_torques_l2,147,-0.12019442766904831,1778917862.9549391
unitree_go2_flat,Episode_Reward/dof_torques_l2,148,-0.12019442766904831,1778917863.9448729
unitree_go2_flat,Episode_Reward/dof_torques_l2,149,-0.12487708032131195,1778917864.9499564
unitree_go2_flat,Episode_Reward/dof_torques_l2,150,-0.13041111826896667,1778917865.9693503
unitree_go2_flat,Episode_Reward/dof_torques_l2,151,-0.13041111826896667,1778917866.9938478
unitree_go2_flat,Episode_Reward/dof_torques_l2,152,-0.04806721955537796,1778917868.0107408
unitree_go2_flat,Episode_Reward/dof_torques_l2,153,-0.03630381077528,1778917869.0079753
unitree_go2_flat,Episode_Reward/dof_torques_l2,154,-0.03630381077528,1778917870.1379707
unitree_go2_flat,Episode_Reward/dof_torques_l2,155,-0.044449567794799805,1778917871.1372373
unitree_go2_flat,Episode_Reward/dof_torques_l2,156,-0.13405297696590424,1778917872.1530302
unitree_go2_flat,Episode_Reward/dof_torques_l2,157,-0.13405297696590424,1778917873.1608539
unitree_go2_flat,Episode_Reward/dof_torques_l2,158,-0.13405297696590424,1778917874.161875
unitree_go2_flat,Episode_Reward/dof_torques_l2,159,-0.12150128930807114,1778917875.1682017
unitree_go2_flat,Episode_Reward/dof_torques_l2,160,-0.11522543430328369,1778917876.1705935
unitree_go2_flat,Episode_Reward/dof_torques_l2,161,-0.11522543430328369,1778917877.1766398
unitree_go2_flat,Episode_Reward/dof_torques_l2,162,-0.11522543430328369,1778917878.1864934
unitree_go2_flat,Episode_Reward/dof_torques_l2,163,-0.11522543430328369,1778917879.1910136
unitree_go2_flat,Episode_Reward/dof_torques_l2,164,-0.11522543430328369,1778917880.1909409
unitree_go2_flat,Episode_Reward/dof_torques_l2,165,-0.11764214932918549,1778917881.3079312
unitree_go2_flat,Episode_Reward/dof_torques_l2,166,-0.11909216642379761,1778917882.305279
unitree_go2_flat,Episode_Reward/dof_torques_l2,167,-0.11909216642379761,1778917883.3075144
unitree_go2_flat,Episode_Reward/dof_torques_l2,168,-0.11909216642379761,1778917884.2961695
unitree_go2_flat,Episode_Reward/dof_torques_l2,169,-0.12339144945144653,1778917885.2999897
unitree_go2_flat,Episode_Reward/dof_torques_l2,170,-0.13511806726455688,1778917886.3005636
unitree_go2_flat,Episode_Reward/dof_torques_l2,171,-0.1413007229566574,1778917887.3085456
unitree_go2_flat,Episode_Reward/dof_torques_l2,172,-0.11203127354383469,1778917888.3079674
unitree_go2_flat,Episode_Reward/dof_torques_l2,173,-0.11203127354383469,1778917889.314275
unitree_go2_flat,Episode_Reward/dof_torques_l2,174,-0.11203127354383469,1778917890.3140683
unitree_go2_flat,Episode_Reward/dof_torques_l2,175,-0.11203127354383469,1778917891.3316045
unitree_go2_flat,Episode_Reward/dof_torques_l2,176,-0.11543199419975281,1778917892.4928916
unitree_go2_flat,Episode_Reward/dof_torques_l2,177,-0.12342222779989243,1778917893.5029964
unitree_go2_flat,Episode_Reward/dof_torques_l2,178,-0.12150731682777405,1778917894.5090995
unitree_go2_flat,Episode_Reward/dof_torques_l2,179,-0.11984211206436157,1778917895.5079007
unitree_go2_flat,Episode_Reward/dof_torques_l2,180,-0.12735794484615326,1778917896.5053506
unitree_go2_flat,Episode_Reward/dof_torques_l2,181,-0.14212632179260254,1778917897.51264
unitree_go2_flat,Episode_Reward/dof_torques_l2,182,-0.13725227117538452,1778917898.5524945
unitree_go2_flat,Episode_Reward/dof_torques_l2,183,-0.11626075953245163,1778917899.5512567
unitree_go2_flat,Episode_Reward/dof_torques_l2,184,-0.11626075953245163,1778917900.5438924
unitree_go2_flat,Episode_Reward/dof_torques_l2,185,-0.11626075953245163,1778917901.553185
unitree_go2_flat,Episode_Reward/dof_torques_l2,186,-0.11624330282211304,1778917902.6584117
unitree_go2_flat,Episode_Reward/dof_torques_l2,187,-0.11622854322195053,1778917903.6689773
unitree_go2_flat,Episode_Reward/dof_torques_l2,188,-0.11622854322195053,1778917904.6648464
unitree_go2_flat,Episode_Reward/dof_torques_l2,189,-0.11622854322195053,1778917905.6676033
unitree_go2_flat,Episode_Reward/dof_torques_l2,190,-0.11622854322195053,1778917906.665735
unitree_go2_flat,Episode_Reward/dof_torques_l2,191,-0.12812727689743042,1778917907.6782908
unitree_go2_flat,Episode_Reward/dof_torques_l2,192,-0.1312585175037384,1778917908.6886003
unitree_go2_flat,Episode_Reward/dof_torques_l2,193,-0.13528665900230408,1778917909.7087665
unitree_go2_flat,Episode_Reward/dof_torques_l2,194,-0.1505936235189438,1778917910.711475
unitree_go2_flat,Episode_Reward/dof_torques_l2,195,-0.1505936235189438,1778917911.7077978
unitree_go2_flat,Episode_Reward/dof_torques_l2,196,-0.1505936235189438,1778917912.7053788
unitree_go2_flat,Episode_Reward/dof_torques_l2,197,-0.1424582302570343,1778917913.8587723
unitree_go2_flat,Episode_Reward/dof_torques_l2,198,-0.13106867671012878,1778917914.8607678
unitree_go2_flat,Episode_Reward/dof_torques_l2,199,-0.13106867671012878,1778917915.8645954
unitree_go2_flat,Episode_Reward/dof_torques_l2,200,-0.13106867671012878,1778917916.857972
unitree_go2_flat,Episode_Reward/dof_torques_l2,201,-0.10753035545349121,1778917917.8644614
unitree_go2_flat,Episode_Reward/dof_torques_l2,202,-0.10753035545349121,1778917918.8648872
unitree_go2_flat,Episode_Reward/dof_torques_l2,203,-0.10753035545349121,1778917919.8720462
unitree_go2_flat,Episode_Reward/dof_torques_l2,204,-0.10753035545349121,1778917920.8743207
unitree_go2_flat,Episode_Reward/dof_torques_l2,205,-0.10753035545349121,1778917921.8846352
unitree_go2_flat,Episode_Reward/dof_torques_l2,206,-0.10753035545349121,1778917922.8924832
unitree_go2_flat,Episode_Reward/dof_torques_l2,207,-0.11616327613592148,1778917923.9008038
unitree_go2_flat,Episode_Reward/dof_torques_l2,208,-0.1165386289358139,1778917925.054485
unitree_go2_flat,Episode_Reward/dof_torques_l2,209,-0.1165386289358139,1778917926.0503805
unitree_go2_flat,Episode_Reward/dof_torques_l2,210,-0.1165386289358139,1778917927.0478082
unitree_go2_flat,Episode_Reward/dof_torques_l2,211,-0.11982767283916473,1778917928.0637698
unitree_go2_flat,Episode_Reward/dof_torques_l2,212,-0.1342627853155136,1778917929.0714667
unitree_go2_flat,Episode_Reward/dof_torques_l2,213,-0.12664823234081268,1778917930.0858693
unitree_go2_flat,Episode_Reward/dof_torques_l2,214,-0.1088489219546318,1778917931.085189
unitree_go2_flat,Episode_Reward/dof_torques_l2,215,-0.1088489219546318,1778917932.0858693
unitree_go2_flat,Episode_Reward/dof_torques_l2,216,-0.1088489219546318,1778917933.0909214
unitree_go2_flat,Episode_Reward/dof_torques_l2,217,-0.1088489219546318,1778917934.0905392
unitree_go2_flat,Episode_Reward/dof_torques_l2,218,-0.1126718819141388,1778917935.1017647
unitree_go2_flat,Episode_Reward/dof_torques_l2,219,-0.12241660058498383,1778917936.2157505
unitree_go2_flat,Episode_Reward/dof_torques_l2,220,-0.114734947681427,1778917937.2120016
unitree_go2_flat,Episode_Reward/dof_torques_l2,221,-0.114734947681427,1778917938.2154305
unitree_go2_flat,Episode_Reward/dof_torques_l2,222,-0.12832972407341003,1778917939.2238607
unitree_go2_flat,Episode_Reward/dof_torques_l2,223,-0.12918806076049805,1778917940.2319126
unitree_go2_flat,Episode_Reward/dof_torques_l2,224,-0.11941409111022949,1778917941.2467885
unitree_go2_flat,Episode_Reward/dof_torques_l2,225,-0.11243268102407455,1778917942.2461662
unitree_go2_flat,Episode_Reward/dof_torques_l2,226,-0.11243268102407455,1778917943.2423785
unitree_go2_flat,Episode_Reward/dof_torques_l2,227,-0.11243268102407455,1778917944.233373
unitree_go2_flat,Episode_Reward/dof_torques_l2,228,-0.10816168040037155,1778917945.231738
unitree_go2_flat,Episode_Reward/dof_torques_l2,229,-0.10755153745412827,1778917946.350925
unitree_go2_flat,Episode_Reward/dof_torques_l2,230,-0.10755153745412827,1778917947.3447824
unitree_go2_flat,Episode_Reward/dof_torques_l2,231,-0.10755153745412827,1778917948.3401272
unitree_go2_flat,Episode_Reward/dof_torques_l2,232,-0.10894614458084106,1778917949.3414598
unitree_go2_flat,Episode_Reward/dof_torques_l2,233,-0.11870841681957245,1778917950.340439
unitree_go2_flat,Episode_Reward/dof_torques_l2,234,-0.11870841681957245,1778917951.338861
unitree_go2_flat,Episode_Reward/dof_torques_l2,235,-0.1314219832420349,1778917952.3413596
unitree_go2_flat,Episode_Reward/dof_torques_l2,236,-0.14217960834503174,1778917953.343098
unitree_go2_flat,Episode_Reward/dof_torques_l2,237,-0.14217960834503174,1778917954.3372116
unitree_go2_flat,Episode_Reward/dof_torques_l2,238,-0.14217960834503174,1778917955.3370736
unitree_go2_flat,Episode_Reward/dof_torques_l2,239,-0.12718920409679413,1778917956.340793
unitree_go2_flat,Episode_Reward/dof_torques_l2,240,-0.12219240516424179,1778917957.4877648
unitree_go2_flat,Episode_Reward/dof_torques_l2,241,-0.12219240516424179,1778917958.486232
unitree_go2_flat,Episode_Reward/dof_torques_l2,242,-0.11651158332824707,1778917959.4920852
unitree_go2_flat,Episode_Reward/dof_torques_l2,243,-0.10514994710683823,1778917960.4853632
unitree_go2_flat,Episode_Reward/dof_torques_l2,244,-0.10514994710683823,1778917961.4822786
unitree_go2_flat,Episode_Reward/dof_torques_l2,245,-0.10514994710683823,1778917962.4923368
unitree_go2_flat,Episode_Reward/dof_torques_l2,246,-0.10514994710683823,1778917963.4923065
unitree_go2_flat,Episode_Reward/dof_torques_l2,247,-0.10514994710683823,1778917964.5008376
unitree_go2_flat,Episode_Reward/dof_torques_l2,248,-0.10742992162704468,1778917965.5082936
unitree_go2_flat,Episode_Reward/dof_torques_l2,249,-0.11296700686216354,1778917966.5094128
unitree_go2_flat,Episode_Reward/dof_torques_l2,250,-0.11296700686216354,1778917967.5080104
unitree_go2_flat,Episode_Reward/dof_torques_l2,251,-0.11296700686216354,1778917968.586478
unitree_go2_flat,Episode_Reward/dof_torques_l2,252,-0.11498646438121796,1778917969.6013694
unitree_go2_flat,Episode_Reward/dof_torques_l2,253,-0.12344449758529663,1778917970.6070611
unitree_go2_flat,Episode_Reward/dof_torques_l2,254,-0.1306435912847519,1778917971.6217544
unitree_go2_flat,Episode_Reward/dof_torques_l2,255,-0.11227597296237946,1778917972.64507
unitree_go2_flat,Episode_Reward/dof_torques_l2,256,-0.10245426744222641,1778917973.653245
unitree_go2_flat,Episode_Reward/dof_torques_l2,257,-0.10245426744222641,1778917974.6483724
unitree_go2_flat,Episode_Reward/dof_torques_l2,258,-0.10245426744222641,1778917975.6441746
unitree_go2_flat,Episode_Reward/dof_torques_l2,259,-0.10415338724851608,1778917976.6604204
unitree_go2_flat,Episode_Reward/dof_torques_l2,260,-0.11264901608228683,1778917977.6611085
unitree_go2_flat,Episode_Reward/dof_torques_l2,261,-0.11459264159202576,1778917978.674433
unitree_go2_flat,Episode_Reward/dof_torques_l2,262,-0.0755850151181221,1778917979.7004035
unitree_go2_flat,Episode_Reward/dof_torques_l2,263,-0.03459050878882408,1778917980.715078
unitree_go2_flat,Episode_Reward/dof_torques_l2,264,-0.13006998598575592,1778917981.7235482
unitree_go2_flat,Episode_Reward/dof_torques_l2,265,-0.13167926669120789,1778917982.7308557
unitree_go2_flat,Episode_Reward/dof_torques_l2,266,-0.11174982786178589,1778917983.7466662
unitree_go2_flat,Episode_Reward/dof_torques_l2,267,-0.10993807017803192,1778917984.7440298
unitree_go2_flat,Episode_Reward/dof_torques_l2,268,-0.10993807017803192,1778917985.7447424
unitree_go2_flat,Episode_Reward/dof_torques_l2,269,-0.10957213491201401,1778917986.753457
unitree_go2_flat,Episode_Reward/dof_torques_l2,270,-0.10818161815404892,1778917987.7608666
unitree_go2_flat,Episode_Reward/dof_torques_l2,271,-0.10818161815404892,1778917988.7621622
unitree_go2_flat,Episode_Reward/dof_torques_l2,272,-0.10818161815404892,1778917989.8403518
unitree_go2_flat,Episode_Reward/dof_torques_l2,273,-0.10818161815404892,1778917990.8439393
unitree_go2_flat,Episode_Reward/dof_torques_l2,274,-0.11646652221679688,1778917991.854717
unitree_go2_flat,Episode_Reward/dof_torques_l2,275,-0.12625780701637268,1778917992.852905
unitree_go2_flat,Episode_Reward/dof_torques_l2,276,-0.12625780701637268,1778917993.8609889
unitree_go2_flat,Episode_Reward/dof_torques_l2,277,-0.15397125482559204,1778917994.8980014
unitree_go2_flat,Episode_Reward/dof_torques_l2,278,-0.15793034434318542,1778917995.897456
unitree_go2_flat,Episode_Reward/dof_torques_l2,279,-0.15793034434318542,1778917996.8980596
unitree_go2_flat,Episode_Reward/dof_torques_l2,280,-0.15596291422843933,1778917997.9089208
unitree_go2_flat,Episode_Reward/dof_torques_l2,281,-0.13432136178016663,1778917998.9049888
unitree_go2_flat,Episode_Reward/dof_torques_l2,282,-0.13432136178016663,1778917999.920369
unitree_go2_flat,Episode_Reward/dof_torques_l2,283,-0.13432136178016663,1778918001.050628
unitree_go2_flat,Episode_Reward/dof_torques_l2,284,-0.11771541833877563,1778918002.06168
unitree_go2_flat,Episode_Reward/dof_torques_l2,285,-0.10941245406866074,1778918003.072415
unitree_go2_flat,Episode_Reward/dof_torques_l2,286,-0.10941245406866074,1778918004.06856
unitree_go2_flat,Episode_Reward/dof_torques_l2,287,-0.10941245406866074,1778918005.08606
unitree_go2_flat,Episode_Reward/dof_torques_l2,288,-0.10941245406866074,1778918006.091353
unitree_go2_flat,Episode_Reward/dof_torques_l2,289,-0.10941245406866074,1778918007.099061
unitree_go2_flat,Episode_Reward/dof_torques_l2,290,-0.11716826260089874,1778918008.1139205
unitree_go2_flat,Episode_Reward/dof_torques_l2,291,-0.12182174623012543,1778918009.1167772
unitree_go2_flat,Episode_Reward/dof_torques_l2,292,-0.12182174623012543,1778918010.1202745
unitree_go2_flat,Episode_Reward/dof_torques_l2,293,-0.12182174623012543,1778918011.1350186
unitree_go2_flat,Episode_Reward/dof_torques_l2,294,-0.1286744326353073,1778918012.302958
unitree_go2_flat,Episode_Reward/dof_torques_l2,295,-0.13356921076774597,1778918013.3123088
unitree_go2_flat,Episode_Reward/dof_torques_l2,296,-0.13356921076774597,1778918014.320287
unitree_go2_flat,Episode_Reward/dof_torques_l2,297,-0.1202218160033226,1778918015.3300884
unitree_go2_flat,Episode_Reward/dof_torques_l2,298,-0.12102999538183212,1778918016.3369935
unitree_go2_flat,Episode_Reward/dof_torques_l2,299,-0.12102999538183212,1778918017.3404906
unitree_go2_flat,Episode_Reward/dof_acc_l2,0,0.0,1778917712.6841116
unitree_go2_flat,Episode_Reward/dof_acc_l2,1,0.0,1778917713.7504365
unitree_go2_flat,Episode_Reward/dof_acc_l2,2,0.0,1778917714.7506015
unitree_go2_flat,Episode_Reward/dof_acc_l2,3,-0.005914031527936459,1778917716.2040918
unitree_go2_flat,Episode_Reward/dof_acc_l2,4,-0.021045243367552757,1778917717.2229412
unitree_go2_flat,Episode_Reward/dof_acc_l2,5,-0.042663123458623886,1778917718.360003
unitree_go2_flat,Episode_Reward/dof_acc_l2,6,-0.04575922340154648,1778917719.3681407
unitree_go2_flat,Episode_Reward/dof_acc_l2,7,-0.04575922340154648,1778917720.379728
unitree_go2_flat,Episode_Reward/dof_acc_l2,8,-0.04575922340154648,1778917721.3778324
unitree_go2_flat,Episode_Reward/dof_acc_l2,9,-0.04671552777290344,1778917722.3839562
unitree_go2_flat,Episode_Reward/dof_acc_l2,10,-0.05401540920138359,1778917723.3878615
unitree_go2_flat,Episode_Reward/dof_acc_l2,11,-0.07056275010108948,1778917724.390969
unitree_go2_flat,Episode_Reward/dof_acc_l2,12,-0.07451843470335007,1778917725.392082
unitree_go2_flat,Episode_Reward/dof_acc_l2,13,-0.07451843470335007,1778917726.4011981
unitree_go2_flat,Episode_Reward/dof_acc_l2,14,-0.07451843470335007,1778917727.4025428
unitree_go2_flat,Episode_Reward/dof_acc_l2,15,-0.07451843470335007,1778917728.5354578
unitree_go2_flat,Episode_Reward/dof_acc_l2,16,-0.07727769017219543,1778917729.559257
unitree_go2_flat,Episode_Reward/dof_acc_l2,17,-0.05081239342689514,1778917730.5595264
unitree_go2_flat,Episode_Reward/dof_acc_l2,18,-0.054761599749326706,1778917731.5616078
unitree_go2_flat,Episode_Reward/dof_acc_l2,19,-0.10249406099319458,1778917732.5721402
unitree_go2_flat,Episode_Reward/dof_acc_l2,20,-0.11880072206258774,1778917733.5782175
unitree_go2_flat,Episode_Reward/dof_acc_l2,21,-0.11880072206258774,1778917734.5896611
unitree_go2_flat,Episode_Reward/dof_acc_l2,22,-0.11880072206258774,1778917735.5858293
unitree_go2_flat,Episode_Reward/dof_acc_l2,23,-0.12039816379547119,1778917736.590976
unitree_go2_flat,Episode_Reward/dof_acc_l2,24,-0.12427770346403122,1778917737.5959568
unitree_go2_flat,Episode_Reward/dof_acc_l2,25,-0.12427770346403122,1778917738.6008875
unitree_go2_flat,Episode_Reward/dof_acc_l2,26,-0.12427770346403122,1778917739.742735
unitree_go2_flat,Episode_Reward/dof_acc_l2,27,-0.13641884922981262,1778917740.7545943
unitree_go2_flat,Episode_Reward/dof_acc_l2,28,-0.15630383789539337,1778917741.7738569
unitree_go2_flat,Episode_Reward/dof_acc_l2,29,-0.16631779074668884,1778917742.7816443
unitree_go2_flat,Episode_Reward/dof_acc_l2,30,-0.16631779074668884,1778917743.7899628
unitree_go2_flat,Episode_Reward/dof_acc_l2,31,-0.16631779074668884,1778917744.7881825
unitree_go2_flat,Episode_Reward/dof_acc_l2,32,-0.17338407039642334,1778917745.797366
unitree_go2_flat,Episode_Reward/dof_acc_l2,33,-0.18327686190605164,1778917746.7988873
unitree_go2_flat,Episode_Reward/dof_acc_l2,34,-0.17586594820022583,1778917747.8131092
unitree_go2_flat,Episode_Reward/dof_acc_l2,35,-0.07666099071502686,1778917748.8249996
unitree_go2_flat,Episode_Reward/dof_acc_l2,36,-0.18988430500030518,1778917749.8323472
unitree_go2_flat,Episode_Reward/dof_acc_l2,37,-0.19565682113170624,1778917750.9689772
unitree_go2_flat,Episode_Reward/dof_acc_l2,38,-0.05241226777434349,1778917751.9763138
unitree_go2_flat,Episode_Reward/dof_acc_l2,39,-0.02523328922688961,1778917752.9846466
unitree_go2_flat,Episode_Reward/dof_acc_l2,40,-0.04005202278494835,1778917753.99575
unitree_go2_flat,Episode_Reward/dof_acc_l2,41,-0.04894326254725456,1778917754.9983835
unitree_go2_flat,Episode_Reward/dof_acc_l2,42,-0.05011330172419548,1778917756.0083294
unitree_go2_flat,Episode_Reward/dof_acc_l2,43,-0.05028045177459717,1778917757.0141973
unitree_go2_flat,Episode_Reward/dof_acc_l2,44,-0.046760331839323044,1778917758.033067
unitree_go2_flat,Episode_Reward/dof_acc_l2,45,-0.13921524584293365,1778917759.051021
unitree_go2_flat,Episode_Reward/dof_acc_l2,46,-0.19188813865184784,1778917760.0526326
unitree_go2_flat,Episode_Reward/dof_acc_l2,47,-0.257967472076416,1778917761.1471272
unitree_go2_flat,Episode_Reward/dof_acc_l2,48,-0.257967472076416,1778917762.1455033
unitree_go2_flat,Episode_Reward/dof_acc_l2,49,-0.257967472076416,1778917763.1429489
unitree_go2_flat,Episode_Reward/dof_acc_l2,50,-0.257967472076416,1778917764.1525202
unitree_go2_flat,Episode_Reward/dof_acc_l2,51,-0.20427393913269043,1778917765.1753678
unitree_go2_flat,Episode_Reward/dof_acc_l2,52,-0.18854960799217224,1778917766.2058146
unitree_go2_flat,Episode_Reward/dof_acc_l2,53,-0.20297080278396606,1778917767.225727
unitree_go2_flat,Episode_Reward/dof_acc_l2,54,-0.22632120549678802,1778917768.229039
unitree_go2_flat,Episode_Reward/dof_acc_l2,55,-0.16263119876384735,1778917769.2649398
unitree_go2_flat,Episode_Reward/dof_acc_l2,56,-0.15197424590587616,1778917770.2695353
unitree_go2_flat,Episode_Reward/dof_acc_l2,57,-0.17435222864151,1778917771.278021
unitree_go2_flat,Episode_Reward/dof_acc_l2,58,-0.0985892042517662,1778917772.3574512
unitree_go2_flat,Episode_Reward/dof_acc_l2,59,-0.03046988509595394,1778917773.3563719
unitree_go2_flat,Episode_Reward/dof_acc_l2,60,-0.03046988509595394,1778917774.372256
unitree_go2_flat,Episode_Reward/dof_acc_l2,61,-0.16637519001960754,1778917775.3788779
unitree_go2_flat,Episode_Reward/dof_acc_l2,62,-0.260702520608902,1778917776.3853633
unitree_go2_flat,Episode_Reward/dof_acc_l2,63,-0.03333861380815506,1778917777.391545
unitree_go2_flat,Episode_Reward/dof_acc_l2,64,-0.03333861380815506,1778917778.395201
unitree_go2_flat,Episode_Reward/dof_acc_l2,65,-0.03333861380815506,1778917779.408357
unitree_go2_flat,Episode_Reward/dof_acc_l2,66,-0.026345139369368553,1778917780.4407432
unitree_go2_flat,Episode_Reward/dof_acc_l2,67,-0.024504750967025757,1778917781.4437482
unitree_go2_flat,Episode_Reward/dof_acc_l2,68,-0.024504750967025757,1778917782.4573135
unitree_go2_flat,Episode_Reward/dof_acc_l2,69,-0.024504750967025757,1778917783.5637608
unitree_go2_flat,Episode_Reward/dof_acc_l2,70,-0.024504750967025757,1778917784.5672178
unitree_go2_flat,Episode_Reward/dof_acc_l2,71,-0.024504750967025757,1778917785.5652678
unitree_go2_flat,Episode_Reward/dof_acc_l2,72,-0.05699218809604645,1778917786.5794904
unitree_go2_flat,Episode_Reward/dof_acc_l2,73,-0.10247459262609482,1778917787.5948865
unitree_go2_flat,Episode_Reward/dof_acc_l2,74,-0.10247459262609482,1778917788.6129746
unitree_go2_flat,Episode_Reward/dof_acc_l2,75,-0.10247459262609482,1778917789.6246822
unitree_go2_flat,Episode_Reward/dof_acc_l2,76,-0.2652922570705414,1778917790.637979
unitree_go2_flat,Episode_Reward/dof_acc_l2,77,-0.2652922570705414,1778917791.642856
unitree_go2_flat,Episode_Reward/dof_acc_l2,78,-0.2652922570705414,1778917792.642677
unitree_go2_flat,Episode_Reward/dof_acc_l2,79,-0.2652922570705414,1778917793.7818737
unitree_go2_flat,Episode_Reward/dof_acc_l2,80,-0.2652922570705414,1778917794.7854311
unitree_go2_flat,Episode_Reward/dof_acc_l2,81,-0.2652922570705414,1778917795.7835462
unitree_go2_flat,Episode_Reward/dof_acc_l2,82,-0.24606525897979736,1778917796.7930849
unitree_go2_flat,Episode_Reward/dof_acc_l2,83,-0.24522928893566132,1778917797.8047805
unitree_go2_flat,Episode_Reward/dof_acc_l2,84,-0.24522928893566132,1778917798.8114004
unitree_go2_flat,Episode_Reward/dof_acc_l2,85,-0.24522928893566132,1778917799.8105109
unitree_go2_flat,Episode_Reward/dof_acc_l2,86,-0.2079392522573471,1778917800.8251328
unitree_go2_flat,Episode_Reward/dof_acc_l2,87,-0.20487670600414276,1778917801.8453298
unitree_go2_flat,Episode_Reward/dof_acc_l2,88,-0.21517997980117798,1778917802.8551373
unitree_go2_flat,Episode_Reward/dof_acc_l2,89,-0.23539742827415466,1778917803.8582497
unitree_go2_flat,Episode_Reward/dof_acc_l2,90,-0.23539742827415466,1778917805.0055256
unitree_go2_flat,Episode_Reward/dof_acc_l2,91,-0.23539742827415466,1778917806.007432
unitree_go2_flat,Episode_Reward/dof_acc_l2,92,-0.22211629152297974,1778917807.0263553
unitree_go2_flat,Episode_Reward/dof_acc_l2,93,-0.23080509901046753,1778917808.0369737
unitree_go2_flat,Episode_Reward/dof_acc_l2,94,-0.21925532817840576,1778917809.056289
unitree_go2_flat,Episode_Reward/dof_acc_l2,95,-0.2431865930557251,1778917810.0566025
unitree_go2_flat,Episode_Reward/dof_acc_l2,96,-0.2431865930557251,1778917811.0651243
unitree_go2_flat,Episode_Reward/dof_acc_l2,97,-0.2431865930557251,1778917812.0895672
unitree_go2_flat,Episode_Reward/dof_acc_l2,98,-0.2431865930557251,1778917813.0920048
unitree_go2_flat,Episode_Reward/dof_acc_l2,99,-0.2322852462530136,1778917814.105959
unitree_go2_flat,Episode_Reward/dof_acc_l2,100,-0.17771665751934052,1778917815.1258194
unitree_go2_flat,Episode_Reward/dof_acc_l2,101,-0.17771665751934052,1778917816.2480483
unitree_go2_flat,Episode_Reward/dof_acc_l2,102,-0.17771665751934052,1778917817.2507627
unitree_go2_flat,Episode_Reward/dof_acc_l2,103,-0.24336060881614685,1778917818.2614837
unitree_go2_flat,Episode_Reward/dof_acc_l2,104,-0.2527382969856262,1778917819.2672799
unitree_go2_flat,Episode_Reward/dof_acc_l2,105,-0.2527382969856262,1778917820.2686179
unitree_go2_flat,Episode_Reward/dof_acc_l2,106,-0.2527382969856262,1778917821.270555
unitree_go2_flat,Episode_Reward/dof_acc_l2,107,-0.25015148520469666,1778917822.2769792
unitree_go2_flat,Episode_Reward/dof_acc_l2,108,-0.23204366862773895,1778917823.2945077
unitree_go2_flat,Episode_Reward/dof_acc_l2,109,-0.23204366862773895,1778917824.2974381
unitree_go2_flat,Episode_Reward/dof_acc_l2,110,-0.23204366862773895,1778917825.2994251
unitree_go2_flat,Episode_Reward/dof_acc_l2,111,-0.23204366862773895,1778917826.3122988
unitree_go2_flat,Episode_Reward/dof_acc_l2,112,-0.23204366862773895,1778917827.3181689
unitree_go2_flat,Episode_Reward/dof_acc_l2,113,-0.23204366862773895,1778917828.3244376
unitree_go2_flat,Episode_Reward/dof_acc_l2,114,-0.2080758512020111,1778917829.3289115
unitree_go2_flat,Episode_Reward/dof_acc_l2,115,-0.2000865787267685,1778917830.3328536
unitree_go2_flat,Episode_Reward/dof_acc_l2,116,-0.2000865787267685,1778917831.3335035
unitree_go2_flat,Episode_Reward/dof_acc_l2,117,-0.2181919813156128,1778917832.3433344
unitree_go2_flat,Episode_Reward/dof_acc_l2,118,-0.2544028162956238,1778917833.3560524
unitree_go2_flat,Episode_Reward/dof_acc_l2,119,-0.2544028162956238,1778917834.3653455
unitree_go2_flat,Episode_Reward/dof_acc_l2,120,-0.2544028162956238,1778917835.37537
unitree_go2_flat,Episode_Reward/dof_acc_l2,121,-0.2544028162956238,1778917836.3833764
unitree_go2_flat,Episode_Reward/dof_acc_l2,122,-0.2544028162956238,1778917837.5319188
unitree_go2_flat,Episode_Reward/dof_acc_l2,123,-0.23427066206932068,1778917838.5393903
unitree_go2_flat,Episode_Reward/dof_acc_l2,124,-0.185378298163414,1778917839.5394678
unitree_go2_flat,Episode_Reward/dof_acc_l2,125,-0.185378298163414,1778917840.5354578
unitree_go2_flat,Episode_Reward/dof_acc_l2,126,-0.185378298163414,1778917841.549331
unitree_go2_flat,Episode_Reward/dof_acc_l2,127,-0.19369351863861084,1778917842.5542524
unitree_go2_flat,Episode_Reward/dof_acc_l2,128,-0.2062988579273224,1778917843.5621054
unitree_go2_flat,Episode_Reward/dof_acc_l2,129,-0.1771351397037506,1778917844.5689132
unitree_go2_flat,Episode_Reward/dof_acc_l2,130,-0.20341777801513672,1778917845.5723062
unitree_go2_flat,Episode_Reward/dof_acc_l2,131,-0.21655909717082977,1778917846.5687752
unitree_go2_flat,Episode_Reward/dof_acc_l2,132,-0.21655909717082977,1778917847.5668569
unitree_go2_flat,Episode_Reward/dof_acc_l2,133,-0.21655909717082977,1778917848.7039104
unitree_go2_flat,Episode_Reward/dof_acc_l2,134,-0.18366703391075134,1778917849.7144265
unitree_go2_flat,Episode_Reward/dof_acc_l2,135,-0.190324068069458,1778917850.7283776
unitree_go2_flat,Episode_Reward/dof_acc_l2,136,-0.2211739420890808,1778917851.7535257
unitree_go2_flat,Episode_Reward/dof_acc_l2,137,-0.2386990636587143,1778917852.757928
unitree_go2_flat,Episode_Reward/dof_acc_l2,138,-0.22455152869224548,1778917853.787801
unitree_go2_flat,Episode_Reward/dof_acc_l2,139,-0.05906792730093002,1778917854.821308
unitree_go2_flat,Episode_Reward/dof_acc_l2,140,-0.039347000420093536,1778917855.8235402
unitree_go2_flat,Episode_Reward/dof_acc_l2,141,-0.17508253455162048,1778917856.8373804
unitree_go2_flat,Episode_Reward/dof_acc_l2,142,-0.16331921517848969,1778917857.8367677
unitree_go2_flat,Episode_Reward/dof_acc_l2,143,-0.16331921517848969,1778917858.834869
unitree_go2_flat,Episode_Reward/dof_acc_l2,144,-0.17493167519569397,1778917859.9567745
unitree_go2_flat,Episode_Reward/dof_acc_l2,145,-0.21905896067619324,1778917860.958283
unitree_go2_flat,Episode_Reward/dof_acc_l2,146,-0.21905896067619324,1778917861.960357
unitree_go2_flat,Episode_Reward/dof_acc_l2,147,-0.21905896067619324,1778917862.9554121
unitree_go2_flat,Episode_Reward/dof_acc_l2,148,-0.21905896067619324,1778917863.9453397
unitree_go2_flat,Episode_Reward/dof_acc_l2,149,-0.20935457944869995,1778917864.95047
unitree_go2_flat,Episode_Reward/dof_acc_l2,150,-0.19788579642772675,1778917865.9699008
unitree_go2_flat,Episode_Reward/dof_acc_l2,151,-0.19788579642772675,1778917866.994514
unitree_go2_flat,Episode_Reward/dof_acc_l2,152,-0.08889622986316681,1778917868.0112112
unitree_go2_flat,Episode_Reward/dof_acc_l2,153,-0.07332628220319748,1778917869.0084965
unitree_go2_flat,Episode_Reward/dof_acc_l2,154,-0.07332628220319748,1778917870.1384346
unitree_go2_flat,Episode_Reward/dof_acc_l2,155,-0.08589409291744232,1778917871.137787
unitree_go2_flat,Episode_Reward/dof_acc_l2,156,-0.22413991391658783,1778917872.153647
unitree_go2_flat,Episode_Reward/dof_acc_l2,157,-0.22413991391658783,1778917873.161308
unitree_go2_flat,Episode_Reward/dof_acc_l2,158,-0.22413991391658783,1778917874.1623774
unitree_go2_flat,Episode_Reward/dof_acc_l2,159,-0.23135793209075928,1778917875.1687376
unitree_go2_flat,Episode_Reward/dof_acc_l2,160,-0.2349669635295868,1778917876.1711261
unitree_go2_flat,Episode_Reward/dof_acc_l2,161,-0.2349669635295868,1778917877.177174
unitree_go2_flat,Episode_Reward/dof_acc_l2,162,-0.2349669635295868,1778917878.1869905
unitree_go2_flat,Episode_Reward/dof_acc_l2,163,-0.2349669635295868,1778917879.1914778
unitree_go2_flat,Episode_Reward/dof_acc_l2,164,-0.2349669635295868,1778917880.1914227
unitree_go2_flat,Episode_Reward/dof_acc_l2,165,-0.22146062552928925,1778917881.3084676
unitree_go2_flat,Episode_Reward/dof_acc_l2,166,-0.2133568376302719,1778917882.3057816
unitree_go2_flat,Episode_Reward/dof_acc_l2,167,-0.2133568376302719,1778917883.3080041
unitree_go2_flat,Episode_Reward/dof_acc_l2,168,-0.2133568376302719,1778917884.2966363
unitree_go2_flat,Episode_Reward/dof_acc_l2,169,-0.23438535630702972,1778917885.3004825
unitree_go2_flat,Episode_Reward/dof_acc_l2,170,-0.21639828383922577,1778917886.3010867
unitree_go2_flat,Episode_Reward/dof_acc_l2,171,-0.19282154738903046,1778917887.3090696
unitree_go2_flat,Episode_Reward/dof_acc_l2,172,-0.24898338317871094,1778917888.3084767
unitree_go2_flat,Episode_Reward/dof_acc_l2,173,-0.24898338317871094,1778917889.3147967
unitree_go2_flat,Episode_Reward/dof_acc_l2,174,-0.24898338317871094,1778917890.314756
unitree_go2_flat,Episode_Reward/dof_acc_l2,175,-0.24898338317871094,1778917891.3321514
unitree_go2_flat,Episode_Reward/dof_acc_l2,176,-0.2325664460659027,1778917892.4933639
unitree_go2_flat,Episode_Reward/dof_acc_l2,177,-0.21512947976589203,1778917893.5034885
unitree_go2_flat,Episode_Reward/dof_acc_l2,178,-0.23075470328330994,1778917894.5097532
unitree_go2_flat,Episode_Reward/dof_acc_l2,179,-0.23468069732189178,1778917895.508363
unitree_go2_flat,Episode_Reward/dof_acc_l2,180,-0.21623027324676514,1778917896.5058265
unitree_go2_flat,Episode_Reward/dof_acc_l2,181,-0.19132636487483978,1778917897.5131361
unitree_go2_flat,Episode_Reward/dof_acc_l2,182,-0.2015804946422577,1778917898.5530665
unitree_go2_flat,Episode_Reward/dof_acc_l2,183,-0.23095278441905975,1778917899.551757
unitree_go2_flat,Episode_Reward/dof_acc_l2,184,-0.23095278441905975,1778917900.5443614
unitree_go2_flat,Episode_Reward/dof_acc_l2,185,-0.23095278441905975,1778917901.5536933
unitree_go2_flat,Episode_Reward/dof_acc_l2,186,-0.23909270763397217,1778917902.6590197
unitree_go2_flat,Episode_Reward/dof_acc_l2,187,-0.24598035216331482,1778917903.669435
unitree_go2_flat,Episode_Reward/dof_acc_l2,188,-0.24598035216331482,1778917904.6653266
unitree_go2_flat,Episode_Reward/dof_acc_l2,189,-0.24598035216331482,1778917905.6680684
unitree_go2_flat,Episode_Reward/dof_acc_l2,190,-0.24598035216331482,1778917906.666226
unitree_go2_flat,Episode_Reward/dof_acc_l2,191,-0.2296980917453766,1778917907.678889
unitree_go2_flat,Episode_Reward/dof_acc_l2,192,-0.22541329264640808,1778917908.6890953
unitree_go2_flat,Episode_Reward/dof_acc_l2,193,-0.2164190709590912,1778917909.7092662
unitree_go2_flat,Episode_Reward/dof_acc_l2,194,-0.18224108219146729,1778917910.7119162
unitree_go2_flat,Episode_Reward/dof_acc_l2,195,-0.18224108219146729,1778917911.7082567
unitree_go2_flat,Episode_Reward/dof_acc_l2,196,-0.18224108219146729,1778917912.705923
unitree_go2_flat,Episode_Reward/dof_acc_l2,197,-0.19794365763664246,1778917913.8592622
unitree_go2_flat,Episode_Reward/dof_acc_l2,198,-0.21992723643779755,1778917914.8612494
unitree_go2_flat,Episode_Reward/dof_acc_l2,199,-0.21992723643779755,1778917915.865078
unitree_go2_flat,Episode_Reward/dof_acc_l2,200,-0.21992723643779755,1778917916.8584585
unitree_go2_flat,Episode_Reward/dof_acc_l2,201,-0.2521476447582245,1778917917.8649127
unitree_go2_flat,Episode_Reward/dof_acc_l2,202,-0.2521476447582245,1778917918.8654003
unitree_go2_flat,Episode_Reward/dof_acc_l2,203,-0.2521476447582245,1778917919.872627
unitree_go2_flat,Episode_Reward/dof_acc_l2,204,-0.2521476447582245,1778917920.8748035
unitree_go2_flat,Episode_Reward/dof_acc_l2,205,-0.2521476447582245,1778917921.8851016
unitree_go2_flat,Episode_Reward/dof_acc_l2,206,-0.2521476447582245,1778917922.89296
unitree_go2_flat,Episode_Reward/dof_acc_l2,207,-0.20734594762325287,1778917923.901284
unitree_go2_flat,Episode_Reward/dof_acc_l2,208,-0.2053980529308319,1778917925.0549839
unitree_go2_flat,Episode_Reward/dof_acc_l2,209,-0.2053980529308319,1778917926.0509365
unitree_go2_flat,Episode_Reward/dof_acc_l2,210,-0.2053980529308319,1778917927.0483272
unitree_go2_flat,Episode_Reward/dof_acc_l2,211,-0.2266143560409546,1778917928.0642455
unitree_go2_flat,Episode_Reward/dof_acc_l2,212,-0.22805485129356384,1778917929.0719495
unitree_go2_flat,Episode_Reward/dof_acc_l2,213,-0.23197560012340546,1778917930.086385
unitree_go2_flat,Episode_Reward/dof_acc_l2,214,-0.2399059236049652,1778917931.085702
unitree_go2_flat,Episode_Reward/dof_acc_l2,215,-0.2399059236049652,1778917932.0865
unitree_go2_flat,Episode_Reward/dof_acc_l2,216,-0.2399059236049652,1778917933.091375
unitree_go2_flat,Episode_Reward/dof_acc_l2,217,-0.2399059236049652,1778917934.091088
unitree_go2_flat,Episode_Reward/dof_acc_l2,218,-0.2050136774778366,1778917935.1022403
unitree_go2_flat,Episode_Reward/dof_acc_l2,219,-0.20079880952835083,1778917936.2162218
unitree_go2_flat,Episode_Reward/dof_acc_l2,220,-0.25491321086883545,1778917937.2125003
unitree_go2_flat,Episode_Reward/dof_acc_l2,221,-0.25491321086883545,1778917938.2159486
unitree_go2_flat,Episode_Reward/dof_acc_l2,222,-0.2090253084897995,1778917939.2243094
unitree_go2_flat,Episode_Reward/dof_acc_l2,223,-0.18456679582595825,1778917940.2324033
unitree_go2_flat,Episode_Reward/dof_acc_l2,224,-0.21273255348205566,1778917941.2472684
unitree_go2_flat,Episode_Reward/dof_acc_l2,225,-0.23285095393657684,1778917942.2466543
unitree_go2_flat,Episode_Reward/dof_acc_l2,226,-0.23285095393657684,1778917943.2429013
unitree_go2_flat,Episode_Reward/dof_acc_l2,227,-0.23285095393657684,1778917944.2338455
unitree_go2_flat,Episode_Reward/dof_acc_l2,228,-0.22541587054729462,1778917945.2322044
unitree_go2_flat,Episode_Reward/dof_acc_l2,229,-0.22435371577739716,1778917946.3514788
unitree_go2_flat,Episode_Reward/dof_acc_l2,230,-0.22435371577739716,1778917947.3453376
unitree_go2_flat,Episode_Reward/dof_acc_l2,231,-0.22435371577739716,1778917948.3406608
unitree_go2_flat,Episode_Reward/dof_acc_l2,232,-0.22166773676872253,1778917949.3419936
unitree_go2_flat,Episode_Reward/dof_acc_l2,233,-0.2028658092021942,1778917950.3409417
unitree_go2_flat,Episode_Reward/dof_acc_l2,234,-0.2028658092021942,1778917951.3394177
unitree_go2_flat,Episode_Reward/dof_acc_l2,235,-0.19439570605754852,1778917952.3418741
unitree_go2_flat,Episode_Reward/dof_acc_l2,236,-0.187228724360466,1778917953.3439572
unitree_go2_flat,Episode_Reward/dof_acc_l2,237,-0.187228724360466,1778917954.3376799
unitree_go2_flat,Episode_Reward/dof_acc_l2,238,-0.187228724360466,1778917955.3375673
unitree_go2_flat,Episode_Reward/dof_acc_l2,239,-0.1850079894065857,1778917956.341265
unitree_go2_flat,Episode_Reward/dof_acc_l2,240,-0.18426774442195892,1778917957.4882245
unitree_go2_flat,Episode_Reward/dof_acc_l2,241,-0.18426774442195892,1778917958.48674
unitree_go2_flat,Episode_Reward/dof_acc_l2,242,-0.20096775889396667,1778917959.4926198
unitree_go2_flat,Episode_Reward/dof_acc_l2,243,-0.23436777293682098,1778917960.4858627
unitree_go2_flat,Episode_Reward/dof_acc_l2,244,-0.23436777293682098,1778917961.4828103
unitree_go2_flat,Episode_Reward/dof_acc_l2,245,-0.23436777293682098,1778917962.4928358
unitree_go2_flat,Episode_Reward/dof_acc_l2,246,-0.23436777293682098,1778917963.4928691
unitree_go2_flat,Episode_Reward/dof_acc_l2,247,-0.23436777293682098,1778917964.5012877
unitree_go2_flat,Episode_Reward/dof_acc_l2,248,-0.22986763715744019,1778917965.5087745
unitree_go2_flat,Episode_Reward/dof_acc_l2,249,-0.2189386934041977,1778917966.5099244
unitree_go2_flat,Episode_Reward/dof_acc_l2,250,-0.2189386934041977,1778917967.5084848
unitree_go2_flat,Episode_Reward/dof_acc_l2,251,-0.2189386934041977,1778917968.5869997
unitree_go2_flat,Episode_Reward/dof_acc_l2,252,-0.21068444848060608,1778917969.6018467
unitree_go2_flat,Episode_Reward/dof_acc_l2,253,-0.17983853816986084,1778917970.6077363
unitree_go2_flat,Episode_Reward/dof_acc_l2,254,-0.16158901154994965,1778917971.6222408
unitree_go2_flat,Episode_Reward/dof_acc_l2,255,-0.19432757794857025,1778917972.64571
unitree_go2_flat,Episode_Reward/dof_acc_l2,256,-0.19004353880882263,1778917973.6537373
unitree_go2_flat,Episode_Reward/dof_acc_l2,257,-0.19004353880882263,1778917974.6488628
unitree_go2_flat,Episode_Reward/dof_acc_l2,258,-0.19004353880882263,1778917975.6446834
unitree_go2_flat,Episode_Reward/dof_acc_l2,259,-0.19132980704307556,1778917976.6610346
unitree_go2_flat,Episode_Reward/dof_acc_l2,260,-0.19776110351085663,1778917977.6616032
unitree_go2_flat,Episode_Reward/dof_acc_l2,261,-0.18994782865047455,1778917978.6749165
unitree_go2_flat,Episode_Reward/dof_acc_l2,262,-0.13393396139144897,1778917979.700904
unitree_go2_flat,Episode_Reward/dof_acc_l2,263,-0.05981798470020294,1778917980.7157302
unitree_go2_flat,Episode_Reward/dof_acc_l2,264,-0.19279532134532928,1778917981.724036
unitree_go2_flat,Episode_Reward/dof_acc_l2,265,-0.184361070394516,1778917982.7313318
unitree_go2_flat,Episode_Reward/dof_acc_l2,266,-0.2313081920146942,1778917983.7471666
unitree_go2_flat,Episode_Reward/dof_acc_l2,267,-0.23557612299919128,1778917984.7445211
unitree_go2_flat,Episode_Reward/dof_acc_l2,268,-0.23557612299919128,1778917985.7452374
unitree_go2_flat,Episode_Reward/dof_acc_l2,269,-0.23090998828411102,1778917986.754097
unitree_go2_flat,Episode_Reward/dof_acc_l2,270,-0.21317867934703827,1778917987.761343
unitree_go2_flat,Episode_Reward/dof_acc_l2,271,-0.21317867934703827,1778917988.7627635
unitree_go2_flat,Episode_Reward/dof_acc_l2,272,-0.21317867934703827,1778917989.8408444
unitree_go2_flat,Episode_Reward/dof_acc_l2,273,-0.21317867934703827,1778917990.844422
unitree_go2_flat,Episode_Reward/dof_acc_l2,274,-0.2067261040210724,1778917991.8552017
unitree_go2_flat,Episode_Reward/dof_acc_l2,275,-0.1991003006696701,1778917992.8533351
unitree_go2_flat,Episode_Reward/dof_acc_l2,276,-0.1991003006696701,1778917993.8614674
unitree_go2_flat,Episode_Reward/dof_acc_l2,277,-0.1485845446586609,1778917994.8986554
unitree_go2_flat,Episode_Reward/dof_acc_l2,278,-0.14136800169944763,1778917995.897954
unitree_go2_flat,Episode_Reward/dof_acc_l2,279,-0.14136800169944763,1778917996.8986697
unitree_go2_flat,Episode_Reward/dof_acc_l2,280,-0.14352074265480042,1778917997.9094303
unitree_go2_flat,Episode_Reward/dof_acc_l2,281,-0.16720089316368103,1778917998.9054458
unitree_go2_flat,Episode_Reward/dof_acc_l2,282,-0.16720089316368103,1778917999.9208765
unitree_go2_flat,Episode_Reward/dof_acc_l2,283,-0.16720089316368103,1778918001.051082
unitree_go2_flat,Episode_Reward/dof_acc_l2,284,-0.19981297850608826,1778918002.0621736
unitree_go2_flat,Episode_Reward/dof_acc_l2,285,-0.21611902117729187,1778918003.0729287
unitree_go2_flat,Episode_Reward/dof_acc_l2,286,-0.21611902117729187,1778918004.0690835
unitree_go2_flat,Episode_Reward/dof_acc_l2,287,-0.21611902117729187,1778918005.0866182
unitree_go2_flat,Episode_Reward/dof_acc_l2,288,-0.21611902117729187,1778918006.0918412
unitree_go2_flat,Episode_Reward/dof_acc_l2,289,-0.21611902117729187,1778918007.0996003
unitree_go2_flat,Episode_Reward/dof_acc_l2,290,-0.19709157943725586,1778918008.1144204
unitree_go2_flat,Episode_Reward/dof_acc_l2,291,-0.18567512929439545,1778918009.1172662
unitree_go2_flat,Episode_Reward/dof_acc_l2,292,-0.18567512929439545,1778918010.120845
unitree_go2_flat,Episode_Reward/dof_acc_l2,293,-0.18567512929439545,1778918011.1355302
unitree_go2_flat,Episode_Reward/dof_acc_l2,294,-0.17147311568260193,1778918012.3034492
unitree_go2_flat,Episode_Reward/dof_acc_l2,295,-0.16132882237434387,1778918013.3128836
unitree_go2_flat,Episode_Reward/dof_acc_l2,296,-0.16132882237434387,1778918014.320795
unitree_go2_flat,Episode_Reward/dof_acc_l2,297,-0.15582025051116943,1778918015.3306367
unitree_go2_flat,Episode_Reward/dof_acc_l2,298,-0.14637242257595062,1778918016.3375034
unitree_go2_flat,Episode_Reward/dof_acc_l2,299,-0.14637242257595062,1778918017.3409812
unitree_go2_flat,Episode_Reward/action_rate_l2,0,0.0,1778917712.6846597
unitree_go2_flat,Episode_Reward/action_rate_l2,1,0.0,1778917713.7509396
unitree_go2_flat,Episode_Reward/action_rate_l2,2,0.0,1778917714.751106
unitree_go2_flat,Episode_Reward/action_rate_l2,3,-0.006941891275346279,1778917716.2045996
unitree_go2_flat,Episode_Reward/action_rate_l2,4,-0.024662189185619354,1778917717.2234974
unitree_go2_flat,Episode_Reward/action_rate_l2,5,-0.03140897676348686,1778917718.360463
unitree_go2_flat,Episode_Reward/action_rate_l2,6,-0.03294224664568901,1778917719.3686635
unitree_go2_flat,Episode_Reward/action_rate_l2,7,-0.03294224664568901,1778917720.380202
unitree_go2_flat,Episode_Reward/action_rate_l2,8,-0.03294224664568901,1778917721.3782833
unitree_go2_flat,Episode_Reward/action_rate_l2,9,-0.03718128800392151,1778917722.3844314
unitree_go2_flat,Episode_Reward/action_rate_l2,10,-0.059811096638441086,1778917723.3883433
unitree_go2_flat,Episode_Reward/action_rate_l2,11,-0.0689372718334198,1778917724.391503
unitree_go2_flat,Episode_Reward/action_rate_l2,12,-0.07089044898748398,1778917725.3925688
unitree_go2_flat,Episode_Reward/action_rate_l2,13,-0.07089044898748398,1778917726.401726
unitree_go2_flat,Episode_Reward/action_rate_l2,14,-0.07089044898748398,1778917727.4030044
unitree_go2_flat,Episode_Reward/action_rate_l2,15,-0.07089044898748398,1778917728.535938
unitree_go2_flat,Episode_Reward/action_rate_l2,16,-0.1031336709856987,1778917729.5597742
unitree_go2_flat,Episode_Reward/action_rate_l2,17,-0.10493557155132294,1778917730.5600095
unitree_go2_flat,Episode_Reward/action_rate_l2,18,-0.10574276745319366,1778917731.5621321
unitree_go2_flat,Episode_Reward/action_rate_l2,19,-0.1183067187666893,1778917732.572642
unitree_go2_flat,Episode_Reward/action_rate_l2,20,-0.13230857253074646,1778917733.5787501
unitree_go2_flat,Episode_Reward/action_rate_l2,21,-0.13230857253074646,1778917734.5901787
unitree_go2_flat,Episode_Reward/action_rate_l2,22,-0.13230857253074646,1778917735.5862763
unitree_go2_flat,Episode_Reward/action_rate_l2,23,-0.1362723857164383,1778917736.5914454
unitree_go2_flat,Episode_Reward/action_rate_l2,24,-0.1458987593650818,1778917737.596406
unitree_go2_flat,Episode_Reward/action_rate_l2,25,-0.1458987593650818,1778917738.6013877
unitree_go2_flat,Episode_Reward/action_rate_l2,26,-0.1458987593650818,1778917739.7432945
unitree_go2_flat,Episode_Reward/action_rate_l2,27,-0.16643524169921875,1778917740.755063
unitree_go2_flat,Episode_Reward/action_rate_l2,28,-0.15807050466537476,1778917741.774363
unitree_go2_flat,Episode_Reward/action_rate_l2,29,-0.14980904757976532,1778917742.782115
unitree_go2_flat,Episode_Reward/action_rate_l2,30,-0.14980904757976532,1778917743.7904453
unitree_go2_flat,Episode_Reward/action_rate_l2,31,-0.14980904757976532,1778917744.788719
unitree_go2_flat,Episode_Reward/action_rate_l2,32,-0.1729680299758911,1778917745.7978778
unitree_go2_flat,Episode_Reward/action_rate_l2,33,-0.2053905725479126,1778917746.7993412
unitree_go2_flat,Episode_Reward/action_rate_l2,34,-0.22060857713222504,1778917747.813641
unitree_go2_flat,Episode_Reward/action_rate_l2,35,-0.07525883615016937,1778917748.8255124
unitree_go2_flat,Episode_Reward/action_rate_l2,36,-0.2249370813369751,1778917749.8328743
unitree_go2_flat,Episode_Reward/action_rate_l2,37,-0.23273520171642303,1778917750.969453
unitree_go2_flat,Episode_Reward/action_rate_l2,38,-0.06430862843990326,1778917751.9768026
unitree_go2_flat,Episode_Reward/action_rate_l2,39,-0.026598935946822166,1778917752.985132
unitree_go2_flat,Episode_Reward/action_rate_l2,40,-0.04178072512149811,1778917753.9962168
unitree_go2_flat,Episode_Reward/action_rate_l2,41,-0.05088980123400688,1778917754.9988968
unitree_go2_flat,Episode_Reward/action_rate_l2,42,-0.04296429455280304,1778917756.008875
unitree_go2_flat,Episode_Reward/action_rate_l2,43,-0.041832081973552704,1778917757.0147245
unitree_go2_flat,Episode_Reward/action_rate_l2,44,-0.03955228626728058,1778917758.0336282
unitree_go2_flat,Episode_Reward/action_rate_l2,45,-0.1881193369626999,1778917759.051527
unitree_go2_flat,Episode_Reward/action_rate_l2,46,-0.27432021498680115,1778917760.053111
unitree_go2_flat,Episode_Reward/action_rate_l2,47,-0.2751374840736389,1778917761.1476035
unitree_go2_flat,Episode_Reward/action_rate_l2,48,-0.2751374840736389,1778917762.1459913
unitree_go2_flat,Episode_Reward/action_rate_l2,49,-0.2751374840736389,1778917763.1434166
unitree_go2_flat,Episode_Reward/action_rate_l2,50,-0.2751374840736389,1778917764.1530373
unitree_go2_flat,Episode_Reward/action_rate_l2,51,-0.2489945888519287,1778917765.1758945
unitree_go2_flat,Episode_Reward/action_rate_l2,52,-0.2196590155363083,1778917766.206318
unitree_go2_flat,Episode_Reward/action_rate_l2,53,-0.24588946998119354,1778917767.2262802
unitree_go2_flat,Episode_Reward/action_rate_l2,54,-0.27415966987609863,1778917768.2295187
unitree_go2_flat,Episode_Reward/action_rate_l2,55,-0.1991492509841919,1778917769.2654994
unitree_go2_flat,Episode_Reward/action_rate_l2,56,-0.1853068470954895,1778917770.2700846
unitree_go2_flat,Episode_Reward/action_rate_l2,57,-0.21250417828559875,1778917771.2785456
unitree_go2_flat,Episode_Reward/action_rate_l2,58,-0.11377999186515808,1778917772.3579538
unitree_go2_flat,Episode_Reward/action_rate_l2,59,-0.023801852017641068,1778917773.356861
unitree_go2_flat,Episode_Reward/action_rate_l2,60,-0.023801852017641068,1778917774.3729174
unitree_go2_flat,Episode_Reward/action_rate_l2,61,-0.16493558883666992,1778917775.3794198
unitree_go2_flat,Episode_Reward/action_rate_l2,62,-0.2630707025527954,1778917776.3858593
unitree_go2_flat,Episode_Reward/action_rate_l2,63,-0.028927398845553398,1778917777.3920517
unitree_go2_flat,Episode_Reward/action_rate_l2,64,-0.028927398845553398,1778917778.395713
unitree_go2_flat,Episode_Reward/action_rate_l2,65,-0.028927398845553398,1778917779.4089725
unitree_go2_flat,Episode_Reward/action_rate_l2,66,-0.02264351025223732,1778917780.4412165
unitree_go2_flat,Episode_Reward/action_rate_l2,67,-0.020989855751395226,1778917781.4442563
unitree_go2_flat,Episode_Reward/action_rate_l2,68,-0.020989855751395226,1778917782.4578273
unitree_go2_flat,Episode_Reward/action_rate_l2,69,-0.020989855751395226,1778917783.5642478
unitree_go2_flat,Episode_Reward/action_rate_l2,70,-0.020989855751395226,1778917784.5676832
unitree_go2_flat,Episode_Reward/action_rate_l2,71,-0.020989855751395226,1778917785.5658357
unitree_go2_flat,Episode_Reward/action_rate_l2,72,-0.06284771859645844,1778917786.579954
unitree_go2_flat,Episode_Reward/action_rate_l2,73,-0.12144871801137924,1778917787.595334
unitree_go2_flat,Episode_Reward/action_rate_l2,74,-0.12144871801137924,1778917788.6136053
unitree_go2_flat,Episode_Reward/action_rate_l2,75,-0.12144871801137924,1778917789.625169
unitree_go2_flat,Episode_Reward/action_rate_l2,76,-0.2782066762447357,1778917790.6384778
unitree_go2_flat,Episode_Reward/action_rate_l2,77,-0.2782066762447357,1778917791.6433198
unitree_go2_flat,Episode_Reward/action_rate_l2,78,-0.2782066762447357,1778917792.643148
unitree_go2_flat,Episode_Reward/action_rate_l2,79,-0.2782066762447357,1778917793.7823787
unitree_go2_flat,Episode_Reward/action_rate_l2,80,-0.2782066762447357,1778917794.7859285
unitree_go2_flat,Episode_Reward/action_rate_l2,81,-0.2782066762447357,1778917795.784012
unitree_go2_flat,Episode_Reward/action_rate_l2,82,-0.2979472875595093,1778917796.7937584
unitree_go2_flat,Episode_Reward/action_rate_l2,83,-0.2988055646419525,1778917797.8053498
unitree_go2_flat,Episode_Reward/action_rate_l2,84,-0.2988055646419525,1778917798.811895
unitree_go2_flat,Episode_Reward/action_rate_l2,85,-0.2988055646419525,1778917799.811033
unitree_go2_flat,Episode_Reward/action_rate_l2,86,-0.28697317838668823,1778917800.825692
unitree_go2_flat,Episode_Reward/action_rate_l2,87,-0.2806289792060852,1778917801.8458087
unitree_go2_flat,Episode_Reward/action_rate_l2,88,-0.28037509322166443,1778917802.85561
unitree_go2_flat,Episode_Reward/action_rate_l2,89,-0.2800169587135315,1778917803.8587706
unitree_go2_flat,Episode_Reward/action_rate_l2,90,-0.2800169587135315,1778917805.0060155
unitree_go2_flat,Episode_Reward/action_rate_l2,91,-0.2800169587135315,1778917806.007992
unitree_go2_flat,Episode_Reward/action_rate_l2,92,-0.27785295248031616,1778917807.0268934
unitree_go2_flat,Episode_Reward/action_rate_l2,93,-0.2772255539894104,1778917808.0374343
unitree_go2_flat,Episode_Reward/action_rate_l2,94,-0.2822330892086029,1778917809.0568364
unitree_go2_flat,Episode_Reward/action_rate_l2,95,-0.28499361872673035,1778917810.0570698
unitree_go2_flat,Episode_Reward/action_rate_l2,96,-0.28499361872673035,1778917811.0655913
unitree_go2_flat,Episode_Reward/action_rate_l2,97,-0.28499361872673035,1778917812.090084
unitree_go2_flat,Episode_Reward/action_rate_l2,98,-0.28499361872673035,1778917813.092475
unitree_go2_flat,Episode_Reward/action_rate_l2,99,-0.28597351908683777,1778917814.106445
unitree_go2_flat,Episode_Reward/action_rate_l2,100,-0.28353434801101685,1778917815.1264038
unitree_go2_flat,Episode_Reward/action_rate_l2,101,-0.28353434801101685,1778917816.2485359
unitree_go2_flat,Episode_Reward/action_rate_l2,102,-0.28353434801101685,1778917817.251302
unitree_go2_flat,Episode_Reward/action_rate_l2,103,-0.2881619930267334,1778917818.2620306
unitree_go2_flat,Episode_Reward/action_rate_l2,104,-0.28882309794425964,1778917819.2677798
unitree_go2_flat,Episode_Reward/action_rate_l2,105,-0.28882309794425964,1778917820.2690928
unitree_go2_flat,Episode_Reward/action_rate_l2,106,-0.28882309794425964,1778917821.2710698
unitree_go2_flat,Episode_Reward/action_rate_l2,107,-0.28727230429649353,1778917822.2774658
unitree_go2_flat,Episode_Reward/action_rate_l2,108,-0.27641651034355164,1778917823.2950044
unitree_go2_flat,Episode_Reward/action_rate_l2,109,-0.27641651034355164,1778917824.2980056
unitree_go2_flat,Episode_Reward/action_rate_l2,110,-0.27641651034355164,1778917825.2999337
unitree_go2_flat,Episode_Reward/action_rate_l2,111,-0.27641651034355164,1778917826.3128374
unitree_go2_flat,Episode_Reward/action_rate_l2,112,-0.27641651034355164,1778917827.3186543
unitree_go2_flat,Episode_Reward/action_rate_l2,113,-0.27641651034355164,1778917828.3249347
unitree_go2_flat,Episode_Reward/action_rate_l2,114,-0.27720996737480164,1778917829.3293834
unitree_go2_flat,Episode_Reward/action_rate_l2,115,-0.27747446298599243,1778917830.333367
unitree_go2_flat,Episode_Reward/action_rate_l2,116,-0.27747446298599243,1778917831.3341062
unitree_go2_flat,Episode_Reward/action_rate_l2,117,-0.27762454748153687,1778917832.3438065
unitree_go2_flat,Episode_Reward/action_rate_l2,118,-0.2779247760772705,1778917833.3565035
unitree_go2_flat,Episode_Reward/action_rate_l2,119,-0.2779247760772705,1778917834.3658874
unitree_go2_flat,Episode_Reward/action_rate_l2,120,-0.2779247760772705,1778917835.375874
unitree_go2_flat,Episode_Reward/action_rate_l2,121,-0.2779247760772705,1778917836.383876
unitree_go2_flat,Episode_Reward/action_rate_l2,122,-0.2779247760772705,1778917837.5324235
unitree_go2_flat,Episode_Reward/action_rate_l2,123,-0.27644631266593933,1778917838.5398948
unitree_go2_flat,Episode_Reward/action_rate_l2,124,-0.2728556990623474,1778917839.5399299
unitree_go2_flat,Episode_Reward/action_rate_l2,125,-0.2728556990623474,1778917840.5359597
unitree_go2_flat,Episode_Reward/action_rate_l2,126,-0.2728556990623474,1778917841.5498278
unitree_go2_flat,Episode_Reward/action_rate_l2,127,-0.2718486189842224,1778917842.5547566
unitree_go2_flat,Episode_Reward/action_rate_l2,128,-0.27045655250549316,1778917843.5626388
unitree_go2_flat,Episode_Reward/action_rate_l2,129,-0.27502262592315674,1778917844.569357
unitree_go2_flat,Episode_Reward/action_rate_l2,130,-0.2775826156139374,1778917845.5727928
unitree_go2_flat,Episode_Reward/action_rate_l2,131,-0.2788625955581665,1778917846.5692384
unitree_go2_flat,Episode_Reward/action_rate_l2,132,-0.2788625955581665,1778917847.5673192
unitree_go2_flat,Episode_Reward/action_rate_l2,133,-0.2788625955581665,1778917848.7043748
unitree_go2_flat,Episode_Reward/action_rate_l2,134,-0.270803302526474,1778917849.7149534
unitree_go2_flat,Episode_Reward/action_rate_l2,135,-0.26656025648117065,1778917850.7288923
unitree_go2_flat,Episode_Reward/action_rate_l2,136,-0.2690655589103699,1778917851.754154
unitree_go2_flat,Episode_Reward/action_rate_l2,137,-0.2656523585319519,1778917852.7585177
unitree_go2_flat,Episode_Reward/action_rate_l2,138,-0.24907366931438446,1778917853.7883525
unitree_go2_flat,Episode_Reward/action_rate_l2,139,-0.05515843257308006,1778917854.821862
unitree_go2_flat,Episode_Reward/action_rate_l2,140,-0.03205820173025131,1778917855.8240752
unitree_go2_flat,Episode_Reward/action_rate_l2,141,-0.24969691038131714,1778917856.8378859
unitree_go2_flat,Episode_Reward/action_rate_l2,142,-0.2651577591896057,1778917857.837262
unitree_go2_flat,Episode_Reward/action_rate_l2,143,-0.2651577591896057,1778917858.835316
unitree_go2_flat,Episode_Reward/action_rate_l2,144,-0.26386481523513794,1778917859.957319
unitree_go2_flat,Episode_Reward/action_rate_l2,145,-0.2589516341686249,1778917860.958791
unitree_go2_flat,Episode_Reward/action_rate_l2,146,-0.2589516341686249,1778917861.960941
unitree_go2_flat,Episode_Reward/action_rate_l2,147,-0.2589516341686249,1778917862.9558928
unitree_go2_flat,Episode_Reward/action_rate_l2,148,-0.2589516341686249,1778917863.9458525
unitree_go2_flat,Episode_Reward/action_rate_l2,149,-0.2587219476699829,1778917864.9509351
unitree_go2_flat,Episode_Reward/action_rate_l2,150,-0.2584504783153534,1778917865.9704454
unitree_go2_flat,Episode_Reward/action_rate_l2,151,-0.2584504783153534,1778917866.995162
unitree_go2_flat,Episode_Reward/action_rate_l2,152,-0.09239720553159714,1778917868.0116951
unitree_go2_flat,Episode_Reward/action_rate_l2,153,-0.06867530941963196,1778917869.0090039
unitree_go2_flat,Episode_Reward/action_rate_l2,154,-0.06867530941963196,1778917870.1389194
unitree_go2_flat,Episode_Reward/action_rate_l2,155,-0.08500760793685913,1778917871.1382825
unitree_go2_flat,Episode_Reward/action_rate_l2,156,-0.26466283202171326,1778917872.1542614
unitree_go2_flat,Episode_Reward/action_rate_l2,157,-0.26466283202171326,1778917873.1618097
unitree_go2_flat,Episode_Reward/action_rate_l2,158,-0.26466283202171326,1778917874.1628823
unitree_go2_flat,Episode_Reward/action_rate_l2,159,-0.26216238737106323,1778917875.1692264
unitree_go2_flat,Episode_Reward/action_rate_l2,160,-0.260912150144577,1778917876.1716866
unitree_go2_flat,Episode_Reward/action_rate_l2,161,-0.260912150144577,1778917877.1777132
unitree_go2_flat,Episode_Reward/action_rate_l2,162,-0.260912150144577,1778917878.1875257
unitree_go2_flat,Episode_Reward/action_rate_l2,163,-0.260912150144577,1778917879.191985
unitree_go2_flat,Episode_Reward/action_rate_l2,164,-0.260912150144577,1778917880.1918974
unitree_go2_flat,Episode_Reward/action_rate_l2,165,-0.2581615149974823,1778917881.3090143
unitree_go2_flat,Episode_Reward/action_rate_l2,166,-0.2565111517906189,1778917882.3062456
unitree_go2_flat,Episode_Reward/action_rate_l2,167,-0.2565111517906189,1778917883.3084662
unitree_go2_flat,Episode_Reward/action_rate_l2,168,-0.2565111517906189,1778917884.2970812
unitree_go2_flat,Episode_Reward/action_rate_l2,169,-0.2542390525341034,1778917885.300985
unitree_go2_flat,Episode_Reward/action_rate_l2,170,-0.25160521268844604,1778917886.3015966
unitree_go2_flat,Episode_Reward/action_rate_l2,171,-0.2508831024169922,1778917887.3095677
unitree_go2_flat,Episode_Reward/action_rate_l2,172,-0.2610572576522827,1778917888.3089633
unitree_go2_flat,Episode_Reward/action_rate_l2,173,-0.2610572576522827,1778917889.3152428
unitree_go2_flat,Episode_Reward/action_rate_l2,174,-0.2610572576522827,1778917890.3153715
unitree_go2_flat,Episode_Reward/action_rate_l2,175,-0.2610572576522827,1778917891.33274
unitree_go2_flat,Episode_Reward/action_rate_l2,176,-0.25835293531417847,1778917892.4938455
unitree_go2_flat,Episode_Reward/action_rate_l2,177,-0.25920313596725464,1778917893.5039785
unitree_go2_flat,Episode_Reward/action_rate_l2,178,-0.2628557085990906,1778917894.5103936
unitree_go2_flat,Episode_Reward/action_rate_l2,179,-0.26265376806259155,1778917895.508859
unitree_go2_flat,Episode_Reward/action_rate_l2,180,-0.2607949376106262,1778917896.5063176
unitree_go2_flat,Episode_Reward/action_rate_l2,181,-0.25675341486930847,1778917897.5136368
unitree_go2_flat,Episode_Reward/action_rate_l2,182,-0.255254328250885,1778917898.553637
unitree_go2_flat,Episode_Reward/action_rate_l2,183,-0.2529158592224121,1778917899.5522513
unitree_go2_flat,Episode_Reward/action_rate_l2,184,-0.2529158592224121,1778917900.5448549
unitree_go2_flat,Episode_Reward/action_rate_l2,185,-0.2529158592224121,1778917901.5541804
unitree_go2_flat,Episode_Reward/action_rate_l2,186,-0.255880743265152,1778917902.6596193
unitree_go2_flat,Episode_Reward/action_rate_l2,187,-0.2583894431591034,1778917903.6699169
unitree_go2_flat,Episode_Reward/action_rate_l2,188,-0.2583894431591034,1778917904.6658056
unitree_go2_flat,Episode_Reward/action_rate_l2,189,-0.2583894431591034,1778917905.6685557
unitree_go2_flat,Episode_Reward/action_rate_l2,190,-0.2583894431591034,1778917906.6667397
unitree_go2_flat,Episode_Reward/action_rate_l2,191,-0.26004478335380554,1778917907.6795115
unitree_go2_flat,Episode_Reward/action_rate_l2,192,-0.2604803740978241,1778917908.6895585
unitree_go2_flat,Episode_Reward/action_rate_l2,193,-0.257595956325531,1778917909.7098243
unitree_go2_flat,Episode_Reward/action_rate_l2,194,-0.2466350793838501,1778917910.7124004
unitree_go2_flat,Episode_Reward/action_rate_l2,195,-0.2466350793838501,1778917911.7087388
unitree_go2_flat,Episode_Reward/action_rate_l2,196,-0.2466350793838501,1778917912.7064025
unitree_go2_flat,Episode_Reward/action_rate_l2,197,-0.24654817581176758,1778917913.859912
unitree_go2_flat,Episode_Reward/action_rate_l2,198,-0.2464265078306198,1778917914.8617141
unitree_go2_flat,Episode_Reward/action_rate_l2,199,-0.2464265078306198,1778917915.8655255
unitree_go2_flat,Episode_Reward/action_rate_l2,200,-0.2464265078306198,1778917916.8589542
unitree_go2_flat,Episode_Reward/action_rate_l2,201,-0.23974041640758514,1778917917.8656247
unitree_go2_flat,Episode_Reward/action_rate_l2,202,-0.23974041640758514,1778917918.8659208
unitree_go2_flat,Episode_Reward/action_rate_l2,203,-0.23974041640758514,1778917919.8731508
unitree_go2_flat,Episode_Reward/action_rate_l2,204,-0.23974041640758514,1778917920.875297
unitree_go2_flat,Episode_Reward/action_rate_l2,205,-0.23974041640758514,1778917921.8855677
unitree_go2_flat,Episode_Reward/action_rate_l2,206,-0.23974041640758514,1778917922.8934257
unitree_go2_flat,Episode_Reward/action_rate_l2,207,-0.2493055909872055,1778917923.9018111
unitree_go2_flat,Episode_Reward/action_rate_l2,208,-0.2497214525938034,1778917925.0554273
unitree_go2_flat,Episode_Reward/action_rate_l2,209,-0.2497214525938034,1778917926.0514493
unitree_go2_flat,Episode_Reward/action_rate_l2,210,-0.2497214525938034,1778917927.0488222
unitree_go2_flat,Episode_Reward/action_rate_l2,211,-0.247686967253685,1778917928.0647364
unitree_go2_flat,Episode_Reward/action_rate_l2,212,-0.24358141422271729,1778917929.072403
unitree_go2_flat,Episode_Reward/action_rate_l2,213,-0.24523364007472992,1778917930.0869238
unitree_go2_flat,Episode_Reward/action_rate_l2,214,-0.2492508888244629,1778917931.0861752
unitree_go2_flat,Episode_Reward/action_rate_l2,215,-0.2492508888244629,1778917932.086988
unitree_go2_flat,Episode_Reward/action_rate_l2,216,-0.2492508888244629,1778917933.091878
unitree_go2_flat,Episode_Reward/action_rate_l2,217,-0.2492508888244629,1778917934.0916083
unitree_go2_flat,Episode_Reward/action_rate_l2,218,-0.2433849275112152,1778917935.102754
unitree_go2_flat,Episode_Reward/action_rate_l2,219,-0.2488243579864502,1778917936.2167363
unitree_go2_flat,Episode_Reward/action_rate_l2,220,-0.25602731108665466,1778917937.2130206
unitree_go2_flat,Episode_Reward/action_rate_l2,221,-0.25602731108665466,1778917938.21646
unitree_go2_flat,Episode_Reward/action_rate_l2,222,-0.25409337878227234,1778917939.2248256
unitree_go2_flat,Episode_Reward/action_rate_l2,223,-0.2355968952178955,1778917940.232908
unitree_go2_flat,Episode_Reward/action_rate_l2,224,-0.24364857375621796,1778917941.2477963
unitree_go2_flat,Episode_Reward/action_rate_l2,225,-0.24939976632595062,1778917942.247123
unitree_go2_flat,Episode_Reward/action_rate_l2,226,-0.24939976632595062,1778917943.243395
unitree_go2_flat,Episode_Reward/action_rate_l2,227,-0.24939976632595062,1778917944.2342927
unitree_go2_flat,Episode_Reward/action_rate_l2,228,-0.24643497169017792,1778917945.232703
unitree_go2_flat,Episode_Reward/action_rate_l2,229,-0.246011421084404,1778917946.3520422
unitree_go2_flat,Episode_Reward/action_rate_l2,230,-0.246011421084404,1778917947.3458786
unitree_go2_flat,Episode_Reward/action_rate_l2,231,-0.246011421084404,1778917948.3411605
unitree_go2_flat,Episode_Reward/action_rate_l2,232,-0.24624794721603394,1778917949.342546
unitree_go2_flat,Episode_Reward/action_rate_l2,233,-0.24790355563163757,1778917950.3414073
unitree_go2_flat,Episode_Reward/action_rate_l2,234,-0.24790355563163757,1778917951.3399749
unitree_go2_flat,Episode_Reward/action_rate_l2,235,-0.24262115359306335,1778917952.3423774
unitree_go2_flat,Episode_Reward/action_rate_l2,236,-0.238151416182518,1778917953.3444479
unitree_go2_flat,Episode_Reward/action_rate_l2,237,-0.238151416182518,1778917954.338153
unitree_go2_flat,Episode_Reward/action_rate_l2,238,-0.238151416182518,1778917955.3380678
unitree_go2_flat,Episode_Reward/action_rate_l2,239,-0.2415129393339157,1778917956.3417766
unitree_go2_flat,Episode_Reward/action_rate_l2,240,-0.24263344705104828,1778917957.4887307
unitree_go2_flat,Episode_Reward/action_rate_l2,241,-0.24263344705104828,1778917958.487206
unitree_go2_flat,Episode_Reward/action_rate_l2,242,-0.24312648177146912,1778917959.493105
unitree_go2_flat,Episode_Reward/action_rate_l2,243,-0.2441125363111496,1778917960.486346
unitree_go2_flat,Episode_Reward/action_rate_l2,244,-0.2441125363111496,1778917961.4832933
unitree_go2_flat,Episode_Reward/action_rate_l2,245,-0.2441125363111496,1778917962.4932675
unitree_go2_flat,Episode_Reward/action_rate_l2,246,-0.2441125363111496,1778917963.4934168
unitree_go2_flat,Episode_Reward/action_rate_l2,247,-0.2441125363111496,1778917964.501776
unitree_go2_flat,Episode_Reward/action_rate_l2,248,-0.2433413863182068,1778917965.5092177
unitree_go2_flat,Episode_Reward/action_rate_l2,249,-0.2414686530828476,1778917966.5103927
unitree_go2_flat,Episode_Reward/action_rate_l2,250,-0.2414686530828476,1778917967.508985
unitree_go2_flat,Episode_Reward/action_rate_l2,251,-0.2414686530828476,1778917968.5875018
unitree_go2_flat,Episode_Reward/action_rate_l2,252,-0.24343779683113098,1778917969.6023102
unitree_go2_flat,Episode_Reward/action_rate_l2,253,-0.2445143163204193,1778917970.608371
unitree_go2_flat,Episode_Reward/action_rate_l2,254,-0.2300216406583786,1778917971.6227512
unitree_go2_flat,Episode_Reward/action_rate_l2,255,-0.22608396410942078,1778917972.6463678
unitree_go2_flat,Episode_Reward/action_rate_l2,256,-0.21864911913871765,1778917973.6541867
unitree_go2_flat,Episode_Reward/action_rate_l2,257,-0.21864911913871765,1778917974.6493511
unitree_go2_flat,Episode_Reward/action_rate_l2,258,-0.21864911913871765,1778917975.6451485
unitree_go2_flat,Episode_Reward/action_rate_l2,259,-0.22110269963741302,1778917976.661653
unitree_go2_flat,Episode_Reward/action_rate_l2,260,-0.23337066173553467,1778917977.662063
unitree_go2_flat,Episode_Reward/action_rate_l2,261,-0.23310422897338867,1778917978.6754003
unitree_go2_flat,Episode_Reward/action_rate_l2,262,-0.15628750622272491,1778917979.701399
unitree_go2_flat,Episode_Reward/action_rate_l2,263,-0.06398257613182068,1778917980.7163746
unitree_go2_flat,Episode_Reward/action_rate_l2,264,-0.2335694283246994,1778917981.7245142
unitree_go2_flat,Episode_Reward/action_rate_l2,265,-0.23263148963451385,1778917982.731839
unitree_go2_flat,Episode_Reward/action_rate_l2,266,-0.23222804069519043,1778917983.7476957
unitree_go2_flat,Episode_Reward/action_rate_l2,267,-0.23219136893749237,1778917984.745033
unitree_go2_flat,Episode_Reward/action_rate_l2,268,-0.23219136893749237,1778917985.7457457
unitree_go2_flat,Episode_Reward/action_rate_l2,269,-0.23267483711242676,1778917986.7548044
unitree_go2_flat,Episode_Reward/action_rate_l2,270,-0.23451197147369385,1778917987.7618213
unitree_go2_flat,Episode_Reward/action_rate_l2,271,-0.23451197147369385,1778917988.7633076
unitree_go2_flat,Episode_Reward/action_rate_l2,272,-0.23451197147369385,1778917989.8413308
unitree_go2_flat,Episode_Reward/action_rate_l2,273,-0.23451197147369385,1778917990.8449223
unitree_go2_flat,Episode_Reward/action_rate_l2,274,-0.23831114172935486,1778917991.8557136
unitree_go2_flat,Episode_Reward/action_rate_l2,275,-0.24280105531215668,1778917992.8538642
unitree_go2_flat,Episode_Reward/action_rate_l2,276,-0.24280105531215668,1778917993.861954
unitree_go2_flat,Episode_Reward/action_rate_l2,277,-0.2285207211971283,1778917994.89925
unitree_go2_flat,Episode_Reward/action_rate_l2,278,-0.2264806479215622,1778917995.8984632
unitree_go2_flat,Episode_Reward/action_rate_l2,279,-0.2264806479215622,1778917996.8991761
unitree_go2_flat,Episode_Reward/action_rate_l2,280,-0.22652660310268402,1778917997.9099436
unitree_go2_flat,Episode_Reward/action_rate_l2,281,-0.22703193128108978,1778917998.9059556
unitree_go2_flat,Episode_Reward/action_rate_l2,282,-0.22703193128108978,1778917999.9213526
unitree_go2_flat,Episode_Reward/action_rate_l2,283,-0.22703193128108978,1778918001.051561
unitree_go2_flat,Episode_Reward/action_rate_l2,284,-0.22959783673286438,1778918002.0626726
unitree_go2_flat,Episode_Reward/action_rate_l2,285,-0.23088078200817108,1778918003.0733967
unitree_go2_flat,Episode_Reward/action_rate_l2,286,-0.23088078200817108,1778918004.069592
unitree_go2_flat,Episode_Reward/action_rate_l2,287,-0.23088078200817108,1778918005.0870903
unitree_go2_flat,Episode_Reward/action_rate_l2,288,-0.23088078200817108,1778918006.092313
unitree_go2_flat,Episode_Reward/action_rate_l2,289,-0.23088078200817108,1778918007.1000762
unitree_go2_flat,Episode_Reward/action_rate_l2,290,-0.2257351577281952,1778918008.1149442
unitree_go2_flat,Episode_Reward/action_rate_l2,291,-0.2226477712392807,1778918009.1177733
unitree_go2_flat,Episode_Reward/action_rate_l2,292,-0.2226477712392807,1778918010.1213725
unitree_go2_flat,Episode_Reward/action_rate_l2,293,-0.2226477712392807,1778918011.1360438
unitree_go2_flat,Episode_Reward/action_rate_l2,294,-0.2279329001903534,1778918012.3039727
unitree_go2_flat,Episode_Reward/action_rate_l2,295,-0.23170797526836395,1778918013.313336
unitree_go2_flat,Episode_Reward/action_rate_l2,296,-0.23170797526836395,1778918014.3212535
unitree_go2_flat,Episode_Reward/action_rate_l2,297,-0.2262704223394394,1778918015.3311496
unitree_go2_flat,Episode_Reward/action_rate_l2,298,-0.2248254269361496,1778918016.3379726
unitree_go2_flat,Episode_Reward/action_rate_l2,299,-0.2248254269361496,1778918017.3414626
unitree_go2_flat,Episode_Reward/feet_air_time,0,0.0,1778917712.6851876
unitree_go2_flat,Episode_Reward/feet_air_time,1,0.0,1778917713.7513988
unitree_go2_flat,Episode_Reward/feet_air_time,2,0.0,1778917714.7515662
unitree_go2_flat,Episode_Reward/feet_air_time,3,-0.0017936979420483112,1778917716.2051182
unitree_go2_flat,Episode_Reward/feet_air_time,4,-0.006133437156677246,1778917717.2240877
unitree_go2_flat,Episode_Reward/feet_air_time,5,-0.008003747090697289,1778917718.3609605
unitree_go2_flat,Episode_Reward/feet_air_time,6,-0.008721246384084225,1778917719.3691077
unitree_go2_flat,Episode_Reward/feet_air_time,7,-0.008721246384084225,1778917720.380721
unitree_go2_flat,Episode_Reward/feet_air_time,8,-0.008721246384084225,1778917721.3788218
unitree_go2_flat,Episode_Reward/feet_air_time,9,-0.009062288329005241,1778917722.3849268
unitree_go2_flat,Episode_Reward/feet_air_time,10,-0.011330828070640564,1778917723.3888636
unitree_go2_flat,Episode_Reward/feet_air_time,11,-0.015106860548257828,1778917724.3919916
unitree_go2_flat,Episode_Reward/feet_air_time,12,-0.016066234558820724,1778917725.3930671
unitree_go2_flat,Episode_Reward/feet_air_time,13,-0.016066234558820724,1778917726.4022083
unitree_go2_flat,Episode_Reward/feet_air_time,14,-0.016066234558820724,1778917727.403472
unitree_go2_flat,Episode_Reward/feet_air_time,15,-0.016066234558820724,1778917728.5364127
unitree_go2_flat,Episode_Reward/feet_air_time,16,-0.020452996715903282,1778917729.560277
unitree_go2_flat,Episode_Reward/feet_air_time,17,-0.01947622559964657,1778917730.5605016
unitree_go2_flat,Episode_Reward/feet_air_time,18,-0.01983039081096649,1778917731.5626228
unitree_go2_flat,Episode_Reward/feet_air_time,19,-0.02401241473853588,1778917732.5731375
unitree_go2_flat,Episode_Reward/feet_air_time,20,-0.02509996108710766,1778917733.5792146
unitree_go2_flat,Episode_Reward/feet_air_time,21,-0.02509996108710766,1778917734.5906796
unitree_go2_flat,Episode_Reward/feet_air_time,22,-0.02509996108710766,1778917735.5867832
unitree_go2_flat,Episode_Reward/feet_air_time,23,-0.026393134146928787,1778917736.591957
unitree_go2_flat,Episode_Reward/feet_air_time,24,-0.029533695429563522,1778917737.5969036
unitree_go2_flat,Episode_Reward/feet_air_time,25,-0.029533695429563522,1778917738.6019523
unitree_go2_flat,Episode_Reward/feet_air_time,26,-0.029533695429563522,1778917739.743912
unitree_go2_flat,Episode_Reward/feet_air_time,27,-0.03150197118520737,1778917740.7555244
unitree_go2_flat,Episode_Reward/feet_air_time,28,-0.029694944620132446,1778917741.7748785
unitree_go2_flat,Episode_Reward/feet_air_time,29,-0.028299948200583458,1778917742.7826002
unitree_go2_flat,Episode_Reward/feet_air_time,30,-0.028299948200583458,1778917743.7909398
unitree_go2_flat,Episode_Reward/feet_air_time,31,-0.028299948200583458,1778917744.7892096
unitree_go2_flat,Episode_Reward/feet_air_time,32,-0.033955663442611694,1778917745.7983906
unitree_go2_flat,Episode_Reward/feet_air_time,33,-0.041873663663864136,1778917746.7998233
unitree_go2_flat,Episode_Reward/feet_air_time,34,-0.041852861642837524,1778917747.8141274
unitree_go2_flat,Episode_Reward/feet_air_time,35,-0.006974783726036549,1778917748.826015
unitree_go2_flat,Episode_Reward/feet_air_time,36,-0.04030027240514755,1778917749.833374
unitree_go2_flat,Episode_Reward/feet_air_time,37,-0.042052458971738815,1778917750.9699667
unitree_go2_flat,Episode_Reward/feet_air_time,38,-0.009233895689249039,1778917751.9772952
unitree_go2_flat,Episode_Reward/feet_air_time,39,-0.0033337499480694532,1778917752.9856486
unitree_go2_flat,Episode_Reward/feet_air_time,40,-0.007186872884631157,1778917753.9966986
unitree_go2_flat,Episode_Reward/feet_air_time,41,-0.009498747065663338,1778917754.9993818
unitree_go2_flat,Episode_Reward/feet_air_time,42,-0.006522654555737972,1778917756.009334
unitree_go2_flat,Episode_Reward/feet_air_time,43,-0.006097498349845409,1778917757.0152059
unitree_go2_flat,Episode_Reward/feet_air_time,44,-0.005952341482043266,1778917758.0344052
unitree_go2_flat,Episode_Reward/feet_air_time,45,-0.036937445402145386,1778917759.0520627
unitree_go2_flat,Episode_Reward/feet_air_time,46,-0.055186331272125244,1778917760.0536451
unitree_go2_flat,Episode_Reward/feet_air_time,47,-0.06116139516234398,1778917761.148062
unitree_go2_flat,Episode_Reward/feet_air_time,48,-0.06116139516234398,1778917762.1464803
unitree_go2_flat,Episode_Reward/feet_air_time,49,-0.06116139516234398,1778917763.1439555
unitree_go2_flat,Episode_Reward/feet_air_time,50,-0.06116139516234398,1778917764.1535378
unitree_go2_flat,Episode_Reward/feet_air_time,51,-0.04817209765315056,1778917765.176403
unitree_go2_flat,Episode_Reward/feet_air_time,52,-0.04386964067816734,1778917766.2068238
unitree_go2_flat,Episode_Reward/feet_air_time,53,-0.05051901564002037,1778917767.2268677
unitree_go2_flat,Episode_Reward/feet_air_time,54,-0.05760257691144943,1778917768.2300045
unitree_go2_flat,Episode_Reward/feet_air_time,55,-0.015634888783097267,1778917769.2661443
unitree_go2_flat,Episode_Reward/feet_air_time,56,-0.006762485485523939,1778917770.2706554
unitree_go2_flat,Episode_Reward/feet_air_time,57,-0.019214704632759094,1778917771.2790582
unitree_go2_flat,Episode_Reward/feet_air_time,58,-0.020211059600114822,1778917772.3584716
unitree_go2_flat,Episode_Reward/feet_air_time,59,-0.002358750207349658,1778917773.3573747
unitree_go2_flat,Episode_Reward/feet_air_time,60,-0.002358750207349658,1778917774.3735385
unitree_go2_flat,Episode_Reward/feet_air_time,61,-0.03339969739317894,1778917775.3800054
unitree_go2_flat,Episode_Reward/feet_air_time,62,-0.054943542927503586,1778917776.3863316
unitree_go2_flat,Episode_Reward/feet_air_time,63,-0.0030062503647059202,1778917777.3925369
unitree_go2_flat,Episode_Reward/feet_air_time,64,-0.0030062503647059202,1778917778.396195
unitree_go2_flat,Episode_Reward/feet_air_time,65,-0.0030062503647059202,1778917779.4095914
unitree_go2_flat,Episode_Reward/feet_air_time,66,-0.0022996878251433372,1778917780.44173
unitree_go2_flat,Episode_Reward/feet_air_time,67,-0.0021137502044439316,1778917781.444771
unitree_go2_flat,Episode_Reward/feet_air_time,68,-0.0021137502044439316,1778917782.4583137
unitree_go2_flat,Episode_Reward/feet_air_time,69,-0.0021137502044439316,1778917783.5647345
unitree_go2_flat,Episode_Reward/feet_air_time,70,-0.0021137502044439316,1778917784.5681238
unitree_go2_flat,Episode_Reward/feet_air_time,71,-0.0021137502044439316,1778917785.5663865
unitree_go2_flat,Episode_Reward/feet_air_time,72,-0.009761659428477287,1778917786.5804734
unitree_go2_flat,Episode_Reward/feet_air_time,73,-0.020468732342123985,1778917787.5958223
unitree_go2_flat,Episode_Reward/feet_air_time,74,-0.020468732342123985,1778917788.6142309
unitree_go2_flat,Episode_Reward/feet_air_time,75,-0.020468732342123985,1778917789.625639
unitree_go2_flat,Episode_Reward/feet_air_time,76,-0.051211338490247726,1778917790.6390152
unitree_go2_flat,Episode_Reward/feet_air_time,77,-0.051211338490247726,1778917791.6438055
unitree_go2_flat,Episode_Reward/feet_air_time,78,-0.051211338490247726,1778917792.6436338
unitree_go2_flat,Episode_Reward/feet_air_time,79,-0.051211338490247726,1778917793.7828941
unitree_go2_flat,Episode_Reward/feet_air_time,80,-0.051211338490247726,1778917794.786411
unitree_go2_flat,Episode_Reward/feet_air_time,81,-0.051211338490247726,1778917795.7845037
unitree_go2_flat,Episode_Reward/feet_air_time,82,-0.05473441630601883,1778917796.7943926
unitree_go2_flat,Episode_Reward/feet_air_time,83,-0.054887592792510986,1778917797.8059719
unitree_go2_flat,Episode_Reward/feet_air_time,84,-0.054887592792510986,1778917798.8123744
unitree_go2_flat,Episode_Reward/feet_air_time,85,-0.054887592792510986,1778917799.8115115
unitree_go2_flat,Episode_Reward/feet_air_time,86,-0.05649174377322197,1778917800.826257
unitree_go2_flat,Episode_Reward/feet_air_time,87,-0.04952066391706467,1778917801.8462818
unitree_go2_flat,Episode_Reward/feet_air_time,88,-0.05326675623655319,1778917802.8560998
unitree_go2_flat,Episode_Reward/feet_air_time,89,-0.05925757810473442,1778917803.8592649
unitree_go2_flat,Episode_Reward/feet_air_time,90,-0.05925757810473442,1778917805.0065017
unitree_go2_flat,Episode_Reward/feet_air_time,91,-0.05925757810473442,1778917806.0085928
unitree_go2_flat,Episode_Reward/feet_air_time,92,-0.056300088763237,1778917807.027392
unitree_go2_flat,Episode_Reward/feet_air_time,93,-0.05487697571516037,1778917808.0379422
unitree_go2_flat,Episode_Reward/feet_air_time,94,-0.05496863275766373,1778917809.0573947
unitree_go2_flat,Episode_Reward/feet_air_time,95,-0.056210123002529144,1778917810.0575416
unitree_go2_flat,Episode_Reward/feet_air_time,96,-0.056210123002529144,1778917811.0660427
unitree_go2_flat,Episode_Reward/feet_air_time,97,-0.056210123002529144,1778917812.090655
unitree_go2_flat,Episode_Reward/feet_air_time,98,-0.056210123002529144,1778917813.0929487
unitree_go2_flat,Episode_Reward/feet_air_time,99,-0.054508231580257416,1778917814.106966
unitree_go2_flat,Episode_Reward/feet_air_time,100,-0.04511009901762009,1778917815.1270497
unitree_go2_flat,Episode_Reward/feet_air_time,101,-0.04511009901762009,1778917816.2490587
unitree_go2_flat,Episode_Reward/feet_air_time,102,-0.04511009901762009,1778917817.2518802
unitree_go2_flat,Episode_Reward/feet_air_time,103,-0.05434684082865715,1778917818.262527
unitree_go2_flat,Episode_Reward/feet_air_time,104,-0.05566637963056564,1778917819.2682376
unitree_go2_flat,Episode_Reward/feet_air_time,105,-0.05566637963056564,1778917820.2695508
unitree_go2_flat,Episode_Reward/feet_air_time,106,-0.05566637963056564,1778917821.2715406
unitree_go2_flat,Episode_Reward/feet_air_time,107,-0.055324189364910126,1778917822.2779794
unitree_go2_flat,Episode_Reward/feet_air_time,108,-0.0529288612306118,1778917823.2954829
unitree_go2_flat,Episode_Reward/feet_air_time,109,-0.0529288612306118,1778917824.2985566
unitree_go2_flat,Episode_Reward/feet_air_time,110,-0.0529288612306118,1778917825.300423
unitree_go2_flat,Episode_Reward/feet_air_time,111,-0.0529288612306118,1778917826.3133366
unitree_go2_flat,Episode_Reward/feet_air_time,112,-0.0529288612306118,1778917827.3191197
unitree_go2_flat,Episode_Reward/feet_air_time,113,-0.0529288612306118,1778917828.325429
unitree_go2_flat,Episode_Reward/feet_air_time,114,-0.05174478888511658,1778917829.3298695
unitree_go2_flat,Episode_Reward/feet_air_time,115,-0.051350098103284836,1778917830.3338609
unitree_go2_flat,Episode_Reward/feet_air_time,116,-0.051350098103284836,1778917831.3347416
unitree_go2_flat,Episode_Reward/feet_air_time,117,-0.05505800247192383,1778917832.344287
unitree_go2_flat,Episode_Reward/feet_air_time,118,-0.06247381493449211,1778917833.3569713
unitree_go2_flat,Episode_Reward/feet_air_time,119,-0.06247381493449211,1778917834.3663893
unitree_go2_flat,Episode_Reward/feet_air_time,120,-0.06247381493449211,1778917835.3763428
unitree_go2_flat,Episode_Reward/feet_air_time,121,-0.06247381493449211,1778917836.3843632
unitree_go2_flat,Episode_Reward/feet_air_time,122,-0.06247381493449211,1778917837.5329187
unitree_go2_flat,Episode_Reward/feet_air_time,123,-0.059292472898960114,1778917838.5403347
unitree_go2_flat,Episode_Reward/feet_air_time,124,-0.05156635493040085,1778917839.5403821
unitree_go2_flat,Episode_Reward/feet_air_time,125,-0.05156635493040085,1778917840.5364735
unitree_go2_flat,Episode_Reward/feet_air_time,126,-0.05156635493040085,1778917841.550297
unitree_go2_flat,Episode_Reward/feet_air_time,127,-0.05148322507739067,1778917842.5552204
unitree_go2_flat,Episode_Reward/feet_air_time,128,-0.05046389624476433,1778917843.5631166
unitree_go2_flat,Episode_Reward/feet_air_time,129,-0.04888886213302612,1778917844.5698204
unitree_go2_flat,Episode_Reward/feet_air_time,130,-0.052493900060653687,1778917845.5732706
unitree_go2_flat,Episode_Reward/feet_air_time,131,-0.05429641529917717,1778917846.5697758
unitree_go2_flat,Episode_Reward/feet_air_time,132,-0.05429641529917717,1778917847.567841
unitree_go2_flat,Episode_Reward/feet_air_time,133,-0.05429641529917717,1778917848.7048697
unitree_go2_flat,Episode_Reward/feet_air_time,134,-0.050129085779190063,1778917849.7154539
unitree_go2_flat,Episode_Reward/feet_air_time,135,-0.05399324744939804,1778917850.7293594
unitree_go2_flat,Episode_Reward/feet_air_time,136,-0.054350148886442184,1778917851.7548127
unitree_go2_flat,Episode_Reward/feet_air_time,137,-0.057121392339468,1778917852.7590802
unitree_go2_flat,Episode_Reward/feet_air_time,138,-0.053152527660131454,1778917853.7889242
unitree_go2_flat,Episode_Reward/feet_air_time,139,-0.0076104141771793365,1778917854.8223994
unitree_go2_flat,Episode_Reward/feet_air_time,140,-0.0038412492722272873,1778917855.824553
unitree_go2_flat,Episode_Reward/feet_air_time,141,-0.047635000199079514,1778917856.8383825
unitree_go2_flat,Episode_Reward/feet_air_time,142,-0.047980111092329025,1778917857.8378103
unitree_go2_flat,Episode_Reward/feet_air_time,143,-0.047980111092329025,1778917858.8357775
unitree_go2_flat,Episode_Reward/feet_air_time,144,-0.049727506935596466,1778917859.9578412
unitree_go2_flat,Episode_Reward/feet_air_time,145,-0.05636761710047722,1778917860.9592535
unitree_go2_flat,Episode_Reward/feet_air_time,146,-0.05636761710047722,1778917861.9614904
unitree_go2_flat,Episode_Reward/feet_air_time,147,-0.05636761710047722,1778917862.9563487
unitree_go2_flat,Episode_Reward/feet_air_time,148,-0.05636761710047722,1778917863.946454
unitree_go2_flat,Episode_Reward/feet_air_time,149,-0.05524582788348198,1778917864.951402
unitree_go2_flat,Episode_Reward/feet_air_time,150,-0.05392008647322655,1778917865.971002
unitree_go2_flat,Episode_Reward/feet_air_time,151,-0.05392008647322655,1778917866.9958217
unitree_go2_flat,Episode_Reward/feet_air_time,152,-0.015861876308918,1778917868.0121589
unitree_go2_flat,Episode_Reward/feet_air_time,153,-0.010424989275634289,1778917869.0095673
unitree_go2_flat,Episode_Reward/feet_air_time,154,-0.010424989275634289,1778917870.1393864
unitree_go2_flat,Episode_Reward/feet_air_time,155,-0.013979582116007805,1778917871.1388052
unitree_go2_flat,Episode_Reward/feet_air_time,156,-0.05308011174201965,1778917872.1549537
unitree_go2_flat,Episode_Reward/feet_air_time,157,-0.05308011174201965,1778917873.1622448
unitree_go2_flat,Episode_Reward/feet_air_time,158,-0.05308011174201965,1778917874.1633646
unitree_go2_flat,Episode_Reward/feet_air_time,159,-0.05730428546667099,1778917875.1697543
unitree_go2_flat,Episode_Reward/feet_air_time,160,-0.05941636487841606,1778917876.1722338
unitree_go2_flat,Episode_Reward/feet_air_time,161,-0.05941636487841606,1778917877.1782577
unitree_go2_flat,Episode_Reward/feet_air_time,162,-0.05941636487841606,1778917878.1880128
unitree_go2_flat,Episode_Reward/feet_air_time,163,-0.05941636487841606,1778917879.1924539
unitree_go2_flat,Episode_Reward/feet_air_time,164,-0.05941636487841606,1778917880.1924124
unitree_go2_flat,Episode_Reward/feet_air_time,165,-0.05582261085510254,1778917881.3095415
unitree_go2_flat,Episode_Reward/feet_air_time,166,-0.05366635322570801,1778917882.3067603
unitree_go2_flat,Episode_Reward/feet_air_time,167,-0.05366635322570801,1778917883.3089685
unitree_go2_flat,Episode_Reward/feet_air_time,168,-0.05366635322570801,1778917884.2975216
unitree_go2_flat,Episode_Reward/feet_air_time,169,-0.054370008409023285,1778917885.301492
unitree_go2_flat,Episode_Reward/feet_air_time,170,-0.05288053676486015,1778917886.3020804
unitree_go2_flat,Episode_Reward/feet_air_time,171,-0.05145762488245964,1778917887.3100924
unitree_go2_flat,Episode_Reward/feet_air_time,172,-0.05895514413714409,1778917888.309421
unitree_go2_flat,Episode_Reward/feet_air_time,173,-0.05895514413714409,1778917889.3157334
unitree_go2_flat,Episode_Reward/feet_air_time,174,-0.05895514413714409,1778917890.316033
unitree_go2_flat,Episode_Reward/feet_air_time,175,-0.05895514413714409,1778917891.3332815
unitree_go2_flat,Episode_Reward/feet_air_time,176,-0.05755825340747833,1778917892.4943879
unitree_go2_flat,Episode_Reward/feet_air_time,177,-0.05554842948913574,1778917893.5044546
unitree_go2_flat,Episode_Reward/feet_air_time,178,-0.05617680773139,1778917894.5110395
unitree_go2_flat,Episode_Reward/feet_air_time,179,-0.056425150483846664,1778917895.509363
unitree_go2_flat,Episode_Reward/feet_air_time,180,-0.053187113255262375,1778917896.5067947
unitree_go2_flat,Episode_Reward/feet_air_time,181,-0.04963303729891777,1778917897.5141823
unitree_go2_flat,Episode_Reward/feet_air_time,182,-0.0512082502245903,1778917898.5541737
unitree_go2_flat,Episode_Reward/feet_air_time,183,-0.05446512624621391,1778917899.5528011
unitree_go2_flat,Episode_Reward/feet_air_time,184,-0.05446512624621391,1778917900.5453224
unitree_go2_flat,Episode_Reward/feet_air_time,185,-0.05446512624621391,1778917901.554713
unitree_go2_flat,Episode_Reward/feet_air_time,186,-0.05683897063136101,1778917902.6601677
unitree_go2_flat,Episode_Reward/feet_air_time,187,-0.05884760245680809,1778917903.6704187
unitree_go2_flat,Episode_Reward/feet_air_time,188,-0.05884760245680809,1778917904.6662664
unitree_go2_flat,Episode_Reward/feet_air_time,189,-0.05884760245680809,1778917905.6690426
unitree_go2_flat,Episode_Reward/feet_air_time,190,-0.05884760245680809,1778917906.6672053
unitree_go2_flat,Episode_Reward/feet_air_time,191,-0.05336139723658562,1778917907.68015
unitree_go2_flat,Episode_Reward/feet_air_time,192,-0.051917653530836105,1778917908.6900783
unitree_go2_flat,Episode_Reward/feet_air_time,193,-0.05080799758434296,1778917909.7103248
unitree_go2_flat,Episode_Reward/feet_air_time,194,-0.04659130796790123,1778917910.7128873
unitree_go2_flat,Episode_Reward/feet_air_time,195,-0.04659130796790123,1778917911.709195
unitree_go2_flat,Episode_Reward/feet_air_time,196,-0.04659130796790123,1778917912.7069075
unitree_go2_flat,Episode_Reward/feet_air_time,197,-0.04868612438440323,1778917913.8604274
unitree_go2_flat,Episode_Reward/feet_air_time,198,-0.05161886662244797,1778917914.8621705
unitree_go2_flat,Episode_Reward/feet_air_time,199,-0.05161886662244797,1778917915.8660066
unitree_go2_flat,Episode_Reward/feet_air_time,200,-0.05161886662244797,1778917916.8594346
unitree_go2_flat,Episode_Reward/feet_air_time,201,-0.05379640311002731,1778917917.8661194
unitree_go2_flat,Episode_Reward/feet_air_time,202,-0.05379640311002731,1778917918.8664389
unitree_go2_flat,Episode_Reward/feet_air_time,203,-0.05379640311002731,1778917919.8737109
unitree_go2_flat,Episode_Reward/feet_air_time,204,-0.05379640311002731,1778917920.8757637
unitree_go2_flat,Episode_Reward/feet_air_time,205,-0.05379640311002731,1778917921.8860638
unitree_go2_flat,Episode_Reward/feet_air_time,206,-0.05379640311002731,1778917922.8939037
unitree_go2_flat,Episode_Reward/feet_air_time,207,-0.05581609159708023,1778917923.9023008
unitree_go2_flat,Episode_Reward/feet_air_time,208,-0.055903904139995575,1778917925.055912
unitree_go2_flat,Episode_Reward/feet_air_time,209,-0.055903904139995575,1778917926.051968
unitree_go2_flat,Episode_Reward/feet_air_time,210,-0.055903904139995575,1778917927.049324
unitree_go2_flat,Episode_Reward/feet_air_time,211,-0.05323983356356621,1778917928.0652215
unitree_go2_flat,Episode_Reward/feet_air_time,212,-0.047567494213581085,1778917929.0729284
unitree_go2_flat,Episode_Reward/feet_air_time,213,-0.05026385188102722,1778917930.0874226
unitree_go2_flat,Episode_Reward/feet_air_time,214,-0.05664386972784996,1778917931.086704
unitree_go2_flat,Episode_Reward/feet_air_time,215,-0.05664386972784996,1778917932.0874424
unitree_go2_flat,Episode_Reward/feet_air_time,216,-0.05664386972784996,1778917933.092376
unitree_go2_flat,Episode_Reward/feet_air_time,217,-0.05664386972784996,1778917934.0921135
unitree_go2_flat,Episode_Reward/feet_air_time,218,-0.05627302825450897,1778917935.1032217
unitree_go2_flat,Episode_Reward/feet_air_time,219,-0.054320331662893295,1778917936.2171986
unitree_go2_flat,Episode_Reward/feet_air_time,220,-0.057037632912397385,1778917937.213561
unitree_go2_flat,Episode_Reward/feet_air_time,221,-0.057037632912397385,1778917938.2169836
unitree_go2_flat,Episode_Reward/feet_air_time,222,-0.05186731740832329,1778917939.225301
unitree_go2_flat,Episode_Reward/feet_air_time,223,-0.042975109070539474,1778917940.2334168
unitree_go2_flat,Episode_Reward/feet_air_time,224,-0.033434607088565826,1778917941.2482586
unitree_go2_flat,Episode_Reward/feet_air_time,225,-0.026619961485266685,1778917942.247604
unitree_go2_flat,Episode_Reward/feet_air_time,226,-0.026619961485266685,1778917943.2438917
unitree_go2_flat,Episode_Reward/feet_air_time,227,-0.026619961485266685,1778917944.2348325
unitree_go2_flat,Episode_Reward/feet_air_time,228,-0.052263062447309494,1778917945.2332041
unitree_go2_flat,Episode_Reward/feet_air_time,229,-0.055926363915205,1778917946.3526204
unitree_go2_flat,Episode_Reward/feet_air_time,230,-0.055926363915205,1778917947.3464208
unitree_go2_flat,Episode_Reward/feet_air_time,231,-0.055926363915205,1778917948.3416908
unitree_go2_flat,Episode_Reward/feet_air_time,232,-0.055499643087387085,1778917949.3430698
unitree_go2_flat,Episode_Reward/feet_air_time,233,-0.052512627094984055,1778917950.3418956
unitree_go2_flat,Episode_Reward/feet_air_time,234,-0.052512627094984055,1778917951.340499
unitree_go2_flat,Episode_Reward/feet_air_time,235,-0.0493946298956871,1778917952.342872
unitree_go2_flat,Episode_Reward/feet_air_time,236,-0.0467563234269619,1778917953.3451216
unitree_go2_flat,Episode_Reward/feet_air_time,237,-0.0467563234269619,1778917954.3386405
unitree_go2_flat,Episode_Reward/feet_air_time,238,-0.0467563234269619,1778917955.3385592
unitree_go2_flat,Episode_Reward/feet_air_time,239,-0.05016700178384781,1778917956.3422942
unitree_go2_flat,Episode_Reward/feet_air_time,240,-0.051303889602422714,1778917957.4892209
unitree_go2_flat,Episode_Reward/feet_air_time,241,-0.051303889602422714,1778917958.4877605
unitree_go2_flat,Episode_Reward/feet_air_time,242,-0.05334555357694626,1778917959.4936197
unitree_go2_flat,Episode_Reward/feet_air_time,243,-0.05742887780070305,1778917960.4868684
unitree_go2_flat,Episode_Reward/feet_air_time,244,-0.05742887780070305,1778917961.4837985
unitree_go2_flat,Episode_Reward/feet_air_time,245,-0.05742887780070305,1778917962.4937859
unitree_go2_flat,Episode_Reward/feet_air_time,246,-0.05742887780070305,1778917963.49398
unitree_go2_flat,Episode_Reward/feet_air_time,247,-0.05742887780070305,1778917964.5022464
unitree_go2_flat,Episode_Reward/feet_air_time,248,-0.056134603917598724,1778917965.5096917
unitree_go2_flat,Episode_Reward/feet_air_time,249,-0.05299137160181999,1778917966.5108688
unitree_go2_flat,Episode_Reward/feet_air_time,250,-0.05299137160181999,1778917967.5094635
unitree_go2_flat,Episode_Reward/feet_air_time,251,-0.05299137160181999,1778917968.5880075
unitree_go2_flat,Episode_Reward/feet_air_time,252,-0.052564799785614014,1778917969.602822
unitree_go2_flat,Episode_Reward/feet_air_time,253,-0.04948727786540985,1778917970.6089978
unitree_go2_flat,Episode_Reward/feet_air_time,254,-0.04409386217594147,1778917971.6232026
unitree_go2_flat,Episode_Reward/feet_air_time,255,-0.04679190739989281,1778917972.6470094
unitree_go2_flat,Episode_Reward/feet_air_time,256,-0.044654928147792816,1778917973.6547198
unitree_go2_flat,Episode_Reward/feet_air_time,257,-0.044654928147792816,1778917974.6498568
unitree_go2_flat,Episode_Reward/feet_air_time,258,-0.044654928147792816,1778917975.645646
unitree_go2_flat,Episode_Reward/feet_air_time,259,-0.04599350690841675,1778917976.6622221
unitree_go2_flat,Episode_Reward/feet_air_time,260,-0.052686404436826706,1778917977.6625504
unitree_go2_flat,Episode_Reward/feet_air_time,261,-0.05447756499052048,1778917978.6759102
unitree_go2_flat,Episode_Reward/feet_air_time,262,-0.0336838997900486,1778917979.701912
unitree_go2_flat,Episode_Reward/feet_air_time,263,-0.003945840988308191,1778917980.7170212
unitree_go2_flat,Episode_Reward/feet_air_time,264,-0.048256754875183105,1778917981.7249985
unitree_go2_flat,Episode_Reward/feet_air_time,265,-0.05007007718086243,1778917982.732327
unitree_go2_flat,Episode_Reward/feet_air_time,266,-0.053496114909648895,1778917983.7481918
unitree_go2_flat,Episode_Reward/feet_air_time,267,-0.053807567805051804,1778917984.7455068
unitree_go2_flat,Episode_Reward/feet_air_time,268,-0.053807567805051804,1778917985.746209
unitree_go2_flat,Episode_Reward/feet_air_time,269,-0.054550543427467346,1778917986.7554498
unitree_go2_flat,Episode_Reward/feet_air_time,270,-0.05737386271357536,1778917987.76227
unitree_go2_flat,Episode_Reward/feet_air_time,271,-0.05737386271357536,1778917988.7638206
unitree_go2_flat,Episode_Reward/feet_air_time,272,-0.05737386271357536,1778917989.8418367
unitree_go2_flat,Episode_Reward/feet_air_time,273,-0.05737386271357536,1778917990.8454041
unitree_go2_flat,Episode_Reward/feet_air_time,274,-0.05448693037033081,1778917991.8562076
unitree_go2_flat,Episode_Reward/feet_air_time,275,-0.05107511207461357,1778917992.8543456
unitree_go2_flat,Episode_Reward/feet_air_time,276,-0.05107511207461357,1778917993.8624384
unitree_go2_flat,Episode_Reward/feet_air_time,277,-0.043725088238716125,1778917994.8999248
unitree_go2_flat,Episode_Reward/feet_air_time,278,-0.042675089091062546,1778917995.89895
unitree_go2_flat,Episode_Reward/feet_air_time,279,-0.042675089091062546,1778917996.899702
unitree_go2_flat,Episode_Reward/feet_air_time,280,-0.043305397033691406,1778917997.9104698
unitree_go2_flat,Episode_Reward/feet_air_time,281,-0.050238847732543945,1778917998.9064522
unitree_go2_flat,Episode_Reward/feet_air_time,282,-0.050238847732543945,1778917999.9218347
unitree_go2_flat,Episode_Reward/feet_air_time,283,-0.050238847732543945,1778918001.0520577
unitree_go2_flat,Episode_Reward/feet_air_time,284,-0.039716415107250214,1778918002.0631802
unitree_go2_flat,Episode_Reward/feet_air_time,285,-0.03445519134402275,1778918003.0738747
unitree_go2_flat,Episode_Reward/feet_air_time,286,-0.03445519134402275,1778918004.0700762
unitree_go2_flat,Episode_Reward/feet_air_time,287,-0.03445519134402275,1778918005.087562
unitree_go2_flat,Episode_Reward/feet_air_time,288,-0.03445519134402275,1778918006.0928729
unitree_go2_flat,Episode_Reward/feet_air_time,289,-0.03445519134402275,1778918007.1005502
unitree_go2_flat,Episode_Reward/feet_air_time,290,-0.04429341107606888,1778918008.1154444
unitree_go2_flat,Episode_Reward/feet_air_time,291,-0.050196342170238495,1778918009.1182556
unitree_go2_flat,Episode_Reward/feet_air_time,292,-0.050196342170238495,1778918010.1219633
unitree_go2_flat,Episode_Reward/feet_air_time,293,-0.050196342170238495,1778918011.1365695
unitree_go2_flat,Episode_Reward/feet_air_time,294,-0.03490709885954857,1778918012.3044798
unitree_go2_flat,Episode_Reward/feet_air_time,295,-0.02398620918393135,1778918013.3138463
unitree_go2_flat,Episode_Reward/feet_air_time,296,-0.02398620918393135,1778918014.321741
unitree_go2_flat,Episode_Reward/feet_air_time,297,-0.05257023498415947,1778918015.3316834
unitree_go2_flat,Episode_Reward/feet_air_time,298,-0.05196632072329521,1778918016.3384583
unitree_go2_flat,Episode_Reward/feet_air_time,299,-0.05196632072329521,1778918017.3419771
unitree_go2_flat,Episode_Reward/flat_orientation_l2,0,0.0,1778917712.6856647
unitree_go2_flat,Episode_Reward/flat_orientation_l2,1,0.0,1778917713.7518837
unitree_go2_flat,Episode_Reward/flat_orientation_l2,2,0.0,1778917714.7520292
unitree_go2_flat,Episode_Reward/flat_orientation_l2,3,-0.001096280524507165,1778917716.2056413
unitree_go2_flat,Episode_Reward/flat_orientation_l2,4,-0.0036719113122671843,1778917717.2246459
unitree_go2_flat,Episode_Reward/flat_orientation_l2,5,-0.0065546296536922455,1778917718.3614526
unitree_go2_flat,Episode_Reward/flat_orientation_l2,6,-0.006242293398827314,1778917719.3695617
unitree_go2_flat,Episode_Reward/flat_orientation_l2,7,-0.006242293398827314,1778917720.3811984
unitree_go2_flat,Episode_Reward/flat_orientation_l2,8,-0.006242293398827314,1778917721.379268
unitree_go2_flat,Episode_Reward/flat_orientation_l2,9,-0.015220138244330883,1778917722.3854132
unitree_go2_flat,Episode_Reward/flat_orientation_l2,10,-0.052109502255916595,1778917723.3893666
unitree_go2_flat,Episode_Reward/flat_orientation_l2,11,-0.015210557729005814,1778917724.3924706
unitree_go2_flat,Episode_Reward/flat_orientation_l2,12,-0.018310900777578354,1778917725.3935213
unitree_go2_flat,Episode_Reward/flat_orientation_l2,13,-0.018310900777578354,1778917726.402729
unitree_go2_flat,Episode_Reward/flat_orientation_l2,14,-0.018310900777578354,1778917727.4039392
unitree_go2_flat,Episode_Reward/flat_orientation_l2,15,-0.018310900777578354,1778917728.5369058
unitree_go2_flat,Episode_Reward/flat_orientation_l2,16,-0.02940179407596588,1778917729.5607946
unitree_go2_flat,Episode_Reward/flat_orientation_l2,17,-0.024081705138087273,1778917730.5610185
unitree_go2_flat,Episode_Reward/flat_orientation_l2,18,-0.024660786613821983,1778917731.5630686
unitree_go2_flat,Episode_Reward/flat_orientation_l2,19,-0.031616631895303726,1778917732.573654
unitree_go2_flat,Episode_Reward/flat_orientation_l2,20,-0.03384330868721008,1778917733.5797062
unitree_go2_flat,Episode_Reward/flat_orientation_l2,21,-0.03384330868721008,1778917734.5911515
unitree_go2_flat,Episode_Reward/flat_orientation_l2,22,-0.03384330868721008,1778917735.587247
unitree_go2_flat,Episode_Reward/flat_orientation_l2,23,-0.042141955345869064,1778917736.5924313
unitree_go2_flat,Episode_Reward/flat_orientation_l2,24,-0.06229580566287041,1778917737.597428
unitree_go2_flat,Episode_Reward/flat_orientation_l2,25,-0.06229580566287041,1778917738.6024978
unitree_go2_flat,Episode_Reward/flat_orientation_l2,26,-0.06229580566287041,1778917739.74451
unitree_go2_flat,Episode_Reward/flat_orientation_l2,27,-0.11513283103704453,1778917740.7560139
unitree_go2_flat,Episode_Reward/flat_orientation_l2,28,-0.11018868535757065,1778917741.7753446
unitree_go2_flat,Episode_Reward/flat_orientation_l2,29,-0.09887950867414474,1778917742.7830765
unitree_go2_flat,Episode_Reward/flat_orientation_l2,30,-0.09887950867414474,1778917743.7914255
unitree_go2_flat,Episode_Reward/flat_orientation_l2,31,-0.09887950867414474,1778917744.7897363
unitree_go2_flat,Episode_Reward/flat_orientation_l2,32,-0.08148184418678284,1778917745.798893
unitree_go2_flat,Episode_Reward/flat_orientation_l2,33,-0.057125117629766464,1778917746.800278
unitree_go2_flat,Episode_Reward/flat_orientation_l2,34,-0.06718418002128601,1778917747.814677
unitree_go2_flat,Episode_Reward/flat_orientation_l2,35,-0.07976991683244705,1778917748.8265185
unitree_go2_flat,Episode_Reward/flat_orientation_l2,36,-0.13404446840286255,1778917749.833904
unitree_go2_flat,Episode_Reward/flat_orientation_l2,37,-0.13631227612495422,1778917750.970454
unitree_go2_flat,Episode_Reward/flat_orientation_l2,38,-0.09733045101165771,1778917751.9778018
unitree_go2_flat,Episode_Reward/flat_orientation_l2,39,-0.08283685147762299,1778917752.9861407
unitree_go2_flat,Episode_Reward/flat_orientation_l2,40,-0.08601456880569458,1778917753.9971616
unitree_go2_flat,Episode_Reward/flat_orientation_l2,41,-0.08792119473218918,1778917754.9999013
unitree_go2_flat,Episode_Reward/flat_orientation_l2,42,-0.09837078303098679,1778917756.0098479
unitree_go2_flat,Episode_Reward/flat_orientation_l2,43,-0.09986358135938644,1778917757.015717
unitree_go2_flat,Episode_Reward/flat_orientation_l2,44,-0.08839534223079681,1778917758.035037
unitree_go2_flat,Episode_Reward/flat_orientation_l2,45,-0.08692606538534164,1778917759.0525334
unitree_go2_flat,Episode_Reward/flat_orientation_l2,46,-0.086313895881176,1778917760.0541503
unitree_go2_flat,Episode_Reward/flat_orientation_l2,47,-0.07527376711368561,1778917761.1485689
unitree_go2_flat,Episode_Reward/flat_orientation_l2,48,-0.07527376711368561,1778917762.1470082
unitree_go2_flat,Episode_Reward/flat_orientation_l2,49,-0.07527376711368561,1778917763.1444376
unitree_go2_flat,Episode_Reward/flat_orientation_l2,50,-0.07527376711368561,1778917764.154059
unitree_go2_flat,Episode_Reward/flat_orientation_l2,51,-0.09122880548238754,1778917765.1769474
unitree_go2_flat,Episode_Reward/flat_orientation_l2,52,-0.09531974792480469,1778917766.2072713
unitree_go2_flat,Episode_Reward/flat_orientation_l2,53,-0.11018483340740204,1778917767.2274234
unitree_go2_flat,Episode_Reward/flat_orientation_l2,54,-0.10835113376379013,1778917768.230522
unitree_go2_flat,Episode_Reward/flat_orientation_l2,55,-0.12918663024902344,1778917769.2667427
unitree_go2_flat,Episode_Reward/flat_orientation_l2,56,-0.12973806262016296,1778917770.2711961
unitree_go2_flat,Episode_Reward/flat_orientation_l2,57,-0.11572818458080292,1778917771.2795577
unitree_go2_flat,Episode_Reward/flat_orientation_l2,58,-0.0974825769662857,1778917772.3589895
unitree_go2_flat,Episode_Reward/flat_orientation_l2,59,-0.11462392657995224,1778917773.357867
unitree_go2_flat,Episode_Reward/flat_orientation_l2,60,-0.11462392657995224,1778917774.3741481
unitree_go2_flat,Episode_Reward/flat_orientation_l2,61,-0.08854730427265167,1778917775.380603
unitree_go2_flat,Episode_Reward/flat_orientation_l2,62,-0.0704473927617073,1778917776.3869088
unitree_go2_flat,Episode_Reward/flat_orientation_l2,63,-0.11406167596578598,1778917777.3930466
unitree_go2_flat,Episode_Reward/flat_orientation_l2,64,-0.11406167596578598,1778917778.3966932
unitree_go2_flat,Episode_Reward/flat_orientation_l2,65,-0.11406167596578598,1778917779.4101908
unitree_go2_flat,Episode_Reward/flat_orientation_l2,66,-0.07051538676023483,1778917780.4422204
unitree_go2_flat,Episode_Reward/flat_orientation_l2,67,-0.059055835008621216,1778917781.44526
unitree_go2_flat,Episode_Reward/flat_orientation_l2,68,-0.059055835008621216,1778917782.458856
unitree_go2_flat,Episode_Reward/flat_orientation_l2,69,-0.059055835008621216,1778917783.5652206
unitree_go2_flat,Episode_Reward/flat_orientation_l2,70,-0.059055835008621216,1778917784.5685616
unitree_go2_flat,Episode_Reward/flat_orientation_l2,71,-0.059055835008621216,1778917785.5669367
unitree_go2_flat,Episode_Reward/flat_orientation_l2,72,-0.08128219842910767,1778917786.5809925
unitree_go2_flat,Episode_Reward/flat_orientation_l2,73,-0.11239910125732422,1778917787.5963023
unitree_go2_flat,Episode_Reward/flat_orientation_l2,74,-0.11239910125732422,1778917788.6148715
unitree_go2_flat,Episode_Reward/flat_orientation_l2,75,-0.11239910125732422,1778917789.6260657
unitree_go2_flat,Episode_Reward/flat_orientation_l2,76,-0.13592365384101868,1778917790.639514
unitree_go2_flat,Episode_Reward/flat_orientation_l2,77,-0.13592365384101868,1778917791.6442955
unitree_go2_flat,Episode_Reward/flat_orientation_l2,78,-0.13592365384101868,1778917792.644085
unitree_go2_flat,Episode_Reward/flat_orientation_l2,79,-0.13592365384101868,1778917793.7833738
unitree_go2_flat,Episode_Reward/flat_orientation_l2,80,-0.13592365384101868,1778917794.7869136
unitree_go2_flat,Episode_Reward/flat_orientation_l2,81,-0.13592365384101868,1778917795.784962
unitree_go2_flat,Episode_Reward/flat_orientation_l2,82,-0.12361251562833786,1778917796.795053
unitree_go2_flat,Episode_Reward/flat_orientation_l2,83,-0.12307725846767426,1778917797.8066413
unitree_go2_flat,Episode_Reward/flat_orientation_l2,84,-0.12307725846767426,1778917798.812915
unitree_go2_flat,Episode_Reward/flat_orientation_l2,85,-0.12307725846767426,1778917799.8120317
unitree_go2_flat,Episode_Reward/flat_orientation_l2,86,-0.11874973028898239,1778917800.8268604
unitree_go2_flat,Episode_Reward/flat_orientation_l2,87,-0.1240694522857666,1778917801.8468227
unitree_go2_flat,Episode_Reward/flat_orientation_l2,88,-0.10693207383155823,1778917802.8566458
unitree_go2_flat,Episode_Reward/flat_orientation_l2,89,-0.07556848227977753,1778917803.8597906
unitree_go2_flat,Episode_Reward/flat_orientation_l2,90,-0.07556848227977753,1778917805.0069528
unitree_go2_flat,Episode_Reward/flat_orientation_l2,91,-0.07556848227977753,1778917806.0091405
unitree_go2_flat,Episode_Reward/flat_orientation_l2,92,-0.09478801488876343,1778917807.0279562
unitree_go2_flat,Episode_Reward/flat_orientation_l2,93,-0.09136941283941269,1778917808.038445
unitree_go2_flat,Episode_Reward/flat_orientation_l2,94,-0.11861616373062134,1778917809.0579374
unitree_go2_flat,Episode_Reward/flat_orientation_l2,95,-0.1539195477962494,1778917810.0580587
unitree_go2_flat,Episode_Reward/flat_orientation_l2,96,-0.1539195477962494,1778917811.0665128
unitree_go2_flat,Episode_Reward/flat_orientation_l2,97,-0.1539195477962494,1778917812.091153
unitree_go2_flat,Episode_Reward/flat_orientation_l2,98,-0.1539195477962494,1778917813.0934203
unitree_go2_flat,Episode_Reward/flat_orientation_l2,99,-0.14717595279216766,1778917814.1074822
unitree_go2_flat,Episode_Reward/flat_orientation_l2,100,-0.17026136815547943,1778917815.1276436
unitree_go2_flat,Episode_Reward/flat_orientation_l2,101,-0.17026136815547943,1778917816.2495236
unitree_go2_flat,Episode_Reward/flat_orientation_l2,102,-0.17026136815547943,1778917817.252453
unitree_go2_flat,Episode_Reward/flat_orientation_l2,103,-0.1447395384311676,1778917818.2630568
unitree_go2_flat,Episode_Reward/flat_orientation_l2,104,-0.14109355211257935,1778917819.2687109
unitree_go2_flat,Episode_Reward/flat_orientation_l2,105,-0.14109355211257935,1778917820.270027
unitree_go2_flat,Episode_Reward/flat_orientation_l2,106,-0.14109355211257935,1778917821.272064
unitree_go2_flat,Episode_Reward/flat_orientation_l2,107,-0.14112186431884766,1778917822.2784865
unitree_go2_flat,Episode_Reward/flat_orientation_l2,108,-0.14132003486156464,1778917823.29601
unitree_go2_flat,Episode_Reward/flat_orientation_l2,109,-0.14132003486156464,1778917824.299132
unitree_go2_flat,Episode_Reward/flat_orientation_l2,110,-0.14132003486156464,1778917825.3009503
unitree_go2_flat,Episode_Reward/flat_orientation_l2,111,-0.14132003486156464,1778917826.3138642
unitree_go2_flat,Episode_Reward/flat_orientation_l2,112,-0.14132003486156464,1778917827.3196046
unitree_go2_flat,Episode_Reward/flat_orientation_l2,113,-0.14132003486156464,1778917828.3259552
unitree_go2_flat,Episode_Reward/flat_orientation_l2,114,-0.14249132573604584,1778917829.3303556
unitree_go2_flat,Episode_Reward/flat_orientation_l2,115,-0.14288175106048584,1778917830.3343246
unitree_go2_flat,Episode_Reward/flat_orientation_l2,116,-0.14288175106048584,1778917831.335382
unitree_go2_flat,Episode_Reward/flat_orientation_l2,117,-0.13175180554389954,1778917832.3448045
unitree_go2_flat,Episode_Reward/flat_orientation_l2,118,-0.10949190706014633,1778917833.3574495
unitree_go2_flat,Episode_Reward/flat_orientation_l2,119,-0.10949190706014633,1778917834.3668797
unitree_go2_flat,Episode_Reward/flat_orientation_l2,120,-0.10949190706014633,1778917835.376864
unitree_go2_flat,Episode_Reward/flat_orientation_l2,121,-0.10949190706014633,1778917836.384854
unitree_go2_flat,Episode_Reward/flat_orientation_l2,122,-0.10949190706014633,1778917837.5334582
unitree_go2_flat,Episode_Reward/flat_orientation_l2,123,-0.12979179620742798,1778917838.5408154
unitree_go2_flat,Episode_Reward/flat_orientation_l2,124,-0.17909154295921326,1778917839.5408638
unitree_go2_flat,Episode_Reward/flat_orientation_l2,125,-0.17909154295921326,1778917840.5369782
unitree_go2_flat,Episode_Reward/flat_orientation_l2,126,-0.17909154295921326,1778917841.550783
unitree_go2_flat,Episode_Reward/flat_orientation_l2,127,-0.16323214769363403,1778917842.555741
unitree_go2_flat,Episode_Reward/flat_orientation_l2,128,-0.12745949625968933,1778917843.5636153
unitree_go2_flat,Episode_Reward/flat_orientation_l2,129,-0.15877202153205872,1778917844.5702817
unitree_go2_flat,Episode_Reward/flat_orientation_l2,130,-0.1411629319190979,1778917845.5737894
unitree_go2_flat,Episode_Reward/flat_orientation_l2,131,-0.1323584020137787,1778917846.5702522
unitree_go2_flat,Episode_Reward/flat_orientation_l2,132,-0.1323584020137787,1778917847.5683317
unitree_go2_flat,Episode_Reward/flat_orientation_l2,133,-0.1323584020137787,1778917848.7053587
unitree_go2_flat,Episode_Reward/flat_orientation_l2,134,-0.12261426448822021,1778917849.7159793
unitree_go2_flat,Episode_Reward/flat_orientation_l2,135,-0.12135549634695053,1778917850.7298534
unitree_go2_flat,Episode_Reward/flat_orientation_l2,136,-0.10510885715484619,1778917851.7554233
unitree_go2_flat,Episode_Reward/flat_orientation_l2,137,-0.10201527923345566,1778917852.7596252
unitree_go2_flat,Episode_Reward/flat_orientation_l2,138,-0.10198309272527695,1778917853.7894764
unitree_go2_flat,Episode_Reward/flat_orientation_l2,139,-0.09939342737197876,1778917854.8229518
unitree_go2_flat,Episode_Reward/flat_orientation_l2,140,-0.09492224454879761,1778917855.8250835
unitree_go2_flat,Episode_Reward/flat_orientation_l2,141,-0.11302842944860458,1778917856.8389304
unitree_go2_flat,Episode_Reward/flat_orientation_l2,142,-0.11549826711416245,1778917857.8383186
unitree_go2_flat,Episode_Reward/flat_orientation_l2,143,-0.11549826711416245,1778917858.836226
unitree_go2_flat,Episode_Reward/flat_orientation_l2,144,-0.11190973967313766,1778917859.9583936
unitree_go2_flat,Episode_Reward/flat_orientation_l2,145,-0.09827335178852081,1778917860.9597406
unitree_go2_flat,Episode_Reward/flat_orientation_l2,146,-0.09827335178852081,1778917861.9620566
unitree_go2_flat,Episode_Reward/flat_orientation_l2,147,-0.09827335178852081,1778917862.9568768
unitree_go2_flat,Episode_Reward/flat_orientation_l2,148,-0.09827335178852081,1778917863.94695
unitree_go2_flat,Episode_Reward/flat_orientation_l2,149,-0.09907032549381256,1778917864.9518921
unitree_go2_flat,Episode_Reward/flat_orientation_l2,150,-0.10001220554113388,1778917865.9715369
unitree_go2_flat,Episode_Reward/flat_orientation_l2,151,-0.10001220554113388,1778917866.9964664
unitree_go2_flat,Episode_Reward/flat_orientation_l2,152,-0.12094204127788544,1778917868.0126946
unitree_go2_flat,Episode_Reward/flat_orientation_l2,153,-0.12393202632665634,1778917869.0100904
unitree_go2_flat,Episode_Reward/flat_orientation_l2,154,-0.12393202632665634,1778917870.1399019
unitree_go2_flat,Episode_Reward/flat_orientation_l2,155,-0.11920219659805298,1778917871.1392963
unitree_go2_flat,Episode_Reward/flat_orientation_l2,156,-0.06717418879270554,1778917872.155609
unitree_go2_flat,Episode_Reward/flat_orientation_l2,157,-0.06717418879270554,1778917873.162771
unitree_go2_flat,Episode_Reward/flat_orientation_l2,158,-0.06717418879270554,1778917874.1638656
unitree_go2_flat,Episode_Reward/flat_orientation_l2,159,-0.05619724839925766,1778917875.1702423
unitree_go2_flat,Episode_Reward/flat_orientation_l2,160,-0.05070878192782402,1778917876.1727898
unitree_go2_flat,Episode_Reward/flat_orientation_l2,161,-0.05070878192782402,1778917877.1788049
unitree_go2_flat,Episode_Reward/flat_orientation_l2,162,-0.05070878192782402,1778917878.1884851
unitree_go2_flat,Episode_Reward/flat_orientation_l2,163,-0.05070878192782402,1778917879.192938
unitree_go2_flat,Episode_Reward/flat_orientation_l2,164,-0.05070878192782402,1778917880.192921
unitree_go2_flat,Episode_Reward/flat_orientation_l2,165,-0.05272599682211876,1778917881.3101084
unitree_go2_flat,Episode_Reward/flat_orientation_l2,166,-0.05393632873892784,1778917882.3072042
unitree_go2_flat,Episode_Reward/flat_orientation_l2,167,-0.05393632873892784,1778917883.309463
unitree_go2_flat,Episode_Reward/flat_orientation_l2,168,-0.05393632873892784,1778917884.298012
unitree_go2_flat,Episode_Reward/flat_orientation_l2,169,-0.06330109387636185,1778917885.3020105
unitree_go2_flat,Episode_Reward/flat_orientation_l2,170,-0.07425284385681152,1778917886.3025625
unitree_go2_flat,Episode_Reward/flat_orientation_l2,171,-0.07729758322238922,1778917887.310626
unitree_go2_flat,Episode_Reward/flat_orientation_l2,172,-0.055388014763593674,1778917888.3099205
unitree_go2_flat,Episode_Reward/flat_orientation_l2,173,-0.055388014763593674,1778917889.316173
unitree_go2_flat,Episode_Reward/flat_orientation_l2,174,-0.055388014763593674,1778917890.3166697
unitree_go2_flat,Episode_Reward/flat_orientation_l2,175,-0.055388014763593674,1778917891.3338494
unitree_go2_flat,Episode_Reward/flat_orientation_l2,176,-0.06017416715621948,1778917892.4948933
unitree_go2_flat,Episode_Reward/flat_orientation_l2,177,-0.0705823004245758,1778917893.5049896
unitree_go2_flat,Episode_Reward/flat_orientation_l2,178,-0.06338351219892502,1778917894.5116978
unitree_go2_flat,Episode_Reward/flat_orientation_l2,179,-0.059790682047605515,1778917895.509859
unitree_go2_flat,Episode_Reward/flat_orientation_l2,180,-0.06107863038778305,1778917896.5072665
unitree_go2_flat,Episode_Reward/flat_orientation_l2,181,-0.08070135116577148,1778917897.5147505
unitree_go2_flat,Episode_Reward/flat_orientation_l2,182,-0.08315534889698029,1778917898.554729
unitree_go2_flat,Episode_Reward/flat_orientation_l2,183,-0.06378792226314545,1778917899.5532908
unitree_go2_flat,Episode_Reward/flat_orientation_l2,184,-0.06378792226314545,1778917900.545815
unitree_go2_flat,Episode_Reward/flat_orientation_l2,185,-0.06378792226314545,1778917901.5551932
unitree_go2_flat,Episode_Reward/flat_orientation_l2,186,-0.06498014181852341,1778917902.6607409
unitree_go2_flat,Episode_Reward/flat_orientation_l2,187,-0.0659889429807663,1778917903.6709077
unitree_go2_flat,Episode_Reward/flat_orientation_l2,188,-0.0659889429807663,1778917904.6667998
unitree_go2_flat,Episode_Reward/flat_orientation_l2,189,-0.0659889429807663,1778917905.6694856
unitree_go2_flat,Episode_Reward/flat_orientation_l2,190,-0.0659889429807663,1778917906.667718
unitree_go2_flat,Episode_Reward/flat_orientation_l2,191,-0.08088833093643188,1778917907.6808157
unitree_go2_flat,Episode_Reward/flat_orientation_l2,192,-0.08480922877788544,1778917908.6905904
unitree_go2_flat,Episode_Reward/flat_orientation_l2,193,-0.08391967415809631,1778917909.7108133
unitree_go2_flat,Episode_Reward/flat_orientation_l2,194,-0.08053939044475555,1778917910.7133286
unitree_go2_flat,Episode_Reward/flat_orientation_l2,195,-0.08053939044475555,1778917911.7096877
unitree_go2_flat,Episode_Reward/flat_orientation_l2,196,-0.08053939044475555,1778917912.7073712
unitree_go2_flat,Episode_Reward/flat_orientation_l2,197,-0.08629840612411499,1778917913.8609595
unitree_go2_flat,Episode_Reward/flat_orientation_l2,198,-0.09436103701591492,1778917914.8626678
unitree_go2_flat,Episode_Reward/flat_orientation_l2,199,-0.09436103701591492,1778917915.8665044
unitree_go2_flat,Episode_Reward/flat_orientation_l2,200,-0.09436103701591492,1778917916.8599124
unitree_go2_flat,Episode_Reward/flat_orientation_l2,201,-0.0622030608355999,1778917917.8665917
unitree_go2_flat,Episode_Reward/flat_orientation_l2,202,-0.0622030608355999,1778917918.8669238
unitree_go2_flat,Episode_Reward/flat_orientation_l2,203,-0.0622030608355999,1778917919.8742695
unitree_go2_flat,Episode_Reward/flat_orientation_l2,204,-0.0622030608355999,1778917920.8762069
unitree_go2_flat,Episode_Reward/flat_orientation_l2,205,-0.0622030608355999,1778917921.8865526
unitree_go2_flat,Episode_Reward/flat_orientation_l2,206,-0.0622030608355999,1778917922.8944082
unitree_go2_flat,Episode_Reward/flat_orientation_l2,207,-0.057427942752838135,1778917923.902824
unitree_go2_flat,Episode_Reward/flat_orientation_l2,208,-0.05722033232450485,1778917925.056378
unitree_go2_flat,Episode_Reward/flat_orientation_l2,209,-0.05722033232450485,1778917926.0525687
unitree_go2_flat,Episode_Reward/flat_orientation_l2,210,-0.05722033232450485,1778917927.0498254
unitree_go2_flat,Episode_Reward/flat_orientation_l2,211,-0.078087218105793,1778917928.0657258
unitree_go2_flat,Episode_Reward/flat_orientation_l2,212,-0.08223062753677368,1778917929.073411
unitree_go2_flat,Episode_Reward/flat_orientation_l2,213,-0.0723719671368599,1778917930.087948
unitree_go2_flat,Episode_Reward/flat_orientation_l2,214,-0.05224619433283806,1778917931.0871449
unitree_go2_flat,Episode_Reward/flat_orientation_l2,215,-0.05224619433283806,1778917932.08795
unitree_go2_flat,Episode_Reward/flat_orientation_l2,216,-0.05224619433283806,1778917933.0928633
unitree_go2_flat,Episode_Reward/flat_orientation_l2,217,-0.05224619433283806,1778917934.0926466
unitree_go2_flat,Episode_Reward/flat_orientation_l2,218,-0.06108013540506363,1778917935.1036985
unitree_go2_flat,Episode_Reward/flat_orientation_l2,219,-0.06757886707782745,1778917936.217696
unitree_go2_flat,Episode_Reward/flat_orientation_l2,220,-0.06835420429706573,1778917937.2141206
unitree_go2_flat,Episode_Reward/flat_orientation_l2,221,-0.06835420429706573,1778917938.2174816
unitree_go2_flat,Episode_Reward/flat_orientation_l2,222,-0.07373513281345367,1778917939.2257864
unitree_go2_flat,Episode_Reward/flat_orientation_l2,223,-0.07097422331571579,1778917940.23394
unitree_go2_flat,Episode_Reward/flat_orientation_l2,224,-0.06660275906324387,1778917941.2487347
unitree_go2_flat,Episode_Reward/flat_orientation_l2,225,-0.06348028033971786,1778917942.248088
unitree_go2_flat,Episode_Reward/flat_orientation_l2,226,-0.06348028033971786,1778917943.2444668
unitree_go2_flat,Episode_Reward/flat_orientation_l2,227,-0.06348028033971786,1778917944.235272
unitree_go2_flat,Episode_Reward/flat_orientation_l2,228,-0.05603925883769989,1778917945.2337058
unitree_go2_flat,Episode_Reward/flat_orientation_l2,229,-0.05497625470161438,1778917946.35317
unitree_go2_flat,Episode_Reward/flat_orientation_l2,230,-0.05497625470161438,1778917947.3470113
unitree_go2_flat,Episode_Reward/flat_orientation_l2,231,-0.05497625470161438,1778917948.3421712
unitree_go2_flat,Episode_Reward/flat_orientation_l2,232,-0.054537083953619,1778917949.343628
unitree_go2_flat,Episode_Reward/flat_orientation_l2,233,-0.05146288126707077,1778917950.3423977
unitree_go2_flat,Episode_Reward/flat_orientation_l2,234,-0.05146288126707077,1778917951.3410215
unitree_go2_flat,Episode_Reward/flat_orientation_l2,235,-0.061715658754110336,1778917952.343351
unitree_go2_flat,Episode_Reward/flat_orientation_l2,236,-0.07039108127355576,1778917953.3457966
unitree_go2_flat,Episode_Reward/flat_orientation_l2,237,-0.07039108127355576,1778917954.3391426
unitree_go2_flat,Episode_Reward/flat_orientation_l2,238,-0.07039108127355576,1778917955.3390825
unitree_go2_flat,Episode_Reward/flat_orientation_l2,239,-0.061018895357847214,1778917956.3428063
unitree_go2_flat,Episode_Reward/flat_orientation_l2,240,-0.05789482593536377,1778917957.4897318
unitree_go2_flat,Episode_Reward/flat_orientation_l2,241,-0.05789482593536377,1778917958.4882429
unitree_go2_flat,Episode_Reward/flat_orientation_l2,242,-0.05915377661585808,1778917959.4941247
unitree_go2_flat,Episode_Reward/flat_orientation_l2,243,-0.0616716705262661,1778917960.487389
unitree_go2_flat,Episode_Reward/flat_orientation_l2,244,-0.0616716705262661,1778917961.4842997
unitree_go2_flat,Episode_Reward/flat_orientation_l2,245,-0.0616716705262661,1778917962.4942725
unitree_go2_flat,Episode_Reward/flat_orientation_l2,246,-0.0616716705262661,1778917963.494532
unitree_go2_flat,Episode_Reward/flat_orientation_l2,247,-0.0616716705262661,1778917964.5027494
unitree_go2_flat,Episode_Reward/flat_orientation_l2,248,-0.058388181030750275,1778917965.5101342
unitree_go2_flat,Episode_Reward/flat_orientation_l2,249,-0.050413988530635834,1778917966.5113142
unitree_go2_flat,Episode_Reward/flat_orientation_l2,250,-0.050413988530635834,1778917967.5099494
unitree_go2_flat,Episode_Reward/flat_orientation_l2,251,-0.050413988530635834,1778917968.5884974
unitree_go2_flat,Episode_Reward/flat_orientation_l2,252,-0.05187630280852318,1778917969.6032917
unitree_go2_flat,Episode_Reward/flat_orientation_l2,253,-0.06077029928565025,1778917970.6096597
unitree_go2_flat,Episode_Reward/flat_orientation_l2,254,-0.07429143786430359,1778917971.6236627
unitree_go2_flat,Episode_Reward/flat_orientation_l2,255,-0.08925195783376694,1778917972.6476219
unitree_go2_flat,Episode_Reward/flat_orientation_l2,256,-0.11621963977813721,1778917973.6551833
unitree_go2_flat,Episode_Reward/flat_orientation_l2,257,-0.11621963977813721,1778917974.6503327
unitree_go2_flat,Episode_Reward/flat_orientation_l2,258,-0.11621963977813721,1778917975.6461778
unitree_go2_flat,Episode_Reward/flat_orientation_l2,259,-0.10560762882232666,1778917976.6628175
unitree_go2_flat,Episode_Reward/flat_orientation_l2,260,-0.05254759639501572,1778917977.663029
unitree_go2_flat,Episode_Reward/flat_orientation_l2,261,-0.05503607913851738,1778917978.676411
unitree_go2_flat,Episode_Reward/flat_orientation_l2,262,-0.07502783834934235,1778917979.7024057
unitree_go2_flat,Episode_Reward/flat_orientation_l2,263,-0.09582596272230148,1778917980.71768
unitree_go2_flat,Episode_Reward/flat_orientation_l2,264,-0.06453841924667358,1778917981.7255003
unitree_go2_flat,Episode_Reward/flat_orientation_l2,265,-0.065437451004982,1778917982.7328358
unitree_go2_flat,Episode_Reward/flat_orientation_l2,266,-0.049553483724594116,1778917983.748729
unitree_go2_flat,Episode_Reward/flat_orientation_l2,267,-0.048109494149684906,1778917984.7460213
unitree_go2_flat,Episode_Reward/flat_orientation_l2,268,-0.048109494149684906,1778917985.7467382
unitree_go2_flat,Episode_Reward/flat_orientation_l2,269,-0.05108323693275452,1778917986.7560773
unitree_go2_flat,Episode_Reward/flat_orientation_l2,270,-0.06238348409533501,1778917987.7627625
unitree_go2_flat,Episode_Reward/flat_orientation_l2,271,-0.06238348409533501,1778917988.764299
unitree_go2_flat,Episode_Reward/flat_orientation_l2,272,-0.06238348409533501,1778917989.8423297
unitree_go2_flat,Episode_Reward/flat_orientation_l2,273,-0.06238348409533501,1778917990.8459015
unitree_go2_flat,Episode_Reward/flat_orientation_l2,274,-0.06570892781019211,1778917991.8567214
unitree_go2_flat,Episode_Reward/flat_orientation_l2,275,-0.06963898241519928,1778917992.8548574
unitree_go2_flat,Episode_Reward/flat_orientation_l2,276,-0.06963898241519928,1778917993.862964
unitree_go2_flat,Episode_Reward/flat_orientation_l2,277,-0.10738343000411987,1778917994.900541
unitree_go2_flat,Episode_Reward/flat_orientation_l2,278,-0.11277549713850021,1778917995.8994412
unitree_go2_flat,Episode_Reward/flat_orientation_l2,279,-0.11277549713850021,1778917996.9002135
unitree_go2_flat,Episode_Reward/flat_orientation_l2,280,-0.11149001121520996,1778917997.9109278
unitree_go2_flat,Episode_Reward/flat_orientation_l2,281,-0.09734967350959778,1778917998.9070213
unitree_go2_flat,Episode_Reward/flat_orientation_l2,282,-0.09734967350959778,1778917999.922344
unitree_go2_flat,Episode_Reward/flat_orientation_l2,283,-0.09734967350959778,1778918001.0525382
unitree_go2_flat,Episode_Reward/flat_orientation_l2,284,-0.08781762421131134,1778918002.0637064
unitree_go2_flat,Episode_Reward/flat_orientation_l2,285,-0.08305158466100693,1778918003.07433
unitree_go2_flat,Episode_Reward/flat_orientation_l2,286,-0.08305158466100693,1778918004.0706327
unitree_go2_flat,Episode_Reward/flat_orientation_l2,287,-0.08305158466100693,1778918005.0880713
unitree_go2_flat,Episode_Reward/flat_orientation_l2,288,-0.08305158466100693,1778918006.0933464
unitree_go2_flat,Episode_Reward/flat_orientation_l2,289,-0.08305158466100693,1778918007.1010327
unitree_go2_flat,Episode_Reward/flat_orientation_l2,290,-0.08221060037612915,1778918008.115942
unitree_go2_flat,Episode_Reward/flat_orientation_l2,291,-0.08170600980520248,1778918009.1187658
unitree_go2_flat,Episode_Reward/flat_orientation_l2,292,-0.08170600980520248,1778918010.122545
unitree_go2_flat,Episode_Reward/flat_orientation_l2,293,-0.08170600980520248,1778918011.1372411
unitree_go2_flat,Episode_Reward/flat_orientation_l2,294,-0.09836015105247498,1778918012.304978
unitree_go2_flat,Episode_Reward/flat_orientation_l2,295,-0.11025597900152206,1778918013.3143191
unitree_go2_flat,Episode_Reward/flat_orientation_l2,296,-0.11025597900152206,1778918014.3222413
unitree_go2_flat,Episode_Reward/flat_orientation_l2,297,-0.06533701717853546,1778918015.3322008
unitree_go2_flat,Episode_Reward/flat_orientation_l2,298,-0.06178171560168266,1778918016.3390334
unitree_go2_flat,Episode_Reward/flat_orientation_l2,299,-0.06178171560168266,1778918017.3424976
unitree_go2_flat,Episode_Reward/dof_pos_limits,0,0.0,1778917712.6861205
unitree_go2_flat,Episode_Reward/dof_pos_limits,1,0.0,1778917713.7523346
unitree_go2_flat,Episode_Reward/dof_pos_limits,2,0.0,1778917714.7524893
unitree_go2_flat,Episode_Reward/dof_pos_limits,3,0.0,1778917716.206146
unitree_go2_flat,Episode_Reward/dof_pos_limits,4,0.0,1778917717.225209
unitree_go2_flat,Episode_Reward/dof_pos_limits,5,0.0,1778917718.3619418
unitree_go2_flat,Episode_Reward/dof_pos_limits,6,0.0,1778917719.3700545
unitree_go2_flat,Episode_Reward/dof_pos_limits,7,0.0,1778917720.3816638
unitree_go2_flat,Episode_Reward/dof_pos_limits,8,0.0,1778917721.3798523
unitree_go2_flat,Episode_Reward/dof_pos_limits,9,0.0,1778917722.3859148
unitree_go2_flat,Episode_Reward/dof_pos_limits,10,0.0,1778917723.3898952
unitree_go2_flat,Episode_Reward/dof_pos_limits,11,0.0,1778917724.3929372
unitree_go2_flat,Episode_Reward/dof_pos_limits,12,0.0,1778917725.39399
unitree_go2_flat,Episode_Reward/dof_pos_limits,13,0.0,1778917726.4032154
unitree_go2_flat,Episode_Reward/dof_pos_limits,14,0.0,1778917727.4044278
unitree_go2_flat,Episode_Reward/dof_pos_limits,15,0.0,1778917728.537407
unitree_go2_flat,Episode_Reward/dof_pos_limits,16,0.0,1778917729.5612996
unitree_go2_flat,Episode_Reward/dof_pos_limits,17,0.0,1778917730.561537
unitree_go2_flat,Episode_Reward/dof_pos_limits,18,0.0,1778917731.5635428
unitree_go2_flat,Episode_Reward/dof_pos_limits,19,0.0,1778917732.5741735
unitree_go2_flat,Episode_Reward/dof_pos_limits,20,0.0,1778917733.580205
unitree_go2_flat,Episode_Reward/dof_pos_limits,21,0.0,1778917734.5916836
unitree_go2_flat,Episode_Reward/dof_pos_limits,22,0.0,1778917735.5877843
unitree_go2_flat,Episode_Reward/dof_pos_limits,23,0.0,1778917736.5929935
unitree_go2_flat,Episode_Reward/dof_pos_limits,24,0.0,1778917737.5979066
unitree_go2_flat,Episode_Reward/dof_pos_limits,25,0.0,1778917738.6030326
unitree_go2_flat,Episode_Reward/dof_pos_limits,26,0.0,1778917739.7451627
unitree_go2_flat,Episode_Reward/dof_pos_limits,27,0.0,1778917740.7564802
unitree_go2_flat,Episode_Reward/dof_pos_limits,28,0.0,1778917741.7758396
unitree_go2_flat,Episode_Reward/dof_pos_limits,29,0.0,1778917742.783531
unitree_go2_flat,Episode_Reward/dof_pos_limits,30,0.0,1778917743.791914
unitree_go2_flat,Episode_Reward/dof_pos_limits,31,0.0,1778917744.790209
unitree_go2_flat,Episode_Reward/dof_pos_limits,32,0.0,1778917745.7993598
unitree_go2_flat,Episode_Reward/dof_pos_limits,33,0.0,1778917746.8007715
unitree_go2_flat,Episode_Reward/dof_pos_limits,34,0.0,1778917747.8151877
unitree_go2_flat,Episode_Reward/dof_pos_limits,35,0.0,1778917748.8270545
unitree_go2_flat,Episode_Reward/dof_pos_limits,36,0.0,1778917749.8344152
unitree_go2_flat,Episode_Reward/dof_pos_limits,37,0.0,1778917750.9709778
unitree_go2_flat,Episode_Reward/dof_pos_limits,38,0.0,1778917751.9783304
unitree_go2_flat,Episode_Reward/dof_pos_limits,39,0.0,1778917752.9866633
unitree_go2_flat,Episode_Reward/dof_pos_limits,40,0.0,1778917753.9976594
unitree_go2_flat,Episode_Reward/dof_pos_limits,41,0.0,1778917755.0003393
unitree_go2_flat,Episode_Reward/dof_pos_limits,42,0.0,1778917756.0103145
unitree_go2_flat,Episode_Reward/dof_pos_limits,43,0.0,1778917757.016196
unitree_go2_flat,Episode_Reward/dof_pos_limits,44,0.0,1778917758.035541
unitree_go2_flat,Episode_Reward/dof_pos_limits,45,0.0,1778917759.053015
unitree_go2_flat,Episode_Reward/dof_pos_limits,46,0.0,1778917760.0546718
unitree_go2_flat,Episode_Reward/dof_pos_limits,47,0.0,1778917761.1490846
unitree_go2_flat,Episode_Reward/dof_pos_limits,48,0.0,1778917762.1475127
unitree_go2_flat,Episode_Reward/dof_pos_limits,49,0.0,1778917763.1448734
unitree_go2_flat,Episode_Reward/dof_pos_limits,50,0.0,1778917764.1545515
unitree_go2_flat,Episode_Reward/dof_pos_limits,51,0.0,1778917765.1774771
unitree_go2_flat,Episode_Reward/dof_pos_limits,52,0.0,1778917766.207787
unitree_go2_flat,Episode_Reward/dof_pos_limits,53,0.0,1778917767.227939
unitree_go2_flat,Episode_Reward/dof_pos_limits,54,0.0,1778917768.2310073
unitree_go2_flat,Episode_Reward/dof_pos_limits,55,0.0,1778917769.2672923
unitree_go2_flat,Episode_Reward/dof_pos_limits,56,0.0,1778917770.2717607
unitree_go2_flat,Episode_Reward/dof_pos_limits,57,0.0,1778917771.280082
unitree_go2_flat,Episode_Reward/dof_pos_limits,58,0.0,1778917772.3594592
unitree_go2_flat,Episode_Reward/dof_pos_limits,59,0.0,1778917773.358344
unitree_go2_flat,Episode_Reward/dof_pos_limits,60,0.0,1778917774.3747847
unitree_go2_flat,Episode_Reward/dof_pos_limits,61,0.0,1778917775.3811512
unitree_go2_flat,Episode_Reward/dof_pos_limits,62,0.0,1778917776.3873951
unitree_go2_flat,Episode_Reward/dof_pos_limits,63,0.0,1778917777.3935392
unitree_go2_flat,Episode_Reward/dof_pos_limits,64,0.0,1778917778.397187
unitree_go2_flat,Episode_Reward/dof_pos_limits,65,0.0,1778917779.4108143
unitree_go2_flat,Episode_Reward/dof_pos_limits,66,0.0,1778917780.4427369
unitree_go2_flat,Episode_Reward/dof_pos_limits,67,0.0,1778917781.4457824
unitree_go2_flat,Episode_Reward/dof_pos_limits,68,0.0,1778917782.4593627
unitree_go2_flat,Episode_Reward/dof_pos_limits,69,0.0,1778917783.565761
unitree_go2_flat,Episode_Reward/dof_pos_limits,70,0.0,1778917784.5690176
unitree_go2_flat,Episode_Reward/dof_pos_limits,71,0.0,1778917785.5674512
unitree_go2_flat,Episode_Reward/dof_pos_limits,72,0.0,1778917786.5814843
unitree_go2_flat,Episode_Reward/dof_pos_limits,73,0.0,1778917787.5968149
unitree_go2_flat,Episode_Reward/dof_pos_limits,74,0.0,1778917788.6154912
unitree_go2_flat,Episode_Reward/dof_pos_limits,75,0.0,1778917789.6265178
unitree_go2_flat,Episode_Reward/dof_pos_limits,76,0.0,1778917790.6400545
unitree_go2_flat,Episode_Reward/dof_pos_limits,77,0.0,1778917791.644809
unitree_go2_flat,Episode_Reward/dof_pos_limits,78,0.0,1778917792.6445463
unitree_go2_flat,Episode_Reward/dof_pos_limits,79,0.0,1778917793.783882
unitree_go2_flat,Episode_Reward/dof_pos_limits,80,0.0,1778917794.7873874
unitree_go2_flat,Episode_Reward/dof_pos_limits,81,0.0,1778917795.7853963
unitree_go2_flat,Episode_Reward/dof_pos_limits,82,0.0,1778917796.7957022
unitree_go2_flat,Episode_Reward/dof_pos_limits,83,0.0,1778917797.807263
unitree_go2_flat,Episode_Reward/dof_pos_limits,84,0.0,1778917798.8134294
unitree_go2_flat,Episode_Reward/dof_pos_limits,85,0.0,1778917799.8125026
unitree_go2_flat,Episode_Reward/dof_pos_limits,86,0.0,1778917800.8274207
unitree_go2_flat,Episode_Reward/dof_pos_limits,87,0.0,1778917801.8472939
unitree_go2_flat,Episode_Reward/dof_pos_limits,88,0.0,1778917802.857108
unitree_go2_flat,Episode_Reward/dof_pos_limits,89,0.0,1778917803.8602705
unitree_go2_flat,Episode_Reward/dof_pos_limits,90,0.0,1778917805.0073965
unitree_go2_flat,Episode_Reward/dof_pos_limits,91,0.0,1778917806.0096977
unitree_go2_flat,Episode_Reward/dof_pos_limits,92,0.0,1778917807.028451
unitree_go2_flat,Episode_Reward/dof_pos_limits,93,0.0,1778917808.0389783
unitree_go2_flat,Episode_Reward/dof_pos_limits,94,0.0,1778917809.0584912
unitree_go2_flat,Episode_Reward/dof_pos_limits,95,0.0,1778917810.0585501
unitree_go2_flat,Episode_Reward/dof_pos_limits,96,0.0,1778917811.0669794
unitree_go2_flat,Episode_Reward/dof_pos_limits,97,0.0,1778917812.0916767
unitree_go2_flat,Episode_Reward/dof_pos_limits,98,0.0,1778917813.0939074
unitree_go2_flat,Episode_Reward/dof_pos_limits,99,0.0,1778917814.1079912
unitree_go2_flat,Episode_Reward/dof_pos_limits,100,0.0,1778917815.1282413
unitree_go2_flat,Episode_Reward/dof_pos_limits,101,0.0,1778917816.2500167
unitree_go2_flat,Episode_Reward/dof_pos_limits,102,0.0,1778917817.2530103
unitree_go2_flat,Episode_Reward/dof_pos_limits,103,0.0,1778917818.2635937
unitree_go2_flat,Episode_Reward/dof_pos_limits,104,0.0,1778917819.269192
unitree_go2_flat,Episode_Reward/dof_pos_limits,105,0.0,1778917820.2705061
unitree_go2_flat,Episode_Reward/dof_pos_limits,106,0.0,1778917821.2725406
unitree_go2_flat,Episode_Reward/dof_pos_limits,107,0.0,1778917822.278998
unitree_go2_flat,Episode_Reward/dof_pos_limits,108,0.0,1778917823.2964785
unitree_go2_flat,Episode_Reward/dof_pos_limits,109,0.0,1778917824.299705
unitree_go2_flat,Episode_Reward/dof_pos_limits,110,0.0,1778917825.30143
unitree_go2_flat,Episode_Reward/dof_pos_limits,111,0.0,1778917826.3143723
unitree_go2_flat,Episode_Reward/dof_pos_limits,112,0.0,1778917827.3200617
unitree_go2_flat,Episode_Reward/dof_pos_limits,113,0.0,1778917828.3264656
unitree_go2_flat,Episode_Reward/dof_pos_limits,114,0.0,1778917829.3308623
unitree_go2_flat,Episode_Reward/dof_pos_limits,115,0.0,1778917830.334848
unitree_go2_flat,Episode_Reward/dof_pos_limits,116,0.0,1778917831.3360417
unitree_go2_flat,Episode_Reward/dof_pos_limits,117,0.0,1778917832.3452628
unitree_go2_flat,Episode_Reward/dof_pos_limits,118,0.0,1778917833.357934
unitree_go2_flat,Episode_Reward/dof_pos_limits,119,0.0,1778917834.3673506
unitree_go2_flat,Episode_Reward/dof_pos_limits,120,0.0,1778917835.3773537
unitree_go2_flat,Episode_Reward/dof_pos_limits,121,0.0,1778917836.3853526
unitree_go2_flat,Episode_Reward/dof_pos_limits,122,0.0,1778917837.5339787
unitree_go2_flat,Episode_Reward/dof_pos_limits,123,0.0,1778917838.5412705
unitree_go2_flat,Episode_Reward/dof_pos_limits,124,0.0,1778917839.541329
unitree_go2_flat,Episode_Reward/dof_pos_limits,125,0.0,1778917840.5375
unitree_go2_flat,Episode_Reward/dof_pos_limits,126,0.0,1778917841.5512464
unitree_go2_flat,Episode_Reward/dof_pos_limits,127,0.0,1778917842.5562334
unitree_go2_flat,Episode_Reward/dof_pos_limits,128,0.0,1778917843.5641026
unitree_go2_flat,Episode_Reward/dof_pos_limits,129,0.0,1778917844.5707712
unitree_go2_flat,Episode_Reward/dof_pos_limits,130,0.0,1778917845.5742784
unitree_go2_flat,Episode_Reward/dof_pos_limits,131,0.0,1778917846.5707812
unitree_go2_flat,Episode_Reward/dof_pos_limits,132,0.0,1778917847.5688348
unitree_go2_flat,Episode_Reward/dof_pos_limits,133,0.0,1778917848.7058525
unitree_go2_flat,Episode_Reward/dof_pos_limits,134,0.0,1778917849.7164698
unitree_go2_flat,Episode_Reward/dof_pos_limits,135,0.0,1778917850.7303414
unitree_go2_flat,Episode_Reward/dof_pos_limits,136,0.0,1778917851.7560532
unitree_go2_flat,Episode_Reward/dof_pos_limits,137,0.0,1778917852.7601764
unitree_go2_flat,Episode_Reward/dof_pos_limits,138,0.0,1778917853.7900422
unitree_go2_flat,Episode_Reward/dof_pos_limits,139,0.0,1778917854.82349
unitree_go2_flat,Episode_Reward/dof_pos_limits,140,0.0,1778917855.8256147
unitree_go2_flat,Episode_Reward/dof_pos_limits,141,0.0,1778917856.8394265
unitree_go2_flat,Episode_Reward/dof_pos_limits,142,0.0,1778917857.8388534
unitree_go2_flat,Episode_Reward/dof_pos_limits,143,0.0,1778917858.8367023
unitree_go2_flat,Episode_Reward/dof_pos_limits,144,0.0,1778917859.9589536
unitree_go2_flat,Episode_Reward/dof_pos_limits,145,0.0,1778917860.960204
unitree_go2_flat,Episode_Reward/dof_pos_limits,146,0.0,1778917861.9626424
unitree_go2_flat,Episode_Reward/dof_pos_limits,147,0.0,1778917862.9573593
unitree_go2_flat,Episode_Reward/dof_pos_limits,148,0.0,1778917863.947423
unitree_go2_flat,Episode_Reward/dof_pos_limits,149,0.0,1778917864.9524002
unitree_go2_flat,Episode_Reward/dof_pos_limits,150,0.0,1778917865.972092
unitree_go2_flat,Episode_Reward/dof_pos_limits,151,0.0,1778917866.997108
unitree_go2_flat,Episode_Reward/dof_pos_limits,152,0.0,1778917868.0131626
unitree_go2_flat,Episode_Reward/dof_pos_limits,153,0.0,1778917869.0106091
unitree_go2_flat,Episode_Reward/dof_pos_limits,154,0.0,1778917870.1403651
unitree_go2_flat,Episode_Reward/dof_pos_limits,155,0.0,1778917871.1398137
unitree_go2_flat,Episode_Reward/dof_pos_limits,156,0.0,1778917872.1562088
unitree_go2_flat,Episode_Reward/dof_pos_limits,157,0.0,1778917873.1632562
unitree_go2_flat,Episode_Reward/dof_pos_limits,158,0.0,1778917874.1643505
unitree_go2_flat,Episode_Reward/dof_pos_limits,159,0.0,1778917875.1707764
unitree_go2_flat,Episode_Reward/dof_pos_limits,160,0.0,1778917876.1733422
unitree_go2_flat,Episode_Reward/dof_pos_limits,161,0.0,1778917877.1793303
unitree_go2_flat,Episode_Reward/dof_pos_limits,162,0.0,1778917878.1889608
unitree_go2_flat,Episode_Reward/dof_pos_limits,163,0.0,1778917879.193387
unitree_go2_flat,Episode_Reward/dof_pos_limits,164,0.0,1778917880.1934047
unitree_go2_flat,Episode_Reward/dof_pos_limits,165,0.0,1778917881.310669
unitree_go2_flat,Episode_Reward/dof_pos_limits,166,0.0,1778917882.3077192
unitree_go2_flat,Episode_Reward/dof_pos_limits,167,0.0,1778917883.3099723
unitree_go2_flat,Episode_Reward/dof_pos_limits,168,0.0,1778917884.2985206
unitree_go2_flat,Episode_Reward/dof_pos_limits,169,0.0,1778917885.3024976
unitree_go2_flat,Episode_Reward/dof_pos_limits,170,0.0,1778917886.3030503
unitree_go2_flat,Episode_Reward/dof_pos_limits,171,0.0,1778917887.3111455
unitree_go2_flat,Episode_Reward/dof_pos_limits,172,0.0,1778917888.3104148
unitree_go2_flat,Episode_Reward/dof_pos_limits,173,0.0,1778917889.3166933
unitree_go2_flat,Episode_Reward/dof_pos_limits,174,0.0,1778917890.3172562
unitree_go2_flat,Episode_Reward/dof_pos_limits,175,0.0,1778917891.3343968
unitree_go2_flat,Episode_Reward/dof_pos_limits,176,0.0,1778917892.4953892
unitree_go2_flat,Episode_Reward/dof_pos_limits,177,0.0,1778917893.5054584
unitree_go2_flat,Episode_Reward/dof_pos_limits,178,0.0,1778917894.5123067
unitree_go2_flat,Episode_Reward/dof_pos_limits,179,0.0,1778917895.5103352
unitree_go2_flat,Episode_Reward/dof_pos_limits,180,0.0,1778917896.5077984
unitree_go2_flat,Episode_Reward/dof_pos_limits,181,0.0,1778917897.5152528
unitree_go2_flat,Episode_Reward/dof_pos_limits,182,0.0,1778917898.555255
unitree_go2_flat,Episode_Reward/dof_pos_limits,183,0.0,1778917899.5538223
unitree_go2_flat,Episode_Reward/dof_pos_limits,184,0.0,1778917900.5462966
unitree_go2_flat,Episode_Reward/dof_pos_limits,185,0.0,1778917901.5557053
unitree_go2_flat,Episode_Reward/dof_pos_limits,186,0.0,1778917902.6612895
unitree_go2_flat,Episode_Reward/dof_pos_limits,187,0.0,1778917903.6714194
unitree_go2_flat,Episode_Reward/dof_pos_limits,188,0.0,1778917904.667252
unitree_go2_flat,Episode_Reward/dof_pos_limits,189,0.0,1778917905.669971
unitree_go2_flat,Episode_Reward/dof_pos_limits,190,0.0,1778917906.6681774
unitree_go2_flat,Episode_Reward/dof_pos_limits,191,0.0,1778917907.681434
unitree_go2_flat,Episode_Reward/dof_pos_limits,192,0.0,1778917908.6910543
unitree_go2_flat,Episode_Reward/dof_pos_limits,193,0.0,1778917909.711288
unitree_go2_flat,Episode_Reward/dof_pos_limits,194,0.0,1778917910.7138076
unitree_go2_flat,Episode_Reward/dof_pos_limits,195,0.0,1778917911.7101727
unitree_go2_flat,Episode_Reward/dof_pos_limits,196,0.0,1778917912.7078893
unitree_go2_flat,Episode_Reward/dof_pos_limits,197,0.0,1778917913.861488
unitree_go2_flat,Episode_Reward/dof_pos_limits,198,0.0,1778917914.8631597
unitree_go2_flat,Episode_Reward/dof_pos_limits,199,0.0,1778917915.8669894
unitree_go2_flat,Episode_Reward/dof_pos_limits,200,0.0,1778917916.8603687
unitree_go2_flat,Episode_Reward/dof_pos_limits,201,0.0,1778917917.8671107
unitree_go2_flat,Episode_Reward/dof_pos_limits,202,0.0,1778917918.8674119
unitree_go2_flat,Episode_Reward/dof_pos_limits,203,0.0,1778917919.8748293
unitree_go2_flat,Episode_Reward/dof_pos_limits,204,0.0,1778917920.8767264
unitree_go2_flat,Episode_Reward/dof_pos_limits,205,0.0,1778917921.8870804
unitree_go2_flat,Episode_Reward/dof_pos_limits,206,0.0,1778917922.8949037
unitree_go2_flat,Episode_Reward/dof_pos_limits,207,0.0,1778917923.9033146
unitree_go2_flat,Episode_Reward/dof_pos_limits,208,0.0,1778917925.056884
unitree_go2_flat,Episode_Reward/dof_pos_limits,209,0.0,1778917926.0531073
unitree_go2_flat,Episode_Reward/dof_pos_limits,210,0.0,1778917927.050304
unitree_go2_flat,Episode_Reward/dof_pos_limits,211,0.0,1778917928.0662138
unitree_go2_flat,Episode_Reward/dof_pos_limits,212,0.0,1778917929.073938
unitree_go2_flat,Episode_Reward/dof_pos_limits,213,0.0,1778917930.0884385
unitree_go2_flat,Episode_Reward/dof_pos_limits,214,0.0,1778917931.087644
unitree_go2_flat,Episode_Reward/dof_pos_limits,215,0.0,1778917932.0884438
unitree_go2_flat,Episode_Reward/dof_pos_limits,216,0.0,1778917933.0933862
unitree_go2_flat,Episode_Reward/dof_pos_limits,217,0.0,1778917934.093136
unitree_go2_flat,Episode_Reward/dof_pos_limits,218,0.0,1778917935.1041687
unitree_go2_flat,Episode_Reward/dof_pos_limits,219,0.0,1778917936.218205
unitree_go2_flat,Episode_Reward/dof_pos_limits,220,0.0,1778917937.21471
unitree_go2_flat,Episode_Reward/dof_pos_limits,221,0.0,1778917938.217986
unitree_go2_flat,Episode_Reward/dof_pos_limits,222,0.0,1778917939.2262247
unitree_go2_flat,Episode_Reward/dof_pos_limits,223,0.0,1778917940.2344227
unitree_go2_flat,Episode_Reward/dof_pos_limits,224,0.0,1778917941.2492023
unitree_go2_flat,Episode_Reward/dof_pos_limits,225,0.0,1778917942.2485485
unitree_go2_flat,Episode_Reward/dof_pos_limits,226,0.0,1778917943.2449844
unitree_go2_flat,Episode_Reward/dof_pos_limits,227,0.0,1778917944.2357872
unitree_go2_flat,Episode_Reward/dof_pos_limits,228,0.0,1778917945.2341712
unitree_go2_flat,Episode_Reward/dof_pos_limits,229,0.0,1778917946.3537714
unitree_go2_flat,Episode_Reward/dof_pos_limits,230,0.0,1778917947.3475947
unitree_go2_flat,Episode_Reward/dof_pos_limits,231,0.0,1778917948.3426962
unitree_go2_flat,Episode_Reward/dof_pos_limits,232,0.0,1778917949.3441794
unitree_go2_flat,Episode_Reward/dof_pos_limits,233,0.0,1778917950.3429008
unitree_go2_flat,Episode_Reward/dof_pos_limits,234,0.0,1778917951.3415382
unitree_go2_flat,Episode_Reward/dof_pos_limits,235,0.0,1778917952.3438525
unitree_go2_flat,Episode_Reward/dof_pos_limits,236,0.0,1778917953.3464293
unitree_go2_flat,Episode_Reward/dof_pos_limits,237,0.0,1778917954.339634
unitree_go2_flat,Episode_Reward/dof_pos_limits,238,0.0,1778917955.3395505
unitree_go2_flat,Episode_Reward/dof_pos_limits,239,0.0,1778917956.3432822
unitree_go2_flat,Episode_Reward/dof_pos_limits,240,0.0,1778917957.4902172
unitree_go2_flat,Episode_Reward/dof_pos_limits,241,0.0,1778917958.4887433
unitree_go2_flat,Episode_Reward/dof_pos_limits,242,0.0,1778917959.494684
unitree_go2_flat,Episode_Reward/dof_pos_limits,243,0.0,1778917960.4878707
unitree_go2_flat,Episode_Reward/dof_pos_limits,244,0.0,1778917961.484818
unitree_go2_flat,Episode_Reward/dof_pos_limits,245,0.0,1778917962.4947748
unitree_go2_flat,Episode_Reward/dof_pos_limits,246,0.0,1778917963.4950793
unitree_go2_flat,Episode_Reward/dof_pos_limits,247,0.0,1778917964.5031989
unitree_go2_flat,Episode_Reward/dof_pos_limits,248,0.0,1778917965.5106385
unitree_go2_flat,Episode_Reward/dof_pos_limits,249,0.0,1778917966.5117831
unitree_go2_flat,Episode_Reward/dof_pos_limits,250,0.0,1778917967.5104508
unitree_go2_flat,Episode_Reward/dof_pos_limits,251,0.0,1778917968.589012
unitree_go2_flat,Episode_Reward/dof_pos_limits,252,0.0,1778917969.6038022
unitree_go2_flat,Episode_Reward/dof_pos_limits,253,0.0,1778917970.6102257
unitree_go2_flat,Episode_Reward/dof_pos_limits,254,0.0,1778917971.6241322
unitree_go2_flat,Episode_Reward/dof_pos_limits,255,0.0,1778917972.6482573
unitree_go2_flat,Episode_Reward/dof_pos_limits,256,0.0,1778917973.6557143
unitree_go2_flat,Episode_Reward/dof_pos_limits,257,0.0,1778917974.6508443
unitree_go2_flat,Episode_Reward/dof_pos_limits,258,0.0,1778917975.646687
unitree_go2_flat,Episode_Reward/dof_pos_limits,259,0.0,1778917976.6633558
unitree_go2_flat,Episode_Reward/dof_pos_limits,260,0.0,1778917977.6635182
unitree_go2_flat,Episode_Reward/dof_pos_limits,261,0.0,1778917978.676947
unitree_go2_flat,Episode_Reward/dof_pos_limits,262,0.0,1778917979.7029138
unitree_go2_flat,Episode_Reward/dof_pos_limits,263,0.0,1778917980.7183135
unitree_go2_flat,Episode_Reward/dof_pos_limits,264,0.0,1778917981.7259843
unitree_go2_flat,Episode_Reward/dof_pos_limits,265,0.0,1778917982.7333417
unitree_go2_flat,Episode_Reward/dof_pos_limits,266,0.0,1778917983.7492313
unitree_go2_flat,Episode_Reward/dof_pos_limits,267,0.0,1778917984.7465174
unitree_go2_flat,Episode_Reward/dof_pos_limits,268,0.0,1778917985.7472181
unitree_go2_flat,Episode_Reward/dof_pos_limits,269,0.0,1778917986.7567532
unitree_go2_flat,Episode_Reward/dof_pos_limits,270,0.0,1778917987.7632215
unitree_go2_flat,Episode_Reward/dof_pos_limits,271,0.0,1778917988.7648227
unitree_go2_flat,Episode_Reward/dof_pos_limits,272,0.0,1778917989.842825
unitree_go2_flat,Episode_Reward/dof_pos_limits,273,0.0,1778917990.8463929
unitree_go2_flat,Episode_Reward/dof_pos_limits,274,0.0,1778917991.8572428
unitree_go2_flat,Episode_Reward/dof_pos_limits,275,0.0,1778917992.8553147
unitree_go2_flat,Episode_Reward/dof_pos_limits,276,0.0,1778917993.8634381
unitree_go2_flat,Episode_Reward/dof_pos_limits,277,0.0,1778917994.9011788
unitree_go2_flat,Episode_Reward/dof_pos_limits,278,0.0,1778917995.8999186
unitree_go2_flat,Episode_Reward/dof_pos_limits,279,0.0,1778917996.9007533
unitree_go2_flat,Episode_Reward/dof_pos_limits,280,0.0,1778917997.9114094
unitree_go2_flat,Episode_Reward/dof_pos_limits,281,0.0,1778917998.9075663
unitree_go2_flat,Episode_Reward/dof_pos_limits,282,0.0,1778917999.922917
unitree_go2_flat,Episode_Reward/dof_pos_limits,283,0.0,1778918001.0530386
unitree_go2_flat,Episode_Reward/dof_pos_limits,284,0.0,1778918002.0641942
unitree_go2_flat,Episode_Reward/dof_pos_limits,285,0.0,1778918003.0748165
unitree_go2_flat,Episode_Reward/dof_pos_limits,286,0.0,1778918004.0711215
unitree_go2_flat,Episode_Reward/dof_pos_limits,287,0.0,1778918005.0888174
unitree_go2_flat,Episode_Reward/dof_pos_limits,288,0.0,1778918006.0938227
unitree_go2_flat,Episode_Reward/dof_pos_limits,289,0.0,1778918007.1015155
unitree_go2_flat,Episode_Reward/dof_pos_limits,290,0.0,1778918008.11643
unitree_go2_flat,Episode_Reward/dof_pos_limits,291,0.0,1778918009.1192586
unitree_go2_flat,Episode_Reward/dof_pos_limits,292,0.0,1778918010.123135
unitree_go2_flat,Episode_Reward/dof_pos_limits,293,0.0,1778918011.1379013
unitree_go2_flat,Episode_Reward/dof_pos_limits,294,0.0,1778918012.3054414
unitree_go2_flat,Episode_Reward/dof_pos_limits,295,0.0,1778918013.3147802
unitree_go2_flat,Episode_Reward/dof_pos_limits,296,0.0,1778918014.3227549
unitree_go2_flat,Episode_Reward/dof_pos_limits,297,0.0,1778918015.33274
unitree_go2_flat,Episode_Reward/dof_pos_limits,298,0.0,1778918016.3394752
unitree_go2_flat,Episode_Reward/dof_pos_limits,299,0.0,1778918017.3429947
unitree_go2_flat,Metrics/base_velocity/error_vel_xy,0,0.0,1778917712.6870518
unitree_go2_flat,Metrics/base_velocity/error_vel_xy,1,0.0,1778917713.7531948
unitree_go2_flat,Metrics/base_velocity/error_vel_xy,2,0.0,1778917714.7533953
unitree_go2_flat,Metrics/base_velocity/error_vel_xy,3,0.015370647422969341,1778917716.2071352
unitree_go2_flat,Metrics/base_velocity/error_vel_xy,4,0.07515017688274384,1778917717.2262332
unitree_go2_flat,Metrics/base_velocity/error_vel_xy,5,0.2763374447822571,1778917718.3628943
unitree_go2_flat,Metrics/base_velocity/error_vel_xy,6,0.30196893215179443,1778917719.3710182
unitree_go2_flat,Metrics/base_velocity/error_vel_xy,7,0.30196893215179443,1778917720.382541
unitree_go2_flat,Metrics/base_velocity/error_vel_xy,8,0.30196893215179443,1778917721.380753
unitree_go2_flat,Metrics/base_velocity/error_vel_xy,9,0.30437397956848145,1778917722.386865
unitree_go2_flat,Metrics/base_velocity/error_vel_xy,10,0.3617820739746094,1778917723.3908741
unitree_go2_flat,Metrics/base_velocity/error_vel_xy,11,0.4383135735988617,1778917724.3938947
unitree_go2_flat,Metrics/base_velocity/error_vel_xy,12,0.28793007135391235,1778917725.394904
unitree_go2_flat,Metrics/base_velocity/error_vel_xy,13,0.28793007135391235,1778917726.404133
unitree_go2_flat,Metrics/base_velocity/error_vel_xy,14,0.28793007135391235,1778917727.4053314
unitree_go2_flat,Metrics/base_velocity/error_vel_xy,15,0.28793007135391235,1778917728.5383399
unitree_go2_flat,Metrics/base_velocity/error_vel_xy,16,0.48419785499572754,1778917729.562225
unitree_go2_flat,Metrics/base_velocity/error_vel_xy,17,0.9184314012527466,1778917730.5624263
unitree_go2_flat,Metrics/base_velocity/error_vel_xy,18,0.8652812838554382,1778917731.56445
unitree_go2_flat,Metrics/base_velocity/error_vel_xy,19,0.3581558167934418,1778917732.5751417
unitree_go2_flat,Metrics/base_velocity/error_vel_xy,20,0.6527529954910278,1778917733.581111
unitree_go2_flat,Metrics/base_velocity/error_vel_xy,21,0.6527529954910278,1778917734.592556
unitree_go2_flat,Metrics/base_velocity/error_vel_xy,22,0.6527529954910278,1778917735.588644
unitree_go2_flat,Metrics/base_velocity/error_vel_xy,23,0.7723629474639893,1778917736.5939574
unitree_go2_flat,Metrics/base_velocity/error_vel_xy,24,1.0628445148468018,1778917737.5988085
unitree_go2_flat,Metrics/base_velocity/error_vel_xy,25,1.0628445148468018,1778917738.603981
unitree_go2_flat,Metrics/base_velocity/error_vel_xy,26,1.0628445148468018,1778917739.746428
unitree_go2_flat,Metrics/base_velocity/error_vel_xy,27,0.5993582010269165,1778917740.7574193
unitree_go2_flat,Metrics/base_velocity/error_vel_xy,28,0.7544091939926147,1778917741.7767806
unitree_go2_flat,Metrics/base_velocity/error_vel_xy,29,0.9206217527389526,1778917742.7843962
unitree_go2_flat,Metrics/base_velocity/error_vel_xy,30,0.9206217527389526,1778917743.7928064
unitree_go2_flat,Metrics/base_velocity/error_vel_xy,31,0.9206217527389526,1778917744.791102
unitree_go2_flat,Metrics/base_velocity/error_vel_xy,32,1.0687803030014038,1778917745.8002863
unitree_go2_flat,Metrics/base_velocity/error_vel_xy,33,1.2762020826339722,1778917746.8016753
unitree_go2_flat,Metrics/base_velocity/error_vel_xy,34,0.8032593727111816,1778917747.8161347
unitree_go2_flat,Metrics/base_velocity/error_vel_xy,35,0.19262365996837616,1778917748.828013
unitree_go2_flat,Metrics/base_velocity/error_vel_xy,36,1.9524568319320679,1778917749.8353548
unitree_go2_flat,Metrics/base_velocity/error_vel_xy,37,2.033458709716797,1778917750.9718955
unitree_go2_flat,Metrics/base_velocity/error_vel_xy,38,0.3535459637641907,1778917751.9792922
unitree_go2_flat,Metrics/base_velocity/error_vel_xy,39,0.1271592676639557,1778917752.9875488
unitree_go2_flat,Metrics/base_velocity/error_vel_xy,40,0.17691555619239807,1778917753.9985557
unitree_go2_flat,Metrics/base_velocity/error_vel_xy,41,0.20676931738853455,1778917755.0012217
unitree_go2_flat,Metrics/base_velocity/error_vel_xy,42,0.25962579250335693,1778917756.01125
unitree_go2_flat,Metrics/base_velocity/error_vel_xy,43,0.26717668771743774,1778917757.017121
unitree_go2_flat,Metrics/base_velocity/error_vel_xy,44,0.2966235876083374,1778917758.0366955
unitree_go2_flat,Metrics/base_velocity/error_vel_xy,45,1.2417875528335571,1778917759.0539792
unitree_go2_flat,Metrics/base_velocity/error_vel_xy,46,1.7489712238311768,1778917760.0555549
unitree_go2_flat,Metrics/base_velocity/error_vel_xy,47,1.8784618377685547,1778917761.1500158
unitree_go2_flat,Metrics/base_velocity/error_vel_xy,48,1.8784618377685547,1778917762.1484466
unitree_go2_flat,Metrics/base_velocity/error_vel_xy,49,1.8784618377685547,1778917763.145747
unitree_go2_flat,Metrics/base_velocity/error_vel_xy,50,1.8784618377685547,1778917764.1554441
unitree_go2_flat,Metrics/base_velocity/error_vel_xy,51,1.4265830516815186,1778917765.1785045
unitree_go2_flat,Metrics/base_velocity/error_vel_xy,52,1.1130791902542114,1778917766.2087414
unitree_go2_flat,Metrics/base_velocity/error_vel_xy,53,1.261829137802124,1778917767.2290905
unitree_go2_flat,Metrics/base_velocity/error_vel_xy,54,1.3387068510055542,1778917768.2318733
unitree_go2_flat,Metrics/base_velocity/error_vel_xy,55,0.681292712688446,1778917769.268315
unitree_go2_flat,Metrics/base_velocity/error_vel_xy,56,0.49648433923721313,1778917770.2727425
unitree_go2_flat,Metrics/base_velocity/error_vel_xy,57,0.8514871597290039,1778917771.2810357
unitree_go2_flat,Metrics/base_velocity/error_vel_xy,58,0.8012537360191345,1778917772.360359
unitree_go2_flat,Metrics/base_velocity/error_vel_xy,59,0.1713452935218811,1778917773.3592012
unitree_go2_flat,Metrics/base_velocity/error_vel_xy,60,0.1713452935218811,1778917774.3760362
unitree_go2_flat,Metrics/base_velocity/error_vel_xy,61,0.812442421913147,1778917775.382195
unitree_go2_flat,Metrics/base_velocity/error_vel_xy,62,1.2652719020843506,1778917776.3882782
unitree_go2_flat,Metrics/base_velocity/error_vel_xy,63,0.2792609632015228,1778917777.3944466
unitree_go2_flat,Metrics/base_velocity/error_vel_xy,64,0.2792609632015228,1778917778.3980858
unitree_go2_flat,Metrics/base_velocity/error_vel_xy,65,0.2792609632015228,1778917779.4120588
unitree_go2_flat,Metrics/base_velocity/error_vel_xy,66,0.13618743419647217,1778917780.4436684
unitree_go2_flat,Metrics/base_velocity/error_vel_xy,67,0.09853649139404297,1778917781.4467115
unitree_go2_flat,Metrics/base_velocity/error_vel_xy,68,0.09853649139404297,1778917782.4602795
unitree_go2_flat,Metrics/base_velocity/error_vel_xy,69,0.09853649139404297,1778917783.566689
unitree_go2_flat,Metrics/base_velocity/error_vel_xy,70,0.09853649139404297,1778917784.5698738
unitree_go2_flat,Metrics/base_velocity/error_vel_xy,71,0.09853649139404297,1778917785.5683692
unitree_go2_flat,Metrics/base_velocity/error_vel_xy,72,0.5646247863769531,1778917786.5823865
unitree_go2_flat,Metrics/base_velocity/error_vel_xy,73,1.2171485424041748,1778917787.5977316
unitree_go2_flat,Metrics/base_velocity/error_vel_xy,74,1.2171485424041748,1778917788.616764
unitree_go2_flat,Metrics/base_velocity/error_vel_xy,75,1.2171485424041748,1778917789.627383
unitree_go2_flat,Metrics/base_velocity/error_vel_xy,76,1.520313024520874,1778917790.6409886
unitree_go2_flat,Metrics/base_velocity/error_vel_xy,77,1.520313024520874,1778917791.6457474
unitree_go2_flat,Metrics/base_velocity/error_vel_xy,78,1.520313024520874,1778917792.6454482
unitree_go2_flat,Metrics/base_velocity/error_vel_xy,79,1.520313024520874,1778917793.7848065
unitree_go2_flat,Metrics/base_velocity/error_vel_xy,80,1.520313024520874,1778917794.7882726
unitree_go2_flat,Metrics/base_velocity/error_vel_xy,81,1.520313024520874,1778917795.7863479
unitree_go2_flat,Metrics/base_velocity/error_vel_xy,82,2.1693778038024902,1778917796.7970042
unitree_go2_flat,Metrics/base_velocity/error_vel_xy,83,2.1975979804992676,1778917797.8085177
unitree_go2_flat,Metrics/base_velocity/error_vel_xy,84,2.1975979804992676,1778917798.8143342
unitree_go2_flat,Metrics/base_velocity/error_vel_xy,85,2.1975979804992676,1778917799.8133788
unitree_go2_flat,Metrics/base_velocity/error_vel_xy,86,1.9092164039611816,1778917800.8284466
unitree_go2_flat,Metrics/base_velocity/error_vel_xy,87,1.5505626201629639,1778917801.8482804
unitree_go2_flat,Metrics/base_velocity/error_vel_xy,88,1.5728816986083984,1778917802.8580048
unitree_go2_flat,Metrics/base_velocity/error_vel_xy,89,1.58603036403656,1778917803.8611975
unitree_go2_flat,Metrics/base_velocity/error_vel_xy,90,1.58603036403656,1778917805.0082898
unitree_go2_flat,Metrics/base_velocity/error_vel_xy,91,1.58603036403656,1778917806.010655
unitree_go2_flat,Metrics/base_velocity/error_vel_xy,92,1.750967025756836,1778917807.029411
unitree_go2_flat,Metrics/base_velocity/error_vel_xy,93,2.169381856918335,1778917808.0399404
unitree_go2_flat,Metrics/base_velocity/error_vel_xy,94,1.1652473211288452,1778917809.0595315
unitree_go2_flat,Metrics/base_velocity/error_vel_xy,95,1.147905707359314,1778917810.0594
unitree_go2_flat,Metrics/base_velocity/error_vel_xy,96,1.147905707359314,1778917811.0678556
unitree_go2_flat,Metrics/base_velocity/error_vel_xy,97,1.147905707359314,1778917812.0925531
unitree_go2_flat,Metrics/base_velocity/error_vel_xy,98,1.147905707359314,1778917813.0948083
unitree_go2_flat,Metrics/base_velocity/error_vel_xy,99,1.2018053531646729,1778917814.1089456
unitree_go2_flat,Metrics/base_velocity/error_vel_xy,100,1.2898876667022705,1778917815.129497
unitree_go2_flat,Metrics/base_velocity/error_vel_xy,101,1.2898876667022705,1778917816.2509449
unitree_go2_flat,Metrics/base_velocity/error_vel_xy,102,1.2898876667022705,1778917817.2539973
unitree_go2_flat,Metrics/base_velocity/error_vel_xy,103,1.616766333580017,1778917818.2645252
unitree_go2_flat,Metrics/base_velocity/error_vel_xy,104,1.6634633541107178,1778917819.270079
unitree_go2_flat,Metrics/base_velocity/error_vel_xy,105,1.6634633541107178,1778917820.2713559
unitree_go2_flat,Metrics/base_velocity/error_vel_xy,106,1.6634633541107178,1778917821.2734237
unitree_go2_flat,Metrics/base_velocity/error_vel_xy,107,1.6866405010223389,1778917822.2799356
unitree_go2_flat,Metrics/base_velocity/error_vel_xy,108,1.8488807678222656,1778917823.2973378
unitree_go2_flat,Metrics/base_velocity/error_vel_xy,109,1.8488807678222656,1778917824.3007011
unitree_go2_flat,Metrics/base_velocity/error_vel_xy,110,1.8488807678222656,1778917825.3022978
unitree_go2_flat,Metrics/base_velocity/error_vel_xy,111,1.8488807678222656,1778917826.3152688
unitree_go2_flat,Metrics/base_velocity/error_vel_xy,112,1.8488807678222656,1778917827.320961
unitree_go2_flat,Metrics/base_velocity/error_vel_xy,113,1.8488807678222656,1778917828.3273826
unitree_go2_flat,Metrics/base_velocity/error_vel_xy,114,1.8838375806808472,1778917829.331812
unitree_go2_flat,Metrics/base_velocity/error_vel_xy,115,1.8954899311065674,1778917830.3357828
unitree_go2_flat,Metrics/base_velocity/error_vel_xy,116,1.8954899311065674,1778917831.3372734
unitree_go2_flat,Metrics/base_velocity/error_vel_xy,117,1.8049087524414062,1778917832.346165
unitree_go2_flat,Metrics/base_velocity/error_vel_xy,118,1.623746633529663,1778917833.3588424
unitree_go2_flat,Metrics/base_velocity/error_vel_xy,119,1.623746633529663,1778917834.368208
unitree_go2_flat,Metrics/base_velocity/error_vel_xy,120,1.623746633529663,1778917835.3782148
unitree_go2_flat,Metrics/base_velocity/error_vel_xy,121,1.623746633529663,1778917836.3862553
unitree_go2_flat,Metrics/base_velocity/error_vel_xy,122,1.623746633529663,1778917837.5349324
unitree_go2_flat,Metrics/base_velocity/error_vel_xy,123,1.7163753509521484,1778917838.5422237
unitree_go2_flat,Metrics/base_velocity/error_vel_xy,124,1.9413312673568726,1778917839.5422466
unitree_go2_flat,Metrics/base_velocity/error_vel_xy,125,1.9413312673568726,1778917840.538413
unitree_go2_flat,Metrics/base_velocity/error_vel_xy,126,1.9413312673568726,1778917841.5521233
unitree_go2_flat,Metrics/base_velocity/error_vel_xy,127,1.814788818359375,1778917842.5571966
unitree_go2_flat,Metrics/base_velocity/error_vel_xy,128,1.455066442489624,1778917843.565079
unitree_go2_flat,Metrics/base_velocity/error_vel_xy,129,1.5372672080993652,1778917844.571729
unitree_go2_flat,Metrics/base_velocity/error_vel_xy,130,2.1510801315307617,1778917845.5751767
unitree_go2_flat,Metrics/base_velocity/error_vel_xy,131,2.457986354827881,1778917846.5717196
unitree_go2_flat,Metrics/base_velocity/error_vel_xy,132,2.457986354827881,1778917847.5697758
unitree_go2_flat,Metrics/base_velocity/error_vel_xy,133,2.457986354827881,1778917848.7067757
unitree_go2_flat,Metrics/base_velocity/error_vel_xy,134,1.902338981628418,1778917849.71746
unitree_go2_flat,Metrics/base_velocity/error_vel_xy,135,0.8915259838104248,1778917850.7312577
unitree_go2_flat,Metrics/base_velocity/error_vel_xy,136,1.5379317998886108,1778917851.7573566
unitree_go2_flat,Metrics/base_velocity/error_vel_xy,137,1.6797937154769897,1778917852.7611604
unitree_go2_flat,Metrics/base_velocity/error_vel_xy,138,1.5787632465362549,1778917853.7910569
unitree_go2_flat,Metrics/base_velocity/error_vel_xy,139,0.3609876334667206,1778917854.824461
unitree_go2_flat,Metrics/base_velocity/error_vel_xy,140,0.1481105089187622,1778917855.8265073
unitree_go2_flat,Metrics/base_velocity/error_vel_xy,141,1.650547981262207,1778917856.8403757
unitree_go2_flat,Metrics/base_velocity/error_vel_xy,142,1.9384558200836182,1778917857.8397686
unitree_go2_flat,Metrics/base_velocity/error_vel_xy,143,1.9384558200836182,1778917858.8375063
unitree_go2_flat,Metrics/base_velocity/error_vel_xy,144,1.9772413969039917,1778917859.9599075
unitree_go2_flat,Metrics/base_velocity/error_vel_xy,145,2.124626636505127,1778917860.961104
unitree_go2_flat,Metrics/base_velocity/error_vel_xy,146,2.124626636505127,1778917861.963669
unitree_go2_flat,Metrics/base_velocity/error_vel_xy,147,2.124626636505127,1778917862.958294
unitree_go2_flat,Metrics/base_velocity/error_vel_xy,148,2.124626636505127,1778917863.9483187
unitree_go2_flat,Metrics/base_velocity/error_vel_xy,149,2.0727152824401855,1778917864.953354
unitree_go2_flat,Metrics/base_velocity/error_vel_xy,150,2.0113656520843506,1778917865.973009
unitree_go2_flat,Metrics/base_velocity/error_vel_xy,151,2.0113656520843506,1778917866.9983864
unitree_go2_flat,Metrics/base_velocity/error_vel_xy,152,0.5194418430328369,1778917868.014028
unitree_go2_flat,Metrics/base_velocity/error_vel_xy,153,0.30630987882614136,1778917869.0115347
unitree_go2_flat,Metrics/base_velocity/error_vel_xy,154,0.30630987882614136,1778917870.1412256
unitree_go2_flat,Metrics/base_velocity/error_vel_xy,155,0.41223859786987305,1778917871.1407979
unitree_go2_flat,Metrics/base_velocity/error_vel_xy,156,1.5774545669555664,1778917872.157439
unitree_go2_flat,Metrics/base_velocity/error_vel_xy,157,1.5774545669555664,1778917873.1641083
unitree_go2_flat,Metrics/base_velocity/error_vel_xy,158,1.5774545669555664,1778917874.1652808
unitree_go2_flat,Metrics/base_velocity/error_vel_xy,159,1.589578628540039,1778917875.1717584
unitree_go2_flat,Metrics/base_velocity/error_vel_xy,160,1.5956405401229858,1778917876.1743114
unitree_go2_flat,Metrics/base_velocity/error_vel_xy,161,1.5956405401229858,1778917877.1802678
unitree_go2_flat,Metrics/base_velocity/error_vel_xy,162,1.5956405401229858,1778917878.1898284
unitree_go2_flat,Metrics/base_velocity/error_vel_xy,163,1.5956405401229858,1778917879.1942477
unitree_go2_flat,Metrics/base_velocity/error_vel_xy,164,1.5956405401229858,1778917880.194317
unitree_go2_flat,Metrics/base_velocity/error_vel_xy,165,1.632181167602539,1778917881.3116286
unitree_go2_flat,Metrics/base_velocity/error_vel_xy,166,1.654105544090271,1778917882.3086197
unitree_go2_flat,Metrics/base_velocity/error_vel_xy,167,1.654105544090271,1778917883.310891
unitree_go2_flat,Metrics/base_velocity/error_vel_xy,168,1.654105544090271,1778917884.2994132
unitree_go2_flat,Metrics/base_velocity/error_vel_xy,169,1.519283652305603,1778917885.3034086
unitree_go2_flat,Metrics/base_velocity/error_vel_xy,170,1.0142353773117065,1778917886.303993
unitree_go2_flat,Metrics/base_velocity/error_vel_xy,171,0.7222734689712524,1778917887.3120277
unitree_go2_flat,Metrics/base_velocity/error_vel_xy,172,1.4110140800476074,1778917888.3113594
unitree_go2_flat,Metrics/base_velocity/error_vel_xy,173,1.4110140800476074,1778917889.3175657
unitree_go2_flat,Metrics/base_velocity/error_vel_xy,174,1.4110140800476074,1778917890.318509
unitree_go2_flat,Metrics/base_velocity/error_vel_xy,175,1.4110140800476074,1778917891.3353658
unitree_go2_flat,Metrics/base_velocity/error_vel_xy,176,1.903622031211853,1778917892.4963193
unitree_go2_flat,Metrics/base_velocity/error_vel_xy,177,1.8771209716796875,1778917893.5064054
unitree_go2_flat,Metrics/base_velocity/error_vel_xy,178,1.224665880203247,1778917894.5136228
unitree_go2_flat,Metrics/base_velocity/error_vel_xy,179,1.1449873447418213,1778917895.5112283
unitree_go2_flat,Metrics/base_velocity/error_vel_xy,180,1.4033844470977783,1778917896.5087376
unitree_go2_flat,Metrics/base_velocity/error_vel_xy,181,1.3794506788253784,1778917897.5162544
unitree_go2_flat,Metrics/base_velocity/error_vel_xy,182,1.2242721319198608,1778917898.556213
unitree_go2_flat,Metrics/base_velocity/error_vel_xy,183,1.3372710943222046,1778917899.5547576
unitree_go2_flat,Metrics/base_velocity/error_vel_xy,184,1.3372710943222046,1778917900.5472374
unitree_go2_flat,Metrics/base_velocity/error_vel_xy,185,1.3372710943222046,1778917901.5565512
unitree_go2_flat,Metrics/base_velocity/error_vel_xy,186,1.328930139541626,1778917902.6622841
unitree_go2_flat,Metrics/base_velocity/error_vel_xy,187,1.3218724727630615,1778917903.6723235
unitree_go2_flat,Metrics/base_velocity/error_vel_xy,188,1.3218724727630615,1778917904.66812
unitree_go2_flat,Metrics/base_velocity/error_vel_xy,189,1.3218724727630615,1778917905.6708953
unitree_go2_flat,Metrics/base_velocity/error_vel_xy,190,1.3218724727630615,1778917906.6690588
unitree_go2_flat,Metrics/base_velocity/error_vel_xy,191,1.6016333103179932,1778917907.6827471
unitree_go2_flat,Metrics/base_velocity/error_vel_xy,192,1.6752545833587646,1778917908.691918
unitree_go2_flat,Metrics/base_velocity/error_vel_xy,193,1.7005376815795898,1778917909.712327
unitree_go2_flat,Metrics/base_velocity/error_vel_xy,194,1.796614170074463,1778917910.71473
unitree_go2_flat,Metrics/base_velocity/error_vel_xy,195,1.796614170074463,1778917911.7111316
unitree_go2_flat,Metrics/base_velocity/error_vel_xy,196,1.796614170074463,1778917912.7088845
unitree_go2_flat,Metrics/base_velocity/error_vel_xy,197,1.4747728109359741,1778917913.8624725
unitree_go2_flat,Metrics/base_velocity/error_vel_xy,198,1.0241949558258057,1778917914.8640292
unitree_go2_flat,Metrics/base_velocity/error_vel_xy,199,1.0241949558258057,1778917915.8679094
unitree_go2_flat,Metrics/base_velocity/error_vel_xy,200,1.0241949558258057,1778917916.861281
unitree_go2_flat,Metrics/base_velocity/error_vel_xy,201,2.1755189895629883,1778917917.8680408
unitree_go2_flat,Metrics/base_velocity/error_vel_xy,202,2.1755189895629883,1778917918.8683336
unitree_go2_flat,Metrics/base_velocity/error_vel_xy,203,2.1755189895629883,1778917919.8757899
unitree_go2_flat,Metrics/base_velocity/error_vel_xy,204,2.1755189895629883,1778917920.877873
unitree_go2_flat,Metrics/base_velocity/error_vel_xy,205,2.1755189895629883,1778917921.887997
unitree_go2_flat,Metrics/base_velocity/error_vel_xy,206,2.1755189895629883,1778917922.8957784
unitree_go2_flat,Metrics/base_velocity/error_vel_xy,207,1.5487730503082275,1778917923.9042625
unitree_go2_flat,Metrics/base_velocity/error_vel_xy,208,1.5215232372283936,1778917925.0577683
unitree_go2_flat,Metrics/base_velocity/error_vel_xy,209,1.5215232372283936,1778917926.0540657
unitree_go2_flat,Metrics/base_velocity/error_vel_xy,210,1.5215232372283936,1778917927.0512447
unitree_go2_flat,Metrics/base_velocity/error_vel_xy,211,2.010652542114258,1778917928.0671647
unitree_go2_flat,Metrics/base_velocity/error_vel_xy,212,2.3595070838928223,1778917929.0749526
unitree_go2_flat,Metrics/base_velocity/error_vel_xy,213,2.2158617973327637,1778917930.0893617
unitree_go2_flat,Metrics/base_velocity/error_vel_xy,214,1.873227596282959,1778917931.088466
unitree_go2_flat,Metrics/base_velocity/error_vel_xy,215,1.873227596282959,1778917932.0893476
unitree_go2_flat,Metrics/base_velocity/error_vel_xy,216,1.873227596282959,1778917933.0942953
unitree_go2_flat,Metrics/base_velocity/error_vel_xy,217,1.873227596282959,1778917934.0940237
unitree_go2_flat,Metrics/base_velocity/error_vel_xy,218,1.181043267250061,1778917935.1050675
unitree_go2_flat,Metrics/base_velocity/error_vel_xy,219,1.7787917852401733,1778917936.2191637
unitree_go2_flat,Metrics/base_velocity/error_vel_xy,220,1.717313289642334,1778917937.2156508
unitree_go2_flat,Metrics/base_velocity/error_vel_xy,221,1.717313289642334,1778917938.2189548
unitree_go2_flat,Metrics/base_velocity/error_vel_xy,222,1.625159740447998,1778917939.227142
unitree_go2_flat,Metrics/base_velocity/error_vel_xy,223,1.4397472143173218,1778917940.2353303
unitree_go2_flat,Metrics/base_velocity/error_vel_xy,224,1.2016807794570923,1778917941.2501113
unitree_go2_flat,Metrics/base_velocity/error_vel_xy,225,1.0316333770751953,1778917942.249434
unitree_go2_flat,Metrics/base_velocity/error_vel_xy,226,1.0316333770751953,1778917943.2458982
unitree_go2_flat,Metrics/base_velocity/error_vel_xy,227,1.0316333770751953,1778917944.2366626
unitree_go2_flat,Metrics/base_velocity/error_vel_xy,228,1.4020479917526245,1778917945.2350767
unitree_go2_flat,Metrics/base_velocity/error_vel_xy,229,1.4549643993377686,1778917946.3548117
unitree_go2_flat,Metrics/base_velocity/error_vel_xy,230,1.4549643993377686,1778917947.348543
unitree_go2_flat,Metrics/base_velocity/error_vel_xy,231,1.4549643993377686,1778917948.3435545
unitree_go2_flat,Metrics/base_velocity/error_vel_xy,232,1.4442498683929443,1778917949.3451204
unitree_go2_flat,Metrics/base_velocity/error_vel_xy,233,1.369248628616333,1778917950.3438551
unitree_go2_flat,Metrics/base_velocity/error_vel_xy,234,1.369248628616333,1778917951.342459
unitree_go2_flat,Metrics/base_velocity/error_vel_xy,235,1.216611385345459,1778917952.34481
unitree_go2_flat,Metrics/base_velocity/error_vel_xy,236,1.0874569416046143,1778917953.347683
unitree_go2_flat,Metrics/base_velocity/error_vel_xy,237,1.0874569416046143,1778917954.3405132
unitree_go2_flat,Metrics/base_velocity/error_vel_xy,238,1.0874569416046143,1778917955.3404603
unitree_go2_flat,Metrics/base_velocity/error_vel_xy,239,1.3830771446228027,1778917956.344209
unitree_go2_flat,Metrics/base_velocity/error_vel_xy,240,1.4816173315048218,1778917957.491187
unitree_go2_flat,Metrics/base_velocity/error_vel_xy,241,1.4816173315048218,1778917958.4896412
unitree_go2_flat,Metrics/base_velocity/error_vel_xy,242,1.488905668258667,1778917959.4956522
unitree_go2_flat,Metrics/base_velocity/error_vel_xy,243,1.5034823417663574,1778917960.4887662
unitree_go2_flat,Metrics/base_velocity/error_vel_xy,244,1.5034823417663574,1778917961.4857116
unitree_go2_flat,Metrics/base_velocity/error_vel_xy,245,1.5034823417663574,1778917962.4956942
unitree_go2_flat,Metrics/base_velocity/error_vel_xy,246,1.5034823417663574,1778917963.4960217
unitree_go2_flat,Metrics/base_velocity/error_vel_xy,247,1.5034823417663574,1778917964.504072
unitree_go2_flat,Metrics/base_velocity/error_vel_xy,248,1.5671682357788086,1778917965.511525
unitree_go2_flat,Metrics/base_velocity/error_vel_xy,249,1.7218339443206787,1778917966.5127103
unitree_go2_flat,Metrics/base_velocity/error_vel_xy,250,1.7218339443206787,1778917967.5113351
unitree_go2_flat,Metrics/base_velocity/error_vel_xy,251,1.7218339443206787,1778917968.5899072
unitree_go2_flat,Metrics/base_velocity/error_vel_xy,252,1.594292163848877,1778917969.6046956
unitree_go2_flat,Metrics/base_velocity/error_vel_xy,253,1.1755259037017822,1778917970.6114979
unitree_go2_flat,Metrics/base_velocity/error_vel_xy,254,1.067101240158081,1778917971.6250226
unitree_go2_flat,Metrics/base_velocity/error_vel_xy,255,1.3776655197143555,1778917972.6496246
unitree_go2_flat,Metrics/base_velocity/error_vel_xy,256,1.8371944427490234,1778917973.656604
unitree_go2_flat,Metrics/base_velocity/error_vel_xy,257,1.8371944427490234,1778917974.6517699
unitree_go2_flat,Metrics/base_velocity/error_vel_xy,258,1.8371944427490234,1778917975.6475935
unitree_go2_flat,Metrics/base_velocity/error_vel_xy,259,1.8460414409637451,1778917976.664316
unitree_go2_flat,Metrics/base_velocity/error_vel_xy,260,1.8902757167816162,1778917977.66443
unitree_go2_flat,Metrics/base_velocity/error_vel_xy,261,1.5042130947113037,1778917978.6778662
unitree_go2_flat,Metrics/base_velocity/error_vel_xy,262,1.0527830123901367,1778917979.7038634
unitree_go2_flat,Metrics/base_velocity/error_vel_xy,263,0.28330016136169434,1778917980.7195945
unitree_go2_flat,Metrics/base_velocity/error_vel_xy,264,2.0453543663024902,1778917981.7269475
unitree_go2_flat,Metrics/base_velocity/error_vel_xy,265,1.4825271368026733,1778917982.734287
unitree_go2_flat,Metrics/base_velocity/error_vel_xy,266,1.3733352422714233,1778917983.7501705
unitree_go2_flat,Metrics/base_velocity/error_vel_xy,267,1.3634088039398193,1778917984.7473917
unitree_go2_flat,Metrics/base_velocity/error_vel_xy,268,1.3634088039398193,1778917985.7481465
unitree_go2_flat,Metrics/base_velocity/error_vel_xy,269,1.5242151021957397,1778917986.7580583
unitree_go2_flat,Metrics/base_velocity/error_vel_xy,270,2.1352787017822266,1778917987.7641387
unitree_go2_flat,Metrics/base_velocity/error_vel_xy,271,2.1352787017822266,1778917988.765721
unitree_go2_flat,Metrics/base_velocity/error_vel_xy,272,2.1352787017822266,1778917989.8437195
unitree_go2_flat,Metrics/base_velocity/error_vel_xy,273,2.1352787017822266,1778917990.847272
unitree_go2_flat,Metrics/base_velocity/error_vel_xy,274,1.798824667930603,1778917991.8581903
unitree_go2_flat,Metrics/base_velocity/error_vel_xy,275,1.4011969566345215,1778917992.8561997
unitree_go2_flat,Metrics/base_velocity/error_vel_xy,276,1.4011969566345215,1778917993.8642979
unitree_go2_flat,Metrics/base_velocity/error_vel_xy,277,1.5107855796813965,1778917994.902485
unitree_go2_flat,Metrics/base_velocity/error_vel_xy,278,1.526440978050232,1778917995.9008338
unitree_go2_flat,Metrics/base_velocity/error_vel_xy,279,1.526440978050232,1778917996.9016807
unitree_go2_flat,Metrics/base_velocity/error_vel_xy,280,1.5675114393234253,1778917997.9123602
unitree_go2_flat,Metrics/base_velocity/error_vel_xy,281,2.019284725189209,1778917998.9084496
unitree_go2_flat,Metrics/base_velocity/error_vel_xy,282,2.019284725189209,1778917999.9238322
unitree_go2_flat,Metrics/base_velocity/error_vel_xy,283,2.019284725189209,1778918001.053949
unitree_go2_flat,Metrics/base_velocity/error_vel_xy,284,1.1456211805343628,1778918002.065146
unitree_go2_flat,Metrics/base_velocity/error_vel_xy,285,0.7087892293930054,1778918003.0757163
unitree_go2_flat,Metrics/base_velocity/error_vel_xy,286,0.7087892293930054,1778918004.0721033
unitree_go2_flat,Metrics/base_velocity/error_vel_xy,287,0.7087892293930054,1778918005.0900676
unitree_go2_flat,Metrics/base_velocity/error_vel_xy,288,0.7087892293930054,1778918006.0947516
unitree_go2_flat,Metrics/base_velocity/error_vel_xy,289,0.7087892293930054,1778918007.102435
unitree_go2_flat,Metrics/base_velocity/error_vel_xy,290,1.3653491735458374,1778918008.1173644
unitree_go2_flat,Metrics/base_velocity/error_vel_xy,291,1.7592849731445312,1778918009.1201246
unitree_go2_flat,Metrics/base_velocity/error_vel_xy,292,1.7592849731445312,1778918010.1241002
unitree_go2_flat,Metrics/base_velocity/error_vel_xy,293,1.7592849731445312,1778918011.138864
unitree_go2_flat,Metrics/base_velocity/error_vel_xy,294,1.046701192855835,1778918012.3063982
unitree_go2_flat,Metrics/base_velocity/error_vel_xy,295,0.5377126932144165,1778918013.315687
unitree_go2_flat,Metrics/base_velocity/error_vel_xy,296,0.5377126932144165,1778918014.3236604
unitree_go2_flat,Metrics/base_velocity/error_vel_xy,297,2.3009490966796875,1778918015.333653
unitree_go2_flat,Metrics/base_velocity/error_vel_xy,298,2.3890140056610107,1778918016.3403733
unitree_go2_flat,Metrics/base_velocity/error_vel_xy,299,2.3890140056610107,1778918017.343962
unitree_go2_flat,Metrics/base_velocity/error_vel_yaw,0,0.0,1778917712.6879802
unitree_go2_flat,Metrics/base_velocity/error_vel_yaw,1,0.0,1778917713.754089
unitree_go2_flat,Metrics/base_velocity/error_vel_yaw,2,0.0,1778917714.7543383
unitree_go2_flat,Metrics/base_velocity/error_vel_yaw,3,0.03780309110879898,1778917716.2080798
unitree_go2_flat,Metrics/base_velocity/error_vel_yaw,4,0.1421724259853363,1778917717.2272465
unitree_go2_flat,Metrics/base_velocity/error_vel_yaw,5,0.23280958831310272,1778917718.3639047
unitree_go2_flat,Metrics/base_velocity/error_vel_yaw,6,0.22793559730052948,1778917719.371945
unitree_go2_flat,Metrics/base_velocity/error_vel_yaw,7,0.22793559730052948,1778917720.3834257
unitree_go2_flat,Metrics/base_velocity/error_vel_yaw,8,0.22793559730052948,1778917721.3816817
unitree_go2_flat,Metrics/base_velocity/error_vel_yaw,9,0.27775394916534424,1778917722.3878157
unitree_go2_flat,Metrics/base_velocity/error_vel_yaw,10,0.4989144206047058,1778917723.3918197
unitree_go2_flat,Metrics/base_velocity/error_vel_yaw,11,0.46370333433151245,1778917724.3948762
unitree_go2_flat,Metrics/base_velocity/error_vel_yaw,12,0.5681496858596802,1778917725.3958392
unitree_go2_flat,Metrics/base_velocity/error_vel_yaw,13,0.5681496858596802,1778917726.405071
unitree_go2_flat,Metrics/base_velocity/error_vel_yaw,14,0.5681496858596802,1778917727.406227
unitree_go2_flat,Metrics/base_velocity/error_vel_yaw,15,0.5681496858596802,1778917728.5392323
unitree_go2_flat,Metrics/base_velocity/error_vel_yaw,16,0.7945031523704529,1778917729.563215
unitree_go2_flat,Metrics/base_velocity/error_vel_yaw,17,0.6634182333946228,1778917730.5633502
unitree_go2_flat,Metrics/base_velocity/error_vel_yaw,18,0.6892921328544617,1778917731.5653455
unitree_go2_flat,Metrics/base_velocity/error_vel_yaw,19,0.9346855878829956,1778917732.576115
unitree_go2_flat,Metrics/base_velocity/error_vel_yaw,20,0.7856540679931641,1778917733.5820243
unitree_go2_flat,Metrics/base_velocity/error_vel_yaw,21,0.7856540679931641,1778917734.5934625
unitree_go2_flat,Metrics/base_velocity/error_vel_yaw,22,0.7856540679931641,1778917735.589513
unitree_go2_flat,Metrics/base_velocity/error_vel_yaw,23,0.8758231997489929,1778917736.5949197
unitree_go2_flat,Metrics/base_velocity/error_vel_yaw,24,1.0948052406311035,1778917737.5996885
unitree_go2_flat,Metrics/base_velocity/error_vel_yaw,25,1.0948052406311035,1778917738.60492
unitree_go2_flat,Metrics/base_velocity/error_vel_yaw,26,1.0948052406311035,1778917739.7476864
unitree_go2_flat,Metrics/base_velocity/error_vel_yaw,27,1.278127908706665,1778917740.7583818
unitree_go2_flat,Metrics/base_velocity/error_vel_yaw,28,1.2361239194869995,1778917741.7777228
unitree_go2_flat,Metrics/base_velocity/error_vel_yaw,29,1.1819758415222168,1778917742.7852805
unitree_go2_flat,Metrics/base_velocity/error_vel_yaw,30,1.1819758415222168,1778917743.7937098
unitree_go2_flat,Metrics/base_velocity/error_vel_yaw,31,1.1819758415222168,1778917744.7919974
unitree_go2_flat,Metrics/base_velocity/error_vel_yaw,32,1.146070957183838,1778917745.8011966
unitree_go2_flat,Metrics/base_velocity/error_vel_yaw,33,1.09580397605896,1778917746.8025517
unitree_go2_flat,Metrics/base_velocity/error_vel_yaw,34,1.3771381378173828,1778917747.817081
unitree_go2_flat,Metrics/base_velocity/error_vel_yaw,35,0.4202847182750702,1778917748.8289642
unitree_go2_flat,Metrics/base_velocity/error_vel_yaw,36,1.5552005767822266,1778917749.8363054
unitree_go2_flat,Metrics/base_velocity/error_vel_yaw,37,1.6133544445037842,1778917750.9728184
unitree_go2_flat,Metrics/base_velocity/error_vel_yaw,38,0.4535042643547058,1778917751.980255
unitree_go2_flat,Metrics/base_velocity/error_vel_yaw,39,0.2901063561439514,1778917752.9884617
unitree_go2_flat,Metrics/base_velocity/error_vel_yaw,40,0.3492657542228699,1778917753.9994783
unitree_go2_flat,Metrics/base_velocity/error_vel_yaw,41,0.38476142287254333,1778917755.0021412
unitree_go2_flat,Metrics/base_velocity/error_vel_yaw,42,0.30889183282852173,1778917756.012164
unitree_go2_flat,Metrics/base_velocity/error_vel_yaw,43,0.2980533242225647,1778917757.0180402
unitree_go2_flat,Metrics/base_velocity/error_vel_yaw,44,0.23681537806987762,1778917758.0376713
unitree_go2_flat,Metrics/base_velocity/error_vel_yaw,45,1.1400399208068848,1778917759.0549617
unitree_go2_flat,Metrics/base_velocity/error_vel_yaw,46,1.6925513744354248,1778917760.0564718
unitree_go2_flat,Metrics/base_velocity/error_vel_yaw,47,1.6740078926086426,1778917761.1509705
unitree_go2_flat,Metrics/base_velocity/error_vel_yaw,48,1.6740078926086426,1778917762.1493526
unitree_go2_flat,Metrics/base_velocity/error_vel_yaw,49,1.6740078926086426,1778917763.1466591
unitree_go2_flat,Metrics/base_velocity/error_vel_yaw,50,1.6740078926086426,1778917764.1562905
unitree_go2_flat,Metrics/base_velocity/error_vel_yaw,51,1.5729272365570068,1778917765.1794846
unitree_go2_flat,Metrics/base_velocity/error_vel_yaw,52,1.4942736625671387,1778917766.2097175
unitree_go2_flat,Metrics/base_velocity/error_vel_yaw,53,1.281475305557251,1778917767.230107
unitree_go2_flat,Metrics/base_velocity/error_vel_yaw,54,1.3782563209533691,1778917768.2327485
unitree_go2_flat,Metrics/base_velocity/error_vel_yaw,55,1.0638779401779175,1778917769.269375
unitree_go2_flat,Metrics/base_velocity/error_vel_yaw,56,1.0235843658447266,1778917770.2737277
unitree_go2_flat,Metrics/base_velocity/error_vel_yaw,57,1.3452085256576538,1778917771.2819822
unitree_go2_flat,Metrics/base_velocity/error_vel_yaw,58,0.8180493116378784,1778917772.3613338
unitree_go2_flat,Metrics/base_velocity/error_vel_yaw,59,0.1743634194135666,1778917773.360066
unitree_go2_flat,Metrics/base_velocity/error_vel_yaw,60,0.1743634194135666,1778917774.377274
unitree_go2_flat,Metrics/base_velocity/error_vel_yaw,61,1.191540002822876,1778917775.3832326
unitree_go2_flat,Metrics/base_velocity/error_vel_yaw,62,1.9037708044052124,1778917776.3891828
unitree_go2_flat,Metrics/base_velocity/error_vel_yaw,63,0.27074533700942993,1778917777.3953676
unitree_go2_flat,Metrics/base_velocity/error_vel_yaw,64,0.27074533700942993,1778917778.3990135
unitree_go2_flat,Metrics/base_velocity/error_vel_yaw,65,0.27074533700942993,1778917779.4132836
unitree_go2_flat,Metrics/base_velocity/error_vel_yaw,66,0.18595850467681885,1778917780.4445982
unitree_go2_flat,Metrics/base_velocity/error_vel_yaw,67,0.16364619135856628,1778917781.4476454
unitree_go2_flat,Metrics/base_velocity/error_vel_yaw,68,0.16364619135856628,1778917782.461191
unitree_go2_flat,Metrics/base_velocity/error_vel_yaw,69,0.16364619135856628,1778917783.5676312
unitree_go2_flat,Metrics/base_velocity/error_vel_yaw,70,0.16364619135856628,1778917784.5707757
unitree_go2_flat,Metrics/base_velocity/error_vel_yaw,71,0.16364619135856628,1778917785.5693004
unitree_go2_flat,Metrics/base_velocity/error_vel_yaw,72,0.3391314446926117,1778917786.5832896
unitree_go2_flat,Metrics/base_velocity/error_vel_yaw,73,0.5848108530044556,1778917787.598662
unitree_go2_flat,Metrics/base_velocity/error_vel_yaw,74,0.5848108530044556,1778917788.6180167
unitree_go2_flat,Metrics/base_velocity/error_vel_yaw,75,0.5848108530044556,1778917789.6282706
unitree_go2_flat,Metrics/base_velocity/error_vel_yaw,76,1.6951897144317627,1778917790.641929
unitree_go2_flat,Metrics/base_velocity/error_vel_yaw,77,1.6951897144317627,1778917791.6466937
unitree_go2_flat,Metrics/base_velocity/error_vel_yaw,78,1.6951897144317627,1778917792.6463287
unitree_go2_flat,Metrics/base_velocity/error_vel_yaw,79,1.6951897144317627,1778917793.7857232
unitree_go2_flat,Metrics/base_velocity/error_vel_yaw,80,1.6951897144317627,1778917794.789175
unitree_go2_flat,Metrics/base_velocity/error_vel_yaw,81,1.6951897144317627,1778917795.7872913
unitree_go2_flat,Metrics/base_velocity/error_vel_yaw,82,1.9740581512451172,1778917796.798349
unitree_go2_flat,Metrics/base_velocity/error_vel_yaw,83,1.9861829280853271,1778917797.8097758
unitree_go2_flat,Metrics/base_velocity/error_vel_yaw,84,1.9861829280853271,1778917798.8152862
unitree_go2_flat,Metrics/base_velocity/error_vel_yaw,85,1.9861829280853271,1778917799.814303
unitree_go2_flat,Metrics/base_velocity/error_vel_yaw,86,1.8680925369262695,1778917800.8294537
unitree_go2_flat,Metrics/base_velocity/error_vel_yaw,87,1.7934041023254395,1778917801.8492496
unitree_go2_flat,Metrics/base_velocity/error_vel_yaw,88,1.7184078693389893,1778917802.8589284
unitree_go2_flat,Metrics/base_velocity/error_vel_yaw,89,1.5303771495819092,1778917803.8620977
unitree_go2_flat,Metrics/base_velocity/error_vel_yaw,90,1.5303771495819092,1778917805.0091648
unitree_go2_flat,Metrics/base_velocity/error_vel_yaw,91,1.5303771495819092,1778917806.011636
unitree_go2_flat,Metrics/base_velocity/error_vel_yaw,92,1.532613754272461,1778917807.0303802
unitree_go2_flat,Metrics/base_velocity/error_vel_yaw,93,1.9751052856445312,1778917808.040868
unitree_go2_flat,Metrics/base_velocity/error_vel_yaw,94,1.6974825859069824,1778917809.0606167
unitree_go2_flat,Metrics/base_velocity/error_vel_yaw,95,2.1380562782287598,1778917810.0602853
unitree_go2_flat,Metrics/base_velocity/error_vel_yaw,96,2.1380562782287598,1778917811.06876
unitree_go2_flat,Metrics/base_velocity/error_vel_yaw,97,2.1380562782287598,1778917812.093465
unitree_go2_flat,Metrics/base_velocity/error_vel_yaw,98,2.1380562782287598,1778917813.0957046
unitree_go2_flat,Metrics/base_velocity/error_vel_yaw,99,2.001781463623047,1778917814.1099436
unitree_go2_flat,Metrics/base_velocity/error_vel_yaw,100,2.1308183670043945,1778917815.1307554
unitree_go2_flat,Metrics/base_velocity/error_vel_yaw,101,2.1308183670043945,1778917816.2518182
unitree_go2_flat,Metrics/base_velocity/error_vel_yaw,102,2.1308183670043945,1778917817.2550073
unitree_go2_flat,Metrics/base_velocity/error_vel_yaw,103,1.727163553237915,1778917818.2654648
unitree_go2_flat,Metrics/base_velocity/error_vel_yaw,104,1.6694984436035156,1778917819.2710466
unitree_go2_flat,Metrics/base_velocity/error_vel_yaw,105,1.6694984436035156,1778917820.2722533
unitree_go2_flat,Metrics/base_velocity/error_vel_yaw,106,1.6694984436035156,1778917821.2743196
unitree_go2_flat,Metrics/base_velocity/error_vel_yaw,107,1.691965937614441,1778917822.280881
unitree_go2_flat,Metrics/base_velocity/error_vel_yaw,108,1.8492377996444702,1778917823.2982786
unitree_go2_flat,Metrics/base_velocity/error_vel_yaw,109,1.8492377996444702,1778917824.301727
unitree_go2_flat,Metrics/base_velocity/error_vel_yaw,110,1.8492377996444702,1778917825.3032537
unitree_go2_flat,Metrics/base_velocity/error_vel_yaw,111,1.8492377996444702,1778917826.316194
unitree_go2_flat,Metrics/base_velocity/error_vel_yaw,112,1.8492377996444702,1778917827.3218393
unitree_go2_flat,Metrics/base_velocity/error_vel_yaw,113,1.8492377996444702,1778917828.328266
unitree_go2_flat,Metrics/base_velocity/error_vel_yaw,114,2.0283455848693848,1778917829.3327317
unitree_go2_flat,Metrics/base_velocity/error_vel_yaw,115,2.088047981262207,1778917830.3366635
unitree_go2_flat,Metrics/base_velocity/error_vel_yaw,116,2.088047981262207,1778917831.3385394
unitree_go2_flat,Metrics/base_velocity/error_vel_yaw,117,1.982767105102539,1778917832.3471048
unitree_go2_flat,Metrics/base_velocity/error_vel_yaw,118,1.772205114364624,1778917833.3597898
unitree_go2_flat,Metrics/base_velocity/error_vel_yaw,119,1.772205114364624,1778917834.369095
unitree_go2_flat,Metrics/base_velocity/error_vel_yaw,120,1.772205114364624,1778917835.379127
unitree_go2_flat,Metrics/base_velocity/error_vel_yaw,121,1.772205114364624,1778917836.3871615
unitree_go2_flat,Metrics/base_velocity/error_vel_yaw,122,1.772205114364624,1778917837.5360126
unitree_go2_flat,Metrics/base_velocity/error_vel_yaw,123,1.684403419494629,1778917838.5431433
unitree_go2_flat,Metrics/base_velocity/error_vel_yaw,124,1.4711706638336182,1778917839.543199
unitree_go2_flat,Metrics/base_velocity/error_vel_yaw,125,1.4711706638336182,1778917840.539281
unitree_go2_flat,Metrics/base_velocity/error_vel_yaw,126,1.4711706638336182,1778917841.5530245
unitree_go2_flat,Metrics/base_velocity/error_vel_yaw,127,1.5147227048873901,1778917842.558107
unitree_go2_flat,Metrics/base_velocity/error_vel_yaw,128,1.6813633441925049,1778917843.5660145
unitree_go2_flat,Metrics/base_velocity/error_vel_yaw,129,1.8136608600616455,1778917844.5726476
unitree_go2_flat,Metrics/base_velocity/error_vel_yaw,130,1.4678831100463867,1778917845.576142
unitree_go2_flat,Metrics/base_velocity/error_vel_yaw,131,1.2949942350387573,1778917846.572678
unitree_go2_flat,Metrics/base_velocity/error_vel_yaw,132,1.2949942350387573,1778917847.5706692
unitree_go2_flat,Metrics/base_velocity/error_vel_yaw,133,1.2949942350387573,1778917848.7076957
unitree_go2_flat,Metrics/base_velocity/error_vel_yaw,134,1.5328283309936523,1778917849.7184496
unitree_go2_flat,Metrics/base_velocity/error_vel_yaw,135,1.5831634998321533,1778917850.7321932
unitree_go2_flat,Metrics/base_velocity/error_vel_yaw,136,1.8882068395614624,1778917851.7587028
unitree_go2_flat,Metrics/base_velocity/error_vel_yaw,137,1.8554548025131226,1778917852.7621493
unitree_go2_flat,Metrics/base_velocity/error_vel_yaw,138,1.7411744594573975,1778917853.792068
unitree_go2_flat,Metrics/base_velocity/error_vel_yaw,139,0.43966206908226013,1778917854.8254528
unitree_go2_flat,Metrics/base_velocity/error_vel_yaw,140,0.35080820322036743,1778917855.8273978
unitree_go2_flat,Metrics/base_velocity/error_vel_yaw,141,1.4685275554656982,1778917856.841345
unitree_go2_flat,Metrics/base_velocity/error_vel_yaw,142,1.8259557485580444,1778917857.8407106
unitree_go2_flat,Metrics/base_velocity/error_vel_yaw,143,1.8259557485580444,1778917858.8383644
unitree_go2_flat,Metrics/base_velocity/error_vel_yaw,144,1.7704894542694092,1778917859.9608743
unitree_go2_flat,Metrics/base_velocity/error_vel_yaw,145,1.5597176551818848,1778917860.9620135
unitree_go2_flat,Metrics/base_velocity/error_vel_yaw,146,1.5597176551818848,1778917861.9646719
unitree_go2_flat,Metrics/base_velocity/error_vel_yaw,147,1.5597176551818848,1778917862.9592268
unitree_go2_flat,Metrics/base_velocity/error_vel_yaw,148,1.5597176551818848,1778917863.9492555
unitree_go2_flat,Metrics/base_velocity/error_vel_yaw,149,1.51462984085083,1778917864.9542928
unitree_go2_flat,Metrics/base_velocity/error_vel_yaw,150,1.4613441228866577,1778917865.9739413
unitree_go2_flat,Metrics/base_velocity/error_vel_yaw,151,1.4613441228866577,1778917866.9996452
unitree_go2_flat,Metrics/base_velocity/error_vel_yaw,152,0.597429633140564,1778917868.0149343
unitree_go2_flat,Metrics/base_velocity/error_vel_yaw,153,0.4740132689476013,1778917869.012432
unitree_go2_flat,Metrics/base_velocity/error_vel_yaw,154,0.4740132689476013,1778917870.1421087
unitree_go2_flat,Metrics/base_velocity/error_vel_yaw,155,0.5606854557991028,1778917871.1417625
unitree_go2_flat,Metrics/base_velocity/error_vel_yaw,156,1.5140795707702637,1778917872.158719
unitree_go2_flat,Metrics/base_velocity/error_vel_yaw,157,1.5140795707702637,1778917873.1650097
unitree_go2_flat,Metrics/base_velocity/error_vel_yaw,158,1.5140795707702637,1778917874.1661932
unitree_go2_flat,Metrics/base_velocity/error_vel_yaw,159,1.6048407554626465,1778917875.1727076
unitree_go2_flat,Metrics/base_velocity/error_vel_yaw,160,1.6502212285995483,1778917876.1752553
unitree_go2_flat,Metrics/base_velocity/error_vel_yaw,161,1.6502212285995483,1778917877.181234
unitree_go2_flat,Metrics/base_velocity/error_vel_yaw,162,1.6502212285995483,1778917878.1907732
unitree_go2_flat,Metrics/base_velocity/error_vel_yaw,163,1.6502212285995483,1778917879.1951544
unitree_go2_flat,Metrics/base_velocity/error_vel_yaw,164,1.6502212285995483,1778917880.1952486
unitree_go2_flat,Metrics/base_velocity/error_vel_yaw,165,1.9548267126083374,1778917881.312613
unitree_go2_flat,Metrics/base_velocity/error_vel_yaw,166,2.137589931488037,1778917882.3094897
unitree_go2_flat,Metrics/base_velocity/error_vel_yaw,167,2.137589931488037,1778917883.3118072
unitree_go2_flat,Metrics/base_velocity/error_vel_yaw,168,2.137589931488037,1778917884.300315
unitree_go2_flat,Metrics/base_velocity/error_vel_yaw,169,1.671166181564331,1778917885.3043282
unitree_go2_flat,Metrics/base_velocity/error_vel_yaw,170,1.7418817281723022,1778917886.3049712
unitree_go2_flat,Metrics/base_velocity/error_vel_yaw,171,2.030364513397217,1778917887.3129737
unitree_go2_flat,Metrics/base_velocity/error_vel_yaw,172,2.1030595302581787,1778917888.312286
unitree_go2_flat,Metrics/base_velocity/error_vel_yaw,173,2.1030595302581787,1778917889.3184783
unitree_go2_flat,Metrics/base_velocity/error_vel_yaw,174,2.1030595302581787,1778917890.3197794
unitree_go2_flat,Metrics/base_velocity/error_vel_yaw,175,2.1030595302581787,1778917891.33633
unitree_go2_flat,Metrics/base_velocity/error_vel_yaw,176,1.815030813217163,1778917892.4972534
unitree_go2_flat,Metrics/base_velocity/error_vel_yaw,177,1.62785804271698,1778917893.5073612
unitree_go2_flat,Metrics/base_velocity/error_vel_yaw,178,1.4304440021514893,1778917894.5148935
unitree_go2_flat,Metrics/base_velocity/error_vel_yaw,179,1.379065752029419,1778917895.5121891
unitree_go2_flat,Metrics/base_velocity/error_vel_yaw,180,1.5683574676513672,1778917896.5096707
unitree_go2_flat,Metrics/base_velocity/error_vel_yaw,181,1.7963764667510986,1778917897.5172079
unitree_go2_flat,Metrics/base_velocity/error_vel_yaw,182,1.8068621158599854,1778917898.5572205
unitree_go2_flat,Metrics/base_velocity/error_vel_yaw,183,1.8938031196594238,1778917899.5556831
unitree_go2_flat,Metrics/base_velocity/error_vel_yaw,184,1.8938031196594238,1778917900.5481155
unitree_go2_flat,Metrics/base_velocity/error_vel_yaw,185,1.8938031196594238,1778917901.557504
unitree_go2_flat,Metrics/base_velocity/error_vel_yaw,186,1.6594645977020264,1778917902.6633086
unitree_go2_flat,Metrics/base_velocity/error_vel_yaw,187,1.4611780643463135,1778917903.673227
unitree_go2_flat,Metrics/base_velocity/error_vel_yaw,188,1.4611780643463135,1778917904.669016
unitree_go2_flat,Metrics/base_velocity/error_vel_yaw,189,1.4611780643463135,1778917905.6718285
unitree_go2_flat,Metrics/base_velocity/error_vel_yaw,190,1.4611780643463135,1778917906.669986
unitree_go2_flat,Metrics/base_velocity/error_vel_yaw,191,2.039034843444824,1778917907.6840117
unitree_go2_flat,Metrics/base_velocity/error_vel_yaw,192,2.1911025047302246,1778917908.692844
unitree_go2_flat,Metrics/base_velocity/error_vel_yaw,193,2.172126054763794,1778917909.7132797
unitree_go2_flat,Metrics/base_velocity/error_vel_yaw,194,2.100015640258789,1778917910.7156365
unitree_go2_flat,Metrics/base_velocity/error_vel_yaw,195,2.100015640258789,1778917911.7120733
unitree_go2_flat,Metrics/base_velocity/error_vel_yaw,196,2.100015640258789,1778917912.709792
unitree_go2_flat,Metrics/base_velocity/error_vel_yaw,197,1.8613977432250977,1778917913.8634417
unitree_go2_flat,Metrics/base_velocity/error_vel_yaw,198,1.5273330211639404,1778917914.8649638
unitree_go2_flat,Metrics/base_velocity/error_vel_yaw,199,1.5273330211639404,1778917915.8688335
unitree_go2_flat,Metrics/base_velocity/error_vel_yaw,200,1.5273330211639404,1778917916.862157
unitree_go2_flat,Metrics/base_velocity/error_vel_yaw,201,1.5740492343902588,1778917917.8689914
unitree_go2_flat,Metrics/base_velocity/error_vel_yaw,202,1.5740492343902588,1778917918.8692377
unitree_go2_flat,Metrics/base_velocity/error_vel_yaw,203,1.5740492343902588,1778917919.8767312
unitree_go2_flat,Metrics/base_velocity/error_vel_yaw,204,1.5740492343902588,1778917920.878798
unitree_go2_flat,Metrics/base_velocity/error_vel_yaw,205,1.5740492343902588,1778917921.8888721
unitree_go2_flat,Metrics/base_velocity/error_vel_yaw,206,1.5740492343902588,1778917922.8966835
unitree_go2_flat,Metrics/base_velocity/error_vel_yaw,207,2.1338140964508057,1778917923.90521
unitree_go2_flat,Metrics/base_velocity/error_vel_yaw,208,2.158151626586914,1778917925.05867
unitree_go2_flat,Metrics/base_velocity/error_vel_yaw,209,2.158151626586914,1778917926.055021
unitree_go2_flat,Metrics/base_velocity/error_vel_yaw,210,2.158151626586914,1778917927.052212
unitree_go2_flat,Metrics/base_velocity/error_vel_yaw,211,1.5459156036376953,1778917928.068077
unitree_go2_flat,Metrics/base_velocity/error_vel_yaw,212,1.457760214805603,1778917929.0759237
unitree_go2_flat,Metrics/base_velocity/error_vel_yaw,213,1.587935447692871,1778917930.0903268
unitree_go2_flat,Metrics/base_velocity/error_vel_yaw,214,1.8541944026947021,1778917931.0893717
unitree_go2_flat,Metrics/base_velocity/error_vel_yaw,215,1.8541944026947021,1778917932.0902307
unitree_go2_flat,Metrics/base_velocity/error_vel_yaw,216,1.8541944026947021,1778917933.095235
unitree_go2_flat,Metrics/base_velocity/error_vel_yaw,217,1.8541944026947021,1778917934.094982
unitree_go2_flat,Metrics/base_velocity/error_vel_yaw,218,2.078979969024658,1778917935.10608
unitree_go2_flat,Metrics/base_velocity/error_vel_yaw,219,1.7471952438354492,1778917936.220102
unitree_go2_flat,Metrics/base_velocity/error_vel_yaw,220,1.338881254196167,1778917937.2165477
unitree_go2_flat,Metrics/base_velocity/error_vel_yaw,221,1.338881254196167,1778917938.21986
unitree_go2_flat,Metrics/base_velocity/error_vel_yaw,222,1.6577470302581787,1778917939.228094
unitree_go2_flat,Metrics/base_velocity/error_vel_yaw,223,1.440161943435669,1778917940.2362523
unitree_go2_flat,Metrics/base_velocity/error_vel_yaw,224,1.413177251815796,1778917941.25104
unitree_go2_flat,Metrics/base_velocity/error_vel_yaw,225,1.3939025402069092,1778917942.2503164
unitree_go2_flat,Metrics/base_velocity/error_vel_yaw,226,1.3939025402069092,1778917943.246843
unitree_go2_flat,Metrics/base_velocity/error_vel_yaw,227,1.3939025402069092,1778917944.2375169
unitree_go2_flat,Metrics/base_velocity/error_vel_yaw,228,1.4155519008636475,1778917945.2360032
unitree_go2_flat,Metrics/base_velocity/error_vel_yaw,229,1.418644666671753,1778917946.3558102
unitree_go2_flat,Metrics/base_velocity/error_vel_yaw,230,1.418644666671753,1778917947.3495312
unitree_go2_flat,Metrics/base_velocity/error_vel_yaw,231,1.418644666671753,1778917948.3444378
unitree_go2_flat,Metrics/base_velocity/error_vel_yaw,232,1.506622314453125,1778917949.3461225
unitree_go2_flat,Metrics/base_velocity/error_vel_yaw,233,2.122467041015625,1778917950.3447752
unitree_go2_flat,Metrics/base_velocity/error_vel_yaw,234,2.122467041015625,1778917951.343362
unitree_go2_flat,Metrics/base_velocity/error_vel_yaw,235,1.90634286403656,1778917952.345792
unitree_go2_flat,Metrics/base_velocity/error_vel_yaw,236,1.723468542098999,1778917953.3489366
unitree_go2_flat,Metrics/base_velocity/error_vel_yaw,237,1.723468542098999,1778917954.3414323
unitree_go2_flat,Metrics/base_velocity/error_vel_yaw,238,1.723468542098999,1778917955.341345
unitree_go2_flat,Metrics/base_velocity/error_vel_yaw,239,1.5291122198104858,1778917956.3451495
unitree_go2_flat,Metrics/base_velocity/error_vel_yaw,240,1.4643266201019287,1778917957.4921753
unitree_go2_flat,Metrics/base_velocity/error_vel_yaw,241,1.4643266201019287,1778917958.490557
unitree_go2_flat,Metrics/base_velocity/error_vel_yaw,242,1.3929297924041748,1778917959.4965448
unitree_go2_flat,Metrics/base_velocity/error_vel_yaw,243,1.2501357793807983,1778917960.4897106
unitree_go2_flat,Metrics/base_velocity/error_vel_yaw,244,1.2501357793807983,1778917961.4866216
unitree_go2_flat,Metrics/base_velocity/error_vel_yaw,245,1.2501357793807983,1778917962.496567
unitree_go2_flat,Metrics/base_velocity/error_vel_yaw,246,1.2501357793807983,1778917963.4969256
unitree_go2_flat,Metrics/base_velocity/error_vel_yaw,247,1.2501357793807983,1778917964.504971
unitree_go2_flat,Metrics/base_velocity/error_vel_yaw,248,1.4951070547103882,1778917965.512446
unitree_go2_flat,Metrics/base_velocity/error_vel_yaw,249,2.0900368690490723,1778917966.5136409
unitree_go2_flat,Metrics/base_velocity/error_vel_yaw,250,2.0900368690490723,1778917967.5122128
unitree_go2_flat,Metrics/base_velocity/error_vel_yaw,251,2.0900368690490723,1778917968.5908544
unitree_go2_flat,Metrics/base_velocity/error_vel_yaw,252,1.9830548763275146,1778917969.605615
unitree_go2_flat,Metrics/base_velocity/error_vel_yaw,253,1.6559323072433472,1778917970.6127841
unitree_go2_flat,Metrics/base_velocity/error_vel_yaw,254,1.6374038457870483,1778917971.625889
unitree_go2_flat,Metrics/base_velocity/error_vel_yaw,255,1.5637261867523193,1778917972.6509528
unitree_go2_flat,Metrics/base_velocity/error_vel_yaw,256,1.367525577545166,1778917973.6574893
unitree_go2_flat,Metrics/base_velocity/error_vel_yaw,257,1.367525577545166,1778917974.6526256
unitree_go2_flat,Metrics/base_velocity/error_vel_yaw,258,1.367525577545166,1778917975.6485028
unitree_go2_flat,Metrics/base_velocity/error_vel_yaw,259,1.4391449689865112,1778917976.6652741
unitree_go2_flat,Metrics/base_velocity/error_vel_yaw,260,1.7972416877746582,1778917977.6653314
unitree_go2_flat,Metrics/base_velocity/error_vel_yaw,261,1.916983962059021,1778917978.6788416
unitree_go2_flat,Metrics/base_velocity/error_vel_yaw,262,1.321533203125,1778917979.7048144
unitree_go2_flat,Metrics/base_velocity/error_vel_yaw,263,0.4134838581085205,1778917980.7208407
unitree_go2_flat,Metrics/base_velocity/error_vel_yaw,264,1.8602555990219116,1778917981.727958
unitree_go2_flat,Metrics/base_velocity/error_vel_yaw,265,1.8525408506393433,1778917982.735244
unitree_go2_flat,Metrics/base_velocity/error_vel_yaw,266,2.2102718353271484,1778917983.751151
unitree_go2_flat,Metrics/base_velocity/error_vel_yaw,267,2.2427926063537598,1778917984.7482805
unitree_go2_flat,Metrics/base_velocity/error_vel_yaw,268,2.2427926063537598,1778917985.7490895
unitree_go2_flat,Metrics/base_velocity/error_vel_yaw,269,2.0328593254089355,1778917986.7593398
unitree_go2_flat,Metrics/base_velocity/error_vel_yaw,270,1.2351125478744507,1778917987.7650824
unitree_go2_flat,Metrics/base_velocity/error_vel_yaw,271,1.2351125478744507,1778917988.7667084
unitree_go2_flat,Metrics/base_velocity/error_vel_yaw,272,1.2351125478744507,1778917989.844618
unitree_go2_flat,Metrics/base_velocity/error_vel_yaw,273,1.2351125478744507,1778917990.848201
unitree_go2_flat,Metrics/base_velocity/error_vel_yaw,274,1.368175983428955,1778917991.8591387
unitree_go2_flat,Metrics/base_velocity/error_vel_yaw,275,1.5254329442977905,1778917992.8570852
unitree_go2_flat,Metrics/base_velocity/error_vel_yaw,276,1.5254329442977905,1778917993.8652213
unitree_go2_flat,Metrics/base_velocity/error_vel_yaw,277,1.7085325717926025,1778917994.9038
unitree_go2_flat,Metrics/base_velocity/error_vel_yaw,278,1.7346895933151245,1778917995.90184
unitree_go2_flat,Metrics/base_velocity/error_vel_yaw,279,1.7346895933151245,1778917996.9025695
unitree_go2_flat,Metrics/base_velocity/error_vel_yaw,280,1.7503776550292969,1778917997.9132948
unitree_go2_flat,Metrics/base_velocity/error_vel_yaw,281,1.9229458570480347,1778917998.9093802
unitree_go2_flat,Metrics/base_velocity/error_vel_yaw,282,1.9229458570480347,1778917999.924751
unitree_go2_flat,Metrics/base_velocity/error_vel_yaw,283,1.9229458570480347,1778918001.0548944
unitree_go2_flat,Metrics/base_velocity/error_vel_yaw,284,1.648125410079956,1778918002.066114
unitree_go2_flat,Metrics/base_velocity/error_vel_yaw,285,1.5107152462005615,1778918003.0766299
unitree_go2_flat,Metrics/base_velocity/error_vel_yaw,286,1.5107152462005615,1778918004.0730147
unitree_go2_flat,Metrics/base_velocity/error_vel_yaw,287,1.5107152462005615,1778918005.091067
unitree_go2_flat,Metrics/base_velocity/error_vel_yaw,288,1.5107152462005615,1778918006.0956602
unitree_go2_flat,Metrics/base_velocity/error_vel_yaw,289,1.5107152462005615,1778918007.1033251
unitree_go2_flat,Metrics/base_velocity/error_vel_yaw,290,1.68162202835083,1778918008.1183276
unitree_go2_flat,Metrics/base_velocity/error_vel_yaw,291,1.7841662168502808,1778918009.121011
unitree_go2_flat,Metrics/base_velocity/error_vel_yaw,292,1.7841662168502808,1778918010.1250725
unitree_go2_flat,Metrics/base_velocity/error_vel_yaw,293,1.7841662168502808,1778918011.1398091
unitree_go2_flat,Metrics/base_velocity/error_vel_yaw,294,1.6601089239120483,1778918012.3073337
unitree_go2_flat,Metrics/base_velocity/error_vel_yaw,295,1.5714963674545288,1778918013.3166015
unitree_go2_flat,Metrics/base_velocity/error_vel_yaw,296,1.5714963674545288,1778918014.324543
unitree_go2_flat,Metrics/base_velocity/error_vel_yaw,297,2.196948528289795,1778918015.3345585
unitree_go2_flat,Metrics/base_velocity/error_vel_yaw,298,2.2257771492004395,1778918016.3412402
unitree_go2_flat,Metrics/base_velocity/error_vel_yaw,299,2.2257771492004395,1778918017.3448768
unitree_go2_flat,Episode_Termination/time_out,0,0.0,1778917712.6889157
unitree_go2_flat,Episode_Termination/time_out,1,0.0,1778917713.7550344
unitree_go2_flat,Episode_Termination/time_out,2,0.0,1778917714.7552428
unitree_go2_flat,Episode_Termination/time_out,3,0.0338541679084301,1778917716.2090476
unitree_go2_flat,Episode_Termination/time_out,4,0.1328125,1778917717.2282434
unitree_go2_flat,Episode_Termination/time_out,5,0.2291666716337204,1778917718.3648334
unitree_go2_flat,Episode_Termination/time_out,6,0.25,1778917719.3728657
unitree_go2_flat,Episode_Termination/time_out,7,0.25,1778917720.3843179
unitree_go2_flat,Episode_Termination/time_out,8,0.25,1778917721.3825953
unitree_go2_flat,Episode_Termination/time_out,9,0.25,1778917722.3887806
unitree_go2_flat,Episode_Termination/time_out,10,0.2604166865348816,1778917723.3927562
unitree_go2_flat,Episode_Termination/time_out,11,0.34375,1778917724.3958185
unitree_go2_flat,Episode_Termination/time_out,12,0.375,1778917725.3967526
unitree_go2_flat,Episode_Termination/time_out,13,0.375,1778917726.4060025
unitree_go2_flat,Episode_Termination/time_out,14,0.375,1778917727.4071434
unitree_go2_flat,Episode_Termination/time_out,15,0.375,1778917728.5401092
unitree_go2_flat,Episode_Termination/time_out,16,0.4505208432674408,1778917729.5642061
unitree_go2_flat,Episode_Termination/time_out,17,0.5,1778917730.5642447
unitree_go2_flat,Episode_Termination/time_out,18,0.5052083730697632,1778917731.5662901
unitree_go2_flat,Episode_Termination/time_out,19,0.5755208730697632,1778917732.5770319
unitree_go2_flat,Episode_Termination/time_out,20,0.625,1778917733.5829575
unitree_go2_flat,Episode_Termination/time_out,21,0.625,1778917734.5943255
unitree_go2_flat,Episode_Termination/time_out,22,0.625,1778917735.590437
unitree_go2_flat,Episode_Termination/time_out,23,0.6432291865348816,1778917736.5958152
unitree_go2_flat,Episode_Termination/time_out,24,0.6875,1778917737.600533
unitree_go2_flat,Episode_Termination/time_out,25,0.6875,1778917738.6058698
unitree_go2_flat,Episode_Termination/time_out,26,0.6875,1778917739.7489522
unitree_go2_flat,Episode_Termination/time_out,27,0.6875,1778917740.7593155
unitree_go2_flat,Episode_Termination/time_out,28,0.6484375,1778917741.77866
unitree_go2_flat,Episode_Termination/time_out,29,0.625,1778917742.7861676
unitree_go2_flat,Episode_Termination/time_out,30,0.625,1778917743.794561
unitree_go2_flat,Episode_Termination/time_out,31,0.625,1778917744.7928743
unitree_go2_flat,Episode_Termination/time_out,32,0.6510416865348816,1778917745.8020957
unitree_go2_flat,Episode_Termination/time_out,33,0.6875,1778917746.8034678
unitree_go2_flat,Episode_Termination/time_out,34,0.7395833730697632,1778917747.8180282
unitree_go2_flat,Episode_Termination/time_out,35,0.75,1778917748.8298721
unitree_go2_flat,Episode_Termination/time_out,36,0.75,1778917749.8372486
unitree_go2_flat,Episode_Termination/time_out,37,0.75,1778917750.9737246
unitree_go2_flat,Episode_Termination/time_out,38,0.6458333730697632,1778917751.981257
unitree_go2_flat,Episode_Termination/time_out,39,0.625,1778917752.9893792
unitree_go2_flat,Episode_Termination/time_out,40,0.5859375,1778917754.0003996
unitree_go2_flat,Episode_Termination/time_out,41,0.5625,1778917755.0030925
unitree_go2_flat,Episode_Termination/time_out,42,0.5625,1778917756.0131004
unitree_go2_flat,Episode_Termination/time_out,43,0.5625,1778917757.0189779
unitree_go2_flat,Episode_Termination/time_out,44,0.5625,1778917758.038643
unitree_go2_flat,Episode_Termination/time_out,45,0.5625,1778917759.0559797
unitree_go2_flat,Episode_Termination/time_out,46,0.5625,1778917760.0573604
unitree_go2_flat,Episode_Termination/time_out,47,0.5625,1778917761.151923
unitree_go2_flat,Episode_Termination/time_out,48,0.5625,1778917762.150258
unitree_go2_flat,Episode_Termination/time_out,49,0.5625,1778917763.1475208
unitree_go2_flat,Episode_Termination/time_out,50,0.5625,1778917764.157207
unitree_go2_flat,Episode_Termination/time_out,51,0.5338541865348816,1778917765.1804574
unitree_go2_flat,Episode_Termination/time_out,52,0.5625,1778917766.2107008
unitree_go2_flat,Episode_Termination/time_out,53,0.5625,1778917767.2311006
unitree_go2_flat,Episode_Termination/time_out,54,0.5625,1778917768.233621
unitree_go2_flat,Episode_Termination/time_out,55,0.5078125,1778917769.2704008
unitree_go2_flat,Episode_Termination/time_out,56,0.5,1778917770.2747183
unitree_go2_flat,Episode_Termination/time_out,57,0.5,1778917771.2829707
unitree_go2_flat,Episode_Termination/time_out,58,0.5,1778917772.362329
unitree_go2_flat,Episode_Termination/time_out,59,0.5,1778917773.3609679
unitree_go2_flat,Episode_Termination/time_out,60,0.5,1778917774.378522
unitree_go2_flat,Episode_Termination/time_out,61,0.5,1778917775.3842618
unitree_go2_flat,Episode_Termination/time_out,62,0.5,1778917776.3900871
unitree_go2_flat,Episode_Termination/time_out,63,0.5,1778917777.3962994
unitree_go2_flat,Episode_Termination/time_out,64,0.5,1778917778.399938
unitree_go2_flat,Episode_Termination/time_out,65,0.5,1778917779.414547
unitree_go2_flat,Episode_Termination/time_out,66,0.5,1778917780.4455574
unitree_go2_flat,Episode_Termination/time_out,67,0.5,1778917781.4485085
unitree_go2_flat,Episode_Termination/time_out,68,0.5,1778917782.462124
unitree_go2_flat,Episode_Termination/time_out,69,0.5,1778917783.5685325
unitree_go2_flat,Episode_Termination/time_out,70,0.5,1778917784.5717006
unitree_go2_flat,Episode_Termination/time_out,71,0.5,1778917785.5702722
unitree_go2_flat,Episode_Termination/time_out,72,0.5,1778917786.5842106
unitree_go2_flat,Episode_Termination/time_out,73,0.5,1778917787.5995488
unitree_go2_flat,Episode_Termination/time_out,74,0.5,1778917788.6192753
unitree_go2_flat,Episode_Termination/time_out,75,0.5,1778917789.6291666
unitree_go2_flat,Episode_Termination/time_out,76,0.5,1778917790.6428719
unitree_go2_flat,Episode_Termination/time_out,77,0.5,1778917791.6475654
unitree_go2_flat,Episode_Termination/time_out,78,0.5,1778917792.6472034
unitree_go2_flat,Episode_Termination/time_out,79,0.5,1778917793.786623
unitree_go2_flat,Episode_Termination/time_out,80,0.5,1778917794.790079
unitree_go2_flat,Episode_Termination/time_out,81,0.5,1778917795.7882383
unitree_go2_flat,Episode_Termination/time_out,82,0.5598958730697632,1778917796.7996533
unitree_go2_flat,Episode_Termination/time_out,83,0.5625,1778917797.811021
unitree_go2_flat,Episode_Termination/time_out,84,0.5625,1778917798.8162313
unitree_go2_flat,Episode_Termination/time_out,85,0.5625,1778917799.8152256
unitree_go2_flat,Episode_Termination/time_out,86,0.6197916865348816,1778917800.8304462
unitree_go2_flat,Episode_Termination/time_out,87,0.625,1778917801.8502016
unitree_go2_flat,Episode_Termination/time_out,88,0.625,1778917802.8598585
unitree_go2_flat,Episode_Termination/time_out,89,0.625,1778917803.863051
unitree_go2_flat,Episode_Termination/time_out,90,0.625,1778917805.0100737
unitree_go2_flat,Episode_Termination/time_out,91,0.625,1778917806.0125947
unitree_go2_flat,Episode_Termination/time_out,92,0.6432291865348816,1778917807.031321
unitree_go2_flat,Episode_Termination/time_out,93,0.6875,1778917808.0418305
unitree_go2_flat,Episode_Termination/time_out,94,0.7291666865348816,1778917809.061664
unitree_go2_flat,Episode_Termination/time_out,95,0.75,1778917810.0611954
unitree_go2_flat,Episode_Termination/time_out,96,0.75,1778917811.0696616
unitree_go2_flat,Episode_Termination/time_out,97,0.75,1778917812.094374
unitree_go2_flat,Episode_Termination/time_out,98,0.75,1778917813.0965276
unitree_go2_flat,Episode_Termination/time_out,99,0.7552083730697632,1778917814.1109147
unitree_go2_flat,Episode_Termination/time_out,100,0.8125,1778917815.1319985
unitree_go2_flat,Episode_Termination/time_out,101,0.8125,1778917816.2526934
unitree_go2_flat,Episode_Termination/time_out,102,0.8125,1778917817.2559903
unitree_go2_flat,Episode_Termination/time_out,103,0.8125,1778917818.266411
unitree_go2_flat,Episode_Termination/time_out,104,0.8125,1778917819.2719862
unitree_go2_flat,Episode_Termination/time_out,105,0.8125,1778917820.2731996
unitree_go2_flat,Episode_Termination/time_out,106,0.8125,1778917821.275245
unitree_go2_flat,Episode_Termination/time_out,107,0.8203125,1778917822.2817988
unitree_go2_flat,Episode_Termination/time_out,108,0.875,1778917823.299201
unitree_go2_flat,Episode_Termination/time_out,109,0.875,1778917824.302769
unitree_go2_flat,Episode_Termination/time_out,110,0.875,1778917825.3041952
unitree_go2_flat,Episode_Termination/time_out,111,0.875,1778917826.3171487
unitree_go2_flat,Episode_Termination/time_out,112,0.875,1778917827.3227582
unitree_go2_flat,Episode_Termination/time_out,113,0.875,1778917828.329165
unitree_go2_flat,Episode_Termination/time_out,114,0.921875,1778917829.333664
unitree_go2_flat,Episode_Termination/time_out,115,0.9375,1778917830.3375437
unitree_go2_flat,Episode_Termination/time_out,116,0.9375,1778917831.3398433
unitree_go2_flat,Episode_Termination/time_out,117,0.9583333730697632,1778917832.3480537
unitree_go2_flat,Episode_Termination/time_out,118,1.0,1778917833.3607092
unitree_go2_flat,Episode_Termination/time_out,119,1.0,1778917834.370003
unitree_go2_flat,Episode_Termination/time_out,120,1.0,1778917835.3800895
unitree_go2_flat,Episode_Termination/time_out,121,1.0,1778917836.388057
unitree_go2_flat,Episode_Termination/time_out,122,1.0,1778917837.5369525
unitree_go2_flat,Episode_Termination/time_out,123,1.0,1778917838.5440788
unitree_go2_flat,Episode_Termination/time_out,124,1.0,1778917839.5440762
unitree_go2_flat,Episode_Termination/time_out,125,1.0,1778917840.540165
unitree_go2_flat,Episode_Termination/time_out,126,1.0,1778917841.5539203
unitree_go2_flat,Episode_Termination/time_out,127,1.0,1778917842.5590684
unitree_go2_flat,Episode_Termination/time_out,128,1.0,1778917843.566991
unitree_go2_flat,Episode_Termination/time_out,129,1.0,1778917844.5735362
unitree_go2_flat,Episode_Termination/time_out,130,1.0,1778917845.5770917
unitree_go2_flat,Episode_Termination/time_out,131,1.0,1778917846.5736587
unitree_go2_flat,Episode_Termination/time_out,132,1.0,1778917847.571549
unitree_go2_flat,Episode_Termination/time_out,133,1.0,1778917848.7085626
unitree_go2_flat,Episode_Termination/time_out,134,1.0,1778917849.7193978
unitree_go2_flat,Episode_Termination/time_out,135,1.0,1778917850.733144
unitree_go2_flat,Episode_Termination/time_out,136,1.0,1778917851.7600393
unitree_go2_flat,Episode_Termination/time_out,137,1.0,1778917852.7631302
unitree_go2_flat,Episode_Termination/time_out,138,0.9947916865348816,1778917853.7930768
unitree_go2_flat,Episode_Termination/time_out,139,0.9166666865348816,1778917854.8264327
unitree_go2_flat,Episode_Termination/time_out,140,0.875,1778917855.828328
unitree_go2_flat,Episode_Termination/time_out,141,0.875,1778917856.8423247
unitree_go2_flat,Episode_Termination/time_out,142,0.875,1778917857.8416457
unitree_go2_flat,Episode_Termination/time_out,143,0.875,1778917858.8392308
unitree_go2_flat,Episode_Termination/time_out,144,0.875,1778917859.961849
unitree_go2_flat,Episode_Termination/time_out,145,0.875,1778917860.9629474
unitree_go2_flat,Episode_Termination/time_out,146,0.875,1778917861.9656482
unitree_go2_flat,Episode_Termination/time_out,147,0.875,1778917862.96014
unitree_go2_flat,Episode_Termination/time_out,148,0.875,1778917863.9501684
unitree_go2_flat,Episode_Termination/time_out,149,0.875,1778917864.9552455
unitree_go2_flat,Episode_Termination/time_out,150,0.875,1778917865.9748864
unitree_go2_flat,Episode_Termination/time_out,151,0.875,1778917867.000928
unitree_go2_flat,Episode_Termination/time_out,152,0.8203125,1778917868.0158496
unitree_go2_flat,Episode_Termination/time_out,153,0.8125,1778917869.013327
unitree_go2_flat,Episode_Termination/time_out,154,0.8125,1778917870.1429865
unitree_go2_flat,Episode_Termination/time_out,155,0.8125,1778917871.1427402
unitree_go2_flat,Episode_Termination/time_out,156,0.8125,1778917872.1598985
unitree_go2_flat,Episode_Termination/time_out,157,0.8125,1778917873.1659153
unitree_go2_flat,Episode_Termination/time_out,158,0.8125,1778917874.1671076
unitree_go2_flat,Episode_Termination/time_out,159,0.8125,1778917875.173673
unitree_go2_flat,Episode_Termination/time_out,160,0.8125,1778917876.1762304
unitree_go2_flat,Episode_Termination/time_out,161,0.8125,1778917877.182192
unitree_go2_flat,Episode_Termination/time_out,162,0.8125,1778917878.191686
unitree_go2_flat,Episode_Termination/time_out,163,0.8125,1778917879.1961234
unitree_go2_flat,Episode_Termination/time_out,164,0.8125,1778917880.1961722
unitree_go2_flat,Episode_Termination/time_out,165,0.8125,1778917881.313528
unitree_go2_flat,Episode_Termination/time_out,166,0.8125,1778917882.3103888
unitree_go2_flat,Episode_Termination/time_out,167,0.8125,1778917883.3127553
unitree_go2_flat,Episode_Termination/time_out,168,0.8125,1778917884.3012223
unitree_go2_flat,Episode_Termination/time_out,169,0.8125,1778917885.3052447
unitree_go2_flat,Episode_Termination/time_out,170,0.8125,1778917886.3059008
unitree_go2_flat,Episode_Termination/time_out,171,0.8125,1778917887.3139057
unitree_go2_flat,Episode_Termination/time_out,172,0.8125,1778917888.3132212
unitree_go2_flat,Episode_Termination/time_out,173,0.8125,1778917889.3194077
unitree_go2_flat,Episode_Termination/time_out,174,0.8125,1778917890.3210297
unitree_go2_flat,Episode_Termination/time_out,175,0.8125,1778917891.3373146
unitree_go2_flat,Episode_Termination/time_out,176,0.8125,1778917892.498211
unitree_go2_flat,Episode_Termination/time_out,177,0.8125,1778917893.5083253
unitree_go2_flat,Episode_Termination/time_out,178,0.8125,1778917894.5161715
unitree_go2_flat,Episode_Termination/time_out,179,0.8125,1778917895.513113
unitree_go2_flat,Episode_Termination/time_out,180,0.8385416865348816,1778917896.510591
unitree_go2_flat,Episode_Termination/time_out,181,0.9166666865348816,1778917897.518132
unitree_go2_flat,Episode_Termination/time_out,182,0.9375,1778917898.5582619
unitree_go2_flat,Episode_Termination/time_out,183,0.9375,1778917899.556547
unitree_go2_flat,Episode_Termination/time_out,184,0.9375,1778917900.549006
unitree_go2_flat,Episode_Termination/time_out,185,0.9375,1778917901.5585883
unitree_go2_flat,Episode_Termination/time_out,186,0.9375,1778917902.664335
unitree_go2_flat,Episode_Termination/time_out,187,0.9375,1778917903.6741054
unitree_go2_flat,Episode_Termination/time_out,188,0.9375,1778917904.6698983
unitree_go2_flat,Episode_Termination/time_out,189,0.9375,1778917905.6727345
unitree_go2_flat,Episode_Termination/time_out,190,0.9375,1778917906.6709144
unitree_go2_flat,Episode_Termination/time_out,191,0.9375,1778917907.685266
unitree_go2_flat,Episode_Termination/time_out,192,0.9375,1778917908.6937299
unitree_go2_flat,Episode_Termination/time_out,193,0.9505208730697632,1778917909.714224
unitree_go2_flat,Episode_Termination/time_out,194,1.0,1778917910.7165308
unitree_go2_flat,Episode_Termination/time_out,195,1.0,1778917911.7129724
unitree_go2_flat,Episode_Termination/time_out,196,1.0,1778917912.7106762
unitree_go2_flat,Episode_Termination/time_out,197,1.0,1778917913.8643453
unitree_go2_flat,Episode_Termination/time_out,198,1.0,1778917914.8658462
unitree_go2_flat,Episode_Termination/time_out,199,1.0,1778917915.8697436
unitree_go2_flat,Episode_Termination/time_out,200,1.0,1778917916.8630364
unitree_go2_flat,Episode_Termination/time_out,201,1.0,1778917917.86993
unitree_go2_flat,Episode_Termination/time_out,202,1.0,1778917918.8701482
unitree_go2_flat,Episode_Termination/time_out,203,1.0,1778917919.877654
unitree_go2_flat,Episode_Termination/time_out,204,1.0,1778917920.8797138
unitree_go2_flat,Episode_Termination/time_out,205,1.0,1778917921.8897717
unitree_go2_flat,Episode_Termination/time_out,206,1.0,1778917922.897546
unitree_go2_flat,Episode_Termination/time_out,207,1.0,1778917923.906164
unitree_go2_flat,Episode_Termination/time_out,208,1.0,1778917925.0595512
unitree_go2_flat,Episode_Termination/time_out,209,1.0,1778917926.0559683
unitree_go2_flat,Episode_Termination/time_out,210,1.0,1778917927.053156
unitree_go2_flat,Episode_Termination/time_out,211,1.0,1778917928.0690105
unitree_go2_flat,Episode_Termination/time_out,212,1.0,1778917929.0768595
unitree_go2_flat,Episode_Termination/time_out,213,1.0,1778917930.091317
unitree_go2_flat,Episode_Termination/time_out,214,1.0,1778917931.0902567
unitree_go2_flat,Episode_Termination/time_out,215,1.0,1778917932.0911493
unitree_go2_flat,Episode_Termination/time_out,216,1.0,1778917933.0961707
unitree_go2_flat,Episode_Termination/time_out,217,1.0,1778917934.0959384
unitree_go2_flat,Episode_Termination/time_out,218,1.0,1778917935.1070707
unitree_go2_flat,Episode_Termination/time_out,219,1.0,1778917936.2211077
unitree_go2_flat,Episode_Termination/time_out,220,1.0,1778917937.2175276
unitree_go2_flat,Episode_Termination/time_out,221,1.0,1778917938.2208004
unitree_go2_flat,Episode_Termination/time_out,222,1.0,1778917939.229039
unitree_go2_flat,Episode_Termination/time_out,223,1.0,1778917940.2371743
unitree_go2_flat,Episode_Termination/time_out,224,1.0,1778917941.2519588
unitree_go2_flat,Episode_Termination/time_out,225,1.0,1778917942.2512238
unitree_go2_flat,Episode_Termination/time_out,226,1.0,1778917943.247751
unitree_go2_flat,Episode_Termination/time_out,227,1.0,1778917944.2383976
unitree_go2_flat,Episode_Termination/time_out,228,1.0,1778917945.2369359
unitree_go2_flat,Episode_Termination/time_out,229,1.0,1778917946.356827
unitree_go2_flat,Episode_Termination/time_out,230,1.0,1778917947.350515
unitree_go2_flat,Episode_Termination/time_out,231,1.0,1778917948.3453295
unitree_go2_flat,Episode_Termination/time_out,232,1.0,1778917949.3471212
unitree_go2_flat,Episode_Termination/time_out,233,1.0,1778917950.3456993
unitree_go2_flat,Episode_Termination/time_out,234,1.0,1778917951.3443322
unitree_go2_flat,Episode_Termination/time_out,235,1.0,1778917952.3467593
unitree_go2_flat,Episode_Termination/time_out,236,1.0,1778917953.3501737
unitree_go2_flat,Episode_Termination/time_out,237,1.0,1778917954.3423755
unitree_go2_flat,Episode_Termination/time_out,238,1.0,1778917955.3422372
unitree_go2_flat,Episode_Termination/time_out,239,1.0,1778917956.3460958
unitree_go2_flat,Episode_Termination/time_out,240,1.0,1778917957.4931092
unitree_go2_flat,Episode_Termination/time_out,241,1.0,1778917958.4914985
unitree_go2_flat,Episode_Termination/time_out,242,1.0,1778917959.497489
unitree_go2_flat,Episode_Termination/time_out,243,1.0,1778917960.4906676
unitree_go2_flat,Episode_Termination/time_out,244,1.0,1778917961.487516
unitree_go2_flat,Episode_Termination/time_out,245,1.0,1778917962.4974284
unitree_go2_flat,Episode_Termination/time_out,246,1.0,1778917963.4978516
unitree_go2_flat,Episode_Termination/time_out,247,1.0,1778917964.5058696
unitree_go2_flat,Episode_Termination/time_out,248,1.0,1778917965.5134096
unitree_go2_flat,Episode_Termination/time_out,249,1.0,1778917966.5145388
unitree_go2_flat,Episode_Termination/time_out,250,1.0,1778917967.5131006
unitree_go2_flat,Episode_Termination/time_out,251,1.0,1778917968.591803
unitree_go2_flat,Episode_Termination/time_out,252,1.0,1778917969.6065557
unitree_go2_flat,Episode_Termination/time_out,253,1.0,1778917970.6140542
unitree_go2_flat,Episode_Termination/time_out,254,1.0,1778917971.6267886
unitree_go2_flat,Episode_Termination/time_out,255,0.9713541865348816,1778917972.6522532
unitree_go2_flat,Episode_Termination/time_out,256,0.9375,1778917973.6583776
unitree_go2_flat,Episode_Termination/time_out,257,0.9375,1778917974.653492
unitree_go2_flat,Episode_Termination/time_out,258,0.9375,1778917975.6493871
unitree_go2_flat,Episode_Termination/time_out,259,0.9375,1778917976.6663463
unitree_go2_flat,Episode_Termination/time_out,260,0.9375,1778917977.6662607
unitree_go2_flat,Episode_Termination/time_out,261,0.9375,1778917978.6798477
unitree_go2_flat,Episode_Termination/time_out,262,0.9114583730697632,1778917979.7057517
unitree_go2_flat,Episode_Termination/time_out,263,0.875,1778917980.7217708
unitree_go2_flat,Episode_Termination/time_out,264,0.875,1778917981.7289195
unitree_go2_flat,Episode_Termination/time_out,265,0.875,1778917982.7361455
unitree_go2_flat,Episode_Termination/time_out,266,0.875,1778917983.752306
unitree_go2_flat,Episode_Termination/time_out,267,0.875,1778917984.7492068
unitree_go2_flat,Episode_Termination/time_out,268,0.875,1778917985.750027
unitree_go2_flat,Episode_Termination/time_out,269,0.875,1778917986.7606158
unitree_go2_flat,Episode_Termination/time_out,270,0.875,1778917987.7660177
unitree_go2_flat,Episode_Termination/time_out,271,0.875,1778917988.7676346
unitree_go2_flat,Episode_Termination/time_out,272,0.875,1778917989.845511
unitree_go2_flat,Episode_Termination/time_out,273,0.875,1778917990.849151
unitree_go2_flat,Episode_Termination/time_out,274,0.875,1778917991.8601196
unitree_go2_flat,Episode_Termination/time_out,275,0.875,1778917992.857978
unitree_go2_flat,Episode_Termination/time_out,276,0.875,1778917993.8661478
unitree_go2_flat,Episode_Termination/time_out,277,0.875,1778917994.905068
unitree_go2_flat,Episode_Termination/time_out,278,0.875,1778917995.9027755
unitree_go2_flat,Episode_Termination/time_out,279,0.875,1778917996.9035256
unitree_go2_flat,Episode_Termination/time_out,280,0.875,1778917997.9142406
unitree_go2_flat,Episode_Termination/time_out,281,0.875,1778917998.9103107
unitree_go2_flat,Episode_Termination/time_out,282,0.875,1778917999.9256382
unitree_go2_flat,Episode_Termination/time_out,283,0.875,1778918001.0557995
unitree_go2_flat,Episode_Termination/time_out,284,0.875,1778918002.067101
unitree_go2_flat,Episode_Termination/time_out,285,0.875,1778918003.0775118
unitree_go2_flat,Episode_Termination/time_out,286,0.875,1778918004.0739176
unitree_go2_flat,Episode_Termination/time_out,287,0.875,1778918005.0920362
unitree_go2_flat,Episode_Termination/time_out,288,0.875,1778918006.0965388
unitree_go2_flat,Episode_Termination/time_out,289,0.875,1778918007.1042168
unitree_go2_flat,Episode_Termination/time_out,290,0.875,1778918008.1192415
unitree_go2_flat,Episode_Termination/time_out,291,0.875,1778918009.121893
unitree_go2_flat,Episode_Termination/time_out,292,0.875,1778918010.126039
unitree_go2_flat,Episode_Termination/time_out,293,0.875,1778918011.140762
unitree_go2_flat,Episode_Termination/time_out,294,0.875,1778918012.3082907
unitree_go2_flat,Episode_Termination/time_out,295,0.875,1778918013.3174708
unitree_go2_flat,Episode_Termination/time_out,296,0.875,1778918014.3253968
unitree_go2_flat,Episode_Termination/time_out,297,0.9244791865348816,1778918015.3354769
unitree_go2_flat,Episode_Termination/time_out,298,0.9375,1778918016.3421516
unitree_go2_flat,Episode_Termination/time_out,299,0.9375,1778918017.3458025
unitree_go2_flat,Episode_Termination/base_contact,0,0.0,1778917712.6898587
unitree_go2_flat,Episode_Termination/base_contact,1,0.0,1778917713.755922
unitree_go2_flat,Episode_Termination/base_contact,2,0.0,1778917714.7561948
unitree_go2_flat,Episode_Termination/base_contact,3,0.0,1778917716.210025
unitree_go2_flat,Episode_Termination/base_contact,4,0.0,1778917717.2292628
unitree_go2_flat,Episode_Termination/base_contact,5,0.0,1778917718.3657575
unitree_go2_flat,Episode_Termination/base_contact,6,0.0,1778917719.3738434
unitree_go2_flat,Episode_Termination/base_contact,7,0.0,1778917720.3852131
unitree_go2_flat,Episode_Termination/base_contact,8,0.0,1778917721.3835092
unitree_go2_flat,Episode_Termination/base_contact,9,0.010416666977107525,1778917722.3897262
unitree_go2_flat,Episode_Termination/base_contact,10,0.0625,1778917723.3937142
unitree_go2_flat,Episode_Termination/base_contact,11,0.0625,1778917724.396768
unitree_go2_flat,Episode_Termination/base_contact,12,0.0625,1778917725.397655
unitree_go2_flat,Episode_Termination/base_contact,13,0.0625,1778917726.4069285
unitree_go2_flat,Episode_Termination/base_contact,14,0.0625,1778917727.4080377
unitree_go2_flat,Episode_Termination/base_contact,15,0.0625,1778917728.5409849
unitree_go2_flat,Episode_Termination/base_contact,16,0.0625,1778917729.565205
unitree_go2_flat,Episode_Termination/base_contact,17,0.0625,1778917730.5651572
unitree_go2_flat,Episode_Termination/base_contact,18,0.0625,1778917731.5672576
unitree_go2_flat,Episode_Termination/base_contact,19,0.0625,1778917732.5779672
unitree_go2_flat,Episode_Termination/base_contact,20,0.0625,1778917733.583881
unitree_go2_flat,Episode_Termination/base_contact,21,0.0625,1778917734.5952191
unitree_go2_flat,Episode_Termination/base_contact,22,0.0625,1778917735.5912898
unitree_go2_flat,Episode_Termination/base_contact,23,0.0625,1778917736.5967124
unitree_go2_flat,Episode_Termination/base_contact,24,0.0625,1778917737.601392
unitree_go2_flat,Episode_Termination/base_contact,25,0.0625,1778917738.6067946
unitree_go2_flat,Episode_Termination/base_contact,26,0.0625,1778917739.7498426
unitree_go2_flat,Episode_Termination/base_contact,27,0.1119791716337204,1778917740.7602296
unitree_go2_flat,Episode_Termination/base_contact,28,0.1640625,1778917741.7795584
unitree_go2_flat,Episode_Termination/base_contact,29,0.1875,1778917742.787079
unitree_go2_flat,Episode_Termination/base_contact,30,0.1875,1778917743.7954273
unitree_go2_flat,Episode_Termination/base_contact,31,0.1875,1778917744.7938435
unitree_go2_flat,Episode_Termination/base_contact,32,0.1875,1778917745.8029985
unitree_go2_flat,Episode_Termination/base_contact,33,0.1875,1778917746.8044074
unitree_go2_flat,Episode_Termination/base_contact,34,0.1875,1778917747.8189845
unitree_go2_flat,Episode_Termination/base_contact,35,0.1875,1778917748.8308568
unitree_go2_flat,Episode_Termination/base_contact,36,0.2473958432674408,1778917749.838185
unitree_go2_flat,Episode_Termination/base_contact,37,0.25,1778917750.9746377
unitree_go2_flat,Episode_Termination/base_contact,38,0.3541666865348816,1778917751.9822245
unitree_go2_flat,Episode_Termination/base_contact,39,0.375,1778917752.9902308
unitree_go2_flat,Episode_Termination/base_contact,40,0.4140625,1778917754.0013552
unitree_go2_flat,Episode_Termination/base_contact,41,0.4375,1778917755.0040507
unitree_go2_flat,Episode_Termination/base_contact,42,0.4375,1778917756.0140605
unitree_go2_flat,Episode_Termination/base_contact,43,0.4375,1778917757.019893
unitree_go2_flat,Episode_Termination/base_contact,44,0.4375,1778917758.039551
unitree_go2_flat,Episode_Termination/base_contact,45,0.4375,1778917759.0569527
unitree_go2_flat,Episode_Termination/base_contact,46,0.4375,1778917760.0582917
unitree_go2_flat,Episode_Termination/base_contact,47,0.4375,1778917761.1528864
unitree_go2_flat,Episode_Termination/base_contact,48,0.4375,1778917762.1511812
unitree_go2_flat,Episode_Termination/base_contact,49,0.4375,1778917763.1484292
unitree_go2_flat,Episode_Termination/base_contact,50,0.4375,1778917764.158121
unitree_go2_flat,Episode_Termination/base_contact,51,0.4661458432674408,1778917765.1814108
unitree_go2_flat,Episode_Termination/base_contact,52,0.4375,1778917766.211605
unitree_go2_flat,Episode_Termination/base_contact,53,0.4375,1778917767.232048
unitree_go2_flat,Episode_Termination/base_contact,54,0.4375,1778917768.234491
unitree_go2_flat,Episode_Termination/base_contact,55,0.4921875,1778917769.2714386
unitree_go2_flat,Episode_Termination/base_contact,56,0.5,1778917770.2756603
unitree_go2_flat,Episode_Termination/base_contact,57,0.5,1778917771.2839434
unitree_go2_flat,Episode_Termination/base_contact,58,0.5,1778917772.3632681
unitree_go2_flat,Episode_Termination/base_contact,59,0.5,1778917773.3618603
unitree_go2_flat,Episode_Termination/base_contact,60,0.5,1778917774.3798447
unitree_go2_flat,Episode_Termination/base_contact,61,0.5,1778917775.385283
unitree_go2_flat,Episode_Termination/base_contact,62,0.5,1778917776.3909988
unitree_go2_flat,Episode_Termination/base_contact,63,0.5,1778917777.3972054
unitree_go2_flat,Episode_Termination/base_contact,64,0.5,1778917778.4008882
unitree_go2_flat,Episode_Termination/base_contact,65,0.5,1778917779.415782
unitree_go2_flat,Episode_Termination/base_contact,66,0.5,1778917780.4465435
unitree_go2_flat,Episode_Termination/base_contact,67,0.5,1778917781.4493775
unitree_go2_flat,Episode_Termination/base_contact,68,0.5,1778917782.46305
unitree_go2_flat,Episode_Termination/base_contact,69,0.5,1778917783.5694737
unitree_go2_flat,Episode_Termination/base_contact,70,0.5,1778917784.5725882
unitree_go2_flat,Episode_Termination/base_contact,71,0.5,1778917785.5712779
unitree_go2_flat,Episode_Termination/base_contact,72,0.5,1778917786.585109
unitree_go2_flat,Episode_Termination/base_contact,73,0.5,1778917787.6004624
unitree_go2_flat,Episode_Termination/base_contact,74,0.5,1778917788.6205258
unitree_go2_flat,Episode_Termination/base_contact,75,0.5,1778917789.630047
unitree_go2_flat,Episode_Termination/base_contact,76,0.5,1778917790.6438165
unitree_go2_flat,Episode_Termination/base_contact,77,0.5,1778917791.6484277
unitree_go2_flat,Episode_Termination/base_contact,78,0.5,1778917792.6480856
unitree_go2_flat,Episode_Termination/base_contact,79,0.5,1778917793.7874923
unitree_go2_flat,Episode_Termination/base_contact,80,0.5,1778917794.790978
unitree_go2_flat,Episode_Termination/base_contact,81,0.5,1778917795.7891626
unitree_go2_flat,Episode_Termination/base_contact,82,0.4401041865348816,1778917796.800952
unitree_go2_flat,Episode_Termination/base_contact,83,0.4375,1778917797.8122683
unitree_go2_flat,Episode_Termination/base_contact,84,0.4375,1778917798.8171692
unitree_go2_flat,Episode_Termination/base_contact,85,0.4375,1778917799.8161387
unitree_go2_flat,Episode_Termination/base_contact,86,0.3802083432674408,1778917800.8314335
unitree_go2_flat,Episode_Termination/base_contact,87,0.375,1778917801.851144
unitree_go2_flat,Episode_Termination/base_contact,88,0.375,1778917802.8608034
unitree_go2_flat,Episode_Termination/base_contact,89,0.375,1778917803.8639247
unitree_go2_flat,Episode_Termination/base_contact,90,0.375,1778917805.0109692
unitree_go2_flat,Episode_Termination/base_contact,91,0.375,1778917806.0135124
unitree_go2_flat,Episode_Termination/base_contact,92,0.3567708432674408,1778917807.0322654
unitree_go2_flat,Episode_Termination/base_contact,93,0.3125,1778917808.0427978
unitree_go2_flat,Episode_Termination/base_contact,94,0.2708333432674408,1778917809.062714
unitree_go2_flat,Episode_Termination/base_contact,95,0.25,1778917810.062111
unitree_go2_flat,Episode_Termination/base_contact,96,0.25,1778917811.0705454
unitree_go2_flat,Episode_Termination/base_contact,97,0.25,1778917812.0952742
unitree_go2_flat,Episode_Termination/base_contact,98,0.25,1778917813.0974123
unitree_go2_flat,Episode_Termination/base_contact,99,0.2447916716337204,1778917814.1118531
unitree_go2_flat,Episode_Termination/base_contact,100,0.1875,1778917815.1332028
unitree_go2_flat,Episode_Termination/base_contact,101,0.1875,1778917816.2535646
unitree_go2_flat,Episode_Termination/base_contact,102,0.1875,1778917817.2570083
unitree_go2_flat,Episode_Termination/base_contact,103,0.1875,1778917818.2673311
unitree_go2_flat,Episode_Termination/base_contact,104,0.1875,1778917819.2729342
unitree_go2_flat,Episode_Termination/base_contact,105,0.1875,1778917820.2740555
unitree_go2_flat,Episode_Termination/base_contact,106,0.1875,1778917821.2761383
unitree_go2_flat,Episode_Termination/base_contact,107,0.1796875,1778917822.28274
unitree_go2_flat,Episode_Termination/base_contact,108,0.125,1778917823.300117
unitree_go2_flat,Episode_Termination/base_contact,109,0.125,1778917824.303764
unitree_go2_flat,Episode_Termination/base_contact,110,0.125,1778917825.305106
unitree_go2_flat,Episode_Termination/base_contact,111,0.125,1778917826.318083
unitree_go2_flat,Episode_Termination/base_contact,112,0.125,1778917827.3236587
unitree_go2_flat,Episode_Termination/base_contact,113,0.125,1778917828.3300707
unitree_go2_flat,Episode_Termination/base_contact,114,0.078125,1778917829.3346586
unitree_go2_flat,Episode_Termination/base_contact,115,0.0625,1778917830.338499
unitree_go2_flat,Episode_Termination/base_contact,116,0.0625,1778917831.3411307
unitree_go2_flat,Episode_Termination/base_contact,117,0.0416666679084301,1778917832.3489628
unitree_go2_flat,Episode_Termination/base_contact,118,0.0,1778917833.3616042
unitree_go2_flat,Episode_Termination/base_contact,119,0.0,1778917834.370916
unitree_go2_flat,Episode_Termination/base_contact,120,0.0,1778917835.3809733
unitree_go2_flat,Episode_Termination/base_contact,121,0.0,1778917836.3889675
unitree_go2_flat,Episode_Termination/base_contact,122,0.0,1778917837.5378742
unitree_go2_flat,Episode_Termination/base_contact,123,0.0,1778917838.5449755
unitree_go2_flat,Episode_Termination/base_contact,124,0.0,1778917839.5449452
unitree_go2_flat,Episode_Termination/base_contact,125,0.0,1778917840.541014
unitree_go2_flat,Episode_Termination/base_contact,126,0.0,1778917841.55485
unitree_go2_flat,Episode_Termination/base_contact,127,0.0,1778917842.560006
unitree_go2_flat,Episode_Termination/base_contact,128,0.0,1778917843.5679991
unitree_go2_flat,Episode_Termination/base_contact,129,0.0,1778917844.5744488
unitree_go2_flat,Episode_Termination/base_contact,130,0.0,1778917845.578041
unitree_go2_flat,Episode_Termination/base_contact,131,0.0,1778917846.574631
unitree_go2_flat,Episode_Termination/base_contact,132,0.0,1778917847.5724633
unitree_go2_flat,Episode_Termination/base_contact,133,0.0,1778917848.7094562
unitree_go2_flat,Episode_Termination/base_contact,134,0.0,1778917849.7203865
unitree_go2_flat,Episode_Termination/base_contact,135,0.0,1778917850.7341273
unitree_go2_flat,Episode_Termination/base_contact,136,0.0,1778917851.7613497
unitree_go2_flat,Episode_Termination/base_contact,137,0.0,1778917852.7641132
unitree_go2_flat,Episode_Termination/base_contact,138,0.0052083334885537624,1778917853.7940934
unitree_go2_flat,Episode_Termination/base_contact,139,0.0833333358168602,1778917854.8273666
unitree_go2_flat,Episode_Termination/base_contact,140,0.125,1778917855.8292618
unitree_go2_flat,Episode_Termination/base_contact,141,0.125,1778917856.8432765
unitree_go2_flat,Episode_Termination/base_contact,142,0.125,1778917857.8426387
unitree_go2_flat,Episode_Termination/base_contact,143,0.125,1778917858.8401155
unitree_go2_flat,Episode_Termination/base_contact,144,0.125,1778917859.9628115
unitree_go2_flat,Episode_Termination/base_contact,145,0.125,1778917860.9639165
unitree_go2_flat,Episode_Termination/base_contact,146,0.125,1778917861.9666462
unitree_go2_flat,Episode_Termination/base_contact,147,0.125,1778917862.9610622
unitree_go2_flat,Episode_Termination/base_contact,148,0.125,1778917863.9511123
unitree_go2_flat,Episode_Termination/base_contact,149,0.125,1778917864.9561863
unitree_go2_flat,Episode_Termination/base_contact,150,0.125,1778917865.97586
unitree_go2_flat,Episode_Termination/base_contact,151,0.125,1778917867.0021865
unitree_go2_flat,Episode_Termination/base_contact,152,0.1796875,1778917868.0167677
unitree_go2_flat,Episode_Termination/base_contact,153,0.1875,1778917869.014227
unitree_go2_flat,Episode_Termination/base_contact,154,0.1875,1778917870.143877
unitree_go2_flat,Episode_Termination/base_contact,155,0.1875,1778917871.14372
unitree_go2_flat,Episode_Termination/base_contact,156,0.1875,1778917872.1608279
unitree_go2_flat,Episode_Termination/base_contact,157,0.1875,1778917873.1668532
unitree_go2_flat,Episode_Termination/base_contact,158,0.1875,1778917874.1680791
unitree_go2_flat,Episode_Termination/base_contact,159,0.1875,1778917875.1746538
unitree_go2_flat,Episode_Termination/base_contact,160,0.1875,1778917876.177184
unitree_go2_flat,Episode_Termination/base_contact,161,0.1875,1778917877.1831439
unitree_go2_flat,Episode_Termination/base_contact,162,0.1875,1778917878.1926067
unitree_go2_flat,Episode_Termination/base_contact,163,0.1875,1778917879.1970305
unitree_go2_flat,Episode_Termination/base_contact,164,0.1875,1778917880.1971016
unitree_go2_flat,Episode_Termination/base_contact,165,0.1875,1778917881.3144667
unitree_go2_flat,Episode_Termination/base_contact,166,0.1875,1778917882.3113015
unitree_go2_flat,Episode_Termination/base_contact,167,0.1875,1778917883.3136923
unitree_go2_flat,Episode_Termination/base_contact,168,0.1875,1778917884.302156
unitree_go2_flat,Episode_Termination/base_contact,169,0.1875,1778917885.306182
unitree_go2_flat,Episode_Termination/base_contact,170,0.1875,1778917886.306871
unitree_go2_flat,Episode_Termination/base_contact,171,0.1875,1778917887.3148725
unitree_go2_flat,Episode_Termination/base_contact,172,0.1875,1778917888.314112
unitree_go2_flat,Episode_Termination/base_contact,173,0.1875,1778917889.3203173
unitree_go2_flat,Episode_Termination/base_contact,174,0.1875,1778917890.3222656
unitree_go2_flat,Episode_Termination/base_contact,175,0.1875,1778917891.338303
unitree_go2_flat,Episode_Termination/base_contact,176,0.1875,1778917892.4991689
unitree_go2_flat,Episode_Termination/base_contact,177,0.1875,1778917893.5092883
unitree_go2_flat,Episode_Termination/base_contact,178,0.1875,1778917894.517484
unitree_go2_flat,Episode_Termination/base_contact,179,0.1875,1778917895.5140262
unitree_go2_flat,Episode_Termination/base_contact,180,0.1614583432674408,1778917896.511463
unitree_go2_flat,Episode_Termination/base_contact,181,0.0833333358168602,1778917897.5190701
unitree_go2_flat,Episode_Termination/base_contact,182,0.0625,1778917898.5592642
unitree_go2_flat,Episode_Termination/base_contact,183,0.0625,1778917899.5574522
unitree_go2_flat,Episode_Termination/base_contact,184,0.0625,1778917900.5498912
unitree_go2_flat,Episode_Termination/base_contact,185,0.0625,1778917901.5598254
unitree_go2_flat,Episode_Termination/base_contact,186,0.0625,1778917902.6653392
unitree_go2_flat,Episode_Termination/base_contact,187,0.0625,1778917903.6749928
unitree_go2_flat,Episode_Termination/base_contact,188,0.0625,1778917904.6707861
unitree_go2_flat,Episode_Termination/base_contact,189,0.0625,1778917905.6736245
unitree_go2_flat,Episode_Termination/base_contact,190,0.0625,1778917906.67183
unitree_go2_flat,Episode_Termination/base_contact,191,0.0625,1778917907.6866217
unitree_go2_flat,Episode_Termination/base_contact,192,0.0625,1778917908.694603
unitree_go2_flat,Episode_Termination/base_contact,193,0.0494791679084301,1778917909.7151535
unitree_go2_flat,Episode_Termination/base_contact,194,0.0,1778917910.7174065
unitree_go2_flat,Episode_Termination/base_contact,195,0.0,1778917911.713918
unitree_go2_flat,Episode_Termination/base_contact,196,0.0,1778917912.7116284
unitree_go2_flat,Episode_Termination/base_contact,197,0.0,1778917913.8653305
unitree_go2_flat,Episode_Termination/base_contact,198,0.0,1778917914.86675
unitree_go2_flat,Episode_Termination/base_contact,199,0.0,1778917915.8706386
unitree_go2_flat,Episode_Termination/base_contact,200,0.0,1778917916.863903
unitree_go2_flat,Episode_Termination/base_contact,201,0.0,1778917917.870855
unitree_go2_flat,Episode_Termination/base_contact,202,0.0,1778917918.871101
unitree_go2_flat,Episode_Termination/base_contact,203,0.0,1778917919.8785932
unitree_go2_flat,Episode_Termination/base_contact,204,0.0,1778917920.8805683
unitree_go2_flat,Episode_Termination/base_contact,205,0.0,1778917921.8906732
unitree_go2_flat,Episode_Termination/base_contact,206,0.0,1778917922.8985045
unitree_go2_flat,Episode_Termination/base_contact,207,0.0,1778917923.9071903
unitree_go2_flat,Episode_Termination/base_contact,208,0.0,1778917925.0604424
unitree_go2_flat,Episode_Termination/base_contact,209,0.0,1778917926.0569005
unitree_go2_flat,Episode_Termination/base_contact,210,0.0,1778917927.0541325
unitree_go2_flat,Episode_Termination/base_contact,211,0.0,1778917928.0699239
unitree_go2_flat,Episode_Termination/base_contact,212,0.0,1778917929.077825
unitree_go2_flat,Episode_Termination/base_contact,213,0.0,1778917930.0922844
unitree_go2_flat,Episode_Termination/base_contact,214,0.0,1778917931.0911734
unitree_go2_flat,Episode_Termination/base_contact,215,0.0,1778917932.0921128
unitree_go2_flat,Episode_Termination/base_contact,216,0.0,1778917933.0970535
unitree_go2_flat,Episode_Termination/base_contact,217,0.0,1778917934.0968487
unitree_go2_flat,Episode_Termination/base_contact,218,0.0,1778917935.1080527
unitree_go2_flat,Episode_Termination/base_contact,219,0.0,1778917936.2220705
unitree_go2_flat,Episode_Termination/base_contact,220,0.0,1778917937.2184944
unitree_go2_flat,Episode_Termination/base_contact,221,0.0,1778917938.2217264
unitree_go2_flat,Episode_Termination/base_contact,222,0.0,1778917939.2299814
unitree_go2_flat,Episode_Termination/base_contact,223,0.0,1778917940.238098
unitree_go2_flat,Episode_Termination/base_contact,224,0.0,1778917941.25286
unitree_go2_flat,Episode_Termination/base_contact,225,0.0,1778917942.2521226
unitree_go2_flat,Episode_Termination/base_contact,226,0.0,1778917943.2487118
unitree_go2_flat,Episode_Termination/base_contact,227,0.0,1778917944.2392745
unitree_go2_flat,Episode_Termination/base_contact,228,0.0,1778917945.2378647
unitree_go2_flat,Episode_Termination/base_contact,229,0.0,1778917946.3578415
unitree_go2_flat,Episode_Termination/base_contact,230,0.0,1778917947.35147
unitree_go2_flat,Episode_Termination/base_contact,231,0.0,1778917948.346272
unitree_go2_flat,Episode_Termination/base_contact,232,0.0,1778917949.348094
unitree_go2_flat,Episode_Termination/base_contact,233,0.0,1778917950.3465922
unitree_go2_flat,Episode_Termination/base_contact,234,0.0,1778917951.3452976
unitree_go2_flat,Episode_Termination/base_contact,235,0.0,1778917952.3477182
unitree_go2_flat,Episode_Termination/base_contact,236,0.0,1778917953.3513951
unitree_go2_flat,Episode_Termination/base_contact,237,0.0,1778917954.3432658
unitree_go2_flat,Episode_Termination/base_contact,238,0.0,1778917955.3431506
unitree_go2_flat,Episode_Termination/base_contact,239,0.0,1778917956.3470418
unitree_go2_flat,Episode_Termination/base_contact,240,0.0,1778917957.4939847
unitree_go2_flat,Episode_Termination/base_contact,241,0.0,1778917958.4924054
unitree_go2_flat,Episode_Termination/base_contact,242,0.0,1778917959.4984546
unitree_go2_flat,Episode_Termination/base_contact,243,0.0,1778917960.4915688
unitree_go2_flat,Episode_Termination/base_contact,244,0.0,1778917961.4884276
unitree_go2_flat,Episode_Termination/base_contact,245,0.0,1778917962.4983268
unitree_go2_flat,Episode_Termination/base_contact,246,0.0,1778917963.4987814
unitree_go2_flat,Episode_Termination/base_contact,247,0.0,1778917964.5067978
unitree_go2_flat,Episode_Termination/base_contact,248,0.0,1778917965.5143843
unitree_go2_flat,Episode_Termination/base_contact,249,0.0,1778917966.5154266
unitree_go2_flat,Episode_Termination/base_contact,250,0.0,1778917967.514003
unitree_go2_flat,Episode_Termination/base_contact,251,0.0,1778917968.592726
unitree_go2_flat,Episode_Termination/base_contact,252,0.0,1778917969.6075137
unitree_go2_flat,Episode_Termination/base_contact,253,0.0,1778917970.615357
unitree_go2_flat,Episode_Termination/base_contact,254,0.0,1778917971.6277213
unitree_go2_flat,Episode_Termination/base_contact,255,0.02864583395421505,1778917972.6536248
unitree_go2_flat,Episode_Termination/base_contact,256,0.0625,1778917973.659264
unitree_go2_flat,Episode_Termination/base_contact,257,0.0625,1778917974.6543922
unitree_go2_flat,Episode_Termination/base_contact,258,0.0625,1778917975.6503024
unitree_go2_flat,Episode_Termination/base_contact,259,0.0625,1778917976.6673167
unitree_go2_flat,Episode_Termination/base_contact,260,0.0625,1778917977.667181
unitree_go2_flat,Episode_Termination/base_contact,261,0.0625,1778917978.680796
unitree_go2_flat,Episode_Termination/base_contact,262,0.0885416716337204,1778917979.7067003
unitree_go2_flat,Episode_Termination/base_contact,263,0.125,1778917980.7227159
unitree_go2_flat,Episode_Termination/base_contact,264,0.125,1778917981.7298758
unitree_go2_flat,Episode_Termination/base_contact,265,0.125,1778917982.737054
unitree_go2_flat,Episode_Termination/base_contact,266,0.125,1778917983.7532487
unitree_go2_flat,Episode_Termination/base_contact,267,0.125,1778917984.7501478
unitree_go2_flat,Episode_Termination/base_contact,268,0.125,1778917985.7509634
unitree_go2_flat,Episode_Termination/base_contact,269,0.125,1778917986.7619016
unitree_go2_flat,Episode_Termination/base_contact,270,0.125,1778917987.7670345
unitree_go2_flat,Episode_Termination/base_contact,271,0.125,1778917988.7685692
unitree_go2_flat,Episode_Termination/base_contact,272,0.125,1778917989.8464653
unitree_go2_flat,Episode_Termination/base_contact,273,0.125,1778917990.8500843
unitree_go2_flat,Episode_Termination/base_contact,274,0.125,1778917991.8610663
unitree_go2_flat,Episode_Termination/base_contact,275,0.125,1778917992.8588479
unitree_go2_flat,Episode_Termination/base_contact,276,0.125,1778917993.8671045
unitree_go2_flat,Episode_Termination/base_contact,277,0.125,1778917994.906355
unitree_go2_flat,Episode_Termination/base_contact,278,0.125,1778917995.903736
unitree_go2_flat,Episode_Termination/base_contact,279,0.125,1778917996.904481
unitree_go2_flat,Episode_Termination/base_contact,280,0.125,1778917997.9151623
unitree_go2_flat,Episode_Termination/base_contact,281,0.125,1778917998.911261
unitree_go2_flat,Episode_Termination/base_contact,282,0.125,1778917999.9265215
unitree_go2_flat,Episode_Termination/base_contact,283,0.125,1778918001.0567336
unitree_go2_flat,Episode_Termination/base_contact,284,0.125,1778918002.0680926
unitree_go2_flat,Episode_Termination/base_contact,285,0.125,1778918003.0784113
unitree_go2_flat,Episode_Termination/base_contact,286,0.125,1778918004.0748205
unitree_go2_flat,Episode_Termination/base_contact,287,0.125,1778918005.0930862
unitree_go2_flat,Episode_Termination/base_contact,288,0.125,1778918006.0974534
unitree_go2_flat,Episode_Termination/base_contact,289,0.125,1778918007.1051605
unitree_go2_flat,Episode_Termination/base_contact,290,0.125,1778918008.120157
unitree_go2_flat,Episode_Termination/base_contact,291,0.125,1778918009.122842
unitree_go2_flat,Episode_Termination/base_contact,292,0.125,1778918010.1270278
unitree_go2_flat,Episode_Termination/base_contact,293,0.125,1778918011.1417186
unitree_go2_flat,Episode_Termination/base_contact,294,0.125,1778918012.3092113
unitree_go2_flat,Episode_Termination/base_contact,295,0.125,1778918013.31838
unitree_go2_flat,Episode_Termination/base_contact,296,0.125,1778918014.3263028
unitree_go2_flat,Episode_Termination/base_contact,297,0.0755208358168602,1778918015.3364275
unitree_go2_flat,Episode_Termination/base_contact,298,0.0625,1778918016.3431008
unitree_go2_flat,Episode_Termination/base_contact,299,0.0625,1778918017.3467155
unitree_go2_flat,Loss/value_function,0,0.08547960966825485,1778917712.6900058
unitree_go2_flat,Loss/value_function,1,0.04202953726053238,1778917713.7560742
unitree_go2_flat,Loss/value_function,2,0.03994276747107506,1778917714.7563324
unitree_go2_flat,Loss/value_function,3,0.03433239832520485,1778917716.2102017
unitree_go2_flat,Loss/value_function,4,0.047322940081357956,1778917717.2295065
unitree_go2_flat,Loss/value_function,5,0.037560828030109406,1778917718.3659117
unitree_go2_flat,Loss/value_function,6,0.02967924065887928,1778917719.3739812
unitree_go2_flat,Loss/value_function,7,0.025620589032769203,1778917720.3853965
unitree_go2_flat,Loss/value_function,8,0.030720945447683334,1778917721.3836656
unitree_go2_flat,Loss/value_function,9,0.03772427886724472,1778917722.389884
unitree_go2_flat,Loss/value_function,10,0.02113107219338417,1778917723.3938696
unitree_go2_flat,Loss/value_function,11,0.019730543717741966,1778917724.3969233
unitree_go2_flat,Loss/value_function,12,0.017065955325961113,1778917725.397811
unitree_go2_flat,Loss/value_function,13,0.025537533685564995,1778917726.407077
unitree_go2_flat,Loss/value_function,14,0.018547477200627327,1778917727.4081922
unitree_go2_flat,Loss/value_function,15,0.023029549047350883,1778917728.5411196
unitree_go2_flat,Loss/value_function,16,0.026460060849785805,1778917729.5653396
unitree_go2_flat,Loss/value_function,17,0.01837535947561264,1778917730.5653272
unitree_go2_flat,Loss/value_function,18,0.02565932832658291,1778917731.5674207
unitree_go2_flat,Loss/value_function,19,0.02102493681013584,1778917732.5781238
unitree_go2_flat,Loss/value_function,20,0.023910706862807274,1778917733.5840359
unitree_go2_flat,Loss/value_function,21,0.014742539264261723,1778917734.5953724
unitree_go2_flat,Loss/value_function,22,0.01779811829328537,1778917735.5914264
unitree_go2_flat,Loss/value_function,23,0.01565745286643505,1778917736.5968652
unitree_go2_flat,Loss/value_function,24,0.014871615916490555,1778917737.6015372
unitree_go2_flat,Loss/value_function,25,0.018351592123508453,1778917738.6069598
unitree_go2_flat,Loss/value_function,26,0.02950292080640793,1778917739.750015
unitree_go2_flat,Loss/value_function,27,0.03703073412179947,1778917740.7603617
unitree_go2_flat,Loss/value_function,28,0.03256852924823761,1778917741.7797427
unitree_go2_flat,Loss/value_function,29,0.02291410230100155,1778917742.7872353
unitree_go2_flat,Loss/value_function,30,0.016425082460045815,1778917743.795593
unitree_go2_flat,Loss/value_function,31,0.015731263905763626,1778917744.793998
unitree_go2_flat,Loss/value_function,32,0.02179752103984356,1778917745.803157
unitree_go2_flat,Loss/value_function,33,0.016291894018650055,1778917746.8045514
unitree_go2_flat,Loss/value_function,34,0.02535848505795002,1778917747.819141
unitree_go2_flat,Loss/value_function,35,0.03302225098013878,1778917748.8310115
unitree_go2_flat,Loss/value_function,36,0.033682387322187424,1778917749.8383632
unitree_go2_flat,Loss/value_function,37,0.03356916457414627,1778917750.9747858
unitree_go2_flat,Loss/value_function,38,0.04499761760234833,1778917751.9823809
unitree_go2_flat,Loss/value_function,39,0.019144006073474884,1778917752.9903972
unitree_go2_flat,Loss/value_function,40,0.03830445930361748,1778917754.0015185
unitree_go2_flat,Loss/value_function,41,0.02443893440067768,1778917755.0042071
unitree_go2_flat,Loss/value_function,42,0.03217065706849098,1778917756.0142198
unitree_go2_flat,Loss/value_function,43,0.019510241225361824,1778917757.0200517
unitree_go2_flat,Loss/value_function,44,0.061714980751276016,1778917758.03974
unitree_go2_flat,Loss/value_function,45,0.019165560603141785,1778917759.057114
unitree_go2_flat,Loss/value_function,46,0.014791921712458134,1778917760.0584843
unitree_go2_flat,Loss/value_function,47,0.021066939458251,1778917761.1530535
unitree_go2_flat,Loss/value_function,48,0.017205798998475075,1778917762.1513338
unitree_go2_flat,Loss/value_function,49,0.012152193114161491,1778917763.1486115
unitree_go2_flat,Loss/value_function,50,0.03129970282316208,1778917764.158282
unitree_go2_flat,Loss/value_function,51,0.027936212718486786,1778917765.1815681
unitree_go2_flat,Loss/value_function,52,0.04344245418906212,1778917766.2117574
unitree_go2_flat,Loss/value_function,53,0.02102191559970379,1778917767.232192
unitree_go2_flat,Loss/value_function,54,0.055459074676036835,1778917768.2347012
unitree_go2_flat,Loss/value_function,55,0.049113187938928604,1778917769.2716396
unitree_go2_flat,Loss/value_function,56,0.028204413130879402,1778917770.275823
unitree_go2_flat,Loss/value_function,57,0.029767712578177452,1778917771.2841
unitree_go2_flat,Loss/value_function,58,0.05503807216882706,1778917772.3634253
unitree_go2_flat,Loss/value_function,59,0.02304059825837612,1778917773.3620317
unitree_go2_flat,Loss/value_function,60,0.022867299616336823,1778917774.3800128
unitree_go2_flat,Loss/value_function,61,0.027221789583563805,1778917775.385479
unitree_go2_flat,Loss/value_function,62,0.03428833186626434,1778917776.3911552
unitree_go2_flat,Loss/value_function,63,0.02072187513113022,1778917777.397363
unitree_go2_flat,Loss/value_function,64,0.015563306398689747,1778917778.4011023
unitree_go2_flat,Loss/value_function,65,0.023532582446932793,1778917779.415938
unitree_go2_flat,Loss/value_function,66,0.03624898940324783,1778917780.4467237
unitree_go2_flat,Loss/value_function,67,0.011215264908969402,1778917781.4495392
unitree_go2_flat,Loss/value_function,68,0.012108944356441498,1778917782.4632165
unitree_go2_flat,Loss/value_function,69,0.01319227833300829,1778917783.5696552
unitree_go2_flat,Loss/value_function,70,0.014049277640879154,1778917784.5727656
unitree_go2_flat,Loss/value_function,71,0.013422038406133652,1778917785.5714462
unitree_go2_flat,Loss/value_function,72,0.046405695378780365,1778917786.5852401
unitree_go2_flat,Loss/value_function,73,0.011659483425319195,1778917787.6006272
unitree_go2_flat,Loss/value_function,74,0.01127125695347786,1778917788.6207042
unitree_go2_flat,Loss/value_function,75,0.031561847776174545,1778917789.6302001
unitree_go2_flat,Loss/value_function,76,0.023959282785654068,1778917790.6439767
unitree_go2_flat,Loss/value_function,77,0.009064201265573502,1778917791.648604
unitree_go2_flat,Loss/value_function,78,0.010826355777680874,1778917792.6482315
unitree_go2_flat,Loss/value_function,79,0.012247104197740555,1778917793.7876792
unitree_go2_flat,Loss/value_function,80,0.017050068825483322,1778917794.791133
unitree_go2_flat,Loss/value_function,81,0.021340101957321167,1778917795.7893198
unitree_go2_flat,Loss/value_function,82,0.017101241275668144,1778917796.8011756
unitree_go2_flat,Loss/value_function,83,0.013107206672430038,1778917797.8124282
unitree_go2_flat,Loss/value_function,84,0.012881249189376831,1778917798.817323
unitree_go2_flat,Loss/value_function,85,0.01202420238405466,1778917799.8162951
unitree_go2_flat,Loss/value_function,86,0.011012556962668896,1778917800.8316393
unitree_go2_flat,Loss/value_function,87,0.012889175675809383,1778917801.8513079
unitree_go2_flat,Loss/value_function,88,0.013141277246177197,1778917802.8609564
unitree_go2_flat,Loss/value_function,89,0.013272487558424473,1778917803.8640745
unitree_go2_flat,Loss/value_function,90,0.01690165512263775,1778917805.0111256
unitree_go2_flat,Loss/value_function,91,0.011193071492016315,1778917806.013699
unitree_go2_flat,Loss/value_function,92,0.013177241198718548,1778917807.0324216
unitree_go2_flat,Loss/value_function,93,0.017297567799687386,1778917808.042951
unitree_go2_flat,Loss/value_function,94,0.01822340302169323,1778917809.062903
unitree_go2_flat,Loss/value_function,95,0.018784746527671814,1778917810.0622509
unitree_go2_flat,Loss/value_function,96,0.013138294219970703,1778917811.070723
unitree_go2_flat,Loss/value_function,97,0.014105808921158314,1778917812.0954354
unitree_go2_flat,Loss/value_function,98,0.011945420876145363,1778917813.0975919
unitree_go2_flat,Loss/value_function,99,0.011988935992121696,1778917814.112009
unitree_go2_flat,Loss/value_function,100,0.013111158274114132,1778917815.1333652
unitree_go2_flat,Loss/value_function,101,0.010225534439086914,1778917816.2537372
unitree_go2_flat,Loss/value_function,102,0.01154180895537138,1778917817.2572482
unitree_go2_flat,Loss/value_function,103,0.016192380338907242,1778917818.267493
unitree_go2_flat,Loss/value_function,104,0.0179697684943676,1778917819.273123
unitree_go2_flat,Loss/value_function,105,0.013958800584077835,1778917820.274211
unitree_go2_flat,Loss/value_function,106,0.01439181063324213,1778917821.2762702
unitree_go2_flat,Loss/value_function,107,0.009378457441926003,1778917822.282946
unitree_go2_flat,Loss/value_function,108,0.013608177192509174,1778917823.3002687
unitree_go2_flat,Loss/value_function,109,0.012695089913904667,1778917824.3040068
unitree_go2_flat,Loss/value_function,110,0.012343479320406914,1778917825.3052802
unitree_go2_flat,Loss/value_function,111,0.010977521538734436,1778917826.3182561
unitree_go2_flat,Loss/value_function,112,0.010754423215985298,1778917827.3238287
unitree_go2_flat,Loss/value_function,113,0.013483033515512943,1778917828.3302221
unitree_go2_flat,Loss/value_function,114,0.009538471698760986,1778917829.3348212
unitree_go2_flat,Loss/value_function,115,0.008184774778783321,1778917830.3387153
unitree_go2_flat,Loss/value_function,116,0.006485185120254755,1778917831.3413103
unitree_go2_flat,Loss/value_function,117,0.009771967306733131,1778917832.3491192
unitree_go2_flat,Loss/value_function,118,0.005165823735296726,1778917833.3617702
unitree_go2_flat,Loss/value_function,119,0.006101335398852825,1778917834.371089
unitree_go2_flat,Loss/value_function,120,0.006649305112659931,1778917835.3811238
unitree_go2_flat,Loss/value_function,121,0.008321035653352737,1778917836.3891299
unitree_go2_flat,Loss/value_function,122,0.006184850819408894,1778917837.5380468
unitree_go2_flat,Loss/value_function,123,0.005301516968756914,1778917838.545131
unitree_go2_flat,Loss/value_function,124,0.0072416504845023155,1778917839.5450854
unitree_go2_flat,Loss/value_function,125,0.006845624186098576,1778917840.541173
unitree_go2_flat,Loss/value_function,126,0.008433369919657707,1778917841.5550103
unitree_go2_flat,Loss/value_function,127,0.007741109002381563,1778917842.5601797
unitree_go2_flat,Loss/value_function,128,0.006455717608332634,1778917843.5681634
unitree_go2_flat,Loss/value_function,129,0.008698724210262299,1778917844.5746229
unitree_go2_flat,Loss/value_function,130,0.01007707417011261,1778917845.5781996
unitree_go2_flat,Loss/value_function,131,0.008182893507182598,1778917846.574787
unitree_go2_flat,Loss/value_function,132,0.009428595192730427,1778917847.5726268
unitree_go2_flat,Loss/value_function,133,0.006687579210847616,1778917848.7096179
unitree_go2_flat,Loss/value_function,134,0.00990583747625351,1778917849.720521
unitree_go2_flat,Loss/value_function,135,0.014673583209514618,1778917850.734288
unitree_go2_flat,Loss/value_function,136,0.009965302422642708,1778917851.7615252
unitree_go2_flat,Loss/value_function,137,0.014457087963819504,1778917852.7643142
unitree_go2_flat,Loss/value_function,138,0.0331108532845974,1778917853.7943099
unitree_go2_flat,Loss/value_function,139,0.03153371810913086,1778917854.827521
unitree_go2_flat,Loss/value_function,140,0.013079737313091755,1778917855.8294244
unitree_go2_flat,Loss/value_function,141,0.011009345762431622,1778917856.8434892
unitree_go2_flat,Loss/value_function,142,0.015057864598929882,1778917857.8428085
unitree_go2_flat,Loss/value_function,143,0.00848671980202198,1778917858.8402722
unitree_go2_flat,Loss/value_function,144,0.01356298103928566,1778917859.9629686
unitree_go2_flat,Loss/value_function,145,0.008971964940428734,1778917860.964074
unitree_go2_flat,Loss/value_function,146,0.009342013858258724,1778917861.9668877
unitree_go2_flat,Loss/value_function,147,0.01089469250291586,1778917862.9612136
unitree_go2_flat,Loss/value_function,148,0.012845950201153755,1778917863.9512775
unitree_go2_flat,Loss/value_function,149,0.015575051307678223,1778917864.956345
unitree_go2_flat,Loss/value_function,150,0.013665376231074333,1778917865.976026
unitree_go2_flat,Loss/value_function,151,0.01720665581524372,1778917867.0023577
unitree_go2_flat,Loss/value_function,152,0.02019508183002472,1778917868.0169237
unitree_go2_flat,Loss/value_function,153,0.0146937882527709,1778917869.0143714
unitree_go2_flat,Loss/value_function,154,0.011102033779025078,1778917870.1440647
unitree_go2_flat,Loss/value_function,155,0.00894820038229227,1778917871.143879
unitree_go2_flat,Loss/value_function,156,0.009345581755042076,1778917872.1609797
unitree_go2_flat,Loss/value_function,157,0.010707702487707138,1778917873.1670077
unitree_go2_flat,Loss/value_function,158,0.007190001662820578,1778917874.1682353
unitree_go2_flat,Loss/value_function,159,0.006753799505531788,1778917875.1748219
unitree_go2_flat,Loss/value_function,160,0.006975380703806877,1778917876.1773903
unitree_go2_flat,Loss/value_function,161,0.00883584376424551,1778917877.1832964
unitree_go2_flat,Loss/value_function,162,0.010533953085541725,1778917878.1927674
unitree_go2_flat,Loss/value_function,163,0.010348308831453323,1778917879.1971838
unitree_go2_flat,Loss/value_function,164,0.00797357503324747,1778917880.1972663
unitree_go2_flat,Loss/value_function,165,0.01600482501089573,1778917881.314666
unitree_go2_flat,Loss/value_function,166,0.012047176249325275,1778917882.311455
unitree_go2_flat,Loss/value_function,167,0.012550007551908493,1778917883.3138516
unitree_go2_flat,Loss/value_function,168,0.011602183803915977,1778917884.3023233
unitree_go2_flat,Loss/value_function,169,0.01107423659414053,1778917885.3063452
unitree_go2_flat,Loss/value_function,170,0.014345334842801094,1778917886.3070097
unitree_go2_flat,Loss/value_function,171,0.010089325718581676,1778917887.3150356
unitree_go2_flat,Loss/value_function,172,0.00929939839988947,1778917888.3142636
unitree_go2_flat,Loss/value_function,173,0.012984688393771648,1778917889.3204741
unitree_go2_flat,Loss/value_function,174,0.008148517459630966,1778917890.322442
unitree_go2_flat,Loss/value_function,175,0.010524654760956764,1778917891.3385336
unitree_go2_flat,Loss/value_function,176,0.01306850090622902,1778917892.49933
unitree_go2_flat,Loss/value_function,177,0.019919423386454582,1778917893.5094407
unitree_go2_flat,Loss/value_function,178,0.013776945881545544,1778917894.5176709
unitree_go2_flat,Loss/value_function,179,0.010267432779073715,1778917895.5141773
unitree_go2_flat,Loss/value_function,180,0.014262355864048004,1778917896.5116456
unitree_go2_flat,Loss/value_function,181,0.010523353703320026,1778917897.5192285
unitree_go2_flat,Loss/value_function,182,0.009058934636414051,1778917898.559437
unitree_go2_flat,Loss/value_function,183,0.013586831279098988,1778917899.5576296
unitree_go2_flat,Loss/value_function,184,0.010745301842689514,1778917900.5500376
unitree_go2_flat,Loss/value_function,185,0.011752136051654816,1778917901.559986
unitree_go2_flat,Loss/value_function,186,0.012719311751425266,1778917902.6655526
unitree_go2_flat,Loss/value_function,187,0.009435235522687435,1778917903.6751506
unitree_go2_flat,Loss/value_function,188,0.00801952462643385,1778917904.6709814
unitree_go2_flat,Loss/value_function,189,0.00974631030112505,1778917905.6737797
unitree_go2_flat,Loss/value_function,190,0.00835366640239954,1778917906.6719832
unitree_go2_flat,Loss/value_function,191,0.00827003549784422,1778917907.686779
unitree_go2_flat,Loss/value_function,192,0.007183184381574392,1778917908.69476
unitree_go2_flat,Loss/value_function,193,0.01111755333840847,1778917909.7152972
unitree_go2_flat,Loss/value_function,194,0.005939450114965439,1778917910.7175453
unitree_go2_flat,Loss/value_function,195,0.008409208618104458,1778917911.714083
unitree_go2_flat,Loss/value_function,196,0.01120429951697588,1778917912.711796
unitree_go2_flat,Loss/value_function,197,0.009174722246825695,1778917913.86551
unitree_go2_flat,Loss/value_function,198,0.005577460862696171,1778917914.8669004
unitree_go2_flat,Loss/value_function,199,0.004586150869727135,1778917915.8707879
unitree_go2_flat,Loss/value_function,200,0.006825713440775871,1778917916.864051
unitree_go2_flat,Loss/value_function,201,0.00666397251188755,1778917917.871023
unitree_go2_flat,Loss/value_function,202,0.007512981537729502,1778917918.871261
unitree_go2_flat,Loss/value_function,203,0.009422628208994865,1778917919.8787596
unitree_go2_flat,Loss/value_function,204,0.010466475039720535,1778917920.880735
unitree_go2_flat,Loss/value_function,205,0.007961668074131012,1778917921.8908281
unitree_go2_flat,Loss/value_function,206,0.007386325392872095,1778917922.8986673
unitree_go2_flat,Loss/value_function,207,0.010410369373857975,1778917923.9073644
unitree_go2_flat,Loss/value_function,208,0.009721802547574043,1778917925.0606186
unitree_go2_flat,Loss/value_function,209,0.008678114041686058,1778917926.0570688
unitree_go2_flat,Loss/value_function,210,0.007543956860899925,1778917927.0543296
unitree_go2_flat,Loss/value_function,211,0.01133133564144373,1778917928.0700903
unitree_go2_flat,Loss/value_function,212,0.009134544990956783,1778917929.0779793
unitree_go2_flat,Loss/value_function,213,0.012817584909498692,1778917930.0924468
unitree_go2_flat,Loss/value_function,214,0.01110819075256586,1778917931.0913377
unitree_go2_flat,Loss/value_function,215,0.012242110446095467,1778917932.0922666
unitree_go2_flat,Loss/value_function,216,0.00755611015483737,1778917933.0971963
unitree_go2_flat,Loss/value_function,217,0.009898989461362362,1778917934.097004
unitree_go2_flat,Loss/value_function,218,0.014339269138872623,1778917935.1082284
unitree_go2_flat,Loss/value_function,219,0.010155360214412212,1778917936.222211
unitree_go2_flat,Loss/value_function,220,0.011385424993932247,1778917937.2186782
unitree_go2_flat,Loss/value_function,221,0.014512703754007816,1778917938.2218926
unitree_go2_flat,Loss/value_function,222,0.015639236196875572,1778917939.230134
unitree_go2_flat,Loss/value_function,223,0.012502225115895271,1778917940.238237
unitree_go2_flat,Loss/value_function,224,0.011457408778369427,1778917941.25302
unitree_go2_flat,Loss/value_function,225,0.008001665584743023,1778917942.2522812
unitree_go2_flat,Loss/value_function,226,0.011492094025015831,1778917943.2488804
unitree_go2_flat,Loss/value_function,227,0.008559469133615494,1778917944.2394075
unitree_go2_flat,Loss/value_function,228,0.01285859290510416,1778917945.2380168
unitree_go2_flat,Loss/value_function,229,0.010661679320037365,1778917946.358048
unitree_go2_flat,Loss/value_function,230,0.008040557615458965,1778917947.351678
unitree_go2_flat,Loss/value_function,231,0.006966269575059414,1778917948.3464305
unitree_go2_flat,Loss/value_function,232,0.013954456895589828,1778917949.3482556
unitree_go2_flat,Loss/value_function,233,0.01139161642640829,1778917950.3467445
unitree_go2_flat,Loss/value_function,234,0.006747823674231768,1778917951.3454733
unitree_go2_flat,Loss/value_function,235,0.006985571701079607,1778917952.3478823
unitree_go2_flat,Loss/value_function,236,0.005864931270480156,1778917953.3516154
unitree_go2_flat,Loss/value_function,237,0.004772614687681198,1778917954.3434193
unitree_go2_flat,Loss/value_function,238,0.008357275277376175,1778917955.3433142
unitree_go2_flat,Loss/value_function,239,0.007472675293684006,1778917956.3471978
unitree_go2_flat,Loss/value_function,240,0.007879229262471199,1778917957.4941726
unitree_go2_flat,Loss/value_function,241,0.00762947415933013,1778917958.4925606
unitree_go2_flat,Loss/value_function,242,0.006850386969745159,1778917959.4986331
unitree_go2_flat,Loss/value_function,243,0.007120316382497549,1778917960.4917474
unitree_go2_flat,Loss/value_function,244,0.01057303138077259,1778917961.4886086
unitree_go2_flat,Loss/value_function,245,0.008857053704559803,1778917962.498476
unitree_go2_flat,Loss/value_function,246,0.005867305211722851,1778917963.498924
unitree_go2_flat,Loss/value_function,247,0.010602187365293503,1778917964.5069432
unitree_go2_flat,Loss/value_function,248,0.015635795891284943,1778917965.5145907
unitree_go2_flat,Loss/value_function,249,0.01167544536292553,1778917966.51562
unitree_go2_flat,Loss/value_function,250,0.008411855436861515,1778917967.514207
unitree_go2_flat,Loss/value_function,251,0.009648872539401054,1778917968.5928848
unitree_go2_flat,Loss/value_function,252,0.010494100861251354,1778917969.6076918
unitree_go2_flat,Loss/value_function,253,0.011872543953359127,1778917970.615513
unitree_go2_flat,Loss/value_function,254,0.02203484997153282,1778917971.627861
unitree_go2_flat,Loss/value_function,255,0.020460180938243866,1778917972.653793
unitree_go2_flat,Loss/value_function,256,0.008992667309939861,1778917973.6594021
unitree_go2_flat,Loss/value_function,257,0.011521894484758377,1778917974.654534
unitree_go2_flat,Loss/value_function,258,0.011236054822802544,1778917975.650459
unitree_go2_flat,Loss/value_function,259,0.00988918449729681,1778917976.6674888
unitree_go2_flat,Loss/value_function,260,0.00820713397115469,1778917977.6673403
unitree_go2_flat,Loss/value_function,261,0.02264375053346157,1778917978.6809888
unitree_go2_flat,Loss/value_function,262,0.02219693921506405,1778917979.706856
unitree_go2_flat,Loss/value_function,263,0.015923909842967987,1778917980.7228818
unitree_go2_flat,Loss/value_function,264,0.012897211126983166,1778917981.7300298
unitree_go2_flat,Loss/value_function,265,0.008411824703216553,1778917982.7372098
unitree_go2_flat,Loss/value_function,266,0.011340221390128136,1778917983.7534115
unitree_go2_flat,Loss/value_function,267,0.007962372153997421,1778917984.7503192
unitree_go2_flat,Loss/value_function,268,0.009429868310689926,1778917985.7511196
unitree_go2_flat,Loss/value_function,269,0.020249666646122932,1778917986.7620702
unitree_go2_flat,Loss/value_function,270,0.007139922119677067,1778917987.7671921
unitree_go2_flat,Loss/value_function,271,0.007560540921986103,1778917988.7687454
unitree_go2_flat,Loss/value_function,272,0.01032812800258398,1778917989.846638
unitree_go2_flat,Loss/value_function,273,0.010333501733839512,1778917990.8502529
unitree_go2_flat,Loss/value_function,274,0.012164236977696419,1778917991.8612301
unitree_go2_flat,Loss/value_function,275,0.011504634283483028,1778917992.8589876
unitree_go2_flat,Loss/value_function,276,0.010442255064845085,1778917993.8672616
unitree_go2_flat,Loss/value_function,277,0.00975479930639267,1778917994.9065247
unitree_go2_flat,Loss/value_function,278,0.009404657408595085,1778917995.9039025
unitree_go2_flat,Loss/value_function,279,0.01080405618995428,1778917996.904649
unitree_go2_flat,Loss/value_function,280,0.02177242562174797,1778917997.915324
unitree_go2_flat,Loss/value_function,281,0.014253227040171623,1778917998.9114223
unitree_go2_flat,Loss/value_function,282,0.007391956634819508,1778917999.9266996
unitree_go2_flat,Loss/value_function,283,0.010431141592562199,1778918001.0568948
unitree_go2_flat,Loss/value_function,284,0.013108738698065281,1778918002.068262
unitree_go2_flat,Loss/value_function,285,0.010269629769027233,1778918003.078567
unitree_go2_flat,Loss/value_function,286,0.01230346318334341,1778918004.0749815
unitree_go2_flat,Loss/value_function,287,0.0074665602296590805,1778918005.0932674
unitree_go2_flat,Loss/value_function,288,0.008166094310581684,1778918006.09763
unitree_go2_flat,Loss/value_function,289,0.01144516933709383,1778918007.105385
unitree_go2_flat,Loss/value_function,290,0.012417257763445377,1778918008.1203249
unitree_go2_flat,Loss/value_function,291,0.007159420754760504,1778918009.1230116
unitree_go2_flat,Loss/value_function,292,0.010335532017052174,1778918010.1272128
unitree_go2_flat,Loss/value_function,293,0.007717270869761705,1778918011.1418912
unitree_go2_flat,Loss/value_function,294,0.0078280009329319,1778918012.3093715
unitree_go2_flat,Loss/value_function,295,0.007368875201791525,1778918013.318557
unitree_go2_flat,Loss/value_function,296,0.00690245907753706,1778918014.326464
unitree_go2_flat,Loss/value_function,297,0.009352060034871101,1778918015.3366096
unitree_go2_flat,Loss/value_function,298,0.006384947802871466,1778918016.3432724
unitree_go2_flat,Loss/value_function,299,0.0045816670171916485,1778918017.3468688
unitree_go2_flat,Loss/surrogate,0,-0.021551135927438736,1778917712.6900282
unitree_go2_flat,Loss/surrogate,1,-0.04258301109075546,1778917713.7560983
unitree_go2_flat,Loss/surrogate,2,-0.043514177203178406,1778917714.7563548
unitree_go2_flat,Loss/surrogate,3,-0.04013686999678612,1778917716.2102253
unitree_go2_flat,Loss/surrogate,4,-0.04903760179877281,1778917717.2295496
unitree_go2_flat,Loss/surrogate,5,-0.039591316133737564,1778917718.3659348
unitree_go2_flat,Loss/surrogate,6,-0.0378100723028183,1778917719.3740041
unitree_go2_flat,Loss/surrogate,7,-0.04410690814256668,1778917720.3854268
unitree_go2_flat,Loss/surrogate,8,-0.04760560020804405,1778917721.3836923
unitree_go2_flat,Loss/surrogate,9,-0.03802075237035751,1778917722.3899074
unitree_go2_flat,Loss/surrogate,10,-0.04244576022028923,1778917723.393894
unitree_go2_flat,Loss/surrogate,11,-0.0416993647813797,1778917724.3969474
unitree_go2_flat,Loss/surrogate,12,-0.04328601062297821,1778917725.3978343
unitree_go2_flat,Loss/surrogate,13,-0.043498020619153976,1778917726.4071007
unitree_go2_flat,Loss/surrogate,14,-0.04071789234876633,1778917727.4082146
unitree_go2_flat,Loss/surrogate,15,-0.04510216787457466,1778917728.5411422
unitree_go2_flat,Loss/surrogate,16,-0.04288192093372345,1778917729.5653632
unitree_go2_flat,Loss/surrogate,17,-0.04853363707661629,1778917730.5653512
unitree_go2_flat,Loss/surrogate,18,-0.03719034790992737,1778917731.5674443
unitree_go2_flat,Loss/surrogate,19,-0.04822878912091255,1778917732.5781481
unitree_go2_flat,Loss/surrogate,20,-0.04355248436331749,1778917733.5840602
unitree_go2_flat,Loss/surrogate,21,-0.04396228492259979,1778917734.5953972
unitree_go2_flat,Loss/surrogate,22,-0.03908906877040863,1778917735.5914505
unitree_go2_flat,Loss/surrogate,23,-0.043808817863464355,1778917736.596889
unitree_go2_flat,Loss/surrogate,24,-0.04550100117921829,1778917737.6015606
unitree_go2_flat,Loss/surrogate,25,-0.048066992312669754,1778917738.6069922
unitree_go2_flat,Loss/surrogate,26,-0.041272107511758804,1778917739.750039
unitree_go2_flat,Loss/surrogate,27,-0.03989528864622116,1778917740.760384
unitree_go2_flat,Loss/surrogate,28,-0.04437267407774925,1778917741.7797656
unitree_go2_flat,Loss/surrogate,29,-0.04074707627296448,1778917742.7872593
unitree_go2_flat,Loss/surrogate,30,-0.03967220336198807,1778917743.7956183
unitree_go2_flat,Loss/surrogate,31,-0.04381997883319855,1778917744.794021
unitree_go2_flat,Loss/surrogate,32,-0.047763921320438385,1778917745.8031805
unitree_go2_flat,Loss/surrogate,33,-0.04503098875284195,1778917746.8045921
unitree_go2_flat,Loss/surrogate,34,-0.04248001053929329,1778917747.8191638
unitree_go2_flat,Loss/surrogate,35,-0.048326581716537476,1778917748.8310342
unitree_go2_flat,Loss/surrogate,36,-0.03914589062333107,1778917749.838397
unitree_go2_flat,Loss/surrogate,37,-0.04338984563946724,1778917750.974809
unitree_go2_flat,Loss/surrogate,38,-0.04117593541741371,1778917751.9824047
unitree_go2_flat,Loss/surrogate,39,-0.047070205211639404,1778917752.9904215
unitree_go2_flat,Loss/surrogate,40,-0.04192199930548668,1778917754.0015414
unitree_go2_flat,Loss/surrogate,41,-0.04200512170791626,1778917755.004231
unitree_go2_flat,Loss/surrogate,42,-0.037690550088882446,1778917756.0142531
unitree_go2_flat,Loss/surrogate,43,-0.044293392449617386,1778917757.0200758
unitree_go2_flat,Loss/surrogate,44,-0.03991074487566948,1778917758.0397635
unitree_go2_flat,Loss/surrogate,45,-0.04393821209669113,1778917759.0571375
unitree_go2_flat,Loss/surrogate,46,-0.0435929149389267,1778917760.0585155
unitree_go2_flat,Loss/surrogate,47,-0.04594914987683296,1778917761.1530776
unitree_go2_flat,Loss/surrogate,48,-0.04498101770877838,1778917762.1513574
unitree_go2_flat,Loss/surrogate,49,-0.043575137853622437,1778917763.148636
unitree_go2_flat,Loss/surrogate,50,-0.042155638337135315,1778917764.1583045
unitree_go2_flat,Loss/surrogate,51,-0.04205525666475296,1778917765.181612
unitree_go2_flat,Loss/surrogate,52,-0.03497125580906868,1778917766.2117803
unitree_go2_flat,Loss/surrogate,53,-0.041627187281847,1778917767.2322147
unitree_go2_flat,Loss/surrogate,54,-0.04478011652827263,1778917768.2347317
unitree_go2_flat,Loss/surrogate,55,-0.037878721952438354,1778917769.2716715
unitree_go2_flat,Loss/surrogate,56,-0.04047313705086708,1778917770.2758565
unitree_go2_flat,Loss/surrogate,57,-0.04277538135647774,1778917771.2841234
unitree_go2_flat,Loss/surrogate,58,-0.043513230979442596,1778917772.3634484
unitree_go2_flat,Loss/surrogate,59,-0.04158351570367813,1778917773.3620625
unitree_go2_flat,Loss/surrogate,60,-0.048155490309000015,1778917774.380042
unitree_go2_flat,Loss/surrogate,61,-0.04114054515957832,1778917775.385504
unitree_go2_flat,Loss/surrogate,62,-0.0386422760784626,1778917776.3911781
unitree_go2_flat,Loss/surrogate,63,-0.04976786673069,1778917777.397386
unitree_go2_flat,Loss/surrogate,64,-0.04402516782283783,1778917778.4011343
unitree_go2_flat,Loss/surrogate,65,-0.04032894968986511,1778917779.4159632
unitree_go2_flat,Loss/surrogate,66,-0.031131383031606674,1778917780.4467466
unitree_go2_flat,Loss/surrogate,67,-0.047109004110097885,1778917781.449562
unitree_go2_flat,Loss/surrogate,68,-0.03837941586971283,1778917782.4632406
unitree_go2_flat,Loss/surrogate,69,-0.04264272004365921,1778917783.56968
unitree_go2_flat,Loss/surrogate,70,-0.04001341760158539,1778917784.5727892
unitree_go2_flat,Loss/surrogate,71,-0.047985807061195374,1778917785.5714798
unitree_go2_flat,Loss/surrogate,72,-0.03374326601624489,1778917786.5852625
unitree_go2_flat,Loss/surrogate,73,-0.04322529956698418,1778917787.600651
unitree_go2_flat,Loss/surrogate,74,-0.04137992858886719,1778917788.6207285
unitree_go2_flat,Loss/surrogate,75,-0.041694048792123795,1778917789.630223
unitree_go2_flat,Loss/surrogate,76,-0.041815828531980515,1778917790.644001
unitree_go2_flat,Loss/surrogate,77,-0.04134327918291092,1778917791.648629
unitree_go2_flat,Loss/surrogate,78,-0.04713268578052521,1778917792.6482549
unitree_go2_flat,Loss/surrogate,79,-0.044954486191272736,1778917793.7877104
unitree_go2_flat,Loss/surrogate,80,-0.038540344685316086,1778917794.7911563
unitree_go2_flat,Loss/surrogate,81,-0.04110807925462723,1778917795.789343
unitree_go2_flat,Loss/surrogate,82,-0.042271655052900314,1778917796.801218
unitree_go2_flat,Loss/surrogate,83,-0.04034934565424919,1778917797.8124583
unitree_go2_flat,Loss/surrogate,84,-0.036552008241415024,1778917798.8173473
unitree_go2_flat,Loss/surrogate,85,-0.03890077769756317,1778917799.8163188
unitree_go2_flat,Loss/surrogate,86,-0.045813631266355515,1778917800.8316736
unitree_go2_flat,Loss/surrogate,87,-0.0398736447095871,1778917801.851332
unitree_go2_flat,Loss/surrogate,88,-0.04074207693338394,1778917802.8609793
unitree_go2_flat,Loss/surrogate,89,-0.04123348370194435,1778917803.8640976
unitree_go2_flat,Loss/surrogate,90,-0.04609542340040207,1778917805.0111496
unitree_go2_flat,Loss/surrogate,91,-0.04076008498668671,1778917806.0137239
unitree_go2_flat,Loss/surrogate,92,-0.039849162101745605,1778917807.0324447
unitree_go2_flat,Loss/surrogate,93,-0.04310997948050499,1778917808.0429747
unitree_go2_flat,Loss/surrogate,94,-0.03790116682648659,1778917809.0629358
unitree_go2_flat,Loss/surrogate,95,-0.042050693184137344,1778917810.0622847
unitree_go2_flat,Loss/surrogate,96,-0.041342929005622864,1778917811.0861108
unitree_go2_flat,Loss/surrogate,97,-0.03869026154279709,1778917812.0954661
unitree_go2_flat,Loss/surrogate,98,-0.041693076491355896,1778917813.0976245
unitree_go2_flat,Loss/surrogate,99,-0.03609643876552582,1778917814.1120334
unitree_go2_flat,Loss/surrogate,100,-0.0409182645380497,1778917815.1334
unitree_go2_flat,Loss/surrogate,101,-0.04142162948846817,1778917816.2537606
unitree_go2_flat,Loss/surrogate,102,-0.042356688529253006,1778917817.2572916
unitree_go2_flat,Loss/surrogate,103,-0.03644918277859688,1778917818.267517
unitree_go2_flat,Loss/surrogate,104,-0.04150734096765518,1778917819.2731462
unitree_go2_flat,Loss/surrogate,105,-0.039372555911540985,1778917820.274234
unitree_go2_flat,Loss/surrogate,106,-0.040160343050956726,1778917821.2762933
unitree_go2_flat,Loss/surrogate,107,-0.05183938145637512,1778917822.2829773
unitree_go2_flat,Loss/surrogate,108,-0.04129688814282417,1778917823.3002913
unitree_go2_flat,Loss/surrogate,109,-0.041867468506097794,1778917824.304051
unitree_go2_flat,Loss/surrogate,110,-0.04617667198181152,1778917825.3053036
unitree_go2_flat,Loss/surrogate,111,-0.039483364671468735,1778917826.3182802
unitree_go2_flat,Loss/surrogate,112,-0.040651556104421616,1778917827.323853
unitree_go2_flat,Loss/surrogate,113,-0.04225245118141174,1778917828.3302562
unitree_go2_flat,Loss/surrogate,114,-0.04581766203045845,1778917829.3348448
unitree_go2_flat,Loss/surrogate,115,-0.04719536006450653,1778917830.3387463
unitree_go2_flat,Loss/surrogate,116,-0.042257290333509445,1778917831.3413358
unitree_go2_flat,Loss/surrogate,117,-0.044484589248895645,1778917832.3491414
unitree_go2_flat,Loss/surrogate,118,-0.04044105112552643,1778917833.3617942
unitree_go2_flat,Loss/surrogate,119,-0.04617489129304886,1778917834.3711143
unitree_go2_flat,Loss/surrogate,120,-0.04118204861879349,1778917835.3811467
unitree_go2_flat,Loss/surrogate,121,-0.04421794041991234,1778917836.389155
unitree_go2_flat,Loss/surrogate,122,-0.044024981558322906,1778917837.5380723
unitree_go2_flat,Loss/surrogate,123,-0.04812920093536377,1778917838.5451543
unitree_go2_flat,Loss/surrogate,124,-0.046396076679229736,1778917839.5451086
unitree_go2_flat,Loss/surrogate,125,-0.048514049500226974,1778917840.541197
unitree_go2_flat,Loss/surrogate,126,-0.045146360993385315,1778917841.555034
unitree_go2_flat,Loss/surrogate,127,-0.04175985977053642,1778917842.5602112
unitree_go2_flat,Loss/surrogate,128,-0.043572839349508286,1778917843.568188
unitree_go2_flat,Loss/surrogate,129,-0.04818310588598251,1778917844.574647
unitree_go2_flat,Loss/surrogate,130,-0.03959096595644951,1778917845.578224
unitree_go2_flat,Loss/surrogate,131,-0.04589926078915596,1778917846.5748103
unitree_go2_flat,Loss/surrogate,132,-0.03660476580262184,1778917847.5726504
unitree_go2_flat,Loss/surrogate,133,-0.04137469083070755,1778917848.7096415
unitree_go2_flat,Loss/surrogate,134,-0.043266382068395615,1778917849.7205446
unitree_go2_flat,Loss/surrogate,135,-0.04221412166953087,1778917850.734311
unitree_go2_flat,Loss/surrogate,136,-0.039386291056871414,1778917851.7615554
unitree_go2_flat,Loss/surrogate,137,-0.048321280628442764,1778917852.76434
unitree_go2_flat,Loss/surrogate,138,-0.036144375801086426,1778917853.7943358
unitree_go2_flat,Loss/surrogate,139,-0.03747108206152916,1778917854.827544
unitree_go2_flat,Loss/surrogate,140,-0.04616912081837654,1778917855.8294477
unitree_go2_flat,Loss/surrogate,141,-0.040414031594991684,1778917856.8435216
unitree_go2_flat,Loss/surrogate,142,-0.04218976944684982,1778917857.8428319
unitree_go2_flat,Loss/surrogate,143,-0.044661104679107666,1778917858.8402953
unitree_go2_flat,Loss/surrogate,144,-0.041972339153289795,1778917859.9629922
unitree_go2_flat,Loss/surrogate,145,-0.041493434458971024,1778917860.9640977
unitree_go2_flat,Loss/surrogate,146,-0.04071950539946556,1778917861.9669309
unitree_go2_flat,Loss/surrogate,147,-0.0380658321082592,1778917862.9612365
unitree_go2_flat,Loss/surrogate,148,-0.048277005553245544,1778917863.9513013
unitree_go2_flat,Loss/surrogate,149,-0.04371882602572441,1778917864.9563696
unitree_go2_flat,Loss/surrogate,150,-0.03902462124824524,1778917865.9760597
unitree_go2_flat,Loss/surrogate,151,-0.04220001399517059,1778917867.0023847
unitree_go2_flat,Loss/surrogate,152,-0.03358512371778488,1778917868.016947
unitree_go2_flat,Loss/surrogate,153,-0.038844093680381775,1778917869.0143943
unitree_go2_flat,Loss/surrogate,154,-0.045869145542383194,1778917870.1440957
unitree_go2_flat,Loss/surrogate,155,-0.039629966020584106,1778917871.1439028
unitree_go2_flat,Loss/surrogate,156,-0.047987524420022964,1778917872.1610026
unitree_go2_flat,Loss/surrogate,157,-0.04175546392798424,1778917873.1670315
unitree_go2_flat,Loss/surrogate,158,-0.042226456105709076,1778917874.1682596
unitree_go2_flat,Loss/surrogate,159,-0.04064333438873291,1778917875.1748457
unitree_go2_flat,Loss/surrogate,160,-0.048002880066633224,1778917876.1774158
unitree_go2_flat,Loss/surrogate,161,-0.044047288596630096,1778917877.18332
unitree_go2_flat,Loss/surrogate,162,-0.04057719185948372,1778917878.1927912
unitree_go2_flat,Loss/surrogate,163,-0.0463927797973156,1778917879.197207
unitree_go2_flat,Loss/surrogate,164,-0.04604794830083847,1778917880.1972897
unitree_go2_flat,Loss/surrogate,165,-0.04111636430025101,1778917881.314706
unitree_go2_flat,Loss/surrogate,166,-0.0470314547419548,1778917882.3114798
unitree_go2_flat,Loss/surrogate,167,-0.04443609341979027,1778917883.3138754
unitree_go2_flat,Loss/surrogate,168,-0.048052992671728134,1778917884.302347
unitree_go2_flat,Loss/surrogate,169,-0.04172562435269356,1778917885.3063698
unitree_go2_flat,Loss/surrogate,170,-0.040871571749448776,1778917886.3070326
unitree_go2_flat,Loss/surrogate,171,-0.042837657034397125,1778917887.315067
unitree_go2_flat,Loss/surrogate,172,-0.04309525713324547,1778917888.3142958
unitree_go2_flat,Loss/surrogate,173,-0.03976046293973923,1778917889.3204987
unitree_go2_flat,Loss/surrogate,174,-0.04173777252435684,1778917890.322468
unitree_go2_flat,Loss/surrogate,175,-0.040436528623104095,1778917891.3385665
unitree_go2_flat,Loss/surrogate,176,-0.04310490936040878,1778917892.4993541
unitree_go2_flat,Loss/surrogate,177,-0.04830455780029297,1778917893.5094635
unitree_go2_flat,Loss/surrogate,178,-0.046870432794094086,1778917894.5176966
unitree_go2_flat,Loss/surrogate,179,-0.04078949615359306,1778917895.5142002
unitree_go2_flat,Loss/surrogate,180,-0.04522944614291191,1778917896.5116768
unitree_go2_flat,Loss/surrogate,181,-0.045107536017894745,1778917897.5192518
unitree_go2_flat,Loss/surrogate,182,-0.04228748753666878,1778917898.5594692
unitree_go2_flat,Loss/surrogate,183,-0.04593281447887421,1778917899.5576544
unitree_go2_flat,Loss/surrogate,184,-0.0433083102107048,1778917900.5500615
unitree_go2_flat,Loss/surrogate,185,-0.045156970620155334,1778917901.560011
unitree_go2_flat,Loss/surrogate,186,-0.04179680347442627,1778917902.6655953
unitree_go2_flat,Loss/surrogate,187,-0.04543134570121765,1778917903.6751735
unitree_go2_flat,Loss/surrogate,188,-0.046818286180496216,1778917904.671012
unitree_go2_flat,Loss/surrogate,189,-0.052416834980249405,1778917905.6738038
unitree_go2_flat,Loss/surrogate,190,-0.04410123825073242,1778917906.6720066
unitree_go2_flat,Loss/surrogate,191,-0.04379170015454292,1778917907.6868093
unitree_go2_flat,Loss/surrogate,192,-0.0501776784658432,1778917908.6947832
unitree_go2_flat,Loss/surrogate,193,-0.03810742497444153,1778917909.71532
unitree_go2_flat,Loss/surrogate,194,-0.0458824448287487,1778917910.7175677
unitree_go2_flat,Loss/surrogate,195,-0.04771282151341438,1778917911.7141073
unitree_go2_flat,Loss/surrogate,196,-0.044181451201438904,1778917912.7118208
unitree_go2_flat,Loss/surrogate,197,-0.04466354474425316,1778917913.8655415
unitree_go2_flat,Loss/surrogate,198,-0.03696359321475029,1778917914.8669233
unitree_go2_flat,Loss/surrogate,199,-0.041870731860399246,1778917915.8708117
unitree_go2_flat,Loss/surrogate,200,-0.043829869478940964,1778917916.864074
unitree_go2_flat,Loss/surrogate,201,-0.04282324016094208,1778917917.8710473
unitree_go2_flat,Loss/surrogate,202,-0.04375974088907242,1778917918.871299
unitree_go2_flat,Loss/surrogate,203,-0.04716581478714943,1778917919.8787925
unitree_go2_flat,Loss/surrogate,204,-0.045112866908311844,1778917920.8807578
unitree_go2_flat,Loss/surrogate,205,-0.03721930459141731,1778917921.8908517
unitree_go2_flat,Loss/surrogate,206,-0.03885447978973389,1778917922.89869
unitree_go2_flat,Loss/surrogate,207,-0.04802887141704559,1778917923.9073884
unitree_go2_flat,Loss/surrogate,208,-0.04437801614403725,1778917925.0606425
unitree_go2_flat,Loss/surrogate,209,-0.04219543933868408,1778917926.0571005
unitree_go2_flat,Loss/surrogate,210,-0.040422551333904266,1778917927.0543694
unitree_go2_flat,Loss/surrogate,211,-0.04273924231529236,1778917928.0701134
unitree_go2_flat,Loss/surrogate,212,-0.03932571038603783,1778917929.0780025
unitree_go2_flat,Loss/surrogate,213,-0.045897431671619415,1778917930.09247
unitree_go2_flat,Loss/surrogate,214,-0.043162595480680466,1778917931.0913618
unitree_go2_flat,Loss/surrogate,215,-0.0397661030292511,1778917932.0922894
unitree_go2_flat,Loss/surrogate,216,-0.04627564176917076,1778917933.09722
unitree_go2_flat,Loss/surrogate,217,-0.047121014446020126,1778917934.0970273
unitree_go2_flat,Loss/surrogate,218,-0.04227345064282417,1778917935.1082613
unitree_go2_flat,Loss/surrogate,219,-0.042212411761283875,1778917936.2222338
unitree_go2_flat,Loss/surrogate,220,-0.04807409644126892,1778917937.2187123
unitree_go2_flat,Loss/surrogate,221,-0.04110070317983627,1778917938.2219162
unitree_go2_flat,Loss/surrogate,222,-0.04496537148952484,1778917939.2301574
unitree_go2_flat,Loss/surrogate,223,-0.0394621416926384,1778917940.2382698
unitree_go2_flat,Loss/surrogate,224,-0.04340064898133278,1778917941.2530437
unitree_go2_flat,Loss/surrogate,225,-0.043203238397836685,1778917942.252304
unitree_go2_flat,Loss/surrogate,226,-0.046815622597932816,1778917943.2489035
unitree_go2_flat,Loss/surrogate,227,-0.04098668694496155,1778917944.2394311
unitree_go2_flat,Loss/surrogate,228,-0.03791046887636185,1778917945.2380412
unitree_go2_flat,Loss/surrogate,229,-0.04483797028660774,1778917946.358074
unitree_go2_flat,Loss/surrogate,230,-0.04895314201712608,1778917947.3517036
unitree_go2_flat,Loss/surrogate,231,-0.04373682290315628,1778917948.3464544
unitree_go2_flat,Loss/surrogate,232,-0.0501994751393795,1778917949.3482895
unitree_go2_flat,Loss/surrogate,233,-0.045653387904167175,1778917950.3467674
unitree_go2_flat,Loss/surrogate,234,-0.04516826197504997,1778917951.3455052
unitree_go2_flat,Loss/surrogate,235,-0.04886983707547188,1778917952.347912
unitree_go2_flat,Loss/surrogate,236,-0.04464907571673393,1778917953.3516567
unitree_go2_flat,Loss/surrogate,237,-0.043206438422203064,1778917954.3434424
unitree_go2_flat,Loss/surrogate,238,-0.04051589220762253,1778917955.3433378
unitree_go2_flat,Loss/surrogate,239,-0.04772259294986725,1778917956.3472211
unitree_go2_flat,Loss/surrogate,240,-0.045671749860048294,1778917957.4942045
unitree_go2_flat,Loss/surrogate,241,-0.040434274822473526,1778917958.492603
unitree_go2_flat,Loss/surrogate,242,-0.04296979308128357,1778917959.4986563
unitree_go2_flat,Loss/surrogate,243,-0.04308895394206047,1778917960.4917703
unitree_go2_flat,Loss/surrogate,244,-0.04316887632012367,1778917961.4886339
unitree_go2_flat,Loss/surrogate,245,-0.04463982582092285,1778917962.4985003
unitree_go2_flat,Loss/surrogate,246,-0.04415493831038475,1778917963.498958
unitree_go2_flat,Loss/surrogate,247,-0.04595963656902313,1778917964.5069666
unitree_go2_flat,Loss/surrogate,248,-0.04670174792408943,1778917965.5146232
unitree_go2_flat,Loss/surrogate,249,-0.03875689581036568,1778917966.5156517
unitree_go2_flat,Loss/surrogate,250,-0.03824148699641228,1778917967.5142379
unitree_go2_flat,Loss/surrogate,251,-0.04267357289791107,1778917968.5929077
unitree_go2_flat,Loss/surrogate,252,-0.043537598103284836,1778917969.6077166
unitree_go2_flat,Loss/surrogate,253,-0.04897782951593399,1778917970.6155457
unitree_go2_flat,Loss/surrogate,254,-0.04203053191304207,1778917971.6278834
unitree_go2_flat,Loss/surrogate,255,-0.04110344126820564,1778917972.6538193
unitree_go2_flat,Loss/surrogate,256,-0.04772644117474556,1778917973.6594255
unitree_go2_flat,Loss/surrogate,257,-0.0429990291595459,1778917974.654557
unitree_go2_flat,Loss/surrogate,258,-0.03987220674753189,1778917975.650483
unitree_go2_flat,Loss/surrogate,259,-0.04976433143019676,1778917976.6675198
unitree_go2_flat,Loss/surrogate,260,-0.04395093396306038,1778917977.6673634
unitree_go2_flat,Loss/surrogate,261,-0.043526723980903625,1778917978.6810203
unitree_go2_flat,Loss/surrogate,262,-0.04029962792992592,1778917979.7068787
unitree_go2_flat,Loss/surrogate,263,-0.040968555957078934,1778917980.722905
unitree_go2_flat,Loss/surrogate,264,-0.05010803043842316,1778917981.730054
unitree_go2_flat,Loss/surrogate,265,-0.04505034163594246,1778917982.7372336
unitree_go2_flat,Loss/surrogate,266,-0.0462757833302021,1778917983.753435
unitree_go2_flat,Loss/surrogate,267,-0.04114370048046112,1778917984.7503433
unitree_go2_flat,Loss/surrogate,268,-0.03674260154366493,1778917985.7511425
unitree_go2_flat,Loss/surrogate,269,-0.04269125312566757,1778917986.7620952
unitree_go2_flat,Loss/surrogate,270,-0.04425762966275215,1778917987.7672164
unitree_go2_flat,Loss/surrogate,271,-0.04483988508582115,1778917988.7687693
unitree_go2_flat,Loss/surrogate,272,-0.04169823229312897,1778917989.8466616
unitree_go2_flat,Loss/surrogate,273,-0.044715765863657,1778917990.8502772
unitree_go2_flat,Loss/surrogate,274,-0.04396883398294449,1778917991.8612542
unitree_go2_flat,Loss/surrogate,275,-0.03873532637953758,1778917992.8590102
unitree_go2_flat,Loss/surrogate,276,-0.0387081503868103,1778917993.8672848
unitree_go2_flat,Loss/surrogate,277,-0.04802950099110603,1778917994.9065554
unitree_go2_flat,Loss/surrogate,278,-0.04162495955824852,1778917995.9039254
unitree_go2_flat,Loss/surrogate,279,-0.044586338102817535,1778917996.904682
unitree_go2_flat,Loss/surrogate,280,-0.03983304277062416,1778917997.9153485
unitree_go2_flat,Loss/surrogate,281,-0.04201234132051468,1778917998.9114456
unitree_go2_flat,Loss/surrogate,282,-0.040488727390766144,1778917999.9267235
unitree_go2_flat,Loss/surrogate,283,-0.04759092628955841,1778918001.0569177
unitree_go2_flat,Loss/surrogate,284,-0.03613670915365219,1778918002.068286
unitree_go2_flat,Loss/surrogate,285,-0.03763365373015404,1778918003.0786102
unitree_go2_flat,Loss/surrogate,286,-0.03618111461400986,1778918004.0750046
unitree_go2_flat,Loss/surrogate,287,-0.04142609238624573,1778918005.093291
unitree_go2_flat,Loss/surrogate,288,-0.04407162964344025,1778918006.0976532
unitree_go2_flat,Loss/surrogate,289,-0.03631652146577835,1778918007.1054163
unitree_go2_flat,Loss/surrogate,290,-0.04129668325185776,1778918008.12035
unitree_go2_flat,Loss/surrogate,291,-0.03708896413445473,1778918009.1230354
unitree_go2_flat,Loss/surrogate,292,-0.0444398857653141,1778918010.127245
unitree_go2_flat,Loss/surrogate,293,-0.0413215197622776,1778918011.1419158
unitree_go2_flat,Loss/surrogate,294,-0.03690282255411148,1778918012.3093953
unitree_go2_flat,Loss/surrogate,295,-0.03796735033392906,1778918013.3186054
unitree_go2_flat,Loss/surrogate,296,-0.04070868715643883,1778918014.326488
unitree_go2_flat,Loss/surrogate,297,-0.0365159697830677,1778918015.3366344
unitree_go2_flat,Loss/surrogate,298,-0.03637727349996567,1778918016.343297
unitree_go2_flat,Loss/surrogate,299,-0.041042789816856384,1778918017.3468919
unitree_go2_flat,Loss/entropy,0,17.029605865478516,1778917712.690044
unitree_go2_flat,Loss/entropy,1,17.02509307861328,1778917713.7561142
unitree_go2_flat,Loss/entropy,2,17.011947631835938,1778917714.756371
unitree_go2_flat,Loss/entropy,3,16.99896240234375,1778917716.2102542
unitree_go2_flat,Loss/entropy,4,16.993698120117188,1778917717.229589
unitree_go2_flat,Loss/entropy,5,16.989952087402344,1778917718.3659503
unitree_go2_flat,Loss/entropy,6,16.98093032836914,1778917719.3740206
unitree_go2_flat,Loss/entropy,7,16.97575569152832,1778917720.3854427
unitree_go2_flat,Loss/entropy,8,16.973487854003906,1778917721.3837276
unitree_go2_flat,Loss/entropy,9,16.971052169799805,1778917722.3899233
unitree_go2_flat,Loss/entropy,10,16.966794967651367,1778917723.3939102
unitree_go2_flat,Loss/entropy,11,16.960182189941406,1778917724.3969638
unitree_go2_flat,Loss/entropy,12,16.950925827026367,1778917725.3978498
unitree_go2_flat,Loss/entropy,13,16.94023323059082,1778917726.407117
unitree_go2_flat,Loss/entropy,14,16.929800033569336,1778917727.40823
unitree_go2_flat,Loss/entropy,15,16.91556739807129,1778917728.5411577
unitree_go2_flat,Loss/entropy,16,16.90639877319336,1778917729.565379
unitree_go2_flat,Loss/entropy,17,16.899965286254883,1778917730.5653672
unitree_go2_flat,Loss/entropy,18,16.893863677978516,1778917731.5674598
unitree_go2_flat,Loss/entropy,19,16.88299560546875,1778917732.5781639
unitree_go2_flat,Loss/entropy,20,16.878145217895508,1778917733.584077
unitree_go2_flat,Loss/entropy,21,16.877897262573242,1778917734.5954134
unitree_go2_flat,Loss/entropy,22,16.87116241455078,1778917735.5914662
unitree_go2_flat,Loss/entropy,23,16.861095428466797,1778917736.596905
unitree_go2_flat,Loss/entropy,24,16.85856056213379,1778917737.6016023
unitree_go2_flat,Loss/entropy,25,16.856155395507812,1778917738.6070158
unitree_go2_flat,Loss/entropy,26,16.85219383239746,1778917739.7500565
unitree_go2_flat,Loss/entropy,27,16.849201202392578,1778917740.7603993
unitree_go2_flat,Loss/entropy,28,16.844078063964844,1778917741.7797813
unitree_go2_flat,Loss/entropy,29,16.837650299072266,1778917742.7872765
unitree_go2_flat,Loss/entropy,30,16.829689025878906,1778917743.7956343
unitree_go2_flat,Loss/entropy,31,16.82082748413086,1778917744.794037
unitree_go2_flat,Loss/entropy,32,16.811450958251953,1778917745.8031964
unitree_go2_flat,Loss/entropy,33,16.804731369018555,1778917746.8046122
unitree_go2_flat,Loss/entropy,34,16.801170349121094,1778917747.8191795
unitree_go2_flat,Loss/entropy,35,16.801218032836914,1778917748.8310497
unitree_go2_flat,Loss/entropy,36,16.80032730102539,1778917749.8384202
unitree_go2_flat,Loss/entropy,37,16.797405242919922,1778917750.974827
unitree_go2_flat,Loss/entropy,38,16.794147491455078,1778917751.982421
unitree_go2_flat,Loss/entropy,39,16.791996002197266,1778917752.9904382
unitree_go2_flat,Loss/entropy,40,16.788433074951172,1778917754.0015574
unitree_go2_flat,Loss/entropy,41,16.783767700195312,1778917755.0042465
unitree_go2_flat,Loss/entropy,42,16.78049087524414,1778917756.0142715
unitree_go2_flat,Loss/entropy,43,16.77570152282715,1778917757.0200915
unitree_go2_flat,Loss/entropy,44,16.771224975585938,1778917758.0397797
unitree_go2_flat,Loss/entropy,45,16.76948356628418,1778917759.0571537
unitree_go2_flat,Loss/entropy,46,16.76691246032715,1778917760.0585327
unitree_go2_flat,Loss/entropy,47,16.75973892211914,1778917761.1530936
unitree_go2_flat,Loss/entropy,48,16.74909210205078,1778917762.1513731
unitree_go2_flat,Loss/entropy,49,16.741220474243164,1778917763.1486518
unitree_go2_flat,Loss/entropy,50,16.736278533935547,1778917764.15832
unitree_go2_flat,Loss/entropy,51,16.733196258544922,1778917765.1816285
unitree_go2_flat,Loss/entropy,52,16.731067657470703,1778917766.2117963
unitree_go2_flat,Loss/entropy,53,16.72931480407715,1778917767.2322302
unitree_go2_flat,Loss/entropy,54,16.726627349853516,1778917768.2347484
unitree_go2_flat,Loss/entropy,55,16.72324562072754,1778917769.2716956
unitree_go2_flat,Loss/entropy,56,16.72324562072754,1778917770.2758803
unitree_go2_flat,Loss/entropy,57,16.727310180664062,1778917771.2841392
unitree_go2_flat,Loss/entropy,58,16.725826263427734,1778917772.3634639
unitree_go2_flat,Loss/entropy,59,16.71859359741211,1778917773.3620787
unitree_go2_flat,Loss/entropy,60,16.712934494018555,1778917774.3800738
unitree_go2_flat,Loss/entropy,61,16.70787811279297,1778917775.3855202
unitree_go2_flat,Loss/entropy,62,16.699403762817383,1778917776.3911936
unitree_go2_flat,Loss/entropy,63,16.68996238708496,1778917777.397402
unitree_go2_flat,Loss/entropy,64,16.685773849487305,1778917778.4011512
unitree_go2_flat,Loss/entropy,65,16.68401527404785,1778917779.4159796
unitree_go2_flat,Loss/entropy,66,16.682233810424805,1778917780.4467628
unitree_go2_flat,Loss/entropy,67,16.677600860595703,1778917781.4496067
unitree_go2_flat,Loss/entropy,68,16.67283821105957,1778917782.4632566
unitree_go2_flat,Loss/entropy,69,16.66999626159668,1778917783.5696962
unitree_go2_flat,Loss/entropy,70,16.667573928833008,1778917784.5728056
unitree_go2_flat,Loss/entropy,71,16.665138244628906,1778917785.5715039
unitree_go2_flat,Loss/entropy,72,16.662609100341797,1778917786.5852785
unitree_go2_flat,Loss/entropy,73,16.659900665283203,1778917787.6006672
unitree_go2_flat,Loss/entropy,74,16.658634185791016,1778917788.6207583
unitree_go2_flat,Loss/entropy,75,16.65850830078125,1778917789.6302388
unitree_go2_flat,Loss/entropy,76,16.652090072631836,1778917790.644018
unitree_go2_flat,Loss/entropy,77,16.640064239501953,1778917791.648645
unitree_go2_flat,Loss/entropy,78,16.631589889526367,1778917792.648271
unitree_go2_flat,Loss/entropy,79,16.627113342285156,1778917793.7877269
unitree_go2_flat,Loss/entropy,80,16.619611740112305,1778917794.7911718
unitree_go2_flat,Loss/entropy,81,16.61288070678711,1778917795.7893593
unitree_go2_flat,Loss/entropy,82,16.605350494384766,1778917796.8012412
unitree_go2_flat,Loss/entropy,83,16.598453521728516,1778917797.8124754
unitree_go2_flat,Loss/entropy,84,16.598169326782227,1778917798.8173637
unitree_go2_flat,Loss/entropy,85,16.599153518676758,1778917799.8163352
unitree_go2_flat,Loss/entropy,86,16.595897674560547,1778917800.8316972
unitree_go2_flat,Loss/entropy,87,16.59261703491211,1778917801.8513486
unitree_go2_flat,Loss/entropy,88,16.583887100219727,1778917802.8609948
unitree_go2_flat,Loss/entropy,89,16.574321746826172,1778917803.8641138
unitree_go2_flat,Loss/entropy,90,16.565532684326172,1778917805.011166
unitree_go2_flat,Loss/entropy,91,16.560863494873047,1778917806.0137403
unitree_go2_flat,Loss/entropy,92,16.55683135986328,1778917807.0324607
unitree_go2_flat,Loss/entropy,93,16.5450382232666,1778917808.042991
unitree_go2_flat,Loss/entropy,94,16.533035278320312,1778917809.0629601
unitree_go2_flat,Loss/entropy,95,16.528345108032227,1778917810.0623012
unitree_go2_flat,Loss/entropy,96,16.52556037902832,1778917811.0861459
unitree_go2_flat,Loss/entropy,97,16.520421981811523,1778917812.0954828
unitree_go2_flat,Loss/entropy,98,16.51368522644043,1778917813.0976422
unitree_go2_flat,Loss/entropy,99,16.50697898864746,1778917814.112049
unitree_go2_flat,Loss/entropy,100,16.49869155883789,1778917815.1334183
unitree_go2_flat,Loss/entropy,101,16.493675231933594,1778917816.2537773
unitree_go2_flat,Loss/entropy,102,16.493309020996094,1778917817.257314
unitree_go2_flat,Loss/entropy,103,16.492530822753906,1778917818.2675335
unitree_go2_flat,Loss/entropy,104,16.48447608947754,1778917819.273162
unitree_go2_flat,Loss/entropy,105,16.470699310302734,1778917820.2742589
unitree_go2_flat,Loss/entropy,106,16.458627700805664,1778917821.276309
unitree_go2_flat,Loss/entropy,107,16.45417022705078,1778917822.282994
unitree_go2_flat,Loss/entropy,108,16.45441436767578,1778917823.300308
unitree_go2_flat,Loss/entropy,109,16.448163986206055,1778917824.3040748
unitree_go2_flat,Loss/entropy,110,16.438247680664062,1778917825.3053193
unitree_go2_flat,Loss/entropy,111,16.433780670166016,1778917826.318297
unitree_go2_flat,Loss/entropy,112,16.428489685058594,1778917827.3238692
unitree_go2_flat,Loss/entropy,113,16.417978286743164,1778917828.330275
unitree_go2_flat,Loss/entropy,114,16.404897689819336,1778917829.334862
unitree_go2_flat,Loss/entropy,115,16.391698837280273,1778917830.3387625
unitree_go2_flat,Loss/entropy,116,16.38166618347168,1778917831.341361
unitree_go2_flat,Loss/entropy,117,16.3729190826416,1778917832.3491569
unitree_go2_flat,Loss/entropy,118,16.367507934570312,1778917833.3618104
unitree_go2_flat,Loss/entropy,119,16.362401962280273,1778917834.371131
unitree_go2_flat,Loss/entropy,120,16.3541316986084,1778917835.3811624
unitree_go2_flat,Loss/entropy,121,16.346223831176758,1778917836.3891723
unitree_go2_flat,Loss/entropy,122,16.341798782348633,1778917837.5380886
unitree_go2_flat,Loss/entropy,123,16.34108543395996,1778917838.5451698
unitree_go2_flat,Loss/entropy,124,16.339630126953125,1778917839.5451243
unitree_go2_flat,Loss/entropy,125,16.33436393737793,1778917840.5412126
unitree_go2_flat,Loss/entropy,126,16.327667236328125,1778917841.5550497
unitree_go2_flat,Loss/entropy,127,16.322898864746094,1778917842.5602365
unitree_go2_flat,Loss/entropy,128,16.316823959350586,1778917843.5682037
unitree_go2_flat,Loss/entropy,129,16.308977127075195,1778917844.574663
unitree_go2_flat,Loss/entropy,130,16.302202224731445,1778917845.5782518
unitree_go2_flat,Loss/entropy,131,16.293170928955078,1778917846.5748262
unitree_go2_flat,Loss/entropy,132,16.284866333007812,1778917847.5726666
unitree_go2_flat,Loss/entropy,133,16.277936935424805,1778917848.7096574
unitree_go2_flat,Loss/entropy,134,16.27065658569336,1778917849.72056
unitree_go2_flat,Loss/entropy,135,16.268840789794922,1778917850.734327
unitree_go2_flat,Loss/entropy,136,16.265512466430664,1778917851.7615912
unitree_go2_flat,Loss/entropy,137,16.257232666015625,1778917852.7643566
unitree_go2_flat,Loss/entropy,138,16.252826690673828,1778917853.794352
unitree_go2_flat,Loss/entropy,139,16.249553680419922,1778917854.8275595
unitree_go2_flat,Loss/entropy,140,16.243175506591797,1778917855.8294735
unitree_go2_flat,Loss/entropy,141,16.237232208251953,1778917856.843539
unitree_go2_flat,Loss/entropy,142,16.232585906982422,1778917857.8428476
unitree_go2_flat,Loss/entropy,143,16.22543716430664,1778917858.8403115
unitree_go2_flat,Loss/entropy,144,16.21537208557129,1778917859.9630077
unitree_go2_flat,Loss/entropy,145,16.208982467651367,1778917860.9641137
unitree_go2_flat,Loss/entropy,146,16.203813552856445,1778917861.9669526
unitree_go2_flat,Loss/entropy,147,16.200788497924805,1778917862.9612525
unitree_go2_flat,Loss/entropy,148,16.192468643188477,1778917863.9513178
unitree_go2_flat,Loss/entropy,149,16.182201385498047,1778917864.9563859
unitree_go2_flat,Loss/entropy,150,16.176130294799805,1778917865.976084
unitree_go2_flat,Loss/entropy,151,16.17616081237793,1778917867.0024018
unitree_go2_flat,Loss/entropy,152,16.175758361816406,1778917868.0169628
unitree_go2_flat,Loss/entropy,153,16.172040939331055,1778917869.0144105
unitree_go2_flat,Loss/entropy,154,16.169475555419922,1778917870.1441126
unitree_go2_flat,Loss/entropy,155,16.16621971130371,1778917871.1439185
unitree_go2_flat,Loss/entropy,156,16.161224365234375,1778917872.1610181
unitree_go2_flat,Loss/entropy,157,16.15739631652832,1778917873.167047
unitree_go2_flat,Loss/entropy,158,16.15323257446289,1778917874.1682754
unitree_go2_flat,Loss/entropy,159,16.148387908935547,1778917875.1748617
unitree_go2_flat,Loss/entropy,160,16.144351959228516,1778917876.1774316
unitree_go2_flat,Loss/entropy,161,16.14078140258789,1778917877.1833365
unitree_go2_flat,Loss/entropy,162,16.135818481445312,1778917878.1928072
unitree_go2_flat,Loss/entropy,163,16.135669708251953,1778917879.1972232
unitree_go2_flat,Loss/entropy,164,16.136764526367188,1778917880.1973066
unitree_go2_flat,Loss/entropy,165,16.131752014160156,1778917881.3147361
unitree_go2_flat,Loss/entropy,166,16.118202209472656,1778917882.311496
unitree_go2_flat,Loss/entropy,167,16.108583450317383,1778917883.3138914
unitree_go2_flat,Loss/entropy,168,16.10145378112793,1778917884.3023632
unitree_go2_flat,Loss/entropy,169,16.097740173339844,1778917885.3063865
unitree_go2_flat,Loss/entropy,170,16.09978485107422,1778917886.3070498
unitree_go2_flat,Loss/entropy,171,16.099733352661133,1778917887.3150904
unitree_go2_flat,Loss/entropy,172,16.09634017944336,1778917888.3143127
unitree_go2_flat,Loss/entropy,173,16.09161949157715,1778917889.3205159
unitree_go2_flat,Loss/entropy,174,16.08745765686035,1778917890.3224852
unitree_go2_flat,Loss/entropy,175,16.084592819213867,1778917891.3386147
unitree_go2_flat,Loss/entropy,176,16.078147888183594,1778917892.4993706
unitree_go2_flat,Loss/entropy,177,16.06784439086914,1778917893.5094798
unitree_go2_flat,Loss/entropy,178,16.061084747314453,1778917894.5177133
unitree_go2_flat,Loss/entropy,179,16.05786895751953,1778917895.5142164
unitree_go2_flat,Loss/entropy,180,16.05367088317871,1778917896.5116932
unitree_go2_flat,Loss/entropy,181,16.042003631591797,1778917897.5192673
unitree_go2_flat,Loss/entropy,182,16.03363800048828,1778917898.559493
unitree_go2_flat,Loss/entropy,183,16.0322265625,1778917899.5576704
unitree_go2_flat,Loss/entropy,184,16.024856567382812,1778917900.5500777
unitree_go2_flat,Loss/entropy,185,16.015846252441406,1778917901.5600333
unitree_go2_flat,Loss/entropy,186,16.01020050048828,1778917902.6656144
unitree_go2_flat,Loss/entropy,187,16.002742767333984,1778917903.6751895
unitree_go2_flat,Loss/entropy,188,15.996959686279297,1778917904.6710284
unitree_go2_flat,Loss/entropy,189,15.988776206970215,1778917905.6738203
unitree_go2_flat,Loss/entropy,190,15.978595733642578,1778917906.6720238
unitree_go2_flat,Loss/entropy,191,15.96462345123291,1778917907.6868265
unitree_go2_flat,Loss/entropy,192,15.952230453491211,1778917908.6947994
unitree_go2_flat,Loss/entropy,193,15.947131156921387,1778917909.7153358
unitree_go2_flat,Loss/entropy,194,15.942219734191895,1778917910.7176147
unitree_go2_flat,Loss/entropy,195,15.937724113464355,1778917911.7141235
unitree_go2_flat,Loss/entropy,196,15.93333911895752,1778917912.7118368
unitree_go2_flat,Loss/entropy,197,15.926178932189941,1778917913.8655586
unitree_go2_flat,Loss/entropy,198,15.918233871459961,1778917914.8669388
unitree_go2_flat,Loss/entropy,199,15.911083221435547,1778917915.8708277
unitree_go2_flat,Loss/entropy,200,15.903910636901855,1778917916.8640904
unitree_go2_flat,Loss/entropy,201,15.896992683410645,1778917917.8710635
unitree_go2_flat,Loss/entropy,202,15.891012191772461,1778917918.8713171
unitree_go2_flat,Loss/entropy,203,15.887127876281738,1778917919.878816
unitree_go2_flat,Loss/entropy,204,15.883065223693848,1778917920.8807745
unitree_go2_flat,Loss/entropy,205,15.875426292419434,1778917921.890868
unitree_go2_flat,Loss/entropy,206,15.867849349975586,1778917922.898706
unitree_go2_flat,Loss/entropy,207,15.85701847076416,1778917923.9074047
unitree_go2_flat,Loss/entropy,208,15.847782135009766,1778917925.0606585
unitree_go2_flat,Loss/entropy,209,15.83868408203125,1778917926.0571241
unitree_go2_flat,Loss/entropy,210,15.827459335327148,1778917927.0543966
unitree_go2_flat,Loss/entropy,211,15.817418098449707,1778917928.0701292
unitree_go2_flat,Loss/entropy,212,15.80929946899414,1778917929.078018
unitree_go2_flat,Loss/entropy,213,15.802325248718262,1778917930.0924866
unitree_go2_flat,Loss/entropy,214,15.796441078186035,1778917931.091378
unitree_go2_flat,Loss/entropy,215,15.7911376953125,1778917932.0923054
unitree_go2_flat,Loss/entropy,216,15.78766918182373,1778917933.0972357
unitree_go2_flat,Loss/entropy,217,15.785237312316895,1778917934.0970445
unitree_go2_flat,Loss/entropy,218,15.781027793884277,1778917935.1082852
unitree_go2_flat,Loss/entropy,219,15.777846336364746,1778917936.2222595
unitree_go2_flat,Loss/entropy,220,15.7706298828125,1778917937.2187362
unitree_go2_flat,Loss/entropy,221,15.761212348937988,1778917938.2219317
unitree_go2_flat,Loss/entropy,222,15.748509407043457,1778917939.230173
unitree_go2_flat,Loss/entropy,223,15.740596771240234,1778917940.238286
unitree_go2_flat,Loss/entropy,224,15.736858367919922,1778917941.2530603
unitree_go2_flat,Loss/entropy,225,15.7293062210083,1778917942.2523198
unitree_go2_flat,Loss/entropy,226,15.71540641784668,1778917943.2489192
unitree_go2_flat,Loss/entropy,227,15.705391883850098,1778917944.2394466
unitree_go2_flat,Loss/entropy,228,15.69708251953125,1778917945.2380571
unitree_go2_flat,Loss/entropy,229,15.68948745727539,1778917946.3580904
unitree_go2_flat,Loss/entropy,230,15.679394721984863,1778917947.3517208
unitree_go2_flat,Loss/entropy,231,15.67096996307373,1778917948.3464696
unitree_go2_flat,Loss/entropy,232,15.659186363220215,1778917949.3483136
unitree_go2_flat,Loss/entropy,233,15.647615432739258,1778917950.346783
unitree_go2_flat,Loss/entropy,234,15.642592430114746,1778917951.345529
unitree_go2_flat,Loss/entropy,235,15.639492988586426,1778917952.3479302
unitree_go2_flat,Loss/entropy,236,15.632035255432129,1778917953.351683
unitree_go2_flat,Loss/entropy,237,15.624592781066895,1778917954.343458
unitree_go2_flat,Loss/entropy,238,15.619478225708008,1778917955.3433535
unitree_go2_flat,Loss/entropy,239,15.613679885864258,1778917956.3472369
unitree_go2_flat,Loss/entropy,240,15.608978271484375,1778917957.4942212
unitree_go2_flat,Loss/entropy,241,15.602964401245117,1778917958.4926207
unitree_go2_flat,Loss/entropy,242,15.59316635131836,1778917959.4986715
unitree_go2_flat,Loss/entropy,243,15.584293365478516,1778917960.4917862
unitree_go2_flat,Loss/entropy,244,15.57768440246582,1778917961.4886515
unitree_go2_flat,Loss/entropy,245,15.568219184875488,1778917962.4985166
unitree_go2_flat,Loss/entropy,246,15.5607271194458,1778917963.498982
unitree_go2_flat,Loss/entropy,247,15.552026748657227,1778917964.5069826
unitree_go2_flat,Loss/entropy,248,15.544333457946777,1778917965.5146415
unitree_go2_flat,Loss/entropy,249,15.536782264709473,1778917966.5156684
unitree_go2_flat,Loss/entropy,250,15.532447814941406,1778917967.5142634
unitree_go2_flat,Loss/entropy,251,15.52703857421875,1778917968.5929244
unitree_go2_flat,Loss/entropy,252,15.519165992736816,1778917969.6077337
unitree_go2_flat,Loss/entropy,253,15.51021957397461,1778917970.6155632
unitree_go2_flat,Loss/entropy,254,15.50678825378418,1778917971.6278994
unitree_go2_flat,Loss/entropy,255,15.505913734436035,1778917972.6538525
unitree_go2_flat,Loss/entropy,256,15.50338077545166,1778917973.6594415
unitree_go2_flat,Loss/entropy,257,15.502335548400879,1778917974.6545906
unitree_go2_flat,Loss/entropy,258,15.501566886901855,1778917975.6504996
unitree_go2_flat,Loss/entropy,259,15.498339653015137,1778917976.6675427
unitree_go2_flat,Loss/entropy,260,15.493778228759766,1778917977.667379
unitree_go2_flat,Loss/entropy,261,15.49038028717041,1778917978.681037
unitree_go2_flat,Loss/entropy,262,15.490325927734375,1778917979.7068946
unitree_go2_flat,Loss/entropy,263,15.490900039672852,1778917980.7229204
unitree_go2_flat,Loss/entropy,264,15.487176895141602,1778917981.7300704
unitree_go2_flat,Loss/entropy,265,15.487343788146973,1778917982.7372499
unitree_go2_flat,Loss/entropy,266,15.483441352844238,1778917983.753451
unitree_go2_flat,Loss/entropy,267,15.479336738586426,1778917984.7503593
unitree_go2_flat,Loss/entropy,268,15.479372024536133,1778917985.7511585
unitree_go2_flat,Loss/entropy,269,15.476160049438477,1778917986.7621164
unitree_go2_flat,Loss/entropy,270,15.468621253967285,1778917987.7672324
unitree_go2_flat,Loss/entropy,271,15.45836353302002,1778917988.7687852
unitree_go2_flat,Loss/entropy,272,15.450319290161133,1778917989.8466778
unitree_go2_flat,Loss/entropy,273,15.442421913146973,1778917990.8502934
unitree_go2_flat,Loss/entropy,274,15.434477806091309,1778917991.8612702
unitree_go2_flat,Loss/entropy,275,15.426379203796387,1778917992.8590264
unitree_go2_flat,Loss/entropy,276,15.420633316040039,1778917993.8673003
unitree_go2_flat,Loss/entropy,277,15.417404174804688,1778917994.9065924
unitree_go2_flat,Loss/entropy,278,15.412440299987793,1778917995.9039419
unitree_go2_flat,Loss/entropy,279,15.406121253967285,1778917996.9047062
unitree_go2_flat,Loss/entropy,280,15.405054092407227,1778917997.9153643
unitree_go2_flat,Loss/entropy,281,15.400442123413086,1778917998.9114623
unitree_go2_flat,Loss/entropy,282,15.393060684204102,1778917999.9267395
unitree_go2_flat,Loss/entropy,283,15.386812210083008,1778918001.0569336
unitree_go2_flat,Loss/entropy,284,15.38375186920166,1778918002.0683022
unitree_go2_flat,Loss/entropy,285,15.381937980651855,1778918003.0786269
unitree_go2_flat,Loss/entropy,286,15.378173828125,1778918004.0750208
unitree_go2_flat,Loss/entropy,287,15.370858192443848,1778918005.0933065
unitree_go2_flat,Loss/entropy,288,15.362360954284668,1778918006.09767
unitree_go2_flat,Loss/entropy,289,15.356548309326172,1778918007.105433
unitree_go2_flat,Loss/entropy,290,15.353650093078613,1778918008.1203668
unitree_go2_flat,Loss/entropy,291,15.351204872131348,1778918009.123051
unitree_go2_flat,Loss/entropy,292,15.347441673278809,1778918010.127269
unitree_go2_flat,Loss/entropy,293,15.343647956848145,1778918011.1419322
unitree_go2_flat,Loss/entropy,294,15.341649055480957,1778918012.3094113
unitree_go2_flat,Loss/entropy,295,15.339105606079102,1778918013.318623
unitree_go2_flat,Loss/entropy,296,15.33507251739502,1778918014.3265042
unitree_go2_flat,Loss/entropy,297,15.328411102294922,1778918015.3366501
unitree_go2_flat,Loss/entropy,298,15.320387840270996,1778918016.343314
unitree_go2_flat,Loss/entropy,299,15.317041397094727,1778918017.346908
unitree_go2_flat,Loss/learning_rate,0,9.999999747378752e-06,1778917712.690058
unitree_go2_flat,Loss/learning_rate,1,1.4999999621068127e-05,1778917713.7561283
unitree_go2_flat,Loss/learning_rate,2,1.4999999621068127e-05,1778917714.7563853
unitree_go2_flat,Loss/learning_rate,3,1.4999999621068127e-05,1778917716.2102695
unitree_go2_flat,Loss/learning_rate,4,9.999999747378752e-06,1778917717.2296095
unitree_go2_flat,Loss/learning_rate,5,1.4999999621068127e-05,1778917718.3659647
unitree_go2_flat,Loss/learning_rate,6,9.999999747378752e-06,1778917719.3740346
unitree_go2_flat,Loss/learning_rate,7,2.2500000341096893e-05,1778917720.3854568
unitree_go2_flat,Loss/learning_rate,8,9.999999747378752e-06,1778917721.3837473
unitree_go2_flat,Loss/learning_rate,9,1.4999999621068127e-05,1778917722.3899376
unitree_go2_flat,Loss/learning_rate,10,1.4999999621068127e-05,1778917723.393926
unitree_go2_flat,Loss/learning_rate,11,1.4999999621068127e-05,1778917724.3969781
unitree_go2_flat,Loss/learning_rate,12,1.4999999621068127e-05,1778917725.397864
unitree_go2_flat,Loss/learning_rate,13,9.999999747378752e-06,1778917726.4071314
unitree_go2_flat,Loss/learning_rate,14,2.2500000341096893e-05,1778917727.408244
unitree_go2_flat,Loss/learning_rate,15,9.999999747378752e-06,1778917728.5411718
unitree_go2_flat,Loss/learning_rate,16,2.2500000341096893e-05,1778917729.5653934
unitree_go2_flat,Loss/learning_rate,17,9.999999747378752e-06,1778917730.5653827
unitree_go2_flat,Loss/learning_rate,18,2.2500000341096893e-05,1778917731.5674734
unitree_go2_flat,Loss/learning_rate,19,9.999999747378752e-06,1778917732.578179
unitree_go2_flat,Loss/learning_rate,20,1.4999999621068127e-05,1778917733.5840917
unitree_go2_flat,Loss/learning_rate,21,9.999999747378752e-06,1778917734.5954275
unitree_go2_flat,Loss/learning_rate,22,1.4999999621068127e-05,1778917735.5914805
unitree_go2_flat,Loss/learning_rate,23,1.4999999621068127e-05,1778917736.596919
unitree_go2_flat,Loss/learning_rate,24,1.4999999621068127e-05,1778917737.6016316
unitree_go2_flat,Loss/learning_rate,25,9.999999747378752e-06,1778917738.6070383
unitree_go2_flat,Loss/learning_rate,26,9.999999747378752e-06,1778917739.7500708
unitree_go2_flat,Loss/learning_rate,27,1.4999999621068127e-05,1778917740.7604134
unitree_go2_flat,Loss/learning_rate,28,9.999999747378752e-06,1778917741.779795
unitree_go2_flat,Loss/learning_rate,29,1.4999999621068127e-05,1778917742.7872918
unitree_go2_flat,Loss/learning_rate,30,9.999999747378752e-06,1778917743.7956486
unitree_go2_flat,Loss/learning_rate,31,1.4999999621068127e-05,1778917744.7940512
unitree_go2_flat,Loss/learning_rate,32,1.4999999621068127e-05,1778917745.8032105
unitree_go2_flat,Loss/learning_rate,33,9.999999747378752e-06,1778917746.804627
unitree_go2_flat,Loss/learning_rate,34,1.4999999621068127e-05,1778917747.8191931
unitree_go2_flat,Loss/learning_rate,35,1.4999999621068127e-05,1778917748.831063
unitree_go2_flat,Loss/learning_rate,36,9.999999747378752e-06,1778917749.8384423
unitree_go2_flat,Loss/learning_rate,37,9.999999747378752e-06,1778917750.9748414
unitree_go2_flat,Loss/learning_rate,38,1.4999999621068127e-05,1778917751.982435
unitree_go2_flat,Loss/learning_rate,39,9.999999747378752e-06,1778917752.9904525
unitree_go2_flat,Loss/learning_rate,40,9.999999747378752e-06,1778917754.00159
unitree_go2_flat,Loss/learning_rate,41,9.999999747378752e-06,1778917755.0042608
unitree_go2_flat,Loss/learning_rate,42,1.4999999621068127e-05,1778917756.0142858
unitree_go2_flat,Loss/learning_rate,43,9.999999747378752e-06,1778917757.0201058
unitree_go2_flat,Loss/learning_rate,44,2.2500000341096893e-05,1778917758.0397937
unitree_go2_flat,Loss/learning_rate,45,9.999999747378752e-06,1778917759.0571682
unitree_go2_flat,Loss/learning_rate,46,1.4999999621068127e-05,1778917760.058547
unitree_go2_flat,Loss/learning_rate,47,1.4999999621068127e-05,1778917761.1531076
unitree_go2_flat,Loss/learning_rate,48,9.999999747378752e-06,1778917762.1513877
unitree_go2_flat,Loss/learning_rate,49,1.4999999621068127e-05,1778917763.1486664
unitree_go2_flat,Loss/learning_rate,50,1.4999999621068127e-05,1778917764.1583338
unitree_go2_flat,Loss/learning_rate,51,9.999999747378752e-06,1778917765.1816428
unitree_go2_flat,Loss/learning_rate,52,1.4999999621068127e-05,1778917766.21181
unitree_go2_flat,Loss/learning_rate,53,9.999999747378752e-06,1778917767.2322447
unitree_go2_flat,Loss/learning_rate,54,9.999999747378752e-06,1778917768.2347624
unitree_go2_flat,Loss/learning_rate,55,1.4999999621068127e-05,1778917769.2717233
unitree_go2_flat,Loss/learning_rate,56,1.4999999621068127e-05,1778917770.2759027
unitree_go2_flat,Loss/learning_rate,57,1.4999999621068127e-05,1778917771.284153
unitree_go2_flat,Loss/learning_rate,58,9.999999747378752e-06,1778917772.3634777
unitree_go2_flat,Loss/learning_rate,59,9.999999747378752e-06,1778917773.362094
unitree_go2_flat,Loss/learning_rate,60,9.999999747378752e-06,1778917774.380091
unitree_go2_flat,Loss/learning_rate,61,9.999999747378752e-06,1778917775.3855352
unitree_go2_flat,Loss/learning_rate,62,2.2500000341096893e-05,1778917776.3912077
unitree_go2_flat,Loss/learning_rate,63,9.999999747378752e-06,1778917777.3974164
unitree_go2_flat,Loss/learning_rate,64,9.999999747378752e-06,1778917778.4011657
unitree_go2_flat,Loss/learning_rate,65,9.999999747378752e-06,1778917779.416009
unitree_go2_flat,Loss/learning_rate,66,1.4999999621068127e-05,1778917780.4467766
unitree_go2_flat,Loss/learning_rate,67,9.999999747378752e-06,1778917781.4496343
unitree_go2_flat,Loss/learning_rate,68,9.999999747378752e-06,1778917782.463271
unitree_go2_flat,Loss/learning_rate,69,9.999999747378752e-06,1778917783.5697105
unitree_go2_flat,Loss/learning_rate,70,1.4999999621068127e-05,1778917784.5728197
unitree_go2_flat,Loss/learning_rate,71,9.999999747378752e-06,1778917785.571526
unitree_go2_flat,Loss/learning_rate,72,9.999999747378752e-06,1778917786.5852923
unitree_go2_flat,Loss/learning_rate,73,1.4999999621068127e-05,1778917787.6006813
unitree_go2_flat,Loss/learning_rate,74,9.999999747378752e-06,1778917788.6207833
unitree_go2_flat,Loss/learning_rate,75,1.4999999621068127e-05,1778917789.630253
unitree_go2_flat,Loss/learning_rate,76,1.4999999621068127e-05,1778917790.644033
unitree_go2_flat,Loss/learning_rate,77,1.4999999621068127e-05,1778917791.6486602
unitree_go2_flat,Loss/learning_rate,78,1.4999999621068127e-05,1778917792.6482852
unitree_go2_flat,Loss/learning_rate,79,9.999999747378752e-06,1778917793.7877426
unitree_go2_flat,Loss/learning_rate,80,9.999999747378752e-06,1778917794.7911859
unitree_go2_flat,Loss/learning_rate,81,9.999999747378752e-06,1778917795.7893734
unitree_go2_flat,Loss/learning_rate,82,9.999999747378752e-06,1778917796.8012588
unitree_go2_flat,Loss/learning_rate,83,9.999999747378752e-06,1778917797.8124945
unitree_go2_flat,Loss/learning_rate,84,1.4999999621068127e-05,1778917798.817382
unitree_go2_flat,Loss/learning_rate,85,1.4999999621068127e-05,1778917799.8163505
unitree_go2_flat,Loss/learning_rate,86,9.999999747378752e-06,1778917800.8317192
unitree_go2_flat,Loss/learning_rate,87,1.4999999621068127e-05,1778917801.8513637
unitree_go2_flat,Loss/learning_rate,88,9.999999747378752e-06,1778917802.861009
unitree_go2_flat,Loss/learning_rate,89,1.4999999621068127e-05,1778917803.864128
unitree_go2_flat,Loss/learning_rate,90,9.999999747378752e-06,1778917805.0111814
unitree_go2_flat,Loss/learning_rate,91,9.999999747378752e-06,1778917806.0137544
unitree_go2_flat,Loss/learning_rate,92,1.4999999621068127e-05,1778917807.0324755
unitree_go2_flat,Loss/learning_rate,93,1.4999999621068127e-05,1778917808.0430052
unitree_go2_flat,Loss/learning_rate,94,9.999999747378752e-06,1778917809.062982
unitree_go2_flat,Loss/learning_rate,95,9.999999747378752e-06,1778917810.0623152
unitree_go2_flat,Loss/learning_rate,96,9.999999747378752e-06,1778917811.0861638
unitree_go2_flat,Loss/learning_rate,97,1.4999999621068127e-05,1778917812.0954971
unitree_go2_flat,Loss/learning_rate,98,9.999999747378752e-06,1778917813.0976565
unitree_go2_flat,Loss/learning_rate,99,1.4999999621068127e-05,1778917814.1120634
unitree_go2_flat,Loss/learning_rate,100,1.4999999621068127e-05,1778917815.1334338
unitree_go2_flat,Loss/learning_rate,101,1.4999999621068127e-05,1778917816.2537913
unitree_go2_flat,Loss/learning_rate,102,9.999999747378752e-06,1778917817.2573292
unitree_go2_flat,Loss/learning_rate,103,9.999999747378752e-06,1778917818.2675478
unitree_go2_flat,Loss/learning_rate,104,1.4999999621068127e-05,1778917819.273176
unitree_go2_flat,Loss/learning_rate,105,9.999999747378752e-06,1778917820.2742746
unitree_go2_flat,Loss/learning_rate,106,2.2500000341096893e-05,1778917821.2763226
unitree_go2_flat,Loss/learning_rate,107,9.999999747378752e-06,1778917822.283008
unitree_go2_flat,Loss/learning_rate,108,1.4999999621068127e-05,1778917823.300322
unitree_go2_flat,Loss/learning_rate,109,1.4999999621068127e-05,1778917824.3040915
unitree_go2_flat,Loss/learning_rate,110,9.999999747378752e-06,1778917825.3053336
unitree_go2_flat,Loss/learning_rate,111,1.4999999621068127e-05,1778917826.3183107
unitree_go2_flat,Loss/learning_rate,112,1.4999999621068127e-05,1778917827.3238835
unitree_go2_flat,Loss/learning_rate,113,1.4999999621068127e-05,1778917828.3302903
unitree_go2_flat,Loss/learning_rate,114,1.4999999621068127e-05,1778917829.3348773
unitree_go2_flat,Loss/learning_rate,115,9.999999747378752e-06,1778917830.3387768
unitree_go2_flat,Loss/learning_rate,116,1.4999999621068127e-05,1778917831.34139
unitree_go2_flat,Loss/learning_rate,117,9.999999747378752e-06,1778917832.349171
unitree_go2_flat,Loss/learning_rate,118,9.999999747378752e-06,1778917833.3618248
unitree_go2_flat,Loss/learning_rate,119,9.999999747378752e-06,1778917834.371145
unitree_go2_flat,Loss/learning_rate,120,1.4999999621068127e-05,1778917835.3811762
unitree_go2_flat,Loss/learning_rate,121,1.4999999621068127e-05,1778917836.3891869
unitree_go2_flat,Loss/learning_rate,122,9.999999747378752e-06,1778917837.5381026
unitree_go2_flat,Loss/learning_rate,123,9.999999747378752e-06,1778917838.5451837
unitree_go2_flat,Loss/learning_rate,124,9.999999747378752e-06,1778917839.5451388
unitree_go2_flat,Loss/learning_rate,125,1.4999999621068127e-05,1778917840.5412269
unitree_go2_flat,Loss/learning_rate,126,9.999999747378752e-06,1778917841.5550635
unitree_go2_flat,Loss/learning_rate,127,9.999999747378752e-06,1778917842.5602605
unitree_go2_flat,Loss/learning_rate,128,1.4999999621068127e-05,1778917843.5682185
unitree_go2_flat,Loss/learning_rate,129,9.999999747378752e-06,1778917844.5746782
unitree_go2_flat,Loss/learning_rate,130,1.4999999621068127e-05,1778917845.5782688
unitree_go2_flat,Loss/learning_rate,131,9.999999747378752e-06,1778917846.5748403
unitree_go2_flat,Loss/learning_rate,132,9.999999747378752e-06,1778917847.572681
unitree_go2_flat,Loss/learning_rate,133,1.4999999621068127e-05,1778917848.7096715
unitree_go2_flat,Loss/learning_rate,134,9.999999747378752e-06,1778917849.7206032
unitree_go2_flat,Loss/learning_rate,135,9.999999747378752e-06,1778917850.7343414
unitree_go2_flat,Loss/learning_rate,136,2.2500000341096893e-05,1778917851.7616234
unitree_go2_flat,Loss/learning_rate,137,9.999999747378752e-06,1778917852.764371
unitree_go2_flat,Loss/learning_rate,138,9.999999747378752e-06,1778917853.7943664
unitree_go2_flat,Loss/learning_rate,139,2.2500000341096893e-05,1778917854.8275924
unitree_go2_flat,Loss/learning_rate,140,9.999999747378752e-06,1778917855.8295014
unitree_go2_flat,Loss/learning_rate,141,9.999999747378752e-06,1778917856.8435535
unitree_go2_flat,Loss/learning_rate,142,1.4999999621068127e-05,1778917857.842862
unitree_go2_flat,Loss/learning_rate,143,1.4999999621068127e-05,1778917858.8403256
unitree_go2_flat,Loss/learning_rate,144,9.999999747378752e-06,1778917859.9630218
unitree_go2_flat,Loss/learning_rate,145,1.4999999621068127e-05,1778917860.9641283
unitree_go2_flat,Loss/learning_rate,146,9.999999747378752e-06,1778917861.9669678
unitree_go2_flat,Loss/learning_rate,147,1.4999999621068127e-05,1778917862.9612665
unitree_go2_flat,Loss/learning_rate,148,9.999999747378752e-06,1778917863.9513323
unitree_go2_flat,Loss/learning_rate,149,1.4999999621068127e-05,1778917864.9564
unitree_go2_flat,Loss/learning_rate,150,1.4999999621068127e-05,1778917865.9761062
unitree_go2_flat,Loss/learning_rate,151,1.4999999621068127e-05,1778917867.002426
unitree_go2_flat,Loss/learning_rate,152,9.999999747378752e-06,1778917868.016977
unitree_go2_flat,Loss/learning_rate,153,9.999999747378752e-06,1778917869.0144248
unitree_go2_flat,Loss/learning_rate,154,9.999999747378752e-06,1778917870.144127
unitree_go2_flat,Loss/learning_rate,155,2.2500000341096893e-05,1778917871.1439333
unitree_go2_flat,Loss/learning_rate,156,9.999999747378752e-06,1778917872.161032
unitree_go2_flat,Loss/learning_rate,157,1.4999999621068127e-05,1778917873.1670613
unitree_go2_flat,Loss/learning_rate,158,9.999999747378752e-06,1778917874.1682901
unitree_go2_flat,Loss/learning_rate,159,9.999999747378752e-06,1778917875.1748755
unitree_go2_flat,Loss/learning_rate,160,9.999999747378752e-06,1778917876.177446
unitree_go2_flat,Loss/learning_rate,161,1.4999999621068127e-05,1778917877.1833506
unitree_go2_flat,Loss/learning_rate,162,9.999999747378752e-06,1778917878.1928215
unitree_go2_flat,Loss/learning_rate,163,9.999999747378752e-06,1778917879.1972373
unitree_go2_flat,Loss/learning_rate,164,9.999999747378752e-06,1778917880.1973217
unitree_go2_flat,Loss/learning_rate,165,2.2500000341096893e-05,1778917881.3147666
unitree_go2_flat,Loss/learning_rate,166,9.999999747378752e-06,1778917882.3115103
unitree_go2_flat,Loss/learning_rate,167,1.4999999621068127e-05,1778917883.313906
unitree_go2_flat,Loss/learning_rate,168,9.999999747378752e-06,1778917884.3023772
unitree_go2_flat,Loss/learning_rate,169,1.4999999621068127e-05,1778917885.3064005
unitree_go2_flat,Loss/learning_rate,170,9.999999747378752e-06,1778917886.307064
unitree_go2_flat,Loss/learning_rate,171,1.4999999621068127e-05,1778917887.3151124
unitree_go2_flat,Loss/learning_rate,172,9.999999747378752e-06,1778917888.3143268
unitree_go2_flat,Loss/learning_rate,173,9.999999747378752e-06,1778917889.3205316
unitree_go2_flat,Loss/learning_rate,174,9.999999747378752e-06,1778917890.3225155
unitree_go2_flat,Loss/learning_rate,175,9.999999747378752e-06,1778917891.3386347
unitree_go2_flat,Loss/learning_rate,176,1.4999999621068127e-05,1778917892.4993849
unitree_go2_flat,Loss/learning_rate,177,9.999999747378752e-06,1778917893.5094943
unitree_go2_flat,Loss/learning_rate,178,1.4999999621068127e-05,1778917894.517741
unitree_go2_flat,Loss/learning_rate,179,9.999999747378752e-06,1778917895.5142305
unitree_go2_flat,Loss/learning_rate,180,1.4999999621068127e-05,1778917896.5117075
unitree_go2_flat,Loss/learning_rate,181,9.999999747378752e-06,1778917897.5192819
unitree_go2_flat,Loss/learning_rate,182,1.4999999621068127e-05,1778917898.559516
unitree_go2_flat,Loss/learning_rate,183,1.4999999621068127e-05,1778917899.5576844
unitree_go2_flat,Loss/learning_rate,184,1.4999999621068127e-05,1778917900.5500917
unitree_go2_flat,Loss/learning_rate,185,9.999999747378752e-06,1778917901.5600624
unitree_go2_flat,Loss/learning_rate,186,1.4999999621068127e-05,1778917902.6656291
unitree_go2_flat,Loss/learning_rate,187,9.999999747378752e-06,1778917903.6752033
unitree_go2_flat,Loss/learning_rate,188,1.4999999621068127e-05,1778917904.6710424
unitree_go2_flat,Loss/learning_rate,189,9.999999747378752e-06,1778917905.6738346
unitree_go2_flat,Loss/learning_rate,190,1.4999999621068127e-05,1778917906.6720383
unitree_go2_flat,Loss/learning_rate,191,1.4999999621068127e-05,1778917907.686846
unitree_go2_flat,Loss/learning_rate,192,9.999999747378752e-06,1778917908.6948135
unitree_go2_flat,Loss/learning_rate,193,9.999999747378752e-06,1778917909.7153509
unitree_go2_flat,Loss/learning_rate,194,1.4999999621068127e-05,1778917910.7176301
unitree_go2_flat,Loss/learning_rate,195,9.999999747378752e-06,1778917911.7141376
unitree_go2_flat,Loss/learning_rate,196,1.4999999621068127e-05,1778917912.7118511
unitree_go2_flat,Loss/learning_rate,197,9.999999747378752e-06,1778917913.8655934
unitree_go2_flat,Loss/learning_rate,198,1.4999999621068127e-05,1778917914.866953
unitree_go2_flat,Loss/learning_rate,199,9.999999747378752e-06,1778917915.8708422
unitree_go2_flat,Loss/learning_rate,200,9.999999747378752e-06,1778917916.8641047
unitree_go2_flat,Loss/learning_rate,201,9.999999747378752e-06,1778917917.8710773
unitree_go2_flat,Loss/learning_rate,202,1.4999999621068127e-05,1778917918.871333
unitree_go2_flat,Loss/learning_rate,203,9.999999747378752e-06,1778917919.8788385
unitree_go2_flat,Loss/learning_rate,204,1.4999999621068127e-05,1778917920.880789
unitree_go2_flat,Loss/learning_rate,205,9.999999747378752e-06,1778917921.890882
unitree_go2_flat,Loss/learning_rate,206,1.4999999621068127e-05,1778917922.8987212
unitree_go2_flat,Loss/learning_rate,207,9.999999747378752e-06,1778917923.9074192
unitree_go2_flat,Loss/learning_rate,208,9.999999747378752e-06,1778917925.0606728
unitree_go2_flat,Loss/learning_rate,209,1.4999999621068127e-05,1778917926.0571475
unitree_go2_flat,Loss/learning_rate,210,1.4999999621068127e-05,1778917927.054413
unitree_go2_flat,Loss/learning_rate,211,9.999999747378752e-06,1778917928.0701432
unitree_go2_flat,Loss/learning_rate,212,2.2500000341096893e-05,1778917929.0780325
unitree_go2_flat,Loss/learning_rate,213,9.999999747378752e-06,1778917930.0925012
unitree_go2_flat,Loss/learning_rate,214,9.999999747378752e-06,1778917931.091393
unitree_go2_flat,Loss/learning_rate,215,1.4999999621068127e-05,1778917932.0923197
unitree_go2_flat,Loss/learning_rate,216,9.999999747378752e-06,1778917933.09725
unitree_go2_flat,Loss/learning_rate,217,9.999999747378752e-06,1778917934.0970588
unitree_go2_flat,Loss/learning_rate,218,9.999999747378752e-06,1778917935.1083074
unitree_go2_flat,Loss/learning_rate,219,1.4999999621068127e-05,1778917936.2222743
unitree_go2_flat,Loss/learning_rate,220,9.999999747378752e-06,1778917937.2187583
unitree_go2_flat,Loss/learning_rate,221,1.4999999621068127e-05,1778917938.2219455
unitree_go2_flat,Loss/learning_rate,222,1.4999999621068127e-05,1778917939.2301874
unitree_go2_flat,Loss/learning_rate,223,9.999999747378752e-06,1778917940.2383006
unitree_go2_flat,Loss/learning_rate,224,9.999999747378752e-06,1778917941.2530746
unitree_go2_flat,Loss/learning_rate,225,1.4999999621068127e-05,1778917942.2523339
unitree_go2_flat,Loss/learning_rate,226,9.999999747378752e-06,1778917943.2489336
unitree_go2_flat,Loss/learning_rate,227,1.4999999621068127e-05,1778917944.2394607
unitree_go2_flat,Loss/learning_rate,228,1.4999999621068127e-05,1778917945.2380714
unitree_go2_flat,Loss/learning_rate,229,1.4999999621068127e-05,1778917946.3581052
unitree_go2_flat,Loss/learning_rate,230,9.999999747378752e-06,1778917947.351735
unitree_go2_flat,Loss/learning_rate,231,1.4999999621068127e-05,1778917948.3464847
unitree_go2_flat,Loss/learning_rate,232,1.4999999621068127e-05,1778917949.348336
unitree_go2_flat,Loss/learning_rate,233,9.999999747378752e-06,1778917950.3467975
unitree_go2_flat,Loss/learning_rate,234,1.4999999621068127e-05,1778917951.3455517
unitree_go2_flat,Loss/learning_rate,235,9.999999747378752e-06,1778917952.3479447
unitree_go2_flat,Loss/learning_rate,236,1.4999999621068127e-05,1778917953.3516986
unitree_go2_flat,Loss/learning_rate,237,9.999999747378752e-06,1778917954.3434727
unitree_go2_flat,Loss/learning_rate,238,1.4999999621068127e-05,1778917955.343368
unitree_go2_flat,Loss/learning_rate,239,9.999999747378752e-06,1778917956.3472512
unitree_go2_flat,Loss/learning_rate,240,9.999999747378752e-06,1778917957.4942353
unitree_go2_flat,Loss/learning_rate,241,1.4999999621068127e-05,1778917958.4926355
unitree_go2_flat,Loss/learning_rate,242,1.4999999621068127e-05,1778917959.4986854
unitree_go2_flat,Loss/learning_rate,243,9.999999747378752e-06,1778917960.4918005
unitree_go2_flat,Loss/learning_rate,244,1.4999999621068127e-05,1778917961.4886658
unitree_go2_flat,Loss/learning_rate,245,9.999999747378752e-06,1778917962.4985306
unitree_go2_flat,Loss/learning_rate,246,1.4999999621068127e-05,1778917963.4990041
unitree_go2_flat,Loss/learning_rate,247,9.999999747378752e-06,1778917964.5069966
unitree_go2_flat,Loss/learning_rate,248,1.4999999621068127e-05,1778917965.5146565
unitree_go2_flat,Loss/learning_rate,249,9.999999747378752e-06,1778917966.5156834
unitree_go2_flat,Loss/learning_rate,250,1.4999999621068127e-05,1778917967.5142796
unitree_go2_flat,Loss/learning_rate,251,9.999999747378752e-06,1778917968.592939
unitree_go2_flat,Loss/learning_rate,252,2.2500000341096893e-05,1778917969.607748
unitree_go2_flat,Loss/learning_rate,253,9.999999747378752e-06,1778917970.6156054
unitree_go2_flat,Loss/learning_rate,254,1.4999999621068127e-05,1778917971.627914
unitree_go2_flat,Loss/learning_rate,255,1.4999999621068127e-05,1778917972.6538718
unitree_go2_flat,Loss/learning_rate,256,9.999999747378752e-06,1778917973.6594553
unitree_go2_flat,Loss/learning_rate,257,9.999999747378752e-06,1778917974.6546085
unitree_go2_flat,Loss/learning_rate,258,1.4999999621068127e-05,1778917975.650514
unitree_go2_flat,Loss/learning_rate,259,9.999999747378752e-06,1778917976.6675646
unitree_go2_flat,Loss/learning_rate,260,9.999999747378752e-06,1778917977.6673927
unitree_go2_flat,Loss/learning_rate,261,1.4999999621068127e-05,1778917978.681052
unitree_go2_flat,Loss/learning_rate,262,9.999999747378752e-06,1778917979.706909
unitree_go2_flat,Loss/learning_rate,263,2.2500000341096893e-05,1778917980.7229345
unitree_go2_flat,Loss/learning_rate,264,9.999999747378752e-06,1778917981.730085
unitree_go2_flat,Loss/learning_rate,265,1.4999999621068127e-05,1778917982.7372642
unitree_go2_flat,Loss/learning_rate,266,9.999999747378752e-06,1778917983.7534661
unitree_go2_flat,Loss/learning_rate,267,9.999999747378752e-06,1778917984.7503731
unitree_go2_flat,Loss/learning_rate,268,1.4999999621068127e-05,1778917985.751173
unitree_go2_flat,Loss/learning_rate,269,9.999999747378752e-06,1778917986.762146
unitree_go2_flat,Loss/learning_rate,270,1.4999999621068127e-05,1778917987.7672462
unitree_go2_flat,Loss/learning_rate,271,9.999999747378752e-06,1778917988.7688
unitree_go2_flat,Loss/learning_rate,272,1.4999999621068127e-05,1778917989.8466918
unitree_go2_flat,Loss/learning_rate,273,9.999999747378752e-06,1778917990.850308
unitree_go2_flat,Loss/learning_rate,274,1.4999999621068127e-05,1778917991.8612843
unitree_go2_flat,Loss/learning_rate,275,9.999999747378752e-06,1778917992.8590407
unitree_go2_flat,Loss/learning_rate,276,1.4999999621068127e-05,1778917993.8673143
unitree_go2_flat,Loss/learning_rate,277,1.4999999621068127e-05,1778917994.906624
unitree_go2_flat,Loss/learning_rate,278,1.4999999621068127e-05,1778917995.9039562
unitree_go2_flat,Loss/learning_rate,279,9.999999747378752e-06,1778917996.9047287
unitree_go2_flat,Loss/learning_rate,280,1.4999999621068127e-05,1778917997.9153798
unitree_go2_flat,Loss/learning_rate,281,9.999999747378752e-06,1778917998.911482
unitree_go2_flat,Loss/learning_rate,282,9.999999747378752e-06,1778917999.9267538
unitree_go2_flat,Loss/learning_rate,283,1.4999999621068127e-05,1778918001.056948
unitree_go2_flat,Loss/learning_rate,284,9.999999747378752e-06,1778918002.0683167
unitree_go2_flat,Loss/learning_rate,285,9.999999747378752e-06,1778918003.0786417
unitree_go2_flat,Loss/learning_rate,286,9.999999747378752e-06,1778918004.075035
unitree_go2_flat,Loss/learning_rate,287,1.4999999621068127e-05,1778918005.0933208
unitree_go2_flat,Loss/learning_rate,288,9.999999747378752e-06,1778918006.0976846
unitree_go2_flat,Loss/learning_rate,289,9.999999747378752e-06,1778918007.1054482
unitree_go2_flat,Loss/learning_rate,290,9.999999747378752e-06,1778918008.1203816
unitree_go2_flat,Loss/learning_rate,291,1.4999999621068127e-05,1778918009.1230652
unitree_go2_flat,Loss/learning_rate,292,9.999999747378752e-06,1778918010.1272929
unitree_go2_flat,Loss/learning_rate,293,9.999999747378752e-06,1778918011.141947
unitree_go2_flat,Loss/learning_rate,294,9.999999747378752e-06,1778918012.3094254
unitree_go2_flat,Loss/learning_rate,295,9.999999747378752e-06,1778918013.3186376
unitree_go2_flat,Loss/learning_rate,296,1.4999999621068127e-05,1778918014.3265185
unitree_go2_flat,Loss/learning_rate,297,9.999999747378752e-06,1778918015.3366647
unitree_go2_flat,Loss/learning_rate,298,9.999999747378752e-06,1778918016.3433287
unitree_go2_flat,Loss/learning_rate,299,9.999999747378752e-06,1778918017.3469226
unitree_go2_flat,Policy/mean_noise_std,0,1.0002316236495972,1778917712.690149
unitree_go2_flat,Policy/mean_noise_std,1,0.999363899230957,1778917713.7562153
unitree_go2_flat,Policy/mean_noise_std,2,0.9980781674385071,1778917714.7564797
unitree_go2_flat,Policy/mean_noise_std,3,0.9972608685493469,1778917716.2103362
unitree_go2_flat,Policy/mean_noise_std,4,0.9972023367881775,1778917717.2297213
unitree_go2_flat,Policy/mean_noise_std,5,0.9965090155601501,1778917718.3660586
unitree_go2_flat,Policy/mean_noise_std,6,0.9958636164665222,1778917719.3741276
unitree_go2_flat,Policy/mean_noise_std,7,0.9956036806106567,1778917720.3855343
unitree_go2_flat,Policy/mean_noise_std,8,0.9954845905303955,1778917721.3838406
unitree_go2_flat,Policy/mean_noise_std,9,0.9951818585395813,1778917722.3899853
unitree_go2_flat,Policy/mean_noise_std,10,0.9947693347930908,1778917723.3940277
unitree_go2_flat,Policy/mean_noise_std,11,0.9940944314002991,1778917724.397065
unitree_go2_flat,Policy/mean_noise_std,12,0.9932376146316528,1778917725.3979635
unitree_go2_flat,Policy/mean_noise_std,13,0.9923733472824097,1778917726.4072232
unitree_go2_flat,Policy/mean_noise_std,14,0.9913796186447144,1778917727.4083438
unitree_go2_flat,Policy/mean_noise_std,15,0.9902602434158325,1778917728.5412664
unitree_go2_flat,Policy/mean_noise_std,16,0.9897621870040894,1778917729.5654848
unitree_go2_flat,Policy/mean_noise_std,17,0.9892531633377075,1778917730.5654836
unitree_go2_flat,Policy/mean_noise_std,18,0.9886290431022644,1778917731.5675187
unitree_go2_flat,Policy/mean_noise_std,19,0.9876738786697388,1778917732.5782914
unitree_go2_flat,Policy/mean_noise_std,20,0.9877622723579407,1778917733.5841897
unitree_go2_flat,Policy/mean_noise_std,21,0.9875993728637695,1778917734.595521
unitree_go2_flat,Policy/mean_noise_std,22,0.9866034388542175,1778917735.5915961
unitree_go2_flat,Policy/mean_noise_std,23,0.9860873818397522,1778917736.5970151
unitree_go2_flat,Policy/mean_noise_std,24,0.9860810041427612,1778917737.6017256
unitree_go2_flat,Policy/mean_noise_std,25,0.9857259392738342,1778917738.6071467
unitree_go2_flat,Policy/mean_noise_std,26,0.9854573011398315,1778917739.7501698
unitree_go2_flat,Policy/mean_noise_std,27,0.9852116703987122,1778917740.7604613
unitree_go2_flat,Policy/mean_noise_std,28,0.9846556186676025,1778917741.7798412
unitree_go2_flat,Policy/mean_noise_std,29,0.9841035008430481,1778917742.7873795
unitree_go2_flat,Policy/mean_noise_std,30,0.9834005832672119,1778917743.7957385
unitree_go2_flat,Policy/mean_noise_std,31,0.9825988411903381,1778917744.7941518
unitree_go2_flat,Policy/mean_noise_std,32,0.9819324612617493,1778917745.8032982
unitree_go2_flat,Policy/mean_noise_std,33,0.981497049331665,1778917746.8047194
unitree_go2_flat,Policy/mean_noise_std,34,0.9813936352729797,1778917747.8192403
unitree_go2_flat,Policy/mean_noise_std,35,0.9814440608024597,1778917748.8311086
unitree_go2_flat,Policy/mean_noise_std,36,0.9812530875205994,1778917749.838554
unitree_go2_flat,Policy/mean_noise_std,37,0.9809898734092712,1778917750.9749086
unitree_go2_flat,Policy/mean_noise_std,38,0.9807270169258118,1778917751.9825284
unitree_go2_flat,Policy/mean_noise_std,39,0.980627179145813,1778917752.990541
unitree_go2_flat,Policy/mean_noise_std,40,0.9801445007324219,1778917754.0016866
unitree_go2_flat,Policy/mean_noise_std,41,0.9798734784126282,1778917755.0043075
unitree_go2_flat,Policy/mean_noise_std,42,0.9795873761177063,1778917756.014375
unitree_go2_flat,Policy/mean_noise_std,43,0.979111909866333,1778917757.0202081
unitree_go2_flat,Policy/mean_noise_std,44,0.9788627624511719,1778917758.0398836
unitree_go2_flat,Policy/mean_noise_std,45,0.9787872433662415,1778917759.0572662
unitree_go2_flat,Policy/mean_noise_std,46,0.9784573316574097,1778917760.0586429
unitree_go2_flat,Policy/mean_noise_std,47,0.9775888919830322,1778917761.1532044
unitree_go2_flat,Policy/mean_noise_std,48,0.9767649173736572,1778917762.1514332
unitree_go2_flat,Policy/mean_noise_std,49,0.976256251335144,1778917763.1487648
unitree_go2_flat,Policy/mean_noise_std,50,0.9760100245475769,1778917764.15838
unitree_go2_flat,Policy/mean_noise_std,51,0.9757673740386963,1778917765.1817298
unitree_go2_flat,Policy/mean_noise_std,52,0.9756277799606323,1778917766.2118983
unitree_go2_flat,Policy/mean_noise_std,53,0.9754902720451355,1778917767.2323418
unitree_go2_flat,Policy/mean_noise_std,54,0.9751834869384766,1778917768.2348475
unitree_go2_flat,Policy/mean_noise_std,55,0.9749496579170227,1778917769.27183
unitree_go2_flat,Policy/mean_noise_std,56,0.9752333164215088,1778917770.2760105
unitree_go2_flat,Policy/mean_noise_std,57,0.9755348563194275,1778917771.2842488
unitree_go2_flat,Policy/mean_noise_std,58,0.9750000834465027,1778917772.3635244
unitree_go2_flat,Policy/mean_noise_std,59,0.9744078516960144,1778917773.3621728
unitree_go2_flat,Policy/mean_noise_std,60,0.9741035103797913,1778917774.3801777
unitree_go2_flat,Policy/mean_noise_std,61,0.9735609889030457,1778917775.3856747
unitree_go2_flat,Policy/mean_noise_std,62,0.97269207239151,1778917776.3913062
unitree_go2_flat,Policy/mean_noise_std,63,0.9721478223800659,1778917777.3975115
unitree_go2_flat,Policy/mean_noise_std,64,0.97193443775177,1778917778.4012592
unitree_go2_flat,Policy/mean_noise_std,65,0.9718674421310425,1778917779.4161103
unitree_go2_flat,Policy/mean_noise_std,66,0.9716280102729797,1778917780.4468224
unitree_go2_flat,Policy/mean_noise_std,67,0.9711870551109314,1778917781.4497292
unitree_go2_flat,Policy/mean_noise_std,68,0.9708625078201294,1778917782.4633603
unitree_go2_flat,Policy/mean_noise_std,69,0.9707212448120117,1778917783.5698032
unitree_go2_flat,Policy/mean_noise_std,70,0.9704670310020447,1778917784.5729122
unitree_go2_flat,Policy/mean_noise_std,71,0.9703171253204346,1778917785.5716527
unitree_go2_flat,Policy/mean_noise_std,72,0.9700605869293213,1778917786.5853853
unitree_go2_flat,Policy/mean_noise_std,73,0.9698904752731323,1778917787.6007752
unitree_go2_flat,Policy/mean_noise_std,74,0.969914972782135,1778917788.6208808
unitree_go2_flat,Policy/mean_noise_std,75,0.969799280166626,1778917789.6303089
unitree_go2_flat,Policy/mean_noise_std,76,0.968901515007019,1778917790.6441324
unitree_go2_flat,Policy/mean_noise_std,77,0.9678948521614075,1778917791.648761
unitree_go2_flat,Policy/mean_noise_std,78,0.9676041007041931,1778917792.648378
unitree_go2_flat,Policy/mean_noise_std,79,0.9670731425285339,1778917793.7878299
unitree_go2_flat,Policy/mean_noise_std,80,0.966410219669342,1778917794.791286
unitree_go2_flat,Policy/mean_noise_std,81,0.9659614562988281,1778917795.78942
unitree_go2_flat,Policy/mean_noise_std,82,0.9652212262153625,1778917796.8013465
unitree_go2_flat,Policy/mean_noise_std,83,0.9648829698562622,1778917797.8126085
unitree_go2_flat,Policy/mean_noise_std,84,0.9652420878410339,1778917798.8174906
unitree_go2_flat,Policy/mean_noise_std,85,0.9649503827095032,1778917799.8164523
unitree_go2_flat,Policy/mean_noise_std,86,0.9648228883743286,1778917800.8318307
unitree_go2_flat,Policy/mean_noise_std,87,0.9643223881721497,1778917801.85141
unitree_go2_flat,Policy/mean_noise_std,88,0.9634869694709778,1778917802.8610554
unitree_go2_flat,Policy/mean_noise_std,89,0.962719738483429,1778917803.8642175
unitree_go2_flat,Policy/mean_noise_std,90,0.9621463418006897,1778917805.0112674
unitree_go2_flat,Policy/mean_noise_std,91,0.9619638919830322,1778917806.0138736
unitree_go2_flat,Policy/mean_noise_std,92,0.9614455103874207,1778917807.0325215
unitree_go2_flat,Policy/mean_noise_std,93,0.9601567387580872,1778917808.043107
unitree_go2_flat,Policy/mean_noise_std,94,0.9595956802368164,1778917809.0630922
unitree_go2_flat,Policy/mean_noise_std,95,0.9594004154205322,1778917810.0624092
unitree_go2_flat,Policy/mean_noise_std,96,0.9591267704963684,1778917811.0862439
unitree_go2_flat,Policy/mean_noise_std,97,0.9585467576980591,1778917812.0955946
unitree_go2_flat,Policy/mean_noise_std,98,0.9580904841423035,1778917813.0977387
unitree_go2_flat,Policy/mean_noise_std,99,0.9574444890022278,1778917814.1121504
unitree_go2_flat,Policy/mean_noise_std,100,0.9568108320236206,1778917815.133539
unitree_go2_flat,Policy/mean_noise_std,101,0.956623375415802,1778917816.2538838
unitree_go2_flat,Policy/mean_noise_std,102,0.9567644596099854,1778917817.257441
unitree_go2_flat,Policy/mean_noise_std,103,0.9564482569694519,1778917818.267667
unitree_go2_flat,Policy/mean_noise_std,104,0.955473780632019,1778917819.2732787
unitree_go2_flat,Policy/mean_noise_std,105,0.9543569684028625,1778917820.2743626
unitree_go2_flat,Policy/mean_noise_std,106,0.9535009860992432,1778917821.2764125
unitree_go2_flat,Policy/mean_noise_std,107,0.9536612629890442,1778917822.2830908
unitree_go2_flat,Policy/mean_noise_std,108,0.9535155892372131,1778917823.3003676
unitree_go2_flat,Policy/mean_noise_std,109,0.9526746869087219,1778917824.304202
unitree_go2_flat,Policy/mean_noise_std,110,0.95201575756073,1778917825.305437
unitree_go2_flat,Policy/mean_noise_std,111,0.9518860578536987,1778917826.3184123
unitree_go2_flat,Policy/mean_noise_std,112,0.9511454105377197,1778917827.3239696
unitree_go2_flat,Policy/mean_noise_std,113,0.9502314329147339,1778917828.3303933
unitree_go2_flat,Policy/mean_noise_std,114,0.9491283893585205,1778917829.3349273
unitree_go2_flat,Policy/mean_noise_std,115,0.9482250213623047,1778917830.338864
unitree_go2_flat,Policy/mean_noise_std,116,0.9475106000900269,1778917831.3414881
unitree_go2_flat,Policy/mean_noise_std,117,0.9468913674354553,1778917832.3492687
unitree_go2_flat,Policy/mean_noise_std,118,0.9466942548751831,1778917833.361915
unitree_go2_flat,Policy/mean_noise_std,119,0.9460521340370178,1778917834.3712351
unitree_go2_flat,Policy/mean_noise_std,120,0.9454424381256104,1778917835.3812644
unitree_go2_flat,Policy/mean_noise_std,121,0.9449149370193481,1778917836.3892894
unitree_go2_flat,Policy/mean_noise_std,122,0.9447509050369263,1778917837.5382047
unitree_go2_flat,Policy/mean_noise_std,123,0.9447943568229675,1778917838.545284
unitree_go2_flat,Policy/mean_noise_std,124,0.9445295333862305,1778917839.5452325
unitree_go2_flat,Policy/mean_noise_std,125,0.9439680576324463,1778917840.5413122
unitree_go2_flat,Policy/mean_noise_std,126,0.9435933232307434,1778917841.5551531
unitree_go2_flat,Policy/mean_noise_std,127,0.9432052969932556,1778917842.5603669
unitree_go2_flat,Policy/mean_noise_std,128,0.9425928592681885,1778917843.568317
unitree_go2_flat,Policy/mean_noise_std,129,0.9420299530029297,1778917844.574774
unitree_go2_flat,Policy/mean_noise_std,130,0.9415224194526672,1778917845.5783198
unitree_go2_flat,Policy/mean_noise_std,131,0.9406594038009644,1778917846.5748882
unitree_go2_flat,Policy/mean_noise_std,132,0.9402096271514893,1778917847.572765
unitree_go2_flat,Policy/mean_noise_std,133,0.9394799470901489,1778917848.709763
unitree_go2_flat,Policy/mean_noise_std,134,0.9391772150993347,1778917849.7207007
unitree_go2_flat,Policy/mean_noise_std,135,0.9391477704048157,1778917850.7343874
unitree_go2_flat,Policy/mean_noise_std,136,0.9386031031608582,1778917851.761725
unitree_go2_flat,Policy/mean_noise_std,137,0.9380221962928772,1778917852.7644906
unitree_go2_flat,Policy/mean_noise_std,138,0.9378593564033508,1778917853.79443
unitree_go2_flat,Policy/mean_noise_std,139,0.9374915361404419,1778917854.8276854
unitree_go2_flat,Policy/mean_noise_std,140,0.937000572681427,1778917855.829607
unitree_go2_flat,Policy/mean_noise_std,141,0.9365370273590088,1778917856.8436198
unitree_go2_flat,Policy/mean_noise_std,142,0.9362987875938416,1778917857.8429499
unitree_go2_flat,Policy/mean_noise_std,143,0.9353874921798706,1778917858.840371
unitree_go2_flat,Policy/mean_noise_std,144,0.9348715543746948,1778917859.9631166
unitree_go2_flat,Policy/mean_noise_std,145,0.934325098991394,1778917860.964221
unitree_go2_flat,Policy/mean_noise_std,146,0.9341280460357666,1778917861.9670794
unitree_go2_flat,Policy/mean_noise_std,147,0.9338296055793762,1778917862.961312
unitree_go2_flat,Policy/mean_noise_std,148,0.932871401309967,1778917863.9514244
unitree_go2_flat,Policy/mean_noise_std,149,0.9322654008865356,1778917864.9564476
unitree_go2_flat,Policy/mean_noise_std,150,0.9320031404495239,1778917865.9762173
unitree_go2_flat,Policy/mean_noise_std,151,0.9323054552078247,1778917867.002532
unitree_go2_flat,Policy/mean_noise_std,152,0.9319376349449158,1778917868.0170782
unitree_go2_flat,Policy/mean_noise_std,153,0.9317387342453003,1778917869.0145214
unitree_go2_flat,Policy/mean_noise_std,154,0.9315125346183777,1778917870.144194
unitree_go2_flat,Policy/mean_noise_std,155,0.9312132596969604,1778917871.1440356
unitree_go2_flat,Policy/mean_noise_std,156,0.9307996034622192,1778917872.1611447
unitree_go2_flat,Policy/mean_noise_std,157,0.9305922389030457,1778917873.167162
unitree_go2_flat,Policy/mean_noise_std,158,0.9302223920822144,1778917874.16834
unitree_go2_flat,Policy/mean_noise_std,159,0.9297979474067688,1778917875.1749258
unitree_go2_flat,Policy/mean_noise_std,160,0.9296591281890869,1778917876.1775177
unitree_go2_flat,Policy/mean_noise_std,161,0.9291654229164124,1778917877.1834493
unitree_go2_flat,Policy/mean_noise_std,162,0.9289724826812744,1778917878.1929128
unitree_go2_flat,Policy/mean_noise_std,163,0.9290775656700134,1778917879.1973372
unitree_go2_flat,Policy/mean_noise_std,164,0.9291621446609497,1778917880.197422
unitree_go2_flat,Policy/mean_noise_std,165,0.9282862544059753,1778917881.3148513
unitree_go2_flat,Policy/mean_noise_std,166,0.927275538444519,1778917882.3116038
unitree_go2_flat,Policy/mean_noise_std,167,0.9267140626907349,1778917883.3140001
unitree_go2_flat,Policy/mean_noise_std,168,0.926213800907135,1778917884.3024254
unitree_go2_flat,Policy/mean_noise_std,169,0.9261436462402344,1778917885.3064466
unitree_go2_flat,Policy/mean_noise_std,170,0.9264757633209229,1778917886.3071094
unitree_go2_flat,Policy/mean_noise_std,171,0.9261767268180847,1778917887.3152108
unitree_go2_flat,Policy/mean_noise_std,172,0.925923228263855,1778917888.3144214
unitree_go2_flat,Policy/mean_noise_std,173,0.925481379032135,1778917889.3206573
unitree_go2_flat,Policy/mean_noise_std,174,0.925317108631134,1778917890.3226416
unitree_go2_flat,Policy/mean_noise_std,175,0.92507004737854,1778917891.3387556
unitree_go2_flat,Policy/mean_noise_std,176,0.9243144989013672,1778917892.4994748
unitree_go2_flat,Policy/mean_noise_std,177,0.9236072897911072,1778917893.509553
unitree_go2_flat,Policy/mean_noise_std,178,0.9232559204101562,1778917894.51785
unitree_go2_flat,Policy/mean_noise_std,179,0.9231493473052979,1778917895.5143447
unitree_go2_flat,Policy/mean_noise_std,180,0.9225624799728394,1778917896.5117865
unitree_go2_flat,Policy/mean_noise_std,181,0.9215271472930908,1778917897.5193288
unitree_go2_flat,Policy/mean_noise_std,182,0.9213729500770569,1778917898.559654
unitree_go2_flat,Policy/mean_noise_std,183,0.921241044998169,1778917899.557783
unitree_go2_flat,Policy/mean_noise_std,184,0.9203279614448547,1778917900.5501752
unitree_go2_flat,Policy/mean_noise_std,185,0.9199979901313782,1778917901.5601578
unitree_go2_flat,Policy/mean_noise_std,186,0.9194431304931641,1778917902.6656933
unitree_go2_flat,Policy/mean_noise_std,187,0.9189316630363464,1778917903.6753085
unitree_go2_flat,Policy/mean_noise_std,188,0.9185413718223572,1778917904.671128
unitree_go2_flat,Policy/mean_noise_std,189,0.9176875352859497,1778917905.673921
unitree_go2_flat,Policy/mean_noise_std,190,0.9170229434967041,1778917906.6721387
unitree_go2_flat,Policy/mean_noise_std,191,0.9157017469406128,1778917907.6869514
unitree_go2_flat,Policy/mean_noise_std,192,0.9152556657791138,1778917908.6949077
unitree_go2_flat,Policy/mean_noise_std,193,0.9149168133735657,1778917909.715411
unitree_go2_flat,Policy/mean_noise_std,194,0.9145484566688538,1778917910.7177165
unitree_go2_flat,Policy/mean_noise_std,195,0.9142447710037231,1778917911.7141845
unitree_go2_flat,Policy/mean_noise_std,196,0.9138465523719788,1778917912.7119477
unitree_go2_flat,Policy/mean_noise_std,197,0.9132562279701233,1778917913.8656783
unitree_go2_flat,Policy/mean_noise_std,198,0.9126532077789307,1778917914.8670447
unitree_go2_flat,Policy/mean_noise_std,199,0.9121937155723572,1778917915.870929
unitree_go2_flat,Policy/mean_noise_std,200,0.9116489887237549,1778917916.86419
unitree_go2_flat,Policy/mean_noise_std,201,0.9111570715904236,1778917917.8711696
unitree_go2_flat,Policy/mean_noise_std,202,0.9108101725578308,1778917918.871435
unitree_go2_flat,Policy/mean_noise_std,203,0.9106770753860474,1778917919.8789494
unitree_go2_flat,Policy/mean_noise_std,204,0.9101511836051941,1778917920.8808348
unitree_go2_flat,Policy/mean_noise_std,205,0.9096077680587769,1778917921.8909702
unitree_go2_flat,Policy/mean_noise_std,206,0.9089421033859253,1778917922.8988512
unitree_go2_flat,Policy/mean_noise_std,207,0.9080678224563599,1778917923.9075184
unitree_go2_flat,Policy/mean_noise_std,208,0.9075267910957336,1778917925.0607212
unitree_go2_flat,Policy/mean_noise_std,209,0.9066351056098938,1778917926.0572379
unitree_go2_flat,Policy/mean_noise_std,210,0.9059666395187378,1778917927.0544991
unitree_go2_flat,Policy/mean_noise_std,211,0.9051742553710938,1778917928.0702293
unitree_go2_flat,Policy/mean_noise_std,212,0.9046727418899536,1778917929.0781581
unitree_go2_flat,Policy/mean_noise_std,213,0.9041565656661987,1778917930.092603
unitree_go2_flat,Policy/mean_noise_std,214,0.9037506580352783,1778917931.0914857
unitree_go2_flat,Policy/mean_noise_std,215,0.9033673405647278,1778917932.0924048
unitree_go2_flat,Policy/mean_noise_std,216,0.9033476710319519,1778917933.097344
unitree_go2_flat,Policy/mean_noise_std,217,0.9029727578163147,1778917934.0971577
unitree_go2_flat,Policy/mean_noise_std,218,0.902831494808197,1778917935.1084185
unitree_go2_flat,Policy/mean_noise_std,219,0.9024242758750916,1778917936.2223215
unitree_go2_flat,Policy/mean_noise_std,220,0.9018362164497375,1778917937.2188702
unitree_go2_flat,Policy/mean_noise_std,221,0.9008634686470032,1778917938.2220473
unitree_go2_flat,Policy/mean_noise_std,222,0.9000365138053894,1778917939.2303064
unitree_go2_flat,Policy/mean_noise_std,223,0.8997184038162231,1778917940.238395
unitree_go2_flat,Policy/mean_noise_std,224,0.8995489478111267,1778917941.253162
unitree_go2_flat,Policy/mean_noise_std,225,0.8985137939453125,1778917942.252426
unitree_go2_flat,Policy/mean_noise_std,226,0.8976633548736572,1778917943.2490222
unitree_go2_flat,Policy/mean_noise_std,227,0.8969919681549072,1778917944.2395558
unitree_go2_flat,Policy/mean_noise_std,228,0.8965206146240234,1778917945.2381747
unitree_go2_flat,Policy/mean_noise_std,229,0.8958184123039246,1778917946.358167
unitree_go2_flat,Policy/mean_noise_std,230,0.895152747631073,1778917947.3517976
unitree_go2_flat,Policy/mean_noise_std,231,0.8945448398590088,1778917948.3466024
unitree_go2_flat,Policy/mean_noise_std,232,0.893487274646759,1778917949.3484437
unitree_go2_flat,Policy/mean_noise_std,233,0.8929035663604736,1778917950.346884
unitree_go2_flat,Policy/mean_noise_std,234,0.8927635550498962,1778917951.345667
unitree_go2_flat,Policy/mean_noise_std,235,0.8923507332801819,1778917952.3480146
unitree_go2_flat,Policy/mean_noise_std,236,0.8916775584220886,1778917953.3517838
unitree_go2_flat,Policy/mean_noise_std,237,0.8913196921348572,1778917954.3435917
unitree_go2_flat,Policy/mean_noise_std,238,0.8908541202545166,1778917955.3434706
unitree_go2_flat,Policy/mean_noise_std,239,0.8904865980148315,1778917956.347352
unitree_go2_flat,Policy/mean_noise_std,240,0.8901401162147522,1778917957.4943237
unitree_go2_flat,Policy/mean_noise_std,241,0.8896430134773254,1778917958.4926946
unitree_go2_flat,Policy/mean_noise_std,242,0.888739824295044,1778917959.4987314
unitree_go2_flat,Policy/mean_noise_std,243,0.8883483409881592,1778917960.4919019
unitree_go2_flat,Policy/mean_noise_std,244,0.8876574635505676,1778917961.4887688
unitree_go2_flat,Policy/mean_noise_std,245,0.8871174454689026,1778917962.498597
unitree_go2_flat,Policy/mean_noise_std,246,0.8865144848823547,1778917963.4991035
unitree_go2_flat,Policy/mean_noise_std,247,0.8859257102012634,1778917964.5070899
unitree_go2_flat,Policy/mean_noise_std,248,0.885339081287384,1778917965.514737
unitree_go2_flat,Policy/mean_noise_std,249,0.884952962398529,1778917966.5157588
unitree_go2_flat,Policy/mean_noise_std,250,0.8846679329872131,1778917967.5143607
unitree_go2_flat,Policy/mean_noise_std,251,0.8841198086738586,1778917968.5930388
unitree_go2_flat,Policy/mean_noise_std,252,0.8835068941116333,1778917969.6078362
unitree_go2_flat,Policy/mean_noise_std,253,0.8830154538154602,1778917970.6157062
unitree_go2_flat,Policy/mean_noise_std,254,0.8830671310424805,1778917971.628006
unitree_go2_flat,Policy/mean_noise_std,255,0.8828709125518799,1778917972.6539714
unitree_go2_flat,Policy/mean_noise_std,256,0.8827400207519531,1778917973.6595454
unitree_go2_flat,Policy/mean_noise_std,257,0.8826697468757629,1778917974.6547031
unitree_go2_flat,Policy/mean_noise_std,258,0.8826540112495422,1778917975.6506126
unitree_go2_flat,Policy/mean_noise_std,259,0.8821675777435303,1778917976.6676748
unitree_go2_flat,Policy/mean_noise_std,260,0.8820051550865173,1778917977.6674848
unitree_go2_flat,Policy/mean_noise_std,261,0.8816775679588318,1778917978.681138
unitree_go2_flat,Policy/mean_noise_std,262,0.8820746541023254,1778917979.7070103
unitree_go2_flat,Policy/mean_noise_std,263,0.8816205263137817,1778917980.7230237
unitree_go2_flat,Policy/mean_noise_std,264,0.8816408514976501,1778917981.730133
unitree_go2_flat,Policy/mean_noise_std,265,0.8816102147102356,1778917982.7373126
unitree_go2_flat,Policy/mean_noise_std,266,0.8811528086662292,1778917983.7535253
unitree_go2_flat,Policy/mean_noise_std,267,0.8810807466506958,1778917984.750468
unitree_go2_flat,Policy/mean_noise_std,268,0.881154477596283,1778917985.751234
unitree_go2_flat,Policy/mean_noise_std,269,0.880707859992981,1778917986.7622485
unitree_go2_flat,Policy/mean_noise_std,270,0.8800591230392456,1778917987.767292
unitree_go2_flat,Policy/mean_noise_std,271,0.8793705105781555,1778917988.7689002
unitree_go2_flat,Policy/mean_noise_std,272,0.8787881731987,1778917989.846752
unitree_go2_flat,Policy/mean_noise_std,273,0.8782293796539307,1778917990.8503685
unitree_go2_flat,Policy/mean_noise_std,274,0.8776305317878723,1778917991.861379
unitree_go2_flat,Policy/mean_noise_std,275,0.877158522605896,1778917992.8591347
unitree_go2_flat,Policy/mean_noise_std,276,0.876774251461029,1778917993.8673615
unitree_go2_flat,Policy/mean_noise_std,277,0.8766725659370422,1778917994.906726
unitree_go2_flat,Policy/mean_noise_std,278,0.8759934306144714,1778917995.9040036
unitree_go2_flat,Policy/mean_noise_std,279,0.8757985234260559,1778917996.9048262
unitree_go2_flat,Policy/mean_noise_std,280,0.8757171630859375,1778917997.9154756
unitree_go2_flat,Policy/mean_noise_std,281,0.8752021789550781,1778917998.9115925
unitree_go2_flat,Policy/mean_noise_std,282,0.8746242523193359,1778917999.9268432
unitree_go2_flat,Policy/mean_noise_std,283,0.8743876218795776,1778918001.0569947
unitree_go2_flat,Policy/mean_noise_std,284,0.8742440938949585,1778918002.0684075
unitree_go2_flat,Policy/mean_noise_std,285,0.8741604089736938,1778918003.0787337
unitree_go2_flat,Policy/mean_noise_std,286,0.8736998438835144,1778918004.0750806
unitree_go2_flat,Policy/mean_noise_std,287,0.8731408715248108,1778918005.0934126
unitree_go2_flat,Policy/mean_noise_std,288,0.8726106286048889,1778918006.097732
unitree_go2_flat,Policy/mean_noise_std,289,0.8723860383033752,1778918007.105535
unitree_go2_flat,Policy/mean_noise_std,290,0.8721752166748047,1778918008.1204784
unitree_go2_flat,Policy/mean_noise_std,291,0.8720659613609314,1778918009.1231601
unitree_go2_flat,Policy/mean_noise_std,292,0.8716437220573425,1778918010.1274
unitree_go2_flat,Policy/mean_noise_std,293,0.871540367603302,1778918011.1419942
unitree_go2_flat,Policy/mean_noise_std,294,0.8714144229888916,1778918012.3095121
unitree_go2_flat,Policy/mean_noise_std,295,0.8711437582969666,1778918013.3187108
unitree_go2_flat,Policy/mean_noise_std,296,0.8708632588386536,1778918014.3265646
unitree_go2_flat,Policy/mean_noise_std,297,0.8702548146247864,1778918015.3367624
unitree_go2_flat,Policy/mean_noise_std,298,0.8697106242179871,1778918016.343418
unitree_go2_flat,Policy/mean_noise_std,299,0.8697464466094971,1778918017.3470156
unitree_go2_flat,Perf/total_fps,0,186.0,1778917712.6901717
unitree_go2_flat,Perf/total_fps,1,390.0,1778917713.7562354
unitree_go2_flat,Perf/total_fps,2,387.0,1778917714.7565012
unitree_go2_flat,Perf/total_fps,3,265.0,1778917716.210355
unitree_go2_flat,Perf/total_fps,4,380.0,1778917717.229745
unitree_go2_flat,Perf/total_fps,5,340.0,1778917718.3660803
unitree_go2_flat,Perf/total_fps,6,384.0,1778917719.3741484
unitree_go2_flat,Perf/total_fps,7,383.0,1778917720.385555
unitree_go2_flat,Perf/total_fps,8,388.0,1778917721.3838615
unitree_go2_flat,Perf/total_fps,9,385.0,1778917722.390003
unitree_go2_flat,Perf/total_fps,10,386.0,1778917723.394049
unitree_go2_flat,Perf/total_fps,11,386.0,1778917724.3970852
unitree_go2_flat,Perf/total_fps,12,387.0,1778917725.3979824
unitree_go2_flat,Perf/total_fps,13,384.0,1778917726.407243
unitree_go2_flat,Perf/total_fps,14,387.0,1778917727.4083638
unitree_go2_flat,Perf/total_fps,15,341.0,1778917728.5412884
unitree_go2_flat,Perf/total_fps,16,378.0,1778917729.565507
unitree_go2_flat,Perf/total_fps,17,387.0,1778917730.5655048
unitree_go2_flat,Perf/total_fps,18,386.0,1778917731.5675359
unitree_go2_flat,Perf/total_fps,19,383.0,1778917732.5783124
unitree_go2_flat,Perf/total_fps,20,385.0,1778917733.5842102
unitree_go2_flat,Perf/total_fps,21,383.0,1778917734.5955424
unitree_go2_flat,Perf/total_fps,22,389.0,1778917735.5916216
unitree_go2_flat,Perf/total_fps,23,385.0,1778917736.5970364
unitree_go2_flat,Perf/total_fps,24,385.0,1778917737.6017458
unitree_go2_flat,Perf/total_fps,25,385.0,1778917738.6071687
unitree_go2_flat,Perf/total_fps,26,339.0,1778917739.7501898
unitree_go2_flat,Perf/total_fps,27,383.0,1778917740.760479
unitree_go2_flat,Perf/total_fps,28,380.0,1778917741.779858
unitree_go2_flat,Perf/total_fps,29,384.0,1778917742.787402
unitree_go2_flat,Perf/total_fps,30,384.0,1778917743.7957606
unitree_go2_flat,Perf/total_fps,31,388.0,1778917744.7941725
unitree_go2_flat,Perf/total_fps,32,384.0,1778917745.8033195
unitree_go2_flat,Perf/total_fps,33,387.0,1778917746.8047395
unitree_go2_flat,Perf/total_fps,34,382.0,1778917747.8192573
unitree_go2_flat,Perf/total_fps,35,383.0,1778917748.8311276
unitree_go2_flat,Perf/total_fps,36,385.0,1778917749.8385954
unitree_go2_flat,Perf/total_fps,37,340.0,1778917750.9749281
unitree_go2_flat,Perf/total_fps,38,385.0,1778917751.98255
unitree_go2_flat,Perf/total_fps,39,384.0,1778917752.9905627
unitree_go2_flat,Perf/total_fps,40,383.0,1778917754.0017066
unitree_go2_flat,Perf/total_fps,41,386.0,1778917755.004326
unitree_go2_flat,Perf/total_fps,42,384.0,1778917756.0143962
unitree_go2_flat,Perf/total_fps,43,385.0,1778917757.0202289
unitree_go2_flat,Perf/total_fps,44,380.0,1778917758.039904
unitree_go2_flat,Perf/total_fps,45,381.0,1778917759.057287
unitree_go2_flat,Perf/total_fps,46,387.0,1778917760.058664
unitree_go2_flat,Perf/total_fps,47,354.0,1778917761.1532266
unitree_go2_flat,Perf/total_fps,48,388.0,1778917762.15145
unitree_go2_flat,Perf/total_fps,49,388.0,1778917763.1487858
unitree_go2_flat,Perf/total_fps,50,384.0,1778917764.1583972
unitree_go2_flat,Perf/total_fps,51,382.0,1778917765.1817503
unitree_go2_flat,Perf/total_fps,52,376.0,1778917766.2119186
unitree_go2_flat,Perf/total_fps,53,380.0,1778917767.232364
unitree_go2_flat,Perf/total_fps,54,386.0,1778917768.234867
unitree_go2_flat,Perf/total_fps,55,374.0,1778917769.2718518
unitree_go2_flat,Perf/total_fps,56,386.0,1778917770.2760327
unitree_go2_flat,Perf/total_fps,57,384.0,1778917771.2842689
unitree_go2_flat,Perf/total_fps,58,359.0,1778917772.3635414
unitree_go2_flat,Perf/total_fps,59,388.0,1778917773.3621936
unitree_go2_flat,Perf/total_fps,60,381.0,1778917774.3801997
unitree_go2_flat,Perf/total_fps,61,386.0,1778917775.3856964
unitree_go2_flat,Perf/total_fps,62,385.0,1778917776.391326
unitree_go2_flat,Perf/total_fps,63,385.0,1778917777.397532
unitree_go2_flat,Perf/total_fps,64,386.0,1778917778.4012816
unitree_go2_flat,Perf/total_fps,65,382.0,1778917779.4161305
unitree_go2_flat,Perf/total_fps,66,376.0,1778917780.446839
unitree_go2_flat,Perf/total_fps,67,386.0,1778917781.4497502
unitree_go2_flat,Perf/total_fps,68,382.0,1778917782.4633808
unitree_go2_flat,Perf/total_fps,69,350.0,1778917783.5698237
unitree_go2_flat,Perf/total_fps,70,386.0,1778917784.572932
unitree_go2_flat,Perf/total_fps,71,388.0,1778917785.571676
unitree_go2_flat,Perf/total_fps,72,382.0,1778917786.5854053
unitree_go2_flat,Perf/total_fps,73,381.0,1778917787.6007965
unitree_go2_flat,Perf/total_fps,74,381.0,1778917788.620904
unitree_go2_flat,Perf/total_fps,75,384.0,1778917789.6303275
unitree_go2_flat,Perf/total_fps,76,382.0,1778917790.644153
unitree_go2_flat,Perf/total_fps,77,385.0,1778917791.6487808
unitree_go2_flat,Perf/total_fps,78,387.0,1778917792.648399
unitree_go2_flat,Perf/total_fps,79,339.0,1778917793.7878513
unitree_go2_flat,Perf/total_fps,80,386.0,1778917794.7913074
unitree_go2_flat,Perf/total_fps,81,388.0,1778917795.7894375
unitree_go2_flat,Perf/total_fps,82,384.0,1778917796.8013718
unitree_go2_flat,Perf/total_fps,83,384.0,1778917797.812629
unitree_go2_flat,Perf/total_fps,84,386.0,1778917798.8175118
unitree_go2_flat,Perf/total_fps,85,388.0,1778917799.8164723
unitree_go2_flat,Perf/total_fps,86,382.0,1778917800.8318534
unitree_go2_flat,Perf/total_fps,87,380.0,1778917801.851428
unitree_go2_flat,Perf/total_fps,88,384.0,1778917802.8610728
unitree_go2_flat,Perf/total_fps,89,386.0,1778917803.8642385
unitree_go2_flat,Perf/total_fps,90,337.0,1778917805.011289
unitree_go2_flat,Perf/total_fps,91,387.0,1778917806.0139039
unitree_go2_flat,Perf/total_fps,92,380.0,1778917807.0325384
unitree_go2_flat,Perf/total_fps,93,383.0,1778917808.0431287
unitree_go2_flat,Perf/total_fps,94,380.0,1778917809.0631151
unitree_go2_flat,Perf/total_fps,95,388.0,1778917810.062429
unitree_go2_flat,Perf/total_fps,96,384.0,1778917811.0862744
unitree_go2_flat,Perf/total_fps,97,384.0,1778917812.0956178
unitree_go2_flat,Perf/total_fps,98,386.0,1778917813.0977604
unitree_go2_flat,Perf/total_fps,99,382.0,1778917814.1121726
unitree_go2_flat,Perf/total_fps,100,380.0,1778917815.133569
unitree_go2_flat,Perf/total_fps,101,349.0,1778917816.2539053
unitree_go2_flat,Perf/total_fps,102,386.0,1778917817.2574635
unitree_go2_flat,Perf/total_fps,103,384.0,1778917818.2676895
unitree_go2_flat,Perf/total_fps,104,385.0,1778917819.2732985
unitree_go2_flat,Perf/total_fps,105,387.0,1778917820.2743838
unitree_go2_flat,Perf/total_fps,106,387.0,1778917821.2764332
unitree_go2_flat,Perf/total_fps,107,385.0,1778917822.2831109
unitree_go2_flat,Perf/total_fps,108,381.0,1778917823.3003845
unitree_go2_flat,Perf/total_fps,109,386.0,1778917824.3042245
unitree_go2_flat,Perf/total_fps,110,387.0,1778917825.3054585
unitree_go2_flat,Perf/total_fps,111,383.0,1778917826.3184342
unitree_go2_flat,Perf/total_fps,112,385.0,1778917827.323991
unitree_go2_flat,Perf/total_fps,113,385.0,1778917828.3304143
unitree_go2_flat,Perf/total_fps,114,386.0,1778917829.3349457
unitree_go2_flat,Perf/total_fps,115,386.0,1778917830.3388853
unitree_go2_flat,Perf/total_fps,116,387.0,1778917831.34151
unitree_go2_flat,Perf/total_fps,117,384.0,1778917832.349289
unitree_go2_flat,Perf/total_fps,118,382.0,1778917833.3619382
unitree_go2_flat,Perf/total_fps,119,384.0,1778917834.3712564
unitree_go2_flat,Perf/total_fps,120,383.0,1778917835.3812857
unitree_go2_flat,Perf/total_fps,121,384.0,1778917836.389311
unitree_go2_flat,Perf/total_fps,122,337.0,1778917837.5382252
unitree_go2_flat,Perf/total_fps,123,385.0,1778917838.5453053
unitree_go2_flat,Perf/total_fps,124,387.0,1778917839.5452528
unitree_go2_flat,Perf/total_fps,125,389.0,1778917840.5413325
unitree_go2_flat,Perf/total_fps,126,382.0,1778917841.5551744
unitree_go2_flat,Perf/total_fps,127,385.0,1778917842.560389
unitree_go2_flat,Perf/total_fps,128,384.0,1778917843.5683384
unitree_go2_flat,Perf/total_fps,129,385.0,1778917844.5747964
unitree_go2_flat,Perf/total_fps,130,386.0,1778917845.5783384
unitree_go2_flat,Perf/total_fps,131,389.0,1778917846.5749056
unitree_go2_flat,Perf/total_fps,132,388.0,1778917847.572786
unitree_go2_flat,Perf/total_fps,133,340.0,1778917848.709784
unitree_go2_flat,Perf/total_fps,134,383.0,1778917849.7207227
unitree_go2_flat,Perf/total_fps,135,382.0,1778917850.7344038
unitree_go2_flat,Perf/total_fps,136,378.0,1778917851.761747
unitree_go2_flat,Perf/total_fps,137,387.0,1778917852.7645135
unitree_go2_flat,Perf/total_fps,138,376.0,1778917853.7944515
unitree_go2_flat,Perf/total_fps,139,375.0,1778917854.8277085
unitree_go2_flat,Perf/total_fps,140,387.0,1778917855.8296282
unitree_go2_flat,Perf/total_fps,141,382.0,1778917856.8436384
unitree_go2_flat,Perf/total_fps,142,388.0,1778917857.8429708
unitree_go2_flat,Perf/total_fps,143,388.0,1778917858.8403885
unitree_go2_flat,Perf/total_fps,144,345.0,1778917859.9631379
unitree_go2_flat,Perf/total_fps,145,387.0,1778917860.9642425
unitree_go2_flat,Perf/total_fps,146,387.0,1778917861.9671025
unitree_go2_flat,Perf/total_fps,147,390.0,1778917862.9613283
unitree_go2_flat,Perf/total_fps,148,391.0,1778917863.9514444
unitree_go2_flat,Perf/total_fps,149,385.0,1778917864.9564643
unitree_go2_flat,Perf/total_fps,150,380.0,1778917865.9762409
unitree_go2_flat,Perf/total_fps,151,382.0,1778917867.0025535
unitree_go2_flat,Perf/total_fps,152,382.0,1778917868.0170994
unitree_go2_flat,Perf/total_fps,153,388.0,1778917869.0145416
unitree_go2_flat,Perf/total_fps,154,342.0,1778917870.1442137
unitree_go2_flat,Perf/total_fps,155,388.0,1778917871.1440578
unitree_go2_flat,Perf/total_fps,156,382.0,1778917872.1611655
unitree_go2_flat,Perf/total_fps,157,385.0,1778917873.167183
unitree_go2_flat,Perf/total_fps,158,387.0,1778917874.168357
unitree_go2_flat,Perf/total_fps,159,385.0,1778917875.1749437
unitree_go2_flat,Perf/total_fps,160,387.0,1778917876.1775396
unitree_go2_flat,Perf/total_fps,161,385.0,1778917877.1834702
unitree_go2_flat,Perf/total_fps,162,384.0,1778917878.1929328
unitree_go2_flat,Perf/total_fps,163,386.0,1778917879.1973567
unitree_go2_flat,Perf/total_fps,164,387.0,1778917880.1974425
unitree_go2_flat,Perf/total_fps,165,347.0,1778917881.3148723
unitree_go2_flat,Perf/total_fps,166,389.0,1778917882.311623
unitree_go2_flat,Perf/total_fps,167,386.0,1778917883.3140209
unitree_go2_flat,Perf/total_fps,168,392.0,1778917884.3024426
unitree_go2_flat,Perf/total_fps,169,386.0,1778917885.3064637
unitree_go2_flat,Perf/total_fps,170,387.0,1778917886.3071265
unitree_go2_flat,Perf/total_fps,171,384.0,1778917887.3152316
unitree_go2_flat,Perf/total_fps,172,388.0,1778917888.314443
unitree_go2_flat,Perf/total_fps,173,385.0,1778917889.3206785
unitree_go2_flat,Perf/total_fps,174,388.0,1778917890.3226724
unitree_go2_flat,Perf/total_fps,175,382.0,1778917891.3387833
unitree_go2_flat,Perf/total_fps,176,333.0,1778917892.4994946
unitree_go2_flat,Perf/total_fps,177,384.0,1778917893.5095894
unitree_go2_flat,Perf/total_fps,178,385.0,1778917894.517871
unitree_go2_flat,Perf/total_fps,179,389.0,1778917895.5143664
unitree_go2_flat,Perf/total_fps,180,388.0,1778917896.5118072
unitree_go2_flat,Perf/total_fps,181,385.0,1778917897.5193462
unitree_go2_flat,Perf/total_fps,182,373.0,1778917898.559676
unitree_go2_flat,Perf/total_fps,183,388.0,1778917899.5578043
unitree_go2_flat,Perf/total_fps,184,390.0,1778917900.5501945
unitree_go2_flat,Perf/total_fps,185,384.0,1778917901.5601792
unitree_go2_flat,Perf/total_fps,186,351.0,1778917902.6657152
unitree_go2_flat,Perf/total_fps,187,384.0,1778917903.6753302
unitree_go2_flat,Perf/total_fps,188,389.0,1778917904.6711495
unitree_go2_flat,Perf/total_fps,189,386.0,1778917905.6739419
unitree_go2_flat,Perf/total_fps,190,388.0,1778917906.6721613
unitree_go2_flat,Perf/total_fps,191,383.0,1778917907.6869752
unitree_go2_flat,Perf/total_fps,192,384.0,1778917908.6968358
unitree_go2_flat,Perf/total_fps,193,380.0,1778917909.7154307
unitree_go2_flat,Perf/total_fps,194,386.0,1778917910.7177367
unitree_go2_flat,Perf/total_fps,195,389.0,1778917911.7142022
unitree_go2_flat,Perf/total_fps,196,388.0,1778917912.71197
unitree_go2_flat,Perf/total_fps,197,335.0,1778917913.8656986
unitree_go2_flat,Perf/total_fps,198,387.0,1778917914.867064
unitree_go2_flat,Perf/total_fps,199,386.0,1778917915.8709502
unitree_go2_flat,Perf/total_fps,200,390.0,1778917916.8642118
unitree_go2_flat,Perf/total_fps,201,388.0,1778917917.8711896
unitree_go2_flat,Perf/total_fps,202,387.0,1778917918.8714557
unitree_go2_flat,Perf/total_fps,203,385.0,1778917919.8789713
unitree_go2_flat,Perf/total_fps,204,387.0,1778917920.880853
unitree_go2_flat,Perf/total_fps,205,384.0,1778917921.8909914
unitree_go2_flat,Perf/total_fps,206,384.0,1778917922.8988721
unitree_go2_flat,Perf/total_fps,207,384.0,1778917923.9075382
unitree_go2_flat,Perf/total_fps,208,335.0,1778917925.060738
unitree_go2_flat,Perf/total_fps,209,389.0,1778917926.057259
unitree_go2_flat,Perf/total_fps,210,389.0,1778917927.05452
unitree_go2_flat,Perf/total_fps,211,381.0,1778917928.0702577
unitree_go2_flat,Perf/total_fps,212,384.0,1778917929.0781803
unitree_go2_flat,Perf/total_fps,213,382.0,1778917930.0926251
unitree_go2_flat,Perf/total_fps,214,388.0,1778917931.0915062
unitree_go2_flat,Perf/total_fps,215,387.0,1778917932.092425
unitree_go2_flat,Perf/total_fps,216,386.0,1778917933.0973647
unitree_go2_flat,Perf/total_fps,217,388.0,1778917934.0971801
unitree_go2_flat,Perf/total_fps,218,383.0,1778917935.1084416
unitree_go2_flat,Perf/total_fps,219,348.0,1778917936.2223382
unitree_go2_flat,Perf/total_fps,220,389.0,1778917937.2188938
unitree_go2_flat,Perf/total_fps,221,386.0,1778917938.2220674
unitree_go2_flat,Perf/total_fps,222,384.0,1778917939.2303407
unitree_go2_flat,Perf/total_fps,223,384.0,1778917940.2384152
unitree_go2_flat,Perf/total_fps,224,382.0,1778917941.2531826
unitree_go2_flat,Perf/total_fps,225,388.0,1778917942.2524476
unitree_go2_flat,Perf/total_fps,226,389.0,1778917943.249043
unitree_go2_flat,Perf/total_fps,227,391.0,1778917944.239595
unitree_go2_flat,Perf/total_fps,228,388.0,1778917945.2381968
unitree_go2_flat,Perf/total_fps,229,346.0,1778917946.3581889
unitree_go2_flat,Perf/total_fps,230,390.0,1778917947.3518188
unitree_go2_flat,Perf/total_fps,231,390.0,1778917948.3466244
unitree_go2_flat,Perf/total_fps,232,387.0,1778917949.3484662
unitree_go2_flat,Perf/total_fps,233,388.0,1778917950.346906
unitree_go2_flat,Perf/total_fps,234,388.0,1778917951.3456895
unitree_go2_flat,Perf/total_fps,235,387.0,1778917952.3480344
unitree_go2_flat,Perf/total_fps,236,387.0,1778917953.3518062
unitree_go2_flat,Perf/total_fps,237,391.0,1778917954.3436146
unitree_go2_flat,Perf/total_fps,238,387.0,1778917955.3434923
unitree_go2_flat,Perf/total_fps,239,386.0,1778917956.347372
unitree_go2_flat,Perf/total_fps,240,337.0,1778917957.494345
unitree_go2_flat,Perf/total_fps,241,388.0,1778917958.4927135
unitree_go2_flat,Perf/total_fps,242,385.0,1778917959.4987495
unitree_go2_flat,Perf/total_fps,243,390.0,1778917960.4919226
unitree_go2_flat,Perf/total_fps,244,389.0,1778917961.4887915
unitree_go2_flat,Perf/total_fps,245,384.0,1778917962.4986184
unitree_go2_flat,Perf/total_fps,246,387.0,1778917963.499126
unitree_go2_flat,Perf/total_fps,247,384.0,1778917964.5071106
unitree_go2_flat,Perf/total_fps,248,384.0,1778917965.5147586
unitree_go2_flat,Perf/total_fps,249,387.0,1778917966.5157788
unitree_go2_flat,Perf/total_fps,250,388.0,1778917967.5143814
unitree_go2_flat,Perf/total_fps,251,362.0,1778917968.5930593
unitree_go2_flat,Perf/total_fps,252,382.0,1778917969.6078572
unitree_go2_flat,Perf/total_fps,253,385.0,1778917970.615727
unitree_go2_flat,Perf/total_fps,254,383.0,1778917971.628027
unitree_go2_flat,Perf/total_fps,255,379.0,1778917972.6539986
unitree_go2_flat,Perf/total_fps,256,385.0,1778917973.6595685
unitree_go2_flat,Perf/total_fps,257,389.0,1778917974.654723
unitree_go2_flat,Perf/total_fps,258,389.0,1778917975.6506336
unitree_go2_flat,Perf/total_fps,259,381.0,1778917976.6676965
unitree_go2_flat,Perf/total_fps,260,388.0,1778917977.667506
unitree_go2_flat,Perf/total_fps,261,382.0,1778917978.6811583
unitree_go2_flat,Perf/total_fps,262,378.0,1778917979.7070312
unitree_go2_flat,Perf/total_fps,263,382.0,1778917980.7230444
unitree_go2_flat,Perf/total_fps,264,385.0,1778917981.7301514
unitree_go2_flat,Perf/total_fps,265,385.0,1778917982.7373297
unitree_go2_flat,Perf/total_fps,266,381.0,1778917983.7535455
unitree_go2_flat,Perf/total_fps,267,389.0,1778917984.75049
unitree_go2_flat,Perf/total_fps,268,387.0,1778917985.7512536
unitree_go2_flat,Perf/total_fps,269,384.0,1778917986.7622702
unitree_go2_flat,Perf/total_fps,270,386.0,1778917987.7673101
unitree_go2_flat,Perf/total_fps,271,387.0,1778917988.7689226
unitree_go2_flat,Perf/total_fps,272,359.0,1778917989.8467715
unitree_go2_flat,Perf/total_fps,273,386.0,1778917990.8503869
unitree_go2_flat,Perf/total_fps,274,383.0,1778917991.8614004
unitree_go2_flat,Perf/total_fps,275,388.0,1778917992.8591545
unitree_go2_flat,Perf/total_fps,276,384.0,1778917993.8673787
unitree_go2_flat,Perf/total_fps,277,374.0,1778917994.9067464
unitree_go2_flat,Perf/total_fps,278,389.0,1778917995.904021
unitree_go2_flat,Perf/total_fps,279,387.0,1778917996.904849
unitree_go2_flat,Perf/total_fps,280,383.0,1778917997.915497
unitree_go2_flat,Perf/total_fps,281,389.0,1778917998.9116147
unitree_go2_flat,Perf/total_fps,282,382.0,1778917999.9268649
unitree_go2_flat,Perf/total_fps,283,342.0,1778918001.0570128
unitree_go2_flat,Perf/total_fps,284,383.0,1778918002.0684288
unitree_go2_flat,Perf/total_fps,285,383.0,1778918003.0787535
unitree_go2_flat,Perf/total_fps,286,389.0,1778918004.0750985
unitree_go2_flat,Perf/total_fps,287,381.0,1778918005.093434
unitree_go2_flat,Perf/total_fps,288,386.0,1778918006.0977497
unitree_go2_flat,Perf/total_fps,289,385.0,1778918007.1055553
unitree_go2_flat,Perf/total_fps,290,382.0,1778918008.1204996
unitree_go2_flat,Perf/total_fps,291,386.0,1778918009.1231802
unitree_go2_flat,Perf/total_fps,292,386.0,1778918010.1274214
unitree_go2_flat,Perf/total_fps,293,382.0,1778918011.1420126
unitree_go2_flat,Perf/total_fps,294,331.0,1778918012.3095336
unitree_go2_flat,Perf/total_fps,295,384.0,1778918013.3187306
unitree_go2_flat,Perf/total_fps,296,384.0,1778918014.3266075
unitree_go2_flat,Perf/total_fps,297,384.0,1778918015.336783
unitree_go2_flat,Perf/total_fps,298,385.0,1778918016.3434398
unitree_go2_flat,Perf/total_fps,299,386.0,1778918017.3470366
unitree_go2_flat,Perf/collection time,0,1.8020577430725098,1778917712.6901863
unitree_go2_flat,Perf/collection time,1,0.8916809558868408,1778917713.7562492
unitree_go2_flat,Perf/collection time,2,0.8957524299621582,1778917714.7565155
unitree_go2_flat,Perf/collection time,3,1.3531231880187988,1778917716.2103682
unitree_go2_flat,Perf/collection time,4,0.8999090194702148,1778917717.2297592
unitree_go2_flat,Perf/collection time,5,1.0269403457641602,1778917718.3660955
unitree_go2_flat,Perf/collection time,6,0.8973984718322754,1778917719.3741627
unitree_go2_flat,Perf/collection time,7,0.9084281921386719,1778917720.3855689
unitree_go2_flat,Perf/collection time,8,0.8962843418121338,1778917721.3838766
unitree_go2_flat,Perf/collection time,9,0.9042048454284668,1778917722.3900166
unitree_go2_flat,Perf/collection time,10,0.9045202732086182,1778917723.3940647
unitree_go2_flat,Perf/collection time,11,0.8999712467193604,1778917724.3970993
unitree_go2_flat,Perf/collection time,12,0.8974354267120361,1778917725.3979962
unitree_go2_flat,Perf/collection time,13,0.9094374179840088,1778917726.407257
unitree_go2_flat,Perf/collection time,14,0.9000649452209473,1778917727.4083776
unitree_go2_flat,Perf/collection time,15,1.0288035869598389,1778917728.5413032
unitree_go2_flat,Perf/collection time,16,0.9141767024993896,1778917729.565522
unitree_go2_flat,Perf/collection time,17,0.8991146087646484,1778917730.5655193
unitree_go2_flat,Perf/collection time,18,0.899590253829956,1778917731.5675492
unitree_go2_flat,Perf/collection time,19,0.9084246158599854,1778917732.5783267
unitree_go2_flat,Perf/collection time,20,0.9042165279388428,1778917733.5842245
unitree_go2_flat,Perf/collection time,21,0.9094903469085693,1778917734.5955575
unitree_go2_flat,Perf/collection time,22,0.8951444625854492,1778917735.591637
unitree_go2_flat,Perf/collection time,23,0.9049408435821533,1778917736.597051
unitree_go2_flat,Perf/collection time,24,0.9035320281982422,1778917737.6017606
unitree_go2_flat,Perf/collection time,25,0.9047031402587891,1778917738.6071842
unitree_go2_flat,Perf/collection time,26,1.0375933647155762,1778917739.7502043
unitree_go2_flat,Perf/collection time,27,0.9092316627502441,1778917740.7604926
unitree_go2_flat,Perf/collection time,28,0.909508228302002,1778917741.7798712
unitree_go2_flat,Perf/collection time,29,0.898979663848877,1778917742.7874177
unitree_go2_flat,Perf/collection time,30,0.8996789455413818,1778917743.7957757
unitree_go2_flat,Perf/collection time,31,0.8984904289245605,1778917744.7941868
unitree_go2_flat,Perf/collection time,32,0.9054746627807617,1778917745.8033342
unitree_go2_flat,Perf/collection time,33,0.90110182762146,1778917746.8047533
unitree_go2_flat,Perf/collection time,34,0.9120848178863525,1778917747.8192706
unitree_go2_flat,Perf/collection time,35,0.9108827114105225,1778917748.8311415
unitree_go2_flat,Perf/collection time,36,0.9034833908081055,1778917749.8386135
unitree_go2_flat,Perf/collection time,37,1.036057472229004,1778917750.9749422
unitree_go2_flat,Perf/collection time,38,0.9051182270050049,1778917751.9825647
unitree_go2_flat,Perf/collection time,39,0.9059145450592041,1778917752.9905992
unitree_go2_flat,Perf/collection time,40,0.9089775085449219,1778917754.001721
unitree_go2_flat,Perf/collection time,41,0.9012293815612793,1778917755.0043423
unitree_go2_flat,Perf/collection time,42,0.9072086811065674,1778917756.0144107
unitree_go2_flat,Perf/collection time,43,0.9047951698303223,1778917757.0202432
unitree_go2_flat,Perf/collection time,44,0.9162557125091553,1778917758.0399184
unitree_go2_flat,Perf/collection time,45,0.9119832515716553,1778917759.0573006
unitree_go2_flat,Perf/collection time,46,0.8971414566040039,1778917760.0586786
unitree_go2_flat,Perf/collection time,47,0.9926021099090576,1778917761.1532412
unitree_go2_flat,Perf/collection time,48,0.8972146511077881,1778917762.1514628
unitree_go2_flat,Perf/collection time,49,0.8962485790252686,1778917763.1488004
unitree_go2_flat,Perf/collection time,50,0.9074618816375732,1778917764.1584105
unitree_go2_flat,Perf/collection time,51,0.912844181060791,1778917765.1817648
unitree_go2_flat,Perf/collection time,52,0.9116299152374268,1778917766.211933
unitree_go2_flat,Perf/collection time,53,0.9011461734771729,1778917767.2323785
unitree_go2_flat,Perf/collection time,54,0.9014410972595215,1778917768.234881
unitree_go2_flat,Perf/collection time,55,0.9344947338104248,1778917769.2718658
unitree_go2_flat,Perf/collection time,56,0.9005372524261475,1778917770.2760477
unitree_go2_flat,Perf/collection time,57,0.9051377773284912,1778917771.284283
unitree_go2_flat,Perf/collection time,58,0.9745407104492188,1778917772.3635542
unitree_go2_flat,Perf/collection time,59,0.8956067562103271,1778917773.3622077
unitree_go2_flat,Perf/collection time,60,0.8990459442138672,1778917774.3802252
unitree_go2_flat,Perf/collection time,61,0.9008255004882812,1778917775.3857114
unitree_go2_flat,Perf/collection time,62,0.9033644199371338,1778917776.391341
unitree_go2_flat,Perf/collection time,63,0.9011385440826416,1778917777.3975463
unitree_go2_flat,Perf/collection time,64,0.9027795791625977,1778917778.4012969
unitree_go2_flat,Perf/collection time,65,0.905834436416626,1778917779.4161444
unitree_go2_flat,Perf/collection time,66,0.9160857200622559,1778917780.4468524
unitree_go2_flat,Perf/collection time,67,0.9006798267364502,1778917781.4497638
unitree_go2_flat,Perf/collection time,68,0.9037916660308838,1778917782.463395
unitree_go2_flat,Perf/collection time,69,0.9938926696777344,1778917783.569838
unitree_go2_flat,Perf/collection time,70,0.8994646072387695,1778917784.5729458
unitree_go2_flat,Perf/collection time,71,0.8957381248474121,1778917785.5716918
unitree_go2_flat,Perf/collection time,72,0.9120895862579346,1778917786.5854194
unitree_go2_flat,Perf/collection time,73,0.9018845558166504,1778917787.6008112
unitree_go2_flat,Perf/collection time,74,0.9033057689666748,1778917788.6209338
unitree_go2_flat,Perf/collection time,75,0.9032740592956543,1778917789.630341
unitree_go2_flat,Perf/collection time,76,0.9108474254608154,1778917790.644168
unitree_go2_flat,Perf/collection time,77,0.9035215377807617,1778917791.648795
unitree_go2_flat,Perf/collection time,78,0.8980600833892822,1778917792.6484132
unitree_go2_flat,Perf/collection time,79,1.038567066192627,1778917793.787866
unitree_go2_flat,Perf/collection time,80,0.8999156951904297,1778917794.7913218
unitree_go2_flat,Perf/collection time,81,0.8963010311126709,1778917795.7894511
unitree_go2_flat,Perf/collection time,82,0.9032161235809326,1778917796.8013892
unitree_go2_flat,Perf/collection time,83,0.8998739719390869,1778917797.812643
unitree_go2_flat,Perf/collection time,84,0.9011573791503906,1778917798.8175263
unitree_go2_flat,Perf/collection time,85,0.8968875408172607,1778917799.8164866
unitree_go2_flat,Perf/collection time,86,0.9098122119903564,1778917800.831869
unitree_go2_flat,Perf/collection time,87,0.9176928997039795,1778917801.8514411
unitree_go2_flat,Perf/collection time,88,0.907933235168457,1778917802.8610861
unitree_go2_flat,Perf/collection time,89,0.9028151035308838,1778917803.8642526
unitree_go2_flat,Perf/collection time,90,1.0446417331695557,1778917805.0113034
unitree_go2_flat,Perf/collection time,91,0.8990263938903809,1778917806.013927
unitree_go2_flat,Perf/collection time,92,0.9153101444244385,1778917807.0325518
unitree_go2_flat,Perf/collection time,93,0.909099817276001,1778917808.0431437
unitree_go2_flat,Perf/collection time,94,0.9162113666534424,1778917809.0631306
unitree_go2_flat,Perf/collection time,95,0.8976478576660156,1778917810.062443
unitree_go2_flat,Perf/collection time,96,0.9068789482116699,1778917811.0862904
unitree_go2_flat,Perf/collection time,97,0.9082345962524414,1778917812.0956335
unitree_go2_flat,Perf/collection time,98,0.8993668556213379,1778917813.0977752
unitree_go2_flat,Perf/collection time,99,0.9126927852630615,1778917814.1121876
unitree_go2_flat,Perf/collection time,100,0.9042723178863525,1778917815.1336102
unitree_go2_flat,Perf/collection time,101,1.0092661380767822,1778917816.2539198
unitree_go2_flat,Perf/collection time,102,0.9007728099822998,1778917817.2574785
unitree_go2_flat,Perf/collection time,103,0.9083757400512695,1778917818.267704
unitree_go2_flat,Perf/collection time,104,0.9001867771148682,1778917819.2733128
unitree_go2_flat,Perf/collection time,105,0.9014103412628174,1778917820.2743983
unitree_go2_flat,Perf/collection time,106,0.9013493061065674,1778917821.2764473
unitree_go2_flat,Perf/collection time,107,0.9048278331756592,1778917822.2831247
unitree_go2_flat,Perf/collection time,108,0.9163401126861572,1778917823.3003988
unitree_go2_flat,Perf/collection time,109,0.9004452228546143,1778917824.30424
unitree_go2_flat,Perf/collection time,110,0.8994965553283691,1778917825.305473
unitree_go2_flat,Perf/collection time,111,0.9034359455108643,1778917826.3184488
unitree_go2_flat,Perf/collection time,112,0.9024991989135742,1778917827.3240051
unitree_go2_flat,Perf/collection time,113,0.9054195880889893,1778917828.3304305
unitree_go2_flat,Perf/collection time,114,0.9033880233764648,1778917829.3349593
unitree_go2_flat,Perf/collection time,115,0.9028170108795166,1778917830.3388999
unitree_go2_flat,Perf/collection time,116,0.8975982666015625,1778917831.3415344
unitree_go2_flat,Perf/collection time,117,0.9068648815155029,1778917832.3493032
unitree_go2_flat,Perf/collection time,118,0.9111635684967041,1778917833.361954
unitree_go2_flat,Perf/collection time,119,0.9084444046020508,1778917834.371286
unitree_go2_flat,Perf/collection time,120,0.9096033573150635,1778917835.3812997
unitree_go2_flat,Perf/collection time,121,0.8995206356048584,1778917836.389326
unitree_go2_flat,Perf/collection time,122,1.045511245727539,1778917837.53825
unitree_go2_flat,Perf/collection time,123,0.9060811996459961,1778917838.54532
unitree_go2_flat,Perf/collection time,124,0.8982203006744385,1778917839.5452673
unitree_go2_flat,Perf/collection time,125,0.8949136734008789,1778917840.541347
unitree_go2_flat,Perf/collection time,126,0.909921407699585,1778917841.5551896
unitree_go2_flat,Perf/collection time,127,0.9025607109069824,1778917842.5604038
unitree_go2_flat,Perf/collection time,128,0.9050149917602539,1778917843.5683546
unitree_go2_flat,Perf/collection time,129,0.9050045013427734,1778917844.5748117
unitree_go2_flat,Perf/collection time,130,0.899263858795166,1778917845.578352
unitree_go2_flat,Perf/collection time,131,0.8949005603790283,1778917846.574919
unitree_go2_flat,Perf/collection time,132,0.8947460651397705,1778917847.5728004
unitree_go2_flat,Perf/collection time,133,1.0283894538879395,1778917848.7097983
unitree_go2_flat,Perf/collection time,134,0.9080092906951904,1778917849.7207377
unitree_go2_flat,Perf/collection time,135,0.9054503440856934,1778917850.7344167
unitree_go2_flat,Perf/collection time,136,0.9018542766571045,1778917851.7617757
unitree_go2_flat,Perf/collection time,137,0.8995418548583984,1778917852.764529
unitree_go2_flat,Perf/collection time,138,0.913287878036499,1778917853.7944663
unitree_go2_flat,Perf/collection time,139,0.9118003845214844,1778917854.8277233
unitree_go2_flat,Perf/collection time,140,0.8985540866851807,1778917855.8296425
unitree_go2_flat,Perf/collection time,141,0.9108166694641113,1778917856.843652
unitree_go2_flat,Perf/collection time,142,0.8930530548095703,1778917857.8429852
unitree_go2_flat,Perf/collection time,143,0.8945815563201904,1778917858.8404021
unitree_go2_flat,Perf/collection time,144,1.0183043479919434,1778917859.9631526
unitree_go2_flat,Perf/collection time,145,0.8981947898864746,1778917860.9642568
unitree_go2_flat,Perf/collection time,146,0.894066572189331,1778917861.967117
unitree_go2_flat,Perf/collection time,147,0.892303466796875,1778917862.9613411
unitree_go2_flat,Perf/collection time,148,0.8887395858764648,1778917863.9514585
unitree_go2_flat,Perf/collection time,149,0.8966002464294434,1778917864.9564779
unitree_go2_flat,Perf/collection time,150,0.9047253131866455,1778917865.9762568
unitree_go2_flat,Perf/collection time,151,0.9034683704376221,1778917867.002568
unitree_go2_flat,Perf/collection time,152,0.908118724822998,1778917868.0171137
unitree_go2_flat,Perf/collection time,153,0.8956480026245117,1778917869.0145562
unitree_go2_flat,Perf/collection time,154,1.0276803970336914,1778917870.1442275
unitree_go2_flat,Perf/collection time,155,0.897960901260376,1778917871.1440732
unitree_go2_flat,Perf/collection time,156,0.8981692790985107,1778917872.16118
unitree_go2_flat,Perf/collection time,157,0.9052622318267822,1778917873.1671972
unitree_go2_flat,Perf/collection time,158,0.8941662311553955,1778917874.1683707
unitree_go2_flat,Perf/collection time,159,0.9040038585662842,1778917875.1749575
unitree_go2_flat,Perf/collection time,160,0.8991842269897461,1778917876.1775537
unitree_go2_flat,Perf/collection time,161,0.8981523513793945,1778917877.183485
unitree_go2_flat,Perf/collection time,162,0.8993310928344727,1778917878.1929471
unitree_go2_flat,Perf/collection time,163,0.9034686088562012,1778917879.1973712
unitree_go2_flat,Perf/collection time,164,0.8974249362945557,1778917880.1974566
unitree_go2_flat,Perf/collection time,165,1.014601707458496,1778917881.3148873
unitree_go2_flat,Perf/collection time,166,0.8957762718200684,1778917882.311637
unitree_go2_flat,Perf/collection time,167,0.9015827178955078,1778917883.3140352
unitree_go2_flat,Perf/collection time,168,0.888232946395874,1778917884.3024561
unitree_go2_flat,Perf/collection time,169,0.9018757343292236,1778917885.306477
unitree_go2_flat,Perf/collection time,170,0.8971958160400391,1778917886.3071396
unitree_go2_flat,Perf/collection time,171,0.9063413143157959,1778917887.3152468
unitree_go2_flat,Perf/collection time,172,0.8982529640197754,1778917888.3144577
unitree_go2_flat,Perf/collection time,173,0.9031755924224854,1778917889.3206925
unitree_go2_flat,Perf/collection time,174,0.8943243026733398,1778917890.322697
unitree_go2_flat,Perf/collection time,175,0.9037091732025146,1778917891.3388019
unitree_go2_flat,Perf/collection time,176,1.056994915008545,1778917892.4995086
unitree_go2_flat,Perf/collection time,177,0.9060225486755371,1778917893.5096095
unitree_go2_flat,Perf/collection time,178,0.9031143188476562,1778917894.5178893
unitree_go2_flat,Perf/collection time,179,0.8939898014068604,1778917895.5143812
unitree_go2_flat,Perf/collection time,180,0.8962960243225098,1778917896.511821
unitree_go2_flat,Perf/collection time,181,0.9034273624420166,1778917897.5193596
unitree_go2_flat,Perf/collection time,182,0.9186124801635742,1778917898.5596907
unitree_go2_flat,Perf/collection time,183,0.8954651355743408,1778917899.5578187
unitree_go2_flat,Perf/collection time,184,0.8903613090515137,1778917900.5502086
unitree_go2_flat,Perf/collection time,185,0.8954908847808838,1778917901.5601974
unitree_go2_flat,Perf/collection time,186,1.003812551498413,1778917902.6657293
unitree_go2_flat,Perf/collection time,187,0.9010283946990967,1778917903.6753447
unitree_go2_flat,Perf/collection time,188,0.8940417766571045,1778917904.6711636
unitree_go2_flat,Perf/collection time,189,0.9008359909057617,1778917905.6739564
unitree_go2_flat,Perf/collection time,190,0.897503137588501,1778917906.6721768
unitree_go2_flat,Perf/collection time,191,0.9015071392059326,1778917907.6869903
unitree_go2_flat,Perf/collection time,192,0.9062767028808594,1778917908.696868
unitree_go2_flat,Perf/collection time,193,0.8993372917175293,1778917909.7154443
unitree_go2_flat,Perf/collection time,194,0.8946323394775391,1778917910.717751
unitree_go2_flat,Perf/collection time,195,0.893974781036377,1778917911.7142155
unitree_go2_flat,Perf/collection time,196,0.8965661525726318,1778917912.7119842
unitree_go2_flat,Perf/collection time,197,1.0505859851837158,1778917913.8657124
unitree_go2_flat,Perf/collection time,198,0.8992180824279785,1778917914.8670778
unitree_go2_flat,Perf/collection time,199,0.902789831161499,1778917915.8709648
unitree_go2_flat,Perf/collection time,200,0.8920173645019531,1778917916.8642263
unitree_go2_flat,Perf/collection time,201,0.8972012996673584,1778917917.8712049
unitree_go2_flat,Perf/collection time,202,0.8943305015563965,1778917918.8714697
unitree_go2_flat,Perf/collection time,203,0.9034051895141602,1778917919.8789873
unitree_go2_flat,Perf/collection time,204,0.8999056816101074,1778917920.880866
unitree_go2_flat,Perf/collection time,205,0.9078059196472168,1778917921.8910058
unitree_go2_flat,Perf/collection time,206,0.905494213104248,1778917922.8988864
unitree_go2_flat,Perf/collection time,207,0.9056570529937744,1778917923.9075527
unitree_go2_flat,Perf/collection time,208,1.0511350631713867,1778917925.0607514
unitree_go2_flat,Perf/collection time,209,0.8919558525085449,1778917926.0572736
unitree_go2_flat,Perf/collection time,210,0.8956542015075684,1778917927.0545344
unitree_go2_flat,Perf/collection time,211,0.9026658535003662,1778917928.0702732
unitree_go2_flat,Perf/collection time,212,0.90480637550354,1778917929.078195
unitree_go2_flat,Perf/collection time,213,0.9122569561004639,1778917930.0926402
unitree_go2_flat,Perf/collection time,214,0.8962194919586182,1778917931.0915208
unitree_go2_flat,Perf/collection time,215,0.8998332023620605,1778917932.0924401
unitree_go2_flat,Perf/collection time,216,0.9028513431549072,1778917933.0973797
unitree_go2_flat,Perf/collection time,217,0.8964462280273438,1778917934.097196
unitree_go2_flat,Perf/collection time,218,0.9092092514038086,1778917935.1084566
unitree_go2_flat,Perf/collection time,219,1.0079166889190674,1778917936.2223516
unitree_go2_flat,Perf/collection time,220,0.8954830169677734,1778917937.2189095
unitree_go2_flat,Perf/collection time,221,0.9016461372375488,1778917938.2220814
unitree_go2_flat,Perf/collection time,222,0.9066405296325684,1778917939.2303624
unitree_go2_flat,Perf/collection time,223,0.901658296585083,1778917940.2384295
unitree_go2_flat,Perf/collection time,224,0.9114775657653809,1778917941.2531972
unitree_go2_flat,Perf/collection time,225,0.8927075862884521,1778917942.2524617
unitree_go2_flat,Perf/collection time,226,0.8944249153137207,1778917943.2490585
unitree_go2_flat,Perf/collection time,227,0.8884322643280029,1778917944.2396128
unitree_go2_flat,Perf/collection time,228,0.8978195190429688,1778917945.2382116
unitree_go2_flat,Perf/collection time,229,1.0165047645568848,1778917946.358203
unitree_go2_flat,Perf/collection time,230,0.8936192989349365,1778917947.3518333
unitree_go2_flat,Perf/collection time,231,0.8941218852996826,1778917948.346639
unitree_go2_flat,Perf/collection time,232,0.9011495113372803,1778917949.3484817
unitree_go2_flat,Perf/collection time,233,0.8958990573883057,1778917950.3469207
unitree_go2_flat,Perf/collection time,234,0.8956270217895508,1778917951.345704
unitree_go2_flat,Perf/collection time,235,0.900336503982544,1778917952.3480487
unitree_go2_flat,Perf/collection time,236,0.9010262489318848,1778917953.3518372
unitree_go2_flat,Perf/collection time,237,0.8891732692718506,1778917954.3436294
unitree_go2_flat,Perf/collection time,238,0.8990602493286133,1778917955.3435078
unitree_go2_flat,Perf/collection time,239,0.9029433727264404,1778917956.3473868
unitree_go2_flat,Perf/collection time,240,1.0443916320800781,1778917957.4943593
unitree_go2_flat,Perf/collection time,241,0.898651123046875,1778917958.4927275
unitree_go2_flat,Perf/collection time,242,0.9053406715393066,1778917959.4987626
unitree_go2_flat,Perf/collection time,243,0.8930492401123047,1778917960.4919367
unitree_go2_flat,Perf/collection time,244,0.8953104019165039,1778917961.4888067
unitree_go2_flat,Perf/collection time,245,0.9107673168182373,1778917962.498632
unitree_go2_flat,Perf/collection time,246,0.8990638256072998,1778917963.499141
unitree_go2_flat,Perf/collection time,247,0.8938133716583252,1778917964.5071251
unitree_go2_flat,Perf/collection time,248,0.9088919162750244,1778917965.5147736
unitree_go2_flat,Perf/collection time,249,0.891279935836792,1778917966.5157926
unitree_go2_flat,Perf/collection time,250,0.899085283279419,1778917967.5143955
unitree_go2_flat,Perf/collection time,251,0.9678809642791748,1778917968.5930736
unitree_go2_flat,Perf/collection time,252,0.9003250598907471,1778917969.6078713
unitree_go2_flat,Perf/collection time,253,0.9025051593780518,1778917970.6157413
unitree_go2_flat,Perf/collection time,254,0.9051055908203125,1778917971.6280434
unitree_go2_flat,Perf/collection time,255,0.9094154834747314,1778917972.6540267
unitree_go2_flat,Perf/collection time,256,0.9030969142913818,1778917973.6596022
unitree_go2_flat,Perf/collection time,257,0.8944036960601807,1778917974.6547372
unitree_go2_flat,Perf/collection time,258,0.8950705528259277,1778917975.6506476
unitree_go2_flat,Perf/collection time,259,0.902653694152832,1778917976.667711
unitree_go2_flat,Perf/collection time,260,0.8974123001098633,1778917977.66752
unitree_go2_flat,Perf/collection time,261,0.913245439529419,1778917978.6811728
unitree_go2_flat,Perf/collection time,262,0.9228894710540771,1778917979.7070453
unitree_go2_flat,Perf/collection time,263,0.9100046157836914,1778917980.7230587
unitree_go2_flat,Perf/collection time,264,0.9080538749694824,1778917981.7301648
unitree_go2_flat,Perf/collection time,265,0.9047784805297852,1778917982.737343
unitree_go2_flat,Perf/collection time,266,0.9109477996826172,1778917983.7535596
unitree_go2_flat,Perf/collection time,267,0.8960120677947998,1778917984.7505043
unitree_go2_flat,Perf/collection time,268,0.8982150554656982,1778917985.7512681
unitree_go2_flat,Perf/collection time,269,0.8982236385345459,1778917986.7623003
unitree_go2_flat,Perf/collection time,270,0.9035096168518066,1778917987.767324
unitree_go2_flat,Perf/collection time,271,0.8985021114349365,1778917988.768937
unitree_go2_flat,Perf/collection time,272,0.9781219959259033,1778917989.8467853
unitree_go2_flat,Perf/collection time,273,0.9000041484832764,1778917990.8504007
unitree_go2_flat,Perf/collection time,274,0.9094030857086182,1778917991.8614151
unitree_go2_flat,Perf/collection time,275,0.897606611251831,1778917992.8591683
unitree_go2_flat,Perf/collection time,276,0.9053277969360352,1778917993.867392
unitree_go2_flat,Perf/collection time,277,0.9162349700927734,1778917994.9067752
unitree_go2_flat,Perf/collection time,278,0.8957772254943848,1778917995.9040344
unitree_go2_flat,Perf/collection time,279,0.8982219696044922,1778917996.9048645
unitree_go2_flat,Perf/collection time,280,0.9068129062652588,1778917997.915513
unitree_go2_flat,Perf/collection time,281,0.8945715427398682,1778917998.911629
unitree_go2_flat,Perf/collection time,282,0.9067151546478271,1778917999.926879
unitree_go2_flat,Perf/collection time,283,1.0274555683135986,1778918001.0570261
unitree_go2_flat,Perf/collection time,284,0.908585786819458,1778918002.0684435
unitree_go2_flat,Perf/collection time,285,0.9032251834869385,1778918003.0787673
unitree_go2_flat,Perf/collection time,286,0.8955469131469727,1778918004.0751119
unitree_go2_flat,Perf/collection time,287,0.9089832305908203,1778918005.0934486
unitree_go2_flat,Perf/collection time,288,0.9009523391723633,1778918006.0977628
unitree_go2_flat,Perf/collection time,289,0.9020624160766602,1778918007.1055696
unitree_go2_flat,Perf/collection time,290,0.901167631149292,1778918008.1205142
unitree_go2_flat,Perf/collection time,291,0.9014875888824463,1778918009.1231956
unitree_go2_flat,Perf/collection time,292,0.9002370834350586,1778918010.127436
unitree_go2_flat,Perf/collection time,293,0.911811351776123,1778918011.142026
unitree_go2_flat,Perf/collection time,294,1.055708646774292,1778918012.3095484
unitree_go2_flat,Perf/collection time,295,0.9065077304840088,1778918013.3187444
unitree_go2_flat,Perf/collection time,296,0.9054064750671387,1778918014.326623
unitree_go2_flat,Perf/collection time,297,0.9077508449554443,1778918015.3367972
unitree_go2_flat,Perf/collection time,298,0.9064943790435791,1778918016.3434544
unitree_go2_flat,Perf/collection time,299,0.9023120403289795,1778918017.3470519
unitree_go2_flat,Perf/learning_time,0,0.26180124282836914,1778917712.6901991
unitree_go2_flat,Perf/learning_time,1,0.0925438404083252,1778917713.7562616
unitree_go2_flat,Perf/learning_time,2,0.09546947479248047,1778917714.7565284
unitree_go2_flat,Perf/learning_time,3,0.09108853340148926,1778917716.2103803
unitree_go2_flat,Perf/learning_time,4,0.10808777809143066,1778917717.2297723
unitree_go2_flat,Perf/learning_time,5,0.09929728507995605,1778917718.3661087
unitree_go2_flat,Perf/learning_time,6,0.10085797309875488,1778917719.3741758
unitree_go2_flat,Perf/learning_time,7,0.09343433380126953,1778917720.3856018
unitree_go2_flat,Perf/learning_time,8,0.09232020378112793,1778917721.38389
unitree_go2_flat,Perf/learning_time,9,0.09211897850036621,1778917722.3900287
unitree_go2_flat,Perf/learning_time,10,0.08959698677062988,1778917723.394078
unitree_go2_flat,Perf/learning_time,11,0.0932004451751709,1778917724.3971121
unitree_go2_flat,Perf/learning_time,12,0.09378814697265625,1778917725.398009
unitree_go2_flat,Perf/learning_time,13,0.09008526802062988,1778917726.40727
unitree_go2_flat,Perf/learning_time,14,0.09173178672790527,1778917727.4083915
unitree_go2_flat,Perf/learning_time,15,0.09442353248596191,1778917728.541316
unitree_go2_flat,Perf/learning_time,16,0.09996533393859863,1778917729.5655353
unitree_go2_flat,Perf/learning_time,17,0.09094381332397461,1778917730.565532
unitree_go2_flat,Perf/learning_time,18,0.09281301498413086,1778917731.5675616
unitree_go2_flat,Perf/learning_time,19,0.09229874610900879,1778917732.5783398
unitree_go2_flat,Perf/learning_time,20,0.09182357788085938,1778917733.5842388
unitree_go2_flat,Perf/learning_time,21,0.09225249290466309,1778917734.59557
unitree_go2_flat,Perf/learning_time,22,0.09135866165161133,1778917735.59165
unitree_go2_flat,Perf/learning_time,23,0.0905308723449707,1778917736.5970647
unitree_go2_flat,Perf/learning_time,24,0.0915379524230957,1778917737.6017733
unitree_go2_flat,Perf/learning_time,25,0.09047794342041016,1778917738.6071978
unitree_go2_flat,Perf/learning_time,26,0.09353780746459961,1778917739.7502174
unitree_go2_flat,Perf/learning_time,27,0.09125256538391113,1778917740.7605052
unitree_go2_flat,Perf/learning_time,28,0.09990191459655762,1778917741.7798839
unitree_go2_flat,Perf/learning_time,29,0.09884214401245117,1778917742.7874317
unitree_go2_flat,Perf/learning_time,30,0.09882855415344238,1778917743.795789
unitree_go2_flat,Perf/learning_time,31,0.09021615982055664,1778917744.7941995
unitree_go2_flat,Perf/learning_time,32,0.09383583068847656,1778917745.8033466
unitree_go2_flat,Perf/learning_time,33,0.09068489074707031,1778917746.8047662
unitree_go2_flat,Perf/learning_time,34,0.09259438514709473,1778917747.8192835
unitree_go2_flat,Perf/learning_time,35,0.09085726737976074,1778917748.831154
unitree_go2_flat,Perf/learning_time,36,0.09359359741210938,1778917749.838627
unitree_go2_flat,Perf/learning_time,37,0.09044671058654785,1778917750.974955
unitree_go2_flat,Perf/learning_time,38,0.09201765060424805,1778917751.9825978
unitree_go2_flat,Perf/learning_time,39,0.0923471450805664,1778917752.9906151
unitree_go2_flat,Perf/learning_time,40,0.09232234954833984,1778917754.0017333
unitree_go2_flat,Perf/learning_time,41,0.09163045883178711,1778917755.004356
unitree_go2_flat,Perf/learning_time,42,0.09274935722351074,1778917756.0144238
unitree_go2_flat,Perf/learning_time,43,0.09109258651733398,1778917757.0202563
unitree_go2_flat,Perf/learning_time,44,0.09254240989685059,1778917758.0399315
unitree_go2_flat,Perf/learning_time,45,0.09499120712280273,1778917759.0573132
unitree_go2_flat,Perf/learning_time,46,0.09406065940856934,1778917760.058691
unitree_go2_flat,Perf/learning_time,47,0.09203195571899414,1778917761.1532538
unitree_go2_flat,Perf/learning_time,48,0.09113478660583496,1778917762.151475
unitree_go2_flat,Perf/learning_time,49,0.09135937690734863,1778917763.1488128
unitree_go2_flat,Perf/learning_time,50,0.0923914909362793,1778917764.158423
unitree_go2_flat,Perf/learning_time,51,0.0919950008392334,1778917765.1817787
unitree_go2_flat,Perf/learning_time,52,0.1079251766204834,1778917766.2119474
unitree_go2_flat,Perf/learning_time,53,0.1083376407623291,1778917767.232391
unitree_go2_flat,Perf/learning_time,54,0.09129643440246582,1778917768.2348936
unitree_go2_flat,Perf/learning_time,55,0.0917043685913086,1778917769.2718787
unitree_go2_flat,Perf/learning_time,56,0.09281134605407715,1778917770.2760606
unitree_go2_flat,Perf/learning_time,57,0.0928504467010498,1778917771.2842958
unitree_go2_flat,Perf/learning_time,58,0.0945899486541748,1778917772.3635669
unitree_go2_flat,Perf/learning_time,59,0.0931999683380127,1778917773.3622208
unitree_go2_flat,Perf/learning_time,60,0.10626649856567383,1778917774.3802505
unitree_go2_flat,Perf/learning_time,61,0.09327483177185059,1778917775.3857243
unitree_go2_flat,Perf/learning_time,62,0.09210729598999023,1778917776.3913538
unitree_go2_flat,Perf/learning_time,63,0.09502124786376953,1778917777.397559
unitree_go2_flat,Perf/learning_time,64,0.09099197387695312,1778917778.401311
unitree_go2_flat,Perf/learning_time,65,0.09682178497314453,1778917779.4161708
unitree_go2_flat,Perf/learning_time,66,0.1044011116027832,1778917780.4468646
unitree_go2_flat,Perf/learning_time,67,0.0919504165649414,1778917781.4497764
unitree_go2_flat,Perf/learning_time,68,0.09979557991027832,1778917782.4634082
unitree_go2_flat,Perf/learning_time,69,0.10241818428039551,1778917783.569851
unitree_go2_flat,Perf/learning_time,70,0.09405922889709473,1778917784.5729587
unitree_go2_flat,Perf/learning_time,71,0.09245181083679199,1778917785.5717053
unitree_go2_flat,Perf/learning_time,72,0.09157276153564453,1778917786.5854323
unitree_go2_flat,Perf/learning_time,73,0.1035304069519043,1778917787.6008244
unitree_go2_flat,Perf/learning_time,74,0.10413861274719238,1778917788.6209545
unitree_go2_flat,Perf/learning_time,75,0.09642434120178223,1778917789.630354
unitree_go2_flat,Perf/learning_time,76,0.09269571304321289,1778917790.6441808
unitree_go2_flat,Perf/learning_time,77,0.09141683578491211,1778917791.6488078
unitree_go2_flat,Perf/learning_time,78,0.09192562103271484,1778917792.648426
unitree_go2_flat,Perf/learning_time,79,0.09109807014465332,1778917793.7878792
unitree_go2_flat,Perf/learning_time,80,0.0938727855682373,1778917794.7913346
unitree_go2_flat,Perf/learning_time,81,0.09213781356811523,1778917795.7894635
unitree_go2_flat,Perf/learning_time,82,0.09554696083068848,1778917796.8014052
unitree_go2_flat,Perf/learning_time,83,0.09856438636779785,1778917797.8126626
unitree_go2_flat,Perf/learning_time,84,0.09333658218383789,1778917798.8175392
unitree_go2_flat,Perf/learning_time,85,0.0922555923461914,1778917799.8164992
unitree_go2_flat,Perf/learning_time,86,0.0944359302520752,1778917800.8318841
unitree_go2_flat,Perf/learning_time,87,0.09173154830932617,1778917801.8514538
unitree_go2_flat,Perf/learning_time,88,0.09164834022521973,1778917802.861099
unitree_go2_flat,Perf/learning_time,89,0.09029364585876465,1778917803.8642652
unitree_go2_flat,Perf/learning_time,90,0.09282636642456055,1778917805.011317
unitree_go2_flat,Perf/learning_time,91,0.09289073944091797,1778917806.013949
unitree_go2_flat,Perf/learning_time,92,0.09315967559814453,1778917807.0325642
unitree_go2_flat,Perf/learning_time,93,0.0912935733795166,1778917808.0431564
unitree_go2_flat,Perf/learning_time,94,0.09256672859191895,1778917809.063144
unitree_go2_flat,Perf/learning_time,95,0.09167838096618652,1778917810.062456
unitree_go2_flat,Perf/learning_time,96,0.0917971134185791,1778917811.0863035
unitree_go2_flat,Perf/learning_time,97,0.09123635292053223,1778917812.0956464
unitree_go2_flat,Perf/learning_time,98,0.09310173988342285,1778917813.0977883
unitree_go2_flat,Perf/learning_time,99,0.0915212631225586,1778917814.1122007
unitree_go2_flat,Perf/learning_time,100,0.10457324981689453,1778917815.1336393
unitree_go2_flat,Perf/learning_time,101,0.08982491493225098,1778917816.2539334
unitree_go2_flat,Perf/learning_time,102,0.09182620048522949,1778917817.2574914
unitree_go2_flat,Perf/learning_time,103,0.09141135215759277,1778917818.2677171
unitree_go2_flat,Perf/learning_time,104,0.09547972679138184,1778917819.2733257
unitree_go2_flat,Perf/learning_time,105,0.08985400199890137,1778917820.2744112
unitree_go2_flat,Perf/learning_time,106,0.09064602851867676,1778917821.2764602
unitree_go2_flat,Perf/learning_time,107,0.09169840812683105,1778917822.2831373
unitree_go2_flat,Perf/learning_time,108,0.09115934371948242,1778917823.300412
unitree_go2_flat,Perf/learning_time,109,0.09218788146972656,1778917824.3042533
unitree_go2_flat,Perf/learning_time,110,0.09167647361755371,1778917825.3054857
unitree_go2_flat,Perf/learning_time,111,0.09804534912109375,1778917826.318462
unitree_go2_flat,Perf/learning_time,112,0.09329414367675781,1778917827.3240187
unitree_go2_flat,Perf/learning_time,113,0.09117388725280762,1778917828.3304439
unitree_go2_flat,Perf/learning_time,114,0.09118294715881348,1778917829.3349726
unitree_go2_flat,Perf/learning_time,115,0.09086942672729492,1778917830.3389127
unitree_go2_flat,Perf/learning_time,116,0.09246063232421875,1778917831.34156
unitree_go2_flat,Perf/learning_time,117,0.09059929847717285,1778917832.349316
unitree_go2_flat,Perf/learning_time,118,0.09157156944274902,1778917833.3619673
unitree_go2_flat,Perf/learning_time,119,0.0909280776977539,1778917834.3713078
unitree_go2_flat,Perf/learning_time,120,0.09044837951660156,1778917835.3813124
unitree_go2_flat,Perf/learning_time,121,0.09860682487487793,1778917836.3893394
unitree_go2_flat,Perf/learning_time,122,0.09299707412719727,1778917837.5382638
unitree_go2_flat,Perf/learning_time,123,0.09102439880371094,1778917838.5453327
unitree_go2_flat,Perf/learning_time,124,0.09195065498352051,1778917839.5452807
unitree_go2_flat,Perf/learning_time,125,0.09130740165710449,1778917840.5413597
unitree_go2_flat,Perf/learning_time,126,0.09416007995605469,1778917841.5552025
unitree_go2_flat,Perf/learning_time,127,0.09244132041931152,1778917842.5604177
unitree_go2_flat,Perf/learning_time,128,0.09258222579956055,1778917843.568368
unitree_go2_flat,Perf/learning_time,129,0.09146523475646973,1778917844.574826
unitree_go2_flat,Perf/learning_time,130,0.09418654441833496,1778917845.5783646
unitree_go2_flat,Perf/learning_time,131,0.0915219783782959,1778917846.5749314
unitree_go2_flat,Perf/learning_time,132,0.09319686889648438,1778917847.5728135
unitree_go2_flat,Perf/learning_time,133,0.09873700141906738,1778917848.7098112
unitree_go2_flat,Perf/learning_time,134,0.09209084510803223,1778917849.720751
unitree_go2_flat,Perf/learning_time,135,0.09808015823364258,1778917850.7344303
unitree_go2_flat,Perf/learning_time,136,0.11203813552856445,1778917851.761797
unitree_go2_flat,Perf/learning_time,137,0.09195685386657715,1778917852.764542
unitree_go2_flat,Perf/learning_time,138,0.10532975196838379,1778917853.7944794
unitree_go2_flat,Perf/learning_time,139,0.10985946655273438,1778917854.8277364
unitree_go2_flat,Perf/learning_time,140,0.09296107292175293,1778917855.8296556
unitree_go2_flat,Perf/learning_time,141,0.09284520149230957,1778917856.8436644
unitree_go2_flat,Perf/learning_time,142,0.09580302238464355,1778917857.8429976
unitree_go2_flat,Perf/learning_time,143,0.09329414367675781,1778917858.8404162
unitree_go2_flat,Perf/learning_time,144,0.09360694885253906,1778917859.9631658
unitree_go2_flat,Perf/learning_time,145,0.0930631160736084,1778917860.9642696
unitree_go2_flat,Perf/learning_time,146,0.09760546684265137,1778917861.9671302
unitree_go2_flat,Perf/learning_time,147,0.09174585342407227,1778917862.9613547
unitree_go2_flat,Perf/learning_time,148,0.09113454818725586,1778917863.9514716
unitree_go2_flat,Perf/learning_time,149,0.09829854965209961,1778917864.9564908
unitree_go2_flat,Perf/learning_time,150,0.10428595542907715,1778917865.9762707
unitree_go2_flat,Perf/learning_time,151,0.10061168670654297,1778917867.0026135
unitree_go2_flat,Perf/learning_time,152,0.09623861312866211,1778917868.0171263
unitree_go2_flat,Perf/learning_time,153,0.09155821800231934,1778917869.014569
unitree_go2_flat,Perf/learning_time,154,0.0921471118927002,1778917870.1442401
unitree_go2_flat,Perf/learning_time,155,0.09116721153259277,1778917871.1440864
unitree_go2_flat,Perf/learning_time,156,0.1065530776977539,1778917872.1611924
unitree_go2_flat,Perf/learning_time,157,0.09096384048461914,1778917873.16721
unitree_go2_flat,Perf/learning_time,158,0.09699559211730957,1778917874.1683831
unitree_go2_flat,Perf/learning_time,159,0.09188723564147949,1778917875.17497
unitree_go2_flat,Perf/learning_time,160,0.09243965148925781,1778917876.1775663
unitree_go2_flat,Perf/learning_time,161,0.09701061248779297,1778917877.1834977
unitree_go2_flat,Perf/learning_time,162,0.0999765396118164,1778917878.1929603
unitree_go2_flat,Perf/learning_time,163,0.0910348892211914,1778917879.1973836
unitree_go2_flat,Perf/learning_time,164,0.09252166748046875,1778917880.1974695
unitree_go2_flat,Perf/learning_time,165,0.09197449684143066,1778917881.3149002
unitree_go2_flat,Perf/learning_time,166,0.0910942554473877,1778917882.311652
unitree_go2_flat,Perf/learning_time,167,0.09082651138305664,1778917883.314048
unitree_go2_flat,Perf/learning_time,168,0.09028029441833496,1778917884.3024683
unitree_go2_flat,Perf/learning_time,169,0.09182143211364746,1778917885.3064897
unitree_go2_flat,Perf/learning_time,170,0.09316730499267578,1778917886.3071527
unitree_go2_flat,Perf/learning_time,171,0.09127211570739746,1778917887.31526
unitree_go2_flat,Perf/learning_time,172,0.09089899063110352,1778917888.3144703
unitree_go2_flat,Perf/learning_time,173,0.09316825866699219,1778917889.320705
unitree_go2_flat,Perf/learning_time,174,0.0948023796081543,1778917890.3227115
unitree_go2_flat,Perf/learning_time,175,0.10109949111938477,1778917891.3388183
unitree_go2_flat,Perf/learning_time,176,0.09334564208984375,1778917892.4995217
unitree_go2_flat,Perf/learning_time,177,0.09379339218139648,1778917893.5096233
unitree_go2_flat,Perf/learning_time,178,0.09211468696594238,1778917894.5179188
unitree_go2_flat,Perf/learning_time,179,0.09216475486755371,1778917895.5143936
unitree_go2_flat,Perf/learning_time,180,0.09108972549438477,1778917896.511834
unitree_go2_flat,Perf/learning_time,181,0.09354305267333984,1778917897.519373
unitree_go2_flat,Perf/learning_time,182,0.11037683486938477,1778917898.559704
unitree_go2_flat,Perf/learning_time,183,0.09241938591003418,1778917899.5578318
unitree_go2_flat,Perf/learning_time,184,0.092132568359375,1778917900.5502212
unitree_go2_flat,Perf/learning_time,185,0.10386776924133301,1778917901.5602274
unitree_go2_flat,Perf/learning_time,186,0.09018731117248535,1778917902.6657426
unitree_go2_flat,Perf/learning_time,187,0.09835362434387207,1778917903.6753573
unitree_go2_flat,Perf/learning_time,188,0.09182596206665039,1778917904.6711767
unitree_go2_flat,Perf/learning_time,189,0.09203386306762695,1778917905.6739693
unitree_go2_flat,Perf/learning_time,190,0.09075474739074707,1778917906.6721907
unitree_go2_flat,Perf/learning_time,191,0.1001889705657959,1778917907.6870046
unitree_go2_flat,Perf/learning_time,192,0.09135794639587402,1778917908.6968837
unitree_go2_flat,Perf/learning_time,193,0.10883402824401855,1778917909.715457
unitree_go2_flat,Perf/learning_time,194,0.09763455390930176,1778917910.717764
unitree_go2_flat,Perf/learning_time,195,0.09224963188171387,1778917911.7142277
unitree_go2_flat,Perf/learning_time,196,0.09087610244750977,1778917912.711997
unitree_go2_flat,Perf/learning_time,197,0.09254002571105957,1778917913.8657267
unitree_go2_flat,Perf/learning_time,198,0.09221029281616211,1778917914.8670905
unitree_go2_flat,Perf/learning_time,199,0.09113931655883789,1778917915.8709776
unitree_go2_flat,Perf/learning_time,200,0.09135699272155762,1778917916.8642397
unitree_go2_flat,Perf/learning_time,201,0.09147095680236816,1778917917.8712177
unitree_go2_flat,Perf/learning_time,202,0.09561491012573242,1778917918.8714826
unitree_go2_flat,Perf/learning_time,203,0.09331083297729492,1778917919.8790007
unitree_go2_flat,Perf/learning_time,204,0.0917809009552002,1778917920.8808787
unitree_go2_flat,Perf/learning_time,205,0.0921940803527832,1778917921.8910189
unitree_go2_flat,Perf/learning_time,206,0.09249496459960938,1778917922.8988996
unitree_go2_flat,Perf/learning_time,207,0.09253978729248047,1778917923.9075656
unitree_go2_flat,Perf/learning_time,208,0.09198856353759766,1778917925.060764
unitree_go2_flat,Perf/learning_time,209,0.09373736381530762,1778917926.0572865
unitree_go2_flat,Perf/learning_time,210,0.0910186767578125,1778917927.0545473
unitree_go2_flat,Perf/learning_time,211,0.10281872749328613,1778917928.0702863
unitree_go2_flat,Perf/learning_time,212,0.09274148941040039,1778917929.0782082
unitree_go2_flat,Perf/learning_time,213,0.09167265892028809,1778917930.0926533
unitree_go2_flat,Perf/learning_time,214,0.09265685081481934,1778917931.091534
unitree_go2_flat,Perf/learning_time,215,0.09120607376098633,1778917932.0924535
unitree_go2_flat,Perf/learning_time,216,0.09190201759338379,1778917933.0973923
unitree_go2_flat,Perf/learning_time,217,0.09291601181030273,1778917934.0972106
unitree_go2_flat,Perf/learning_time,218,0.09164261817932129,1778917935.10847
unitree_go2_flat,Perf/learning_time,219,0.09534692764282227,1778917936.222368
unitree_go2_flat,Perf/learning_time,220,0.08999419212341309,1778917937.218923
unitree_go2_flat,Perf/learning_time,221,0.09108781814575195,1778917938.2220945
unitree_go2_flat,Perf/learning_time,222,0.09149861335754395,1778917939.230378
unitree_go2_flat,Perf/learning_time,223,0.09612584114074707,1778917940.238442
unitree_go2_flat,Perf/learning_time,224,0.09296584129333496,1778917941.25321
unitree_go2_flat,Perf/learning_time,225,0.09640169143676758,1778917942.2524743
unitree_go2_flat,Perf/learning_time,226,0.09179973602294922,1778917943.2490716
unitree_go2_flat,Perf/learning_time,227,0.09241890907287598,1778917944.239626
unitree_go2_flat,Perf/learning_time,228,0.09055256843566895,1778917945.2382247
unitree_go2_flat,Perf/learning_time,229,0.09218811988830566,1778917946.3582156
unitree_go2_flat,Perf/learning_time,230,0.08895993232727051,1778917947.3518465
unitree_go2_flat,Perf/learning_time,231,0.09015083312988281,1778917948.3466525
unitree_go2_flat,Perf/learning_time,232,0.0898885726928711,1778917949.348495
unitree_go2_flat,Perf/learning_time,233,0.09235072135925293,1778917950.346934
unitree_go2_flat,Perf/learning_time,234,0.09253525733947754,1778917951.345717
unitree_go2_flat,Perf/learning_time,235,0.09157443046569824,1778917952.348061
unitree_go2_flat,Perf/learning_time,236,0.09061431884765625,1778917953.3518558
unitree_go2_flat,Perf/learning_time,237,0.0923304557800293,1778917954.3436425
unitree_go2_flat,Perf/learning_time,238,0.09083843231201172,1778917955.343521
unitree_go2_flat,Perf/learning_time,239,0.09068870544433594,1778917956.3474004
unitree_go2_flat,Perf/learning_time,240,0.09223651885986328,1778917957.4943724
unitree_go2_flat,Perf/learning_time,241,0.0895695686340332,1778917958.4927406
unitree_go2_flat,Perf/learning_time,242,0.0902714729309082,1778917959.4987745
unitree_go2_flat,Perf/learning_time,243,0.08984518051147461,1778917960.4919493
unitree_go2_flat,Perf/learning_time,244,0.09148263931274414,1778917961.48882
unitree_go2_flat,Perf/learning_time,245,0.08917355537414551,1778917962.498645
unitree_go2_flat,Perf/learning_time,246,0.09077119827270508,1778917963.499154
unitree_go2_flat,Perf/learning_time,247,0.10399723052978516,1778917964.5071385
unitree_go2_flat,Perf/learning_time,248,0.08867049217224121,1778917965.5147865
unitree_go2_flat,Perf/learning_time,249,0.0996391773223877,1778917966.5158055
unitree_go2_flat,Perf/learning_time,250,0.08946418762207031,1778917967.514408
unitree_go2_flat,Perf/learning_time,251,0.0925905704498291,1778917968.593087
unitree_go2_flat,Perf/learning_time,252,0.10433506965637207,1778917969.6078837
unitree_go2_flat,Perf/learning_time,253,0.09274935722351074,1778917970.6157687
unitree_go2_flat,Perf/learning_time,254,0.09698629379272461,1778917971.6280727
unitree_go2_flat,Perf/learning_time,255,0.10304737091064453,1778917972.6540425
unitree_go2_flat,Perf/learning_time,256,0.09198832511901855,1778917973.6596165
unitree_go2_flat,Perf/learning_time,257,0.09062910079956055,1778917974.6547508
unitree_go2_flat,Perf/learning_time,258,0.09069037437438965,1778917975.6506608
unitree_go2_flat,Perf/learning_time,259,0.10273957252502441,1778917976.6677241
unitree_go2_flat,Perf/learning_time,260,0.0921621322631836,1778917977.6675327
unitree_go2_flat,Perf/learning_time,261,0.08979964256286621,1778917978.6811855
unitree_go2_flat,Perf/learning_time,262,0.09256887435913086,1778917979.7070582
unitree_go2_flat,Perf/learning_time,263,0.09366464614868164,1778917980.7230718
unitree_go2_flat,Perf/learning_time,264,0.08856868743896484,1778917981.7301776
unitree_go2_flat,Perf/learning_time,265,0.09202051162719727,1778917982.7373683
unitree_go2_flat,Perf/learning_time,266,0.09428954124450684,1778917983.7535996
unitree_go2_flat,Perf/learning_time,267,0.09056520462036133,1778917984.750517
unitree_go2_flat,Perf/learning_time,268,0.09228086471557617,1778917985.7512813
unitree_go2_flat,Perf/learning_time,269,0.09934711456298828,1778917986.7623215
unitree_go2_flat,Perf/learning_time,270,0.0912773609161377,1778917987.7673368
unitree_go2_flat,Perf/learning_time,271,0.09255695343017578,1778917988.76895
unitree_go2_flat,Perf/learning_time,272,0.0896451473236084,1778917989.846798
unitree_go2_flat,Perf/learning_time,273,0.09321451187133789,1778917990.8504133
unitree_go2_flat,Perf/learning_time,274,0.09116220474243164,1778917991.8614285
unitree_go2_flat,Perf/learning_time,275,0.09030318260192871,1778917992.8591814
unitree_go2_flat,Perf/learning_time,276,0.09290766716003418,1778917993.8674045
unitree_go2_flat,Perf/learning_time,277,0.10994577407836914,1778917994.9067967
unitree_go2_flat,Perf/learning_time,278,0.09114456176757812,1778917995.9040465
unitree_go2_flat,Perf/learning_time,279,0.09183955192565918,1778917996.904878
unitree_go2_flat,Perf/learning_time,280,0.09344363212585449,1778917997.9155257
unitree_go2_flat,Perf/learning_time,281,0.09111738204956055,1778917998.9116423
unitree_go2_flat,Perf/learning_time,282,0.09829306602478027,1778917999.926892
unitree_go2_flat,Perf/learning_time,283,0.09264159202575684,1778918001.0570388
unitree_go2_flat,Perf/learning_time,284,0.09228324890136719,1778918002.0684564
unitree_go2_flat,Perf/learning_time,285,0.09690332412719727,1778918003.07878
unitree_go2_flat,Perf/learning_time,286,0.0907437801361084,1778918004.0751243
unitree_go2_flat,Perf/learning_time,287,0.09789013862609863,1778918005.0934615
unitree_go2_flat,Perf/learning_time,288,0.09326744079589844,1778918006.097776
unitree_go2_flat,Perf/learning_time,289,0.09356260299682617,1778918007.1056037
unitree_go2_flat,Perf/learning_time,290,0.10340261459350586,1778918008.1205268
unitree_go2_flat,Perf/learning_time,291,0.09104442596435547,1778918009.1232085
unitree_go2_flat,Perf/learning_time,292,0.0928645133972168,1778918010.127449
unitree_go2_flat,Perf/learning_time,293,0.09189510345458984,1778918011.1420386
unitree_go2_flat,Perf/learning_time,294,0.10133552551269531,1778918012.3095613
unitree_go2_flat,Perf/learning_time,295,0.09276008605957031,1778918013.3187573
unitree_go2_flat,Perf/learning_time,296,0.09230494499206543,1778918014.3266356
unitree_go2_flat,Perf/learning_time,297,0.09175443649291992,1778918015.3368113
unitree_go2_flat,Perf/learning_time,298,0.08994245529174805,1778918016.3434675
unitree_go2_flat,Perf/learning_time,299,0.09096527099609375,1778918017.347066
unitree_go2_flat,Train/mean_reward,3,-0.9593098163604736,1778917716.210482
unitree_go2_flat,Train/mean_reward,4,-1.982389211654663,1778917717.229852
unitree_go2_flat,Train/mean_reward,5,-2.5534632205963135,1778917718.366193
unitree_go2_flat,Train/mean_reward,6,-2.5534632205963135,1778917719.3742714
unitree_go2_flat,Train/mean_reward,7,-2.5534632205963135,1778917720.3856869
unitree_go2_flat,Train/mean_reward,8,-2.5534632205963135,1778917721.3839777
unitree_go2_flat,Train/mean_reward,9,-3.423825263977051,1778917722.3901143
unitree_go2_flat,Train/mean_reward,10,-3.9736807346343994,1778917723.3941653
unitree_go2_flat,Train/mean_reward,11,-4.159695148468018,1778917724.3972034
unitree_go2_flat,Train/mean_reward,12,-4.159695148468018,1778917725.3980992
unitree_go2_flat,Train/mean_reward,13,-4.159695148468018,1778917726.4073596
unitree_go2_flat,Train/mean_reward,14,-4.159695148468018,1778917727.4084826
unitree_go2_flat,Train/mean_reward,15,-4.159695148468018,1778917728.5414078
unitree_go2_flat,Train/mean_reward,16,-4.849384784698486,1778917729.565651
unitree_go2_flat,Train/mean_reward,17,-4.849384784698486,1778917730.565646
unitree_go2_flat,Train/mean_reward,18,-4.694085597991943,1778917731.567681
unitree_go2_flat,Train/mean_reward,19,-5.336991310119629,1778917732.5784397
unitree_go2_flat,Train/mean_reward,20,-5.336991310119629,1778917733.584338
unitree_go2_flat,Train/mean_reward,21,-5.336991310119629,1778917734.5956924
unitree_go2_flat,Train/mean_reward,22,-5.336991310119629,1778917735.5917492
unitree_go2_flat,Train/mean_reward,23,-6.078612327575684,1778917736.5971732
unitree_go2_flat,Train/mean_reward,24,-6.078612327575684,1778917737.6018794
unitree_go2_flat,Train/mean_reward,25,-6.078612327575684,1778917738.6073012
unitree_go2_flat,Train/mean_reward,26,-6.078612327575684,1778917739.750334
unitree_go2_flat,Train/mean_reward,27,-6.139795780181885,1778917740.7606342
unitree_go2_flat,Train/mean_reward,28,-6.8675971031188965,1778917741.7799883
unitree_go2_flat,Train/mean_reward,29,-6.8675971031188965,1778917742.7875383
unitree_go2_flat,Train/mean_reward,30,-6.8675971031188965,1778917743.7958953
unitree_go2_flat,Train/mean_reward,31,-6.8675971031188965,1778917744.7943158
unitree_go2_flat,Train/mean_reward,32,-7.533823490142822,1778917745.8034537
unitree_go2_flat,Train/mean_reward,33,-7.533823490142822,1778917746.8048718
unitree_go2_flat,Train/mean_reward,34,-7.579222202301025,1778917747.8194206
unitree_go2_flat,Train/mean_reward,35,-7.299685955047607,1778917748.8312635
unitree_go2_flat,Train/mean_reward,36,-8.25393295288086,1778917749.8387415
unitree_go2_flat,Train/mean_reward,37,-8.25393295288086,1778917750.9750676
unitree_go2_flat,Train/mean_reward,38,-8.24574089050293,1778917751.9827173
unitree_go2_flat,Train/mean_reward,39,-8.24574089050293,1778917752.9907331
unitree_go2_flat,Train/mean_reward,40,-8.122361183166504,1778917754.0018528
unitree_go2_flat,Train/mean_reward,41,-8.122361183166504,1778917755.0044718
unitree_go2_flat,Train/mean_reward,42,-8.041984558105469,1778917756.0145428
unitree_go2_flat,Train/mean_reward,43,-8.041984558105469,1778917757.0203753
unitree_go2_flat,Train/mean_reward,44,-7.791168212890625,1778917758.0400515
unitree_go2_flat,Train/mean_reward,45,-9.004761695861816,1778917759.0574374
unitree_go2_flat,Train/mean_reward,46,-9.004761695861816,1778917760.0588145
unitree_go2_flat,Train/mean_reward,47,-9.571451187133789,1778917761.153383
unitree_go2_flat,Train/mean_reward,48,-9.571451187133789,1778917762.1516223
unitree_go2_flat,Train/mean_reward,49,-9.571451187133789,1778917763.148942
unitree_go2_flat,Train/mean_reward,50,-9.571451187133789,1778917764.158548
unitree_go2_flat,Train/mean_reward,51,-10.212898254394531,1778917765.1819062
unitree_go2_flat,Train/mean_reward,52,-10.514199256896973,1778917766.212079
unitree_go2_flat,Train/mean_reward,53,-10.740494728088379,1778917767.2325232
unitree_go2_flat,Train/mean_reward,54,-10.740494728088379,1778917768.2350266
unitree_go2_flat,Train/mean_reward,55,-10.847893714904785,1778917769.2720146
unitree_go2_flat,Train/mean_reward,56,-10.847893714904785,1778917770.2761917
unitree_go2_flat,Train/mean_reward,57,-11.31285285949707,1778917771.284427
unitree_go2_flat,Train/mean_reward,58,-11.101670265197754,1778917772.3637235
unitree_go2_flat,Train/mean_reward,59,-11.101670265197754,1778917773.3623614
unitree_go2_flat,Train/mean_reward,60,-11.101670265197754,1778917774.380415
unitree_go2_flat,Train/mean_reward,61,-11.3345365524292,1778917775.3858576
unitree_go2_flat,Train/mean_reward,62,-11.199901580810547,1778917776.3914876
unitree_go2_flat,Train/mean_reward,63,-11.199901580810547,1778917777.3977125
unitree_go2_flat,Train/mean_reward,64,-11.199901580810547,1778917778.4014444
unitree_go2_flat,Train/mean_reward,65,-11.199901580810547,1778917779.4163349
unitree_go2_flat,Train/mean_reward,66,-11.016998291015625,1778917780.4469981
unitree_go2_flat,Train/mean_reward,67,-11.016998291015625,1778917781.4499116
unitree_go2_flat,Train/mean_reward,68,-11.016998291015625,1778917782.4635437
unitree_go2_flat,Train/mean_reward,69,-11.016998291015625,1778917783.5699866
unitree_go2_flat,Train/mean_reward,70,-11.016998291015625,1778917784.5730932
unitree_go2_flat,Train/mean_reward,71,-11.016998291015625,1778917785.57184
unitree_go2_flat,Train/mean_reward,72,-11.072395324707031,1778917786.5855663
unitree_go2_flat,Train/mean_reward,73,-11.072395324707031,1778917787.6009612
unitree_go2_flat,Train/mean_reward,74,-11.072395324707031,1778917788.6211343
unitree_go2_flat,Train/mean_reward,75,-11.072395324707031,1778917789.6304867
unitree_go2_flat,Train/mean_reward,76,-11.357972145080566,1778917790.6443172
unitree_go2_flat,Train/mean_reward,77,-11.357972145080566,1778917791.6489456
unitree_go2_flat,Train/mean_reward,78,-11.357972145080566,1778917792.6485634
unitree_go2_flat,Train/mean_reward,79,-11.357972145080566,1778917793.7880163
unitree_go2_flat,Train/mean_reward,80,-11.357972145080566,1778917794.79147
unitree_go2_flat,Train/mean_reward,81,-11.357972145080566,1778917795.7896192
unitree_go2_flat,Train/mean_reward,82,-11.742977142333984,1778917796.8016045
unitree_go2_flat,Train/mean_reward,83,-11.742977142333984,1778917797.8128405
unitree_go2_flat,Train/mean_reward,84,-11.742977142333984,1778917798.8177054
unitree_go2_flat,Train/mean_reward,85,-11.742977142333984,1778917799.816678
unitree_go2_flat,Train/mean_reward,86,-12.033401489257812,1778917800.8320296
unitree_go2_flat,Train/mean_reward,87,-12.204954147338867,1778917801.8516347
unitree_go2_flat,Train/mean_reward,88,-12.421454429626465,1778917802.8612406
unitree_go2_flat,Train/mean_reward,89,-12.421454429626465,1778917803.864409
unitree_go2_flat,Train/mean_reward,90,-12.421454429626465,1778917805.011461
unitree_go2_flat,Train/mean_reward,91,-12.421454429626465,1778917806.0141273
unitree_go2_flat,Train/mean_reward,92,-12.683317184448242,1778917807.0327315
unitree_go2_flat,Train/mean_reward,93,-12.925278663635254,1778917808.0433035
unitree_go2_flat,Train/mean_reward,94,-13.077386856079102,1778917809.063293
unitree_go2_flat,Train/mean_reward,95,-13.077386856079102,1778917810.0626276
unitree_go2_flat,Train/mean_reward,96,-13.077386856079102,1778917811.086452
unitree_go2_flat,Train/mean_reward,97,-13.077386856079102,1778917812.0957935
unitree_go2_flat,Train/mean_reward,98,-13.077386856079102,1778917813.097936
unitree_go2_flat,Train/mean_reward,99,-13.24740219116211,1778917814.1123512
unitree_go2_flat,Train/mean_reward,100,-13.24740219116211,1778917815.1338332
unitree_go2_flat,Train/mean_reward,101,-13.24740219116211,1778917816.2540853
unitree_go2_flat,Train/mean_reward,102,-13.24740219116211,1778917817.2576637
unitree_go2_flat,Train/mean_reward,103,-13.434836387634277,1778917818.267868
unitree_go2_flat,Train/mean_reward,104,-13.434836387634277,1778917819.2734756
unitree_go2_flat,Train/mean_reward,105,-13.434836387634277,1778917820.274562
unitree_go2_flat,Train/mean_reward,106,-13.434836387634277,1778917821.276629
unitree_go2_flat,Train/mean_reward,107,-13.645787239074707,1778917822.2832887
unitree_go2_flat,Train/mean_reward,108,-13.645787239074707,1778917823.3005624
unitree_go2_flat,Train/mean_reward,109,-13.645787239074707,1778917824.3044057
unitree_go2_flat,Train/mean_reward,110,-13.645787239074707,1778917825.3056588
unitree_go2_flat,Train/mean_reward,111,-13.645787239074707,1778917826.3186588
unitree_go2_flat,Train/mean_reward,112,-13.645787239074707,1778917827.3241696
unitree_go2_flat,Train/mean_reward,113,-13.645787239074707,1778917828.3306222
unitree_go2_flat,Train/mean_reward,114,-13.85494327545166,1778917829.335124
unitree_go2_flat,Train/mean_reward,115,-13.85494327545166,1778917830.3390622
unitree_go2_flat,Train/mean_reward,116,-13.85494327545166,1778917831.3417826
unitree_go2_flat,Train/mean_reward,117,-13.965116500854492,1778917832.3494654
unitree_go2_flat,Train/mean_reward,118,-13.965116500854492,1778917833.3621218
unitree_go2_flat,Train/mean_reward,119,-13.965116500854492,1778917834.371459
unitree_go2_flat,Train/mean_reward,120,-13.965116500854492,1778917835.3814654
unitree_go2_flat,Train/mean_reward,121,-13.965116500854492,1778917836.3894951
unitree_go2_flat,Train/mean_reward,122,-13.965116500854492,1778917837.5384161
unitree_go2_flat,Train/mean_reward,123,-14.133734703063965,1778917838.545486
unitree_go2_flat,Train/mean_reward,124,-14.133734703063965,1778917839.5454338
unitree_go2_flat,Train/mean_reward,125,-14.133734703063965,1778917840.541512
unitree_go2_flat,Train/mean_reward,126,-14.133734703063965,1778917841.555354
unitree_go2_flat,Train/mean_reward,127,-14.197885513305664,1778917842.5605912
unitree_go2_flat,Train/mean_reward,128,-14.338764190673828,1778917843.5685222
unitree_go2_flat,Train/mean_reward,129,-14.338764190673828,1778917844.5749815
unitree_go2_flat,Train/mean_reward,130,-14.485164642333984,1778917845.5785239
unitree_go2_flat,Train/mean_reward,131,-14.485164642333984,1778917846.5750866
unitree_go2_flat,Train/mean_reward,132,-14.485164642333984,1778917847.5729733
unitree_go2_flat,Train/mean_reward,133,-14.485164642333984,1778917848.7099695
unitree_go2_flat,Train/mean_reward,134,-14.4181547164917,1778917849.7209094
unitree_go2_flat,Train/mean_reward,135,-14.553313255310059,1778917850.734611
unitree_go2_flat,Train/mean_reward,136,-14.68843936920166,1778917851.7620027
unitree_go2_flat,Train/mean_reward,137,-14.68843936920166,1778917852.7647192
unitree_go2_flat,Train/mean_reward,138,-14.605780601501465,1778917853.7946658
unitree_go2_flat,Train/mean_reward,139,-14.459677696228027,1778917854.8279006
unitree_go2_flat,Train/mean_reward,140,-14.459677696228027,1778917855.829818
unitree_go2_flat,Train/mean_reward,141,-14.63664722442627,1778917856.8438256
unitree_go2_flat,Train/mean_reward,142,-14.63664722442627,1778917857.8431892
unitree_go2_flat,Train/mean_reward,143,-14.63664722442627,1778917858.8406005
unitree_go2_flat,Train/mean_reward,144,-14.75200366973877,1778917859.9633303
unitree_go2_flat,Train/mean_reward,145,-14.75200366973877,1778917860.9644303
unitree_go2_flat,Train/mean_reward,146,-14.75200366973877,1778917861.9672947
unitree_go2_flat,Train/mean_reward,147,-14.75200366973877,1778917862.9615154
unitree_go2_flat,Train/mean_reward,148,-14.75200366973877,1778917863.9516578
unitree_go2_flat,Train/mean_reward,149,-14.834641456604004,1778917864.9566753
unitree_go2_flat,Train/mean_reward,150,-14.834641456604004,1778917865.976437
unitree_go2_flat,Train/mean_reward,151,-14.834641456604004,1778917867.0028226
unitree_go2_flat,Train/mean_reward,152,-14.740571975708008,1778917868.0172927
unitree_go2_flat,Train/mean_reward,153,-14.740571975708008,1778917869.0147598
unitree_go2_flat,Train/mean_reward,154,-14.740571975708008,1778917870.1444044
unitree_go2_flat,Train/mean_reward,155,-14.701478958129883,1778917871.1442523
unitree_go2_flat,Train/mean_reward,156,-14.701478958129883,1778917872.1613567
unitree_go2_flat,Train/mean_reward,157,-14.701478958129883,1778917873.1673737
unitree_go2_flat,Train/mean_reward,158,-14.701478958129883,1778917874.1685474
unitree_go2_flat,Train/mean_reward,159,-14.762125968933105,1778917875.1751351
unitree_go2_flat,Train/mean_reward,160,-14.762125968933105,1778917876.1777632
unitree_go2_flat,Train/mean_reward,161,-14.762125968933105,1778917877.1836848
unitree_go2_flat,Train/mean_reward,162,-14.762125968933105,1778917878.193126
unitree_go2_flat,Train/mean_reward,163,-14.762125968933105,1778917879.1975486
unitree_go2_flat,Train/mean_reward,164,-14.762125968933105,1778917880.1976585
unitree_go2_flat,Train/mean_reward,165,-14.78713321685791,1778917881.315069
unitree_go2_flat,Train/mean_reward,166,-14.78713321685791,1778917882.311818
unitree_go2_flat,Train/mean_reward,167,-14.78713321685791,1778917883.314213
unitree_go2_flat,Train/mean_reward,168,-14.78713321685791,1778917884.3026571
unitree_go2_flat,Train/mean_reward,169,-14.788578033447266,1778917885.306679
unitree_go2_flat,Train/mean_reward,170,-14.674345016479492,1778917886.307321
unitree_go2_flat,Train/mean_reward,171,-14.674345016479492,1778917887.3154285
unitree_go2_flat,Train/mean_reward,172,-14.658047676086426,1778917888.31466
unitree_go2_flat,Train/mean_reward,173,-14.658047676086426,1778917889.320876
unitree_go2_flat,Train/mean_reward,174,-14.658047676086426,1778917890.322921
unitree_go2_flat,Train/mean_reward,175,-14.658047676086426,1778917891.3390265
unitree_go2_flat,Train/mean_reward,176,-14.752067565917969,1778917892.4997127
unitree_go2_flat,Train/mean_reward,177,-14.71512508392334,1778917893.5097942
unitree_go2_flat,Train/mean_reward,178,-14.689790725708008,1778917894.5181377
unitree_go2_flat,Train/mean_reward,179,-14.689790725708008,1778917895.5145664
unitree_go2_flat,Train/mean_reward,180,-14.748248100280762,1778917896.5120046
unitree_go2_flat,Train/mean_reward,181,-14.734527587890625,1778917897.519551
unitree_go2_flat,Train/mean_reward,182,-14.771124839782715,1778917898.559881
unitree_go2_flat,Train/mean_reward,183,-14.771124839782715,1778917899.5580046
unitree_go2_flat,Train/mean_reward,184,-14.771124839782715,1778917900.5504053
unitree_go2_flat,Train/mean_reward,185,-14.771124839782715,1778917901.5604503
unitree_go2_flat,Train/mean_reward,186,-14.722707748413086,1778917902.6659195
unitree_go2_flat,Train/mean_reward,187,-14.722707748413086,1778917903.6755319
unitree_go2_flat,Train/mean_reward,188,-14.722707748413086,1778917904.6713507
unitree_go2_flat,Train/mean_reward,189,-14.722707748413086,1778917905.6741447
unitree_go2_flat,Train/mean_reward,190,-14.722707748413086,1778917906.6723683
unitree_go2_flat,Train/mean_reward,191,-14.776121139526367,1778917907.6872313
unitree_go2_flat,Train/mean_reward,192,-14.776121139526367,1778917908.697064
unitree_go2_flat,Train/mean_reward,193,-14.842251777648926,1778917909.7156603
unitree_go2_flat,Train/mean_reward,194,-14.842251777648926,1778917910.7179403
unitree_go2_flat,Train/mean_reward,195,-14.842251777648926,1778917911.7144175
unitree_go2_flat,Train/mean_reward,196,-14.842251777648926,1778917912.712176
unitree_go2_flat,Train/mean_reward,197,-14.797534942626953,1778917913.8659046
unitree_go2_flat,Train/mean_reward,198,-14.797534942626953,1778917914.8672676
unitree_go2_flat,Train/mean_reward,199,-14.797534942626953,1778917915.8711529
unitree_go2_flat,Train/mean_reward,200,-14.797534942626953,1778917916.86442
unitree_go2_flat,Train/mean_reward,201,-14.853346824645996,1778917917.8713953
unitree_go2_flat,Train/mean_reward,202,-14.853346824645996,1778917918.8716862
unitree_go2_flat,Train/mean_reward,203,-14.853346824645996,1778917919.87918
unitree_go2_flat,Train/mean_reward,204,-14.853346824645996,1778917920.8810568
unitree_go2_flat,Train/mean_reward,205,-14.853346824645996,1778917921.8911977
unitree_go2_flat,Train/mean_reward,206,-14.853346824645996,1778917922.89908
unitree_go2_flat,Train/mean_reward,207,-14.875449180603027,1778917923.9077778
unitree_go2_flat,Train/mean_reward,208,-14.875449180603027,1778917925.0609446
unitree_go2_flat,Train/mean_reward,209,-14.875449180603027,1778917926.0574715
unitree_go2_flat,Train/mean_reward,210,-14.875449180603027,1778917927.054749
unitree_go2_flat,Train/mean_reward,211,-14.940435409545898,1778917928.0704718
unitree_go2_flat,Train/mean_reward,212,-15.001191139221191,1778917929.0784016
unitree_go2_flat,Train/mean_reward,213,-15.062273979187012,1778917930.0928392
unitree_go2_flat,Train/mean_reward,214,-15.062273979187012,1778917931.09174
unitree_go2_flat,Train/mean_reward,215,-15.062273979187012,1778917932.0926661
unitree_go2_flat,Train/mean_reward,216,-15.062273979187012,1778917933.0975938
unitree_go2_flat,Train/mean_reward,217,-15.062273979187012,1778917934.0973942
unitree_go2_flat,Train/mean_reward,218,-15.021214485168457,1778917935.108688
unitree_go2_flat,Train/mean_reward,219,-15.322461128234863,1778917936.2225533
unitree_go2_flat,Train/mean_reward,220,-15.322461128234863,1778917937.2191072
unitree_go2_flat,Train/mean_reward,221,-15.322461128234863,1778917938.2222903
unitree_go2_flat,Train/mean_reward,222,-15.484139442443848,1778917939.2305613
unitree_go2_flat,Train/mean_reward,223,-15.540431022644043,1778917940.2387097
unitree_go2_flat,Train/mean_reward,224,-15.5685453414917,1778917941.25339
unitree_go2_flat,Train/mean_reward,225,-15.5685453414917,1778917942.2526867
unitree_go2_flat,Train/mean_reward,226,-15.5685453414917,1778917943.24925
unitree_go2_flat,Train/mean_reward,227,-15.5685453414917,1778917944.2398274
unitree_go2_flat,Train/mean_reward,228,-15.630537033081055,1778917945.2384176
unitree_go2_flat,Train/mean_reward,229,-15.630537033081055,1778917946.3584106
unitree_go2_flat,Train/mean_reward,230,-15.630537033081055,1778917947.3520286
unitree_go2_flat,Train/mean_reward,231,-15.630537033081055,1778917948.3468344
unitree_go2_flat,Train/mean_reward,232,-15.710058212280273,1778917949.3487008
unitree_go2_flat,Train/mean_reward,233,-15.710058212280273,1778917950.347114
unitree_go2_flat,Train/mean_reward,234,-15.710058212280273,1778917951.3459
unitree_go2_flat,Train/mean_reward,235,-15.754380226135254,1778917952.3482406
unitree_go2_flat,Train/mean_reward,236,-15.754380226135254,1778917953.3520813
unitree_go2_flat,Train/mean_reward,237,-15.754380226135254,1778917954.343825
unitree_go2_flat,Train/mean_reward,238,-15.754380226135254,1778917955.343721
unitree_go2_flat,Train/mean_reward,239,-15.847954750061035,1778917956.3476021
unitree_go2_flat,Train/mean_reward,240,-15.847954750061035,1778917957.4945545
unitree_go2_flat,Train/mean_reward,241,-15.847954750061035,1778917958.4929159
unitree_go2_flat,Train/mean_reward,242,-15.90360164642334,1778917959.4989522
unitree_go2_flat,Train/mean_reward,243,-15.90360164642334,1778917960.4921286
unitree_go2_flat,Train/mean_reward,244,-15.90360164642334,1778917961.489002
unitree_go2_flat,Train/mean_reward,245,-15.90360164642334,1778917962.4988246
unitree_go2_flat,Train/mean_reward,246,-15.90360164642334,1778917963.4993398
unitree_go2_flat,Train/mean_reward,247,-15.90360164642334,1778917964.5073185
unitree_go2_flat,Train/mean_reward,248,-16.046985626220703,1778917965.5149682
unitree_go2_flat,Train/mean_reward,249,-16.046985626220703,1778917966.5159857
unitree_go2_flat,Train/mean_reward,250,-16.046985626220703,1778917967.514615
unitree_go2_flat,Train/mean_reward,251,-16.046985626220703,1778917968.5932665
unitree_go2_flat,Train/mean_reward,252,-16.02996063232422,1778917969.6080644
unitree_go2_flat,Train/mean_reward,253,-15.956554412841797,1778917970.615996
unitree_go2_flat,Train/mean_reward,254,-15.956554412841797,1778917971.6283183
unitree_go2_flat,Train/mean_reward,255,-15.961844444274902,1778917972.6542706
unitree_go2_flat,Train/mean_reward,256,-15.961844444274902,1778917973.6597989
unitree_go2_flat,Train/mean_reward,257,-15.961844444274902,1778917974.6549315
unitree_go2_flat,Train/mean_reward,258,-15.961844444274902,1778917975.6508396
unitree_go2_flat,Train/mean_reward,259,-15.97800064086914,1778917976.6679027
unitree_go2_flat,Train/mean_reward,260,-15.97800064086914,1778917977.6677344
unitree_go2_flat,Train/mean_reward,261,-16.170385360717773,1778917978.681365
unitree_go2_flat,Train/mean_reward,262,-15.939041137695312,1778917979.70724
unitree_go2_flat,Train/mean_reward,263,-16.0201473236084,1778917980.7232602
unitree_go2_flat,Train/mean_reward,264,-16.06216049194336,1778917981.7303722
unitree_go2_flat,Train/mean_reward,265,-16.06216049194336,1778917982.737675
unitree_go2_flat,Train/mean_reward,266,-16.111000061035156,1778917983.7537963
unitree_go2_flat,Train/mean_reward,267,-16.111000061035156,1778917984.7507224
unitree_go2_flat,Train/mean_reward,268,-16.111000061035156,1778917985.7514653
unitree_go2_flat,Train/mean_reward,269,-16.227157592773438,1778917986.7625484
unitree_go2_flat,Train/mean_reward,270,-16.227157592773438,1778917987.7675185
unitree_go2_flat,Train/mean_reward,271,-16.227157592773438,1778917988.7691348
unitree_go2_flat,Train/mean_reward,272,-16.227157592773438,1778917989.846981
unitree_go2_flat,Train/mean_reward,273,-16.227157592773438,1778917990.8506258
unitree_go2_flat,Train/mean_reward,274,-16.334524154663086,1778917991.8616378
unitree_go2_flat,Train/mean_reward,275,-16.334524154663086,1778917992.8593657
unitree_go2_flat,Train/mean_reward,276,-16.334524154663086,1778917993.8676138
unitree_go2_flat,Train/mean_reward,277,-16.39703941345215,1778917994.9070232
unitree_go2_flat,Train/mean_reward,278,-16.39703941345215,1778917995.9042351
unitree_go2_flat,Train/mean_reward,279,-16.39703941345215,1778917996.9050608
unitree_go2_flat,Train/mean_reward,280,-16.346837997436523,1778917997.9157338
unitree_go2_flat,Train/mean_reward,281,-16.346837997436523,1778917998.911853
unitree_go2_flat,Train/mean_reward,282,-16.346837997436523,1778917999.9270778
unitree_go2_flat,Train/mean_reward,283,-16.346837997436523,1778918001.0572205
unitree_go2_flat,Train/mean_reward,284,-16.130178451538086,1778918002.0686655
unitree_go2_flat,Train/mean_reward,285,-16.130178451538086,1778918003.0789604
unitree_go2_flat,Train/mean_reward,286,-16.130178451538086,1778918004.0753088
unitree_go2_flat,Train/mean_reward,287,-16.130178451538086,1778918005.0936847
unitree_go2_flat,Train/mean_reward,288,-16.130178451538086,1778918006.0979633
unitree_go2_flat,Train/mean_reward,289,-16.130178451538086,1778918007.105789
unitree_go2_flat,Train/mean_reward,290,-16.051836013793945,1778918008.1207483
unitree_go2_flat,Train/mean_reward,291,-16.051836013793945,1778918009.1233926
unitree_go2_flat,Train/mean_reward,292,-16.051836013793945,1778918010.1276598
unitree_go2_flat,Train/mean_reward,293,-16.051836013793945,1778918011.1422443
unitree_go2_flat,Train/mean_reward,294,-15.821287155151367,1778918012.3097656
unitree_go2_flat,Train/mean_reward,295,-15.821287155151367,1778918013.3189435
unitree_go2_flat,Train/mean_reward,296,-15.821287155151367,1778918014.3268204
unitree_go2_flat,Train/mean_reward,297,-15.866826057434082,1778918015.336995
unitree_go2_flat,Train/mean_reward,298,-15.866826057434082,1778918016.3436816
unitree_go2_flat,Train/mean_reward,299,-15.866826057434082,1778918017.3472488
unitree_go2_flat,Train/mean_episode_length,3,90.5,1778917716.2105334
unitree_go2_flat,Train/mean_episode_length,4,99.66666412353516,1778917717.2298956
unitree_go2_flat,Train/mean_episode_length,5,107.0,1778917718.366234
unitree_go2_flat,Train/mean_episode_length,6,107.0,1778917719.3743124
unitree_go2_flat,Train/mean_episode_length,7,107.0,1778917720.385726
unitree_go2_flat,Train/mean_episode_length,8,107.0,1778917721.3840423
unitree_go2_flat,Train/mean_episode_length,9,133.0,1778917722.3901553
unitree_go2_flat,Train/mean_episode_length,10,154.3333282470703,1778917723.3942075
unitree_go2_flat,Train/mean_episode_length,11,171.85714721679688,1778917724.3972487
unitree_go2_flat,Train/mean_episode_length,12,171.85714721679688,1778917725.3981407
unitree_go2_flat,Train/mean_episode_length,13,171.85714721679688,1778917726.4074008
unitree_go2_flat,Train/mean_episode_length,14,171.85714721679688,1778917727.4085257
unitree_go2_flat,Train/mean_episode_length,15,171.85714721679688,1778917728.5414503
unitree_go2_flat,Train/mean_episode_length,16,221.3333282470703,1778917729.5656986
unitree_go2_flat,Train/mean_episode_length,17,221.3333282470703,1778917730.565693
unitree_go2_flat,Train/mean_episode_length,18,244.6999969482422,1778917731.567728
unitree_go2_flat,Train/mean_episode_length,19,265.7272644042969,1778917732.5784845
unitree_go2_flat,Train/mean_episode_length,20,265.7272644042969,1778917733.5843825
unitree_go2_flat,Train/mean_episode_length,21,265.7272644042969,1778917734.5957394
unitree_go2_flat,Train/mean_episode_length,22,265.7272644042969,1778917735.591793
unitree_go2_flat,Train/mean_episode_length,23,291.0833435058594,1778917736.5972195
unitree_go2_flat,Train/mean_episode_length,24,291.0833435058594,1778917737.6019256
unitree_go2_flat,Train/mean_episode_length,25,291.0833435058594,1778917738.607347
unitree_go2_flat,Train/mean_episode_length,26,291.0833435058594,1778917739.75038
unitree_go2_flat,Train/mean_episode_length,27,319.0,1778917740.7606835
unitree_go2_flat,Train/mean_episode_length,28,336.5,1778917741.7800343
unitree_go2_flat,Train/mean_episode_length,29,336.5,1778917742.7876241
unitree_go2_flat,Train/mean_episode_length,30,336.5,1778917743.795947
unitree_go2_flat,Train/mean_episode_length,31,336.5,1778917744.7943656
unitree_go2_flat,Train/mean_episode_length,32,366.26666259765625,1778917745.8035018
unitree_go2_flat,Train/mean_episode_length,33,366.26666259765625,1778917746.804919
unitree_go2_flat,Train/mean_episode_length,34,394.6875,1778917747.8194747
unitree_go2_flat,Train/mean_episode_length,35,381.058837890625,1778917748.8313122
unitree_go2_flat,Train/mean_episode_length,36,408.0,1778917749.838791
unitree_go2_flat,Train/mean_episode_length,37,408.0,1778917750.9751172
unitree_go2_flat,Train/mean_episode_length,38,397.75,1778917751.9827712
unitree_go2_flat,Train/mean_episode_length,39,397.75,1778917752.9907856
unitree_go2_flat,Train/mean_episode_length,40,387.71429443359375,1778917754.0019078
unitree_go2_flat,Train/mean_episode_length,41,387.71429443359375,1778917755.0045228
unitree_go2_flat,Train/mean_episode_length,42,376.7272644042969,1778917756.0146227
unitree_go2_flat,Train/mean_episode_length,43,376.7272644042969,1778917757.020429
unitree_go2_flat,Train/mean_episode_length,44,354.125,1778917758.0401056
unitree_go2_flat,Train/mean_episode_length,45,403.80767822265625,1778917759.0574927
unitree_go2_flat,Train/mean_episode_length,46,403.80767822265625,1778917760.0588703
unitree_go2_flat,Train/mean_episode_length,47,425.8888854980469,1778917761.15344
unitree_go2_flat,Train/mean_episode_length,48,425.8888854980469,1778917762.1516812
unitree_go2_flat,Train/mean_episode_length,49,425.8888854980469,1778917763.149
unitree_go2_flat,Train/mean_episode_length,50,425.8888854980469,1778917764.1586425
unitree_go2_flat,Train/mean_episode_length,51,457.5862121582031,1778917765.1819649
unitree_go2_flat,Train/mean_episode_length,52,471.45159912109375,1778917766.212139
unitree_go2_flat,Train/mean_episode_length,53,487.96875,1778917767.2326028
unitree_go2_flat,Train/mean_episode_length,54,487.96875,1778917768.235088
unitree_go2_flat,Train/mean_episode_length,55,501.20587158203125,1778917769.2720754
unitree_go2_flat,Train/mean_episode_length,56,501.20587158203125,1778917770.2762527
unitree_go2_flat,Train/mean_episode_length,57,515.4571533203125,1778917771.284488
unitree_go2_flat,Train/mean_episode_length,58,498.729736328125,1778917772.3637865
unitree_go2_flat,Train/mean_episode_length,59,498.729736328125,1778917773.3624253
unitree_go2_flat,Train/mean_episode_length,60,498.729736328125,1778917774.380501
unitree_go2_flat,Train/mean_episode_length,61,511.9210510253906,1778917775.385922
unitree_go2_flat,Train/mean_episode_length,62,501.4615478515625,1778917776.3915513
unitree_go2_flat,Train/mean_episode_length,63,501.4615478515625,1778917777.3977783
unitree_go2_flat,Train/mean_episode_length,64,501.4615478515625,1778917778.4015095
unitree_go2_flat,Train/mean_episode_length,65,501.4615478515625,1778917779.416422
unitree_go2_flat,Train/mean_episode_length,66,490.8999938964844,1778917780.4470623
unitree_go2_flat,Train/mean_episode_length,67,490.8999938964844,1778917781.449976
unitree_go2_flat,Train/mean_episode_length,68,490.8999938964844,1778917782.46363
unitree_go2_flat,Train/mean_episode_length,69,490.8999938964844,1778917783.5700521
unitree_go2_flat,Train/mean_episode_length,70,490.8999938964844,1778917784.573157
unitree_go2_flat,Train/mean_episode_length,71,490.8999938964844,1778917785.5719054
unitree_go2_flat,Train/mean_episode_length,72,489.0975646972656,1778917786.5856583
unitree_go2_flat,Train/mean_episode_length,73,489.0975646972656,1778917787.6010256
unitree_go2_flat,Train/mean_episode_length,74,489.0975646972656,1778917788.6212313
unitree_go2_flat,Train/mean_episode_length,75,489.0975646972656,1778917789.6305532
unitree_go2_flat,Train/mean_episode_length,76,500.78570556640625,1778917790.6443853
unitree_go2_flat,Train/mean_episode_length,77,500.78570556640625,1778917791.6490157
unitree_go2_flat,Train/mean_episode_length,78,500.78570556640625,1778917792.6486557
unitree_go2_flat,Train/mean_episode_length,79,500.78570556640625,1778917793.7880824
unitree_go2_flat,Train/mean_episode_length,80,500.78570556640625,1778917794.7915359
unitree_go2_flat,Train/mean_episode_length,81,500.78570556640625,1778917795.789688
unitree_go2_flat,Train/mean_episode_length,82,512.3953247070312,1778917796.8017018
unitree_go2_flat,Train/mean_episode_length,83,512.3953247070312,1778917797.8129346
unitree_go2_flat,Train/mean_episode_length,84,512.3953247070312,1778917798.8177745
unitree_go2_flat,Train/mean_episode_length,85,512.3953247070312,1778917799.8167477
unitree_go2_flat,Train/mean_episode_length,86,523.477294921875,1778917800.832098
unitree_go2_flat,Train/mean_episode_length,87,544.1956787109375,1778917801.851708
unitree_go2_flat,Train/mean_episode_length,88,553.8936157226562,1778917802.8613105
unitree_go2_flat,Train/mean_episode_length,89,553.8936157226562,1778917803.8644795
unitree_go2_flat,Train/mean_episode_length,90,553.8936157226562,1778917805.011529
unitree_go2_flat,Train/mean_episode_length,91,553.8936157226562,1778917806.0141988
unitree_go2_flat,Train/mean_episode_length,92,563.1875,1778917807.032804
unitree_go2_flat,Train/mean_episode_length,93,572.10205078125,1778917808.043376
unitree_go2_flat,Train/mean_episode_length,94,596.7884521484375,1778917809.0633655
unitree_go2_flat,Train/mean_episode_length,95,596.7884521484375,1778917810.0627031
unitree_go2_flat,Train/mean_episode_length,96,596.7884521484375,1778917811.0865233
unitree_go2_flat,Train/mean_episode_length,97,596.7884521484375,1778917812.0958664
unitree_go2_flat,Train/mean_episode_length,98,596.7884521484375,1778917813.0980086
unitree_go2_flat,Train/mean_episode_length,99,611.7222290039062,1778917814.1124268
unitree_go2_flat,Train/mean_episode_length,100,611.7222290039062,1778917815.1339364
unitree_go2_flat,Train/mean_episode_length,101,611.7222290039062,1778917816.2541611
unitree_go2_flat,Train/mean_episode_length,102,611.7222290039062,1778917817.2577398
unitree_go2_flat,Train/mean_episode_length,103,618.7817993164062,1778917818.2679434
unitree_go2_flat,Train/mean_episode_length,104,618.7817993164062,1778917819.2735505
unitree_go2_flat,Train/mean_episode_length,105,618.7817993164062,1778917820.2746608
unitree_go2_flat,Train/mean_episode_length,106,618.7817993164062,1778917821.2767062
unitree_go2_flat,Train/mean_episode_length,107,625.5892944335938,1778917822.2833648
unitree_go2_flat,Train/mean_episode_length,108,625.5892944335938,1778917823.300662
unitree_go2_flat,Train/mean_episode_length,109,625.5892944335938,1778917824.3044841
unitree_go2_flat,Train/mean_episode_length,110,625.5892944335938,1778917825.3057349
unitree_go2_flat,Train/mean_episode_length,111,625.5892944335938,1778917826.3187366
unitree_go2_flat,Train/mean_episode_length,112,625.5892944335938,1778917827.3242462
unitree_go2_flat,Train/mean_episode_length,113,625.5892944335938,1778917828.330702
unitree_go2_flat,Train/mean_episode_length,114,632.1578979492188,1778917829.3352025
unitree_go2_flat,Train/mean_episode_length,115,632.1578979492188,1778917830.339138
unitree_go2_flat,Train/mean_episode_length,116,632.1578979492188,1778917831.3418913
unitree_go2_flat,Train/mean_episode_length,117,638.5,1778917832.349541
unitree_go2_flat,Train/mean_episode_length,118,638.5,1778917833.3621986
unitree_go2_flat,Train/mean_episode_length,119,638.5,1778917834.371538
unitree_go2_flat,Train/mean_episode_length,120,638.5,1778917835.3815408
unitree_go2_flat,Train/mean_episode_length,121,638.5,1778917836.3895895
unitree_go2_flat,Train/mean_episode_length,122,638.5,1778917837.5384934
unitree_go2_flat,Train/mean_episode_length,123,644.6271362304688,1778917838.545564
unitree_go2_flat,Train/mean_episode_length,124,644.6271362304688,1778917839.5455124
unitree_go2_flat,Train/mean_episode_length,125,644.6271362304688,1778917840.541615
unitree_go2_flat,Train/mean_episode_length,126,644.6271362304688,1778917841.5554316
unitree_go2_flat,Train/mean_episode_length,127,650.5499877929688,1778917842.5606751
unitree_go2_flat,Train/mean_episode_length,128,661.8225708007812,1778917843.568624
unitree_go2_flat,Train/mean_episode_length,129,661.8225708007812,1778917844.5750604
unitree_go2_flat,Train/mean_episode_length,130,667.1904907226562,1778917845.5786288
unitree_go2_flat,Train/mean_episode_length,131,667.1904907226562,1778917846.575168
unitree_go2_flat,Train/mean_episode_length,132,667.1904907226562,1778917847.5730543
unitree_go2_flat,Train/mean_episode_length,133,667.1904907226562,1778917848.7100487
unitree_go2_flat,Train/mean_episode_length,134,677.4307861328125,1778917849.7209902
unitree_go2_flat,Train/mean_episode_length,135,682.3181762695312,1778917850.7346947
unitree_go2_flat,Train/mean_episode_length,136,691.6617431640625,1778917851.7621188
unitree_go2_flat,Train/mean_episode_length,137,691.6617431640625,1778917852.7648036
unitree_go2_flat,Train/mean_episode_length,138,685.1884155273438,1778917853.7947514
unitree_go2_flat,Train/mean_episode_length,139,677.2142944335938,1778917854.8279862
unitree_go2_flat,Train/mean_episode_length,140,677.2142944335938,1778917855.8299048
unitree_go2_flat,Train/mean_episode_length,141,686.1805419921875,1778917856.843912
unitree_go2_flat,Train/mean_episode_length,142,686.1805419921875,1778917857.843277
unitree_go2_flat,Train/mean_episode_length,143,686.1805419921875,1778917858.8406904
unitree_go2_flat,Train/mean_episode_length,144,690.4794311523438,1778917859.9634173
unitree_go2_flat,Train/mean_episode_length,145,690.4794311523438,1778917860.9645166
unitree_go2_flat,Train/mean_episode_length,146,690.4794311523438,1778917861.9673798
unitree_go2_flat,Train/mean_episode_length,147,690.4794311523438,1778917862.9616396
unitree_go2_flat,Train/mean_episode_length,148,690.4794311523438,1778917863.9517455
unitree_go2_flat,Train/mean_episode_length,149,694.6621704101562,1778917864.9567642
unitree_go2_flat,Train/mean_episode_length,150,694.6621704101562,1778917865.9765255
unitree_go2_flat,Train/mean_episode_length,151,694.6621704101562,1778917867.0029438
unitree_go2_flat,Train/mean_episode_length,152,688.7733154296875,1778917868.01738
unitree_go2_flat,Train/mean_episode_length,153,688.7733154296875,1778917869.0148475
unitree_go2_flat,Train/mean_episode_length,154,688.7733154296875,1778917870.1444924
unitree_go2_flat,Train/mean_episode_length,155,692.868408203125,1778917871.1443436
unitree_go2_flat,Train/mean_episode_length,156,692.868408203125,1778917872.161444
unitree_go2_flat,Train/mean_episode_length,157,692.868408203125,1778917873.167462
unitree_go2_flat,Train/mean_episode_length,158,692.868408203125,1778917874.1686628
unitree_go2_flat,Train/mean_episode_length,159,696.8571166992188,1778917875.175226
unitree_go2_flat,Train/mean_episode_length,160,696.8571166992188,1778917876.1778548
unitree_go2_flat,Train/mean_episode_length,161,696.8571166992188,1778917877.1837745
unitree_go2_flat,Train/mean_episode_length,162,696.8571166992188,1778917878.1932135
unitree_go2_flat,Train/mean_episode_length,163,696.8571166992188,1778917879.197662
unitree_go2_flat,Train/mean_episode_length,164,696.8571166992188,1778917880.1977506
unitree_go2_flat,Train/mean_episode_length,165,700.7435913085938,1778917881.3151577
unitree_go2_flat,Train/mean_episode_length,166,700.7435913085938,1778917882.3119063
unitree_go2_flat,Train/mean_episode_length,167,700.7435913085938,1778917883.3143127
unitree_go2_flat,Train/mean_episode_length,168,700.7435913085938,1778917884.3027475
unitree_go2_flat,Train/mean_episode_length,169,704.5316162109375,1778917885.3067703
unitree_go2_flat,Train/mean_episode_length,170,708.2249755859375,1778917886.307412
unitree_go2_flat,Train/mean_episode_length,171,708.2249755859375,1778917887.3155367
unitree_go2_flat,Train/mean_episode_length,172,711.8271484375,1778917888.3147533
unitree_go2_flat,Train/mean_episode_length,173,711.8271484375,1778917889.3209698
unitree_go2_flat,Train/mean_episode_length,174,711.8271484375,1778917890.3230433
unitree_go2_flat,Train/mean_episode_length,175,711.8271484375,1778917891.3391397
unitree_go2_flat,Train/mean_episode_length,176,715.3414916992188,1778917892.499805
unitree_go2_flat,Train/mean_episode_length,177,722.1190185546875,1778917893.5098877
unitree_go2_flat,Train/mean_episode_length,178,725.3882446289062,1778917894.5182645
unitree_go2_flat,Train/mean_episode_length,179,725.3882446289062,1778917895.5146856
unitree_go2_flat,Train/mean_episode_length,180,728.5814208984375,1778917896.5120986
unitree_go2_flat,Train/mean_episode_length,181,731.701171875,1778917897.5196815
unitree_go2_flat,Train/mean_episode_length,182,734.75,1778917898.559976
unitree_go2_flat,Train/mean_episode_length,183,734.75,1778917899.5581005
unitree_go2_flat,Train/mean_episode_length,184,734.75,1778917900.550503
unitree_go2_flat,Train/mean_episode_length,185,734.75,1778917901.5606008
unitree_go2_flat,Train/mean_episode_length,186,737.7303466796875,1778917902.6660202
unitree_go2_flat,Train/mean_episode_length,187,737.7303466796875,1778917903.6756551
unitree_go2_flat,Train/mean_episode_length,188,737.7303466796875,1778917904.6714463
unitree_go2_flat,Train/mean_episode_length,189,737.7303466796875,1778917905.6742418
unitree_go2_flat,Train/mean_episode_length,190,737.7303466796875,1778917906.6724668
unitree_go2_flat,Train/mean_episode_length,191,740.6444702148438,1778917907.687371
unitree_go2_flat,Train/mean_episode_length,192,740.6444702148438,1778917908.6971636
unitree_go2_flat,Train/mean_episode_length,193,743.4945068359375,1778917909.7157626
unitree_go2_flat,Train/mean_episode_length,194,743.4945068359375,1778917910.718037
unitree_go2_flat,Train/mean_episode_length,195,743.4945068359375,1778917911.7145188
unitree_go2_flat,Train/mean_episode_length,196,743.4945068359375,1778917912.7122734
unitree_go2_flat,Train/mean_episode_length,197,746.2825927734375,1778917913.8660033
unitree_go2_flat,Train/mean_episode_length,198,746.2825927734375,1778917914.867365
unitree_go2_flat,Train/mean_episode_length,199,746.2825927734375,1778917915.8712823
unitree_go2_flat,Train/mean_episode_length,200,746.2825927734375,1778917916.8645205
unitree_go2_flat,Train/mean_episode_length,201,749.0107421875,1778917917.8714957
unitree_go2_flat,Train/mean_episode_length,202,749.0107421875,1778917918.8717856
unitree_go2_flat,Train/mean_episode_length,203,749.0107421875,1778917919.8792799
unitree_go2_flat,Train/mean_episode_length,204,749.0107421875,1778917920.8811557
unitree_go2_flat,Train/mean_episode_length,205,749.0107421875,1778917921.8912961
unitree_go2_flat,Train/mean_episode_length,206,749.0107421875,1778917922.8991826
unitree_go2_flat,Train/mean_episode_length,207,751.6808471679688,1778917923.907882
unitree_go2_flat,Train/mean_episode_length,208,751.6808471679688,1778917925.0610454
unitree_go2_flat,Train/mean_episode_length,209,751.6808471679688,1778917926.0575933
unitree_go2_flat,Train/mean_episode_length,210,751.6808471679688,1778917927.0548484
unitree_go2_flat,Train/mean_episode_length,211,754.2947387695312,1778917928.0705914
unitree_go2_flat,Train/mean_episode_length,212,756.8541870117188,1778917929.0785027
unitree_go2_flat,Train/mean_episode_length,213,759.36083984375,1778917930.0929396
unitree_go2_flat,Train/mean_episode_length,214,759.36083984375,1778917931.0918436
unitree_go2_flat,Train/mean_episode_length,215,759.36083984375,1778917932.0927703
unitree_go2_flat,Train/mean_episode_length,216,759.36083984375,1778917933.0977018
unitree_go2_flat,Train/mean_episode_length,217,759.36083984375,1778917934.097498
unitree_go2_flat,Train/mean_episode_length,218,761.8163452148438,1778917935.1087952
unitree_go2_flat,Train/mean_episode_length,219,775.6799926757812,1778917936.222685
unitree_go2_flat,Train/mean_episode_length,220,775.6799926757812,1778917937.2192104
unitree_go2_flat,Train/mean_episode_length,221,775.6799926757812,1778917938.2223964
unitree_go2_flat,Train/mean_episode_length,222,784.77001953125,1778917939.2306921
unitree_go2_flat,Train/mean_episode_length,223,793.5900268554688,1778917940.2388618
unitree_go2_flat,Train/mean_episode_length,224,802.2999877929688,1778917941.2534978
unitree_go2_flat,Train/mean_episode_length,225,802.2999877929688,1778917942.252797
unitree_go2_flat,Train/mean_episode_length,226,802.2999877929688,1778917943.2493515
unitree_go2_flat,Train/mean_episode_length,227,802.2999877929688,1778917944.2399328
unitree_go2_flat,Train/mean_episode_length,228,809.9299926757812,1778917945.2385216
unitree_go2_flat,Train/mean_episode_length,229,809.9299926757812,1778917946.3585155
unitree_go2_flat,Train/mean_episode_length,230,809.9299926757812,1778917947.352133
unitree_go2_flat,Train/mean_episode_length,231,809.9299926757812,1778917948.3469422
unitree_go2_flat,Train/mean_episode_length,232,817.3200073242188,1778917949.3488061
unitree_go2_flat,Train/mean_episode_length,233,817.3200073242188,1778917950.347216
unitree_go2_flat,Train/mean_episode_length,234,817.3200073242188,1778917951.3460052
unitree_go2_flat,Train/mean_episode_length,235,824.5499877929688,1778917952.3483415
unitree_go2_flat,Train/mean_episode_length,236,824.5499877929688,1778917953.3522198
unitree_go2_flat,Train/mean_episode_length,237,824.5499877929688,1778917954.3439279
unitree_go2_flat,Train/mean_episode_length,238,824.5499877929688,1778917955.3438241
unitree_go2_flat,Train/mean_episode_length,239,830.6799926757812,1778917956.34771
unitree_go2_flat,Train/mean_episode_length,240,830.6799926757812,1778917957.4946845
unitree_go2_flat,Train/mean_episode_length,241,830.6799926757812,1778917958.4930184
unitree_go2_flat,Train/mean_episode_length,242,836.6599731445312,1778917959.499056
unitree_go2_flat,Train/mean_episode_length,243,836.6599731445312,1778917960.4922311
unitree_go2_flat,Train/mean_episode_length,244,836.6599731445312,1778917961.4891384
unitree_go2_flat,Train/mean_episode_length,245,836.6599731445312,1778917962.4989302
unitree_go2_flat,Train/mean_episode_length,246,836.6599731445312,1778917963.4994469
unitree_go2_flat,Train/mean_episode_length,247,836.6599731445312,1778917964.5074215
unitree_go2_flat,Train/mean_episode_length,248,842.1099853515625,1778917965.5150738
unitree_go2_flat,Train/mean_episode_length,249,842.1099853515625,1778917966.5160892
unitree_go2_flat,Train/mean_episode_length,250,842.1099853515625,1778917967.5147223
unitree_go2_flat,Train/mean_episode_length,251,842.1099853515625,1778917968.5933685
unitree_go2_flat,Train/mean_episode_length,252,847.3499755859375,1778917969.6081693
unitree_go2_flat,Train/mean_episode_length,253,851.6500244140625,1778917970.6161382
unitree_go2_flat,Train/mean_episode_length,254,851.6500244140625,1778917971.6284235
unitree_go2_flat,Train/mean_episode_length,255,858.2000122070312,1778917972.6544063
unitree_go2_flat,Train/mean_episode_length,256,858.2000122070312,1778917973.659904
unitree_go2_flat,Train/mean_episode_length,257,858.2000122070312,1778917974.6550374
unitree_go2_flat,Train/mean_episode_length,258,858.2000122070312,1778917975.6509426
unitree_go2_flat,Train/mean_episode_length,259,860.3699951171875,1778917976.668006
unitree_go2_flat,Train/mean_episode_length,260,860.3699951171875,1778917977.66784
unitree_go2_flat,Train/mean_episode_length,261,870.530029296875,1778917978.6814673
unitree_go2_flat,Train/mean_episode_length,262,863.989990234375,1778917979.7073433
unitree_go2_flat,Train/mean_episode_length,263,868.8699951171875,1778917980.7233663
unitree_go2_flat,Train/mean_episode_length,264,877.8800048828125,1778917981.730478
unitree_go2_flat,Train/mean_episode_length,265,877.8800048828125,1778917982.7377796
unitree_go2_flat,Train/mean_episode_length,266,886.010009765625,1778917983.7539032
unitree_go2_flat,Train/mean_episode_length,267,886.010009765625,1778917984.750826
unitree_go2_flat,Train/mean_episode_length,268,886.010009765625,1778917985.7515688
unitree_go2_flat,Train/mean_episode_length,269,894.5499877929688,1778917986.7627084
unitree_go2_flat,Train/mean_episode_length,270,894.5499877929688,1778917987.7676435
unitree_go2_flat,Train/mean_episode_length,271,894.5499877929688,1778917988.7692385
unitree_go2_flat,Train/mean_episode_length,272,894.5499877929688,1778917989.8470836
unitree_go2_flat,Train/mean_episode_length,273,894.5499877929688,1778917990.8507326
unitree_go2_flat,Train/mean_episode_length,274,904.0,1778917991.861742
unitree_go2_flat,Train/mean_episode_length,275,904.0,1778917992.8594675
unitree_go2_flat,Train/mean_episode_length,276,904.0,1778917993.86772
unitree_go2_flat,Train/mean_episode_length,277,912.4400024414062,1778917994.9071558
unitree_go2_flat,Train/mean_episode_length,278,912.4400024414062,1778917995.9043412
unitree_go2_flat,Train/mean_episode_length,279,912.4400024414062,1778917996.9051652
unitree_go2_flat,Train/mean_episode_length,280,912.4400024414062,1778917997.9158394
unitree_go2_flat,Train/mean_episode_length,281,912.4400024414062,1778917998.9119596
unitree_go2_flat,Train/mean_episode_length,282,912.4400024414062,1778917999.9271836
unitree_go2_flat,Train/mean_episode_length,283,912.4400024414062,1778918001.0573227
unitree_go2_flat,Train/mean_episode_length,284,912.4400024414062,1778918002.068769
unitree_go2_flat,Train/mean_episode_length,285,912.4400024414062,1778918003.0790613
unitree_go2_flat,Train/mean_episode_length,286,912.4400024414062,1778918004.0754097
unitree_go2_flat,Train/mean_episode_length,287,912.4400024414062,1778918005.0937927
unitree_go2_flat,Train/mean_episode_length,288,912.4400024414062,1778918006.0999188
unitree_go2_flat,Train/mean_episode_length,289,912.4400024414062,1778918007.105891
unitree_go2_flat,Train/mean_episode_length,290,912.4400024414062,1778918008.1208534
unitree_go2_flat,Train/mean_episode_length,291,912.4400024414062,1778918009.1234963
unitree_go2_flat,Train/mean_episode_length,292,912.4400024414062,1778918010.1277642
unitree_go2_flat,Train/mean_episode_length,293,912.4400024414062,1778918011.142352
unitree_go2_flat,Train/mean_episode_length,294,914.72998046875,1778918012.3098698
unitree_go2_flat,Train/mean_episode_length,295,914.72998046875,1778918013.31905
unitree_go2_flat,Train/mean_episode_length,296,914.72998046875,1778918014.3269227
unitree_go2_flat,Train/mean_episode_length,297,914.72998046875,1778918015.3370976
unitree_go2_flat,Train/mean_episode_length,298,914.72998046875,1778918016.3437877
unitree_go2_flat,Train/mean_episode_length,299,914.72998046875,1778918017.3473527
unitree_go2_flat,Train/mean_reward/time,5,-0.9593098163604736,1778917716.2106044
unitree_go2_flat,Train/mean_reward/time,6,-1.982389211654663,1778917717.2299416
unitree_go2_flat,Train/mean_reward/time,7,-2.5534632205963135,1778917718.3662987
unitree_go2_flat,Train/mean_reward/time,8,-2.5534632205963135,1778917719.374363
unitree_go2_flat,Train/mean_reward/time,9,-2.5534632205963135,1778917720.3857753
unitree_go2_flat,Train/mean_reward/time,10,-2.5534632205963135,1778917721.3840954
unitree_go2_flat,Train/mean_reward/time,11,-3.423825263977051,1778917722.3902059
unitree_go2_flat,Train/mean_reward/time,12,-3.9736807346343994,1778917723.394272
unitree_go2_flat,Train/mean_reward/time,13,-4.159695148468018,1778917724.3973064
unitree_go2_flat,Train/mean_reward/time,14,-4.159695148468018,1778917725.3981974
unitree_go2_flat,Train/mean_reward/time,15,-4.159695148468018,1778917726.407457
unitree_go2_flat,Train/mean_reward/time,16,-4.159695148468018,1778917727.4086027
unitree_go2_flat,Train/mean_reward/time,17,-4.159695148468018,1778917728.541507
unitree_go2_flat,Train/mean_reward/time,18,-4.849384784698486,1778917729.5657642
unitree_go2_flat,Train/mean_reward/time,19,-4.849384784698486,1778917730.5657525
unitree_go2_flat,Train/mean_reward/time,20,-4.694085597991943,1778917731.5677917
unitree_go2_flat,Train/mean_reward/time,21,-5.336991310119629,1778917732.5785534
unitree_go2_flat,Train/mean_reward/time,22,-5.336991310119629,1778917733.584448
unitree_go2_flat,Train/mean_reward/time,23,-5.336991310119629,1778917734.5958097
unitree_go2_flat,Train/mean_reward/time,24,-5.336991310119629,1778917735.5918615
unitree_go2_flat,Train/mean_reward/time,25,-6.078612327575684,1778917736.5972893
unitree_go2_flat,Train/mean_reward/time,26,-6.078612327575684,1778917737.6019943
unitree_go2_flat,Train/mean_reward/time,27,-6.078612327575684,1778917738.6074145
unitree_go2_flat,Train/mean_reward/time,28,-6.078612327575684,1778917739.750455
unitree_go2_flat,Train/mean_reward/time,29,-6.139795780181885,1778917740.7607543
unitree_go2_flat,Train/mean_reward/time,30,-6.8675971031188965,1778917741.780106
unitree_go2_flat,Train/mean_reward/time,31,-6.8675971031188965,1778917742.7877042
unitree_go2_flat,Train/mean_reward/time,32,-6.8675971031188965,1778917743.7960217
unitree_go2_flat,Train/mean_reward/time,33,-6.8675971031188965,1778917744.7944374
unitree_go2_flat,Train/mean_reward/time,34,-7.533823490142822,1778917745.803597
unitree_go2_flat,Train/mean_reward/time,35,-7.533823490142822,1778917746.8049917
unitree_go2_flat,Train/mean_reward/time,36,-7.579222202301025,1778917747.8195512
unitree_go2_flat,Train/mean_reward/time,37,-7.299685955047607,1778917748.8313868
unitree_go2_flat,Train/mean_reward/time,38,-8.25393295288086,1778917749.8388693
unitree_go2_flat,Train/mean_reward/time,39,-8.25393295288086,1778917750.9751966
unitree_go2_flat,Train/mean_reward/time,40,-8.24574089050293,1778917751.9828532
unitree_go2_flat,Train/mean_reward/time,41,-8.24574089050293,1778917752.9908688
unitree_go2_flat,Train/mean_reward/time,42,-8.122361183166504,1778917754.0019896
unitree_go2_flat,Train/mean_reward/time,43,-8.122361183166504,1778917755.004648
unitree_go2_flat,Train/mean_reward/time,44,-8.041984558105469,1778917756.014708
unitree_go2_flat,Train/mean_reward/time,45,-8.041984558105469,1778917757.020511
unitree_go2_flat,Train/mean_reward/time,46,-7.791168212890625,1778917758.0401893
unitree_go2_flat,Train/mean_reward/time,47,-9.004761695861816,1778917759.0576062
unitree_go2_flat,Train/mean_reward/time,48,-9.004761695861816,1778917760.0589645
unitree_go2_flat,Train/mean_reward/time,49,-9.571451187133789,1778917761.1535301
unitree_go2_flat,Train/mean_reward/time,50,-9.571451187133789,1778917762.1517723
unitree_go2_flat,Train/mean_reward/time,51,-9.571451187133789,1778917763.149092
unitree_go2_flat,Train/mean_reward/time,52,-9.571451187133789,1778917764.1587372
unitree_go2_flat,Train/mean_reward/time,53,-10.212898254394531,1778917765.1820576
unitree_go2_flat,Train/mean_reward/time,54,-10.514199256896973,1778917766.212232
unitree_go2_flat,Train/mean_reward/time,55,-10.740494728088379,1778917767.2327003
unitree_go2_flat,Train/mean_reward/time,56,-10.740494728088379,1778917768.2351842
unitree_go2_flat,Train/mean_reward/time,58,-10.847893714904785,1778917769.2721708
unitree_go2_flat,Train/mean_reward/time,59,-10.847893714904785,1778917770.2763495
unitree_go2_flat,Train/mean_reward/time,60,-11.31285285949707,1778917771.2846076
unitree_go2_flat,Train/mean_reward/time,61,-11.101670265197754,1778917772.3638835
unitree_go2_flat,Train/mean_reward/time,62,-11.101670265197754,1778917773.3625252
unitree_go2_flat,Train/mean_reward/time,63,-11.101670265197754,1778917774.3806534
unitree_go2_flat,Train/mean_reward/time,64,-11.3345365524292,1778917775.3860214
unitree_go2_flat,Train/mean_reward/time,65,-11.199901580810547,1778917776.3916767
unitree_go2_flat,Train/mean_reward/time,66,-11.199901580810547,1778917777.3978767
unitree_go2_flat,Train/mean_reward/time,67,-11.199901580810547,1778917778.4016345
unitree_go2_flat,Train/mean_reward/time,68,-11.199901580810547,1778917779.4165542
unitree_go2_flat,Train/mean_reward/time,69,-11.016998291015625,1778917780.4471617
unitree_go2_flat,Train/mean_reward/time,70,-11.016998291015625,1778917781.450078
unitree_go2_flat,Train/mean_reward/time,71,-11.016998291015625,1778917782.463736
unitree_go2_flat,Train/mean_reward/time,72,-11.016998291015625,1778917783.5701513
unitree_go2_flat,Train/mean_reward/time,73,-11.016998291015625,1778917784.573258
unitree_go2_flat,Train/mean_reward/time,74,-11.016998291015625,1778917785.572006
unitree_go2_flat,Train/mean_reward/time,75,-11.072395324707031,1778917786.5857666
unitree_go2_flat,Train/mean_reward/time,76,-11.072395324707031,1778917787.6011255
unitree_go2_flat,Train/mean_reward/time,77,-11.072395324707031,1778917788.6213892
unitree_go2_flat,Train/mean_reward/time,78,-11.072395324707031,1778917789.6306813
unitree_go2_flat,Train/mean_reward/time,79,-11.357972145080566,1778917790.6444893
unitree_go2_flat,Train/mean_reward/time,80,-11.357972145080566,1778917791.6491199
unitree_go2_flat,Train/mean_reward/time,81,-11.357972145080566,1778917792.6487606
unitree_go2_flat,Train/mean_reward/time,82,-11.357972145080566,1778917793.7881856
unitree_go2_flat,Train/mean_reward/time,83,-11.357972145080566,1778917794.7916605
unitree_go2_flat,Train/mean_reward/time,84,-11.357972145080566,1778917795.7897887
unitree_go2_flat,Train/mean_reward/time,85,-11.742977142333984,1778917796.8018358
unitree_go2_flat,Train/mean_reward/time,86,-11.742977142333984,1778917797.813073
unitree_go2_flat,Train/mean_reward/time,87,-11.742977142333984,1778917798.8178806
unitree_go2_flat,Train/mean_reward/time,88,-11.742977142333984,1778917799.8168588
unitree_go2_flat,Train/mean_reward/time,89,-12.033401489257812,1778917800.8322072
unitree_go2_flat,Train/mean_reward/time,90,-12.204954147338867,1778917801.851817
unitree_go2_flat,Train/mean_reward/time,91,-12.421454429626465,1778917802.8614218
unitree_go2_flat,Train/mean_reward/time,92,-12.421454429626465,1778917803.864613
unitree_go2_flat,Train/mean_reward/time,93,-12.421454429626465,1778917805.0116618
unitree_go2_flat,Train/mean_reward/time,94,-12.421454429626465,1778917806.0143223
unitree_go2_flat,Train/mean_reward/time,95,-12.683317184448242,1778917807.0329187
unitree_go2_flat,Train/mean_reward/time,96,-12.925278663635254,1778917808.0434878
unitree_go2_flat,Train/mean_reward/time,97,-13.077386856079102,1778917809.063479
unitree_go2_flat,Train/mean_reward/time,98,-13.077386856079102,1778917810.062816
unitree_go2_flat,Train/mean_reward/time,99,-13.077386856079102,1778917811.0866606
unitree_go2_flat,Train/mean_reward/time,100,-13.077386856079102,1778917812.095979
unitree_go2_flat,Train/mean_reward/time,101,-13.077386856079102,1778917813.098122
unitree_go2_flat,Train/mean_reward/time,102,-13.24740219116211,1778917814.1125422
unitree_go2_flat,Train/mean_reward/time,103,-13.24740219116211,1778917815.1340964
unitree_go2_flat,Train/mean_reward/time,104,-13.24740219116211,1778917816.25429
unitree_go2_flat,Train/mean_reward/time,105,-13.24740219116211,1778917817.2578547
unitree_go2_flat,Train/mean_reward/time,106,-13.434836387634277,1778917818.2680633
unitree_go2_flat,Train/mean_reward/time,107,-13.434836387634277,1778917819.2736878
unitree_go2_flat,Train/mean_reward/time,108,-13.434836387634277,1778917820.2747777
unitree_go2_flat,Train/mean_reward/time,109,-13.434836387634277,1778917821.276822
unitree_go2_flat,Train/mean_reward/time,110,-13.645787239074707,1778917822.2834811
unitree_go2_flat,Train/mean_reward/time,111,-13.645787239074707,1778917823.3007798
unitree_go2_flat,Train/mean_reward/time,112,-13.645787239074707,1778917824.3046272
unitree_go2_flat,Train/mean_reward/time,113,-13.645787239074707,1778917825.305851
unitree_go2_flat,Train/mean_reward/time,114,-13.645787239074707,1778917826.318857
unitree_go2_flat,Train/mean_reward/time,115,-13.645787239074707,1778917827.3243635
unitree_go2_flat,Train/mean_reward/time,116,-13.645787239074707,1778917828.3308225
unitree_go2_flat,Train/mean_reward/time,117,-13.85494327545166,1778917829.3353205
unitree_go2_flat,Train/mean_reward/time,118,-13.85494327545166,1778917830.3392546
unitree_go2_flat,Train/mean_reward/time,119,-13.85494327545166,1778917831.3420463
unitree_go2_flat,Train/mean_reward/time,120,-13.965116500854492,1778917832.3496864
unitree_go2_flat,Train/mean_reward/time,121,-13.965116500854492,1778917833.3623319
unitree_go2_flat,Train/mean_reward/time,122,-13.965116500854492,1778917834.3716955
unitree_go2_flat,Train/mean_reward/time,123,-13.965116500854492,1778917835.381684
unitree_go2_flat,Train/mean_reward/time,124,-13.965116500854492,1778917836.3897185
unitree_go2_flat,Train/mean_reward/time,125,-13.965116500854492,1778917837.5386364
unitree_go2_flat,Train/mean_reward/time,126,-14.133734703063965,1778917838.545707
unitree_go2_flat,Train/mean_reward/time,127,-14.133734703063965,1778917839.5456545
unitree_go2_flat,Train/mean_reward/time,128,-14.133734703063965,1778917840.5417354
unitree_go2_flat,Train/mean_reward/time,129,-14.133734703063965,1778917841.5555544
unitree_go2_flat,Train/mean_reward/time,130,-14.197885513305664,1778917842.5608006
unitree_go2_flat,Train/mean_reward/time,131,-14.338764190673828,1778917843.5687463
unitree_go2_flat,Train/mean_reward/time,132,-14.338764190673828,1778917844.57518
unitree_go2_flat,Train/mean_reward/time,133,-14.485164642333984,1778917845.578753
unitree_go2_flat,Train/mean_reward/time,134,-14.485164642333984,1778917846.5752892
unitree_go2_flat,Train/mean_reward/time,135,-14.485164642333984,1778917847.5731773
unitree_go2_flat,Train/mean_reward/time,136,-14.485164642333984,1778917848.7101705
unitree_go2_flat,Train/mean_reward/time,137,-14.4181547164917,1778917849.721112
unitree_go2_flat,Train/mean_reward/time,138,-14.553313255310059,1778917850.734818
unitree_go2_flat,Train/mean_reward/time,139,-14.68843936920166,1778917851.7623005
unitree_go2_flat,Train/mean_reward/time,140,-14.68843936920166,1778917852.76493
unitree_go2_flat,Train/mean_reward/time,141,-14.605780601501465,1778917853.794879
unitree_go2_flat,Train/mean_reward/time,142,-14.459677696228027,1778917854.8281164
unitree_go2_flat,Train/mean_reward/time,143,-14.459677696228027,1778917855.8300333
unitree_go2_flat,Train/mean_reward/time,144,-14.63664722442627,1778917856.8440394
unitree_go2_flat,Train/mean_reward/time,145,-14.63664722442627,1778917857.8434048
unitree_go2_flat,Train/mean_reward/time,146,-14.63664722442627,1778917858.8408182
unitree_go2_flat,Train/mean_reward/time,147,-14.75200366973877,1778917859.963546
unitree_go2_flat,Train/mean_reward/time,148,-14.75200366973877,1778917860.96467
unitree_go2_flat,Train/mean_reward/time,149,-14.75200366973877,1778917861.9675055
unitree_go2_flat,Train/mean_reward/time,150,-14.75200366973877,1778917862.9617722
unitree_go2_flat,Train/mean_reward/time,151,-14.75200366973877,1778917863.9518738
unitree_go2_flat,Train/mean_reward/time,152,-14.834641456604004,1778917864.9568923
unitree_go2_flat,Train/mean_reward/time,153,-14.834641456604004,1778917865.9766817
unitree_go2_flat,Train/mean_reward/time,154,-14.834641456604004,1778917867.0031188
unitree_go2_flat,Train/mean_reward/time,155,-14.740571975708008,1778917868.0175111
unitree_go2_flat,Train/mean_reward/time,156,-14.740571975708008,1778917869.0149791
unitree_go2_flat,Train/mean_reward/time,157,-14.740571975708008,1778917870.1446583
unitree_go2_flat,Train/mean_reward/time,158,-14.701478958129883,1778917871.144476
unitree_go2_flat,Train/mean_reward/time,159,-14.701478958129883,1778917872.1615942
unitree_go2_flat,Train/mean_reward/time,160,-14.701478958129883,1778917873.1676168
unitree_go2_flat,Train/mean_reward/time,161,-14.701478958129883,1778917874.1687949
unitree_go2_flat,Train/mean_reward/time,162,-14.762125968933105,1778917875.175357
unitree_go2_flat,Train/mean_reward/time,163,-14.762125968933105,1778917876.177992
unitree_go2_flat,Train/mean_reward/time,164,-14.762125968933105,1778917877.183904
unitree_go2_flat,Train/mean_reward/time,165,-14.762125968933105,1778917878.1933458
unitree_go2_flat,Train/mean_reward/time,166,-14.762125968933105,1778917879.1977959
unitree_go2_flat,Train/mean_reward/time,167,-14.762125968933105,1778917880.1978822
unitree_go2_flat,Train/mean_reward/time,168,-14.78713321685791,1778917881.3152902
unitree_go2_flat,Train/mean_reward/time,169,-14.78713321685791,1778917882.3120377
unitree_go2_flat,Train/mean_reward/time,170,-14.78713321685791,1778917883.3144464
unitree_go2_flat,Train/mean_reward/time,171,-14.78713321685791,1778917884.3028796
unitree_go2_flat,Train/mean_reward/time,172,-14.788578033447266,1778917885.3069031
unitree_go2_flat,Train/mean_reward/time,173,-14.674345016479492,1778917886.3075473
unitree_go2_flat,Train/mean_reward/time,174,-14.674345016479492,1778917887.3156943
unitree_go2_flat,Train/mean_reward/time,175,-14.658047676086426,1778917888.3148866
unitree_go2_flat,Train/mean_reward/time,176,-14.658047676086426,1778917889.3211052
unitree_go2_flat,Train/mean_reward/time,177,-14.658047676086426,1778917890.3232229
unitree_go2_flat,Train/mean_reward/time,178,-14.658047676086426,1778917891.3392851
unitree_go2_flat,Train/mean_reward/time,179,-14.752067565917969,1778917892.4999406
unitree_go2_flat,Train/mean_reward/time,180,-14.71512508392334,1778917893.5100245
unitree_go2_flat,Train/mean_reward/time,181,-14.689790725708008,1778917894.5184672
unitree_go2_flat,Train/mean_reward/time,182,-14.689790725708008,1778917895.5148244
unitree_go2_flat,Train/mean_reward/time,183,-14.748248100280762,1778917896.5122364
unitree_go2_flat,Train/mean_reward/time,184,-14.734527587890625,1778917897.5198216
unitree_go2_flat,Train/mean_reward/time,185,-14.771124839782715,1778917898.5601165
unitree_go2_flat,Train/mean_reward/time,186,-14.771124839782715,1778917899.5582404
unitree_go2_flat,Train/mean_reward/time,187,-14.771124839782715,1778917900.5506709
unitree_go2_flat,Train/mean_reward/time,188,-14.771124839782715,1778917901.5607898
unitree_go2_flat,Train/mean_reward/time,190,-14.722707748413086,1778917902.666161
unitree_go2_flat,Train/mean_reward/time,191,-14.722707748413086,1778917903.6758006
unitree_go2_flat,Train/mean_reward/time,191,-14.722707748413086,1778917904.6716132
unitree_go2_flat,Train/mean_reward/time,192,-14.722707748413086,1778917905.674397
unitree_go2_flat,Train/mean_reward/time,193,-14.722707748413086,1778917906.6726668
unitree_go2_flat,Train/mean_reward/time,194,-14.776121139526367,1778917907.687563
unitree_go2_flat,Train/mean_reward/time,195,-14.776121139526367,1778917908.6973066
unitree_go2_flat,Train/mean_reward/time,196,-14.842251777648926,1778917909.7159073
unitree_go2_flat,Train/mean_reward/time,197,-14.842251777648926,1778917910.7181787
unitree_go2_flat,Train/mean_reward/time,198,-14.842251777648926,1778917911.71469
unitree_go2_flat,Train/mean_reward/time,199,-14.842251777648926,1778917912.712416
unitree_go2_flat,Train/mean_reward/time,201,-14.797534942626953,1778917913.866148
unitree_go2_flat,Train/mean_reward/time,202,-14.797534942626953,1778917914.8675096
unitree_go2_flat,Train/mean_reward/time,203,-14.797534942626953,1778917915.8714297
unitree_go2_flat,Train/mean_reward/time,204,-14.797534942626953,1778917916.8646913
unitree_go2_flat,Train/mean_reward/time,205,-14.853346824645996,1778917917.8716652
unitree_go2_flat,Train/mean_reward/time,206,-14.853346824645996,1778917918.8719301
unitree_go2_flat,Train/mean_reward/time,207,-14.853346824645996,1778917919.8794239
unitree_go2_flat,Train/mean_reward/time,208,-14.853346824645996,1778917920.8812997
unitree_go2_flat,Train/mean_reward/time,209,-14.853346824645996,1778917921.8914394
unitree_go2_flat,Train/mean_reward/time,210,-14.853346824645996,1778917922.8993838
unitree_go2_flat,Train/mean_reward/time,211,-14.875449180603027,1778917923.9080296
unitree_go2_flat,Train/mean_reward/time,212,-14.875449180603027,1778917925.0611923
unitree_go2_flat,Train/mean_reward/time,213,-14.875449180603027,1778917926.057748
unitree_go2_flat,Train/mean_reward/time,214,-14.875449180603027,1778917927.0549932
unitree_go2_flat,Train/mean_reward/time,215,-14.940435409545898,1778917928.0707457
unitree_go2_flat,Train/mean_reward/time,216,-15.001191139221191,1778917929.0786777
unitree_go2_flat,Train/mean_reward/time,217,-15.062273979187012,1778917930.0930896
unitree_go2_flat,Train/mean_reward/time,218,-15.062273979187012,1778917931.0919929
unitree_go2_flat,Train/mean_reward/time,219,-15.062273979187012,1778917932.0929174
unitree_go2_flat,Train/mean_reward/time,220,-15.062273979187012,1778917933.0978508
unitree_go2_flat,Train/mean_reward/time,221,-15.062273979187012,1778917934.0976756
unitree_go2_flat,Train/mean_reward/time,222,-15.021214485168457,1778917935.1089456
unitree_go2_flat,Train/mean_reward/time,223,-15.322461128234863,1778917936.2228398
unitree_go2_flat,Train/mean_reward/time,224,-15.322461128234863,1778917937.219361
unitree_go2_flat,Train/mean_reward/time,225,-15.322461128234863,1778917938.2225447
unitree_go2_flat,Train/mean_reward/time,226,-15.484139442443848,1778917939.23084
unitree_go2_flat,Train/mean_reward/time,227,-15.540431022644043,1778917940.2390094
unitree_go2_flat,Train/mean_reward/time,228,-15.5685453414917,1778917941.25367
unitree_go2_flat,Train/mean_reward/time,229,-15.5685453414917,1778917942.2529447
unitree_go2_flat,Train/mean_reward/time,230,-15.5685453414917,1778917943.2494986
unitree_go2_flat,Train/mean_reward/time,231,-15.5685453414917,1778917944.2401087
unitree_go2_flat,Train/mean_reward/time,232,-15.630537033081055,1778917945.2386937
unitree_go2_flat,Train/mean_reward/time,233,-15.630537033081055,1778917946.3587084
unitree_go2_flat,Train/mean_reward/time,234,-15.630537033081055,1778917947.3522801
unitree_go2_flat,Train/mean_reward/time,235,-15.630537033081055,1778917948.3470933
unitree_go2_flat,Train/mean_reward/time,236,-15.710058212280273,1778917949.3489506
unitree_go2_flat,Train/mean_reward/time,237,-15.710058212280273,1778917950.3473585
unitree_go2_flat,Train/mean_reward/time,238,-15.710058212280273,1778917951.3461552
unitree_go2_flat,Train/mean_reward/time,239,-15.754380226135254,1778917952.3484852
unitree_go2_flat,Train/mean_reward/time,240,-15.754380226135254,1778917953.352422
unitree_go2_flat,Train/mean_reward/time,241,-15.754380226135254,1778917954.344074
unitree_go2_flat,Train/mean_reward/time,242,-15.754380226135254,1778917955.343968
unitree_go2_flat,Train/mean_reward/time,243,-15.847954750061035,1778917956.3478546
unitree_go2_flat,Train/mean_reward/time,244,-15.847954750061035,1778917957.4948294
unitree_go2_flat,Train/mean_reward/time,245,-15.847954750061035,1778917958.4931633
unitree_go2_flat,Train/mean_reward/time,246,-15.90360164642334,1778917959.499201
unitree_go2_flat,Train/mean_reward/time,247,-15.90360164642334,1778917960.4923766
unitree_go2_flat,Train/mean_reward/time,248,-15.90360164642334,1778917961.4892876
unitree_go2_flat,Train/mean_reward/time,249,-15.90360164642334,1778917962.4990776
unitree_go2_flat,Train/mean_reward/time,250,-15.90360164642334,1778917963.499618
unitree_go2_flat,Train/mean_reward/time,251,-15.90360164642334,1778917964.507568
unitree_go2_flat,Train/mean_reward/time,252,-16.046985626220703,1778917965.515224
unitree_go2_flat,Train/mean_reward/time,253,-16.046985626220703,1778917966.516235
unitree_go2_flat,Train/mean_reward/time,254,-16.046985626220703,1778917967.514869
unitree_go2_flat,Train/mean_reward/time,255,-16.046985626220703,1778917968.5935113
unitree_go2_flat,Train/mean_reward/time,256,-16.02996063232422,1778917969.608315
unitree_go2_flat,Train/mean_reward/time,257,-15.956554412841797,1778917970.6163301
unitree_go2_flat,Train/mean_reward/time,258,-15.956554412841797,1778917971.6285684
unitree_go2_flat,Train/mean_reward/time,259,-15.961844444274902,1778917972.6546195
unitree_go2_flat,Train/mean_reward/time,260,-15.961844444274902,1778917973.6600487
unitree_go2_flat,Train/mean_reward/time,261,-15.961844444274902,1778917974.6551814
unitree_go2_flat,Train/mean_reward/time,262,-15.961844444274902,1778917975.651094
unitree_go2_flat,Train/mean_reward/time,263,-15.97800064086914,1778917976.6681492
unitree_go2_flat,Train/mean_reward/time,264,-15.97800064086914,1778917977.6679845
unitree_go2_flat,Train/mean_reward/time,265,-16.170385360717773,1778917978.6816375
unitree_go2_flat,Train/mean_reward/time,266,-15.939041137695312,1778917979.7074902
unitree_go2_flat,Train/mean_reward/time,267,-16.0201473236084,1778917980.7235186
unitree_go2_flat,Train/mean_reward/time,268,-16.06216049194336,1778917981.730654
unitree_go2_flat,Train/mean_reward/time,269,-16.06216049194336,1778917982.7379286
unitree_go2_flat,Train/mean_reward/time,270,-16.111000061035156,1778917983.7540536
unitree_go2_flat,Train/mean_reward/time,271,-16.111000061035156,1778917984.7509747
unitree_go2_flat,Train/mean_reward/time,272,-16.111000061035156,1778917985.7517512
unitree_go2_flat,Train/mean_reward/time,273,-16.227157592773438,1778917986.762906
unitree_go2_flat,Train/mean_reward/time,274,-16.227157592773438,1778917987.7677937
unitree_go2_flat,Train/mean_reward/time,275,-16.227157592773438,1778917988.7693877
unitree_go2_flat,Train/mean_reward/time,276,-16.227157592773438,1778917989.847232
unitree_go2_flat,Train/mean_reward/time,277,-16.227157592773438,1778917990.8508859
unitree_go2_flat,Train/mean_reward/time,278,-16.334524154663086,1778917991.8618968
unitree_go2_flat,Train/mean_reward/time,279,-16.334524154663086,1778917992.8596468
unitree_go2_flat,Train/mean_reward/time,280,-16.334524154663086,1778917993.86787
unitree_go2_flat,Train/mean_reward/time,281,-16.39703941345215,1778917994.9073591
unitree_go2_flat,Train/mean_reward/time,282,-16.39703941345215,1778917995.9044926
unitree_go2_flat,Train/mean_reward/time,283,-16.39703941345215,1778917996.905314
unitree_go2_flat,Train/mean_reward/time,284,-16.346837997436523,1778917997.9159908
unitree_go2_flat,Train/mean_reward/time,285,-16.346837997436523,1778917998.9121082
unitree_go2_flat,Train/mean_reward/time,286,-16.346837997436523,1778917999.9273324
unitree_go2_flat,Train/mean_reward/time,287,-16.346837997436523,1778918001.0574708
unitree_go2_flat,Train/mean_reward/time,288,-16.130178451538086,1778918002.0689197
unitree_go2_flat,Train/mean_reward/time,289,-16.130178451538086,1778918003.0792086
unitree_go2_flat,Train/mean_reward/time,290,-16.130178451538086,1778918004.0755572
unitree_go2_flat,Train/mean_reward/time,291,-16.130178451538086,1778918005.0939445
unitree_go2_flat,Train/mean_reward/time,292,-16.130178451538086,1778918006.1000924
unitree_go2_flat,Train/mean_reward/time,293,-16.130178451538086,1778918007.10604
unitree_go2_flat,Train/mean_reward/time,294,-16.051836013793945,1778918008.1210082
unitree_go2_flat,Train/mean_reward/time,295,-16.051836013793945,1778918009.1236708
unitree_go2_flat,Train/mean_reward/time,296,-16.051836013793945,1778918010.1279156
unitree_go2_flat,Train/mean_reward/time,297,-16.051836013793945,1778918011.142504
unitree_go2_flat,Train/mean_reward/time,298,-15.821287155151367,1778918012.3100195
unitree_go2_flat,Train/mean_reward/time,299,-15.821287155151367,1778918013.319198
unitree_go2_flat,Train/mean_reward/time,300,-15.821287155151367,1778918014.327071
unitree_go2_flat,Train/mean_reward/time,301,-15.866826057434082,1778918015.3372464
unitree_go2_flat,Train/mean_reward/time,302,-15.866826057434082,1778918016.343937
unitree_go2_flat,Train/mean_reward/time,303,-15.866826057434082,1778918017.347502
unitree_go2_flat,Train/mean_episode_length/time,5,90.5,1778917716.2107453
unitree_go2_flat,Train/mean_episode_length/time,6,99.66666412353516,1778917717.229975
unitree_go2_flat,Train/mean_episode_length/time,7,107.0,1778917718.3663337
unitree_go2_flat,Train/mean_episode_length/time,8,107.0,1778917719.3743973
unitree_go2_flat,Train/mean_episode_length/time,9,107.0,1778917720.3858092
unitree_go2_flat,Train/mean_episode_length/time,10,107.0,1778917721.3841305
unitree_go2_flat,Train/mean_episode_length/time,11,133.0,1778917722.3903437
unitree_go2_flat,Train/mean_episode_length/time,12,154.3333282470703,1778917723.3943105
unitree_go2_flat,Train/mean_episode_length/time,13,171.85714721679688,1778917724.397343
unitree_go2_flat,Train/mean_episode_length/time,14,171.85714721679688,1778917725.3982422
unitree_go2_flat,Train/mean_episode_length/time,15,171.85714721679688,1778917726.4074929
unitree_go2_flat,Train/mean_episode_length/time,16,171.85714721679688,1778917727.408646
unitree_go2_flat,Train/mean_episode_length/time,17,171.85714721679688,1778917728.5415442
unitree_go2_flat,Train/mean_episode_length/time,18,221.3333282470703,1778917729.5658073
unitree_go2_flat,Train/mean_episode_length/time,19,221.3333282470703,1778917730.5657926
unitree_go2_flat,Train/mean_episode_length/time,20,244.6999969482422,1778917731.5679286
unitree_go2_flat,Train/mean_episode_length/time,21,265.7272644042969,1778917732.5786226
unitree_go2_flat,Train/mean_episode_length/time,22,265.7272644042969,1778917733.5844865
unitree_go2_flat,Train/mean_episode_length/time,23,265.7272644042969,1778917734.5958543
unitree_go2_flat,Train/mean_episode_length/time,24,265.7272644042969,1778917735.5919044
unitree_go2_flat,Train/mean_episode_length/time,25,291.0833435058594,1778917736.5973299
unitree_go2_flat,Train/mean_episode_length/time,26,291.0833435058594,1778917737.602033
unitree_go2_flat,Train/mean_episode_length/time,27,291.0833435058594,1778917738.6074545
unitree_go2_flat,Train/mean_episode_length/time,28,291.0833435058594,1778917739.750498
unitree_go2_flat,Train/mean_episode_length/time,29,319.0,1778917740.7608843
unitree_go2_flat,Train/mean_episode_length/time,30,336.5,1778917741.780237
unitree_go2_flat,Train/mean_episode_length/time,31,336.5,1778917742.7877479
unitree_go2_flat,Train/mean_episode_length/time,32,336.5,1778917743.796064
unitree_go2_flat,Train/mean_episode_length/time,33,336.5,1778917744.7944784
unitree_go2_flat,Train/mean_episode_length/time,34,366.26666259765625,1778917745.803648
unitree_go2_flat,Train/mean_episode_length/time,35,366.26666259765625,1778917746.8050332
unitree_go2_flat,Train/mean_episode_length/time,36,394.6875,1778917747.8197048
unitree_go2_flat,Train/mean_episode_length/time,37,381.058837890625,1778917748.831521
unitree_go2_flat,Train/mean_episode_length/time,38,408.0,1778917749.8389127
unitree_go2_flat,Train/mean_episode_length/time,39,408.0,1778917750.9753404
unitree_go2_flat,Train/mean_episode_length/time,40,397.75,1778917751.9828994
unitree_go2_flat,Train/mean_episode_length/time,41,397.75,1778917752.9909163
unitree_go2_flat,Train/mean_episode_length/time,42,387.71429443359375,1778917754.0020366
unitree_go2_flat,Train/mean_episode_length/time,43,387.71429443359375,1778917755.004782
unitree_go2_flat,Train/mean_episode_length/time,44,376.7272644042969,1778917756.0147557
unitree_go2_flat,Train/mean_episode_length/time,45,376.7272644042969,1778917757.0205574
unitree_go2_flat,Train/mean_episode_length/time,46,354.125,1778917758.0402389
unitree_go2_flat,Train/mean_episode_length/time,47,403.80767822265625,1778917759.0576599
unitree_go2_flat,Train/mean_episode_length/time,48,403.80767822265625,1778917760.0590174
unitree_go2_flat,Train/mean_episode_length/time,49,425.8888854980469,1778917761.1536038
unitree_go2_flat,Train/mean_episode_length/time,50,425.8888854980469,1778917762.151909
unitree_go2_flat,Train/mean_episode_length/time,51,425.8888854980469,1778917763.1491413
unitree_go2_flat,Train/mean_episode_length/time,52,425.8888854980469,1778917764.158877
unitree_go2_flat,Train/mean_episode_length/time,53,457.5862121582031,1778917765.182109
unitree_go2_flat,Train/mean_episode_length/time,54,471.45159912109375,1778917766.2122836
unitree_go2_flat,Train/mean_episode_length/time,55,487.96875,1778917767.2327542
unitree_go2_flat,Train/mean_episode_length/time,56,487.96875,1778917768.2352364
unitree_go2_flat,Train/mean_episode_length/time,58,501.20587158203125,1778917769.2722268
unitree_go2_flat,Train/mean_episode_length/time,59,501.20587158203125,1778917770.2764046
unitree_go2_flat,Train/mean_episode_length/time,60,515.4571533203125,1778917771.284668
unitree_go2_flat,Train/mean_episode_length/time,61,498.729736328125,1778917772.3640292
unitree_go2_flat,Train/mean_episode_length/time,62,498.729736328125,1778917773.362603
unitree_go2_flat,Train/mean_episode_length/time,63,498.729736328125,1778917774.3807342
unitree_go2_flat,Train/mean_episode_length/time,64,511.9210510253906,1778917775.3860784
unitree_go2_flat,Train/mean_episode_length/time,65,501.4615478515625,1778917776.3917358
unitree_go2_flat,Train/mean_episode_length/time,66,501.4615478515625,1778917777.3979354
unitree_go2_flat,Train/mean_episode_length/time,67,501.4615478515625,1778917778.4016955
unitree_go2_flat,Train/mean_episode_length/time,68,501.4615478515625,1778917779.416656
unitree_go2_flat,Train/mean_episode_length/time,69,490.8999938964844,1778917780.4473066
unitree_go2_flat,Train/mean_episode_length/time,70,490.8999938964844,1778917781.4501374
unitree_go2_flat,Train/mean_episode_length/time,71,490.8999938964844,1778917782.4637978
unitree_go2_flat,Train/mean_episode_length/time,72,490.8999938964844,1778917783.5702093
unitree_go2_flat,Train/mean_episode_length/time,73,490.8999938964844,1778917784.5733154
unitree_go2_flat,Train/mean_episode_length/time,74,490.8999938964844,1778917785.5720634
unitree_go2_flat,Train/mean_episode_length/time,75,489.0975646972656,1778917786.5858495
unitree_go2_flat,Train/mean_episode_length/time,76,489.0975646972656,1778917787.6011834
unitree_go2_flat,Train/mean_episode_length/time,77,489.0975646972656,1778917788.6214795
unitree_go2_flat,Train/mean_episode_length/time,78,489.0975646972656,1778917789.6308305
unitree_go2_flat,Train/mean_episode_length/time,79,500.78570556640625,1778917790.6445494
unitree_go2_flat,Train/mean_episode_length/time,80,500.78570556640625,1778917791.6491785
unitree_go2_flat,Train/mean_episode_length/time,81,500.78570556640625,1778917792.6488218
unitree_go2_flat,Train/mean_episode_length/time,82,500.78570556640625,1778917793.7882445
unitree_go2_flat,Train/mean_episode_length/time,83,500.78570556640625,1778917794.7917209
unitree_go2_flat,Train/mean_episode_length/time,84,500.78570556640625,1778917795.7899406
unitree_go2_flat,Train/mean_episode_length/time,85,512.3953247070312,1778917796.801911
unitree_go2_flat,Train/mean_episode_length/time,86,512.3953247070312,1778917797.8131604
unitree_go2_flat,Train/mean_episode_length/time,87,512.3953247070312,1778917798.8179407
unitree_go2_flat,Train/mean_episode_length/time,88,512.3953247070312,1778917799.8169231
unitree_go2_flat,Train/mean_episode_length/time,89,523.477294921875,1778917800.8322675
unitree_go2_flat,Train/mean_episode_length/time,90,544.1956787109375,1778917801.8519697
unitree_go2_flat,Train/mean_episode_length/time,91,553.8936157226562,1778917802.8616002
unitree_go2_flat,Train/mean_episode_length/time,92,553.8936157226562,1778917803.8646805
unitree_go2_flat,Train/mean_episode_length/time,93,553.8936157226562,1778917805.0117269
unitree_go2_flat,Train/mean_episode_length/time,94,553.8936157226562,1778917806.014391
unitree_go2_flat,Train/mean_episode_length/time,95,563.1875,1778917807.0330718
unitree_go2_flat,Train/mean_episode_length/time,96,572.10205078125,1778917808.0435534
unitree_go2_flat,Train/mean_episode_length/time,97,596.7884521484375,1778917809.0635457
unitree_go2_flat,Train/mean_episode_length/time,98,596.7884521484375,1778917810.0628812
unitree_go2_flat,Train/mean_episode_length/time,99,596.7884521484375,1778917811.0867264
unitree_go2_flat,Train/mean_episode_length/time,100,596.7884521484375,1778917812.0960438
unitree_go2_flat,Train/mean_episode_length/time,101,596.7884521484375,1778917813.0981898
unitree_go2_flat,Train/mean_episode_length/time,102,611.7222290039062,1778917814.112637
unitree_go2_flat,Train/mean_episode_length/time,103,611.7222290039062,1778917815.1341987
unitree_go2_flat,Train/mean_episode_length/time,104,611.7222290039062,1778917816.2543588
unitree_go2_flat,Train/mean_episode_length/time,105,611.7222290039062,1778917817.2579205
unitree_go2_flat,Train/mean_episode_length/time,106,618.7817993164062,1778917818.2681339
unitree_go2_flat,Train/mean_episode_length/time,107,618.7817993164062,1778917819.2737577
unitree_go2_flat,Train/mean_episode_length/time,108,618.7817993164062,1778917820.2748442
unitree_go2_flat,Train/mean_episode_length/time,109,618.7817993164062,1778917821.2768915
unitree_go2_flat,Train/mean_episode_length/time,110,625.5892944335938,1778917822.2835495
unitree_go2_flat,Train/mean_episode_length/time,111,625.5892944335938,1778917823.3009377
unitree_go2_flat,Train/mean_episode_length/time,112,625.5892944335938,1778917824.3046985
unitree_go2_flat,Train/mean_episode_length/time,113,625.5892944335938,1778917825.3059194
unitree_go2_flat,Train/mean_episode_length/time,114,625.5892944335938,1778917826.3189294
unitree_go2_flat,Train/mean_episode_length/time,115,625.5892944335938,1778917827.3244326
unitree_go2_flat,Train/mean_episode_length/time,116,625.5892944335938,1778917828.3308918
unitree_go2_flat,Train/mean_episode_length/time,117,632.1578979492188,1778917829.3354933
unitree_go2_flat,Train/mean_episode_length/time,118,632.1578979492188,1778917830.3393233
unitree_go2_flat,Train/mean_episode_length/time,119,632.1578979492188,1778917831.3421469
unitree_go2_flat,Train/mean_episode_length/time,120,638.5,1778917832.349762
unitree_go2_flat,Train/mean_episode_length/time,121,638.5,1778917833.362407
unitree_go2_flat,Train/mean_episode_length/time,122,638.5,1778917834.3717728
unitree_go2_flat,Train/mean_episode_length/time,123,638.5,1778917835.3817556
unitree_go2_flat,Train/mean_episode_length/time,124,638.5,1778917836.3897936
unitree_go2_flat,Train/mean_episode_length/time,125,638.5,1778917837.538709
unitree_go2_flat,Train/mean_episode_length/time,126,644.6271362304688,1778917838.545778
unitree_go2_flat,Train/mean_episode_length/time,127,644.6271362304688,1778917839.5457263
unitree_go2_flat,Train/mean_episode_length/time,128,644.6271362304688,1778917840.5418067
unitree_go2_flat,Train/mean_episode_length/time,129,644.6271362304688,1778917841.555655
unitree_go2_flat,Train/mean_episode_length/time,130,650.5499877929688,1778917842.5608761
unitree_go2_flat,Train/mean_episode_length/time,131,661.8225708007812,1778917843.5688195
unitree_go2_flat,Train/mean_episode_length/time,132,661.8225708007812,1778917844.575254
unitree_go2_flat,Train/mean_episode_length/time,133,667.1904907226562,1778917845.5789182
unitree_go2_flat,Train/mean_episode_length/time,134,667.1904907226562,1778917846.575453
unitree_go2_flat,Train/mean_episode_length/time,135,667.1904907226562,1778917847.5732493
unitree_go2_flat,Train/mean_episode_length/time,136,667.1904907226562,1778917848.710253
unitree_go2_flat,Train/mean_episode_length/time,137,677.4307861328125,1778917849.721187
unitree_go2_flat,Train/mean_episode_length/time,138,682.3181762695312,1778917850.7349837
unitree_go2_flat,Train/mean_episode_length/time,139,691.6617431640625,1778917851.7624078
unitree_go2_flat,Train/mean_episode_length/time,140,691.6617431640625,1778917852.7650056
unitree_go2_flat,Train/mean_episode_length/time,141,685.1884155273438,1778917853.7950785
unitree_go2_flat,Train/mean_episode_length/time,142,677.2142944335938,1778917854.828196
unitree_go2_flat,Train/mean_episode_length/time,143,677.2142944335938,1778917855.8301113
unitree_go2_flat,Train/mean_episode_length/time,144,686.1805419921875,1778917856.8441188
unitree_go2_flat,Train/mean_episode_length/time,145,686.1805419921875,1778917857.8434815
unitree_go2_flat,Train/mean_episode_length/time,146,686.1805419921875,1778917858.8409867
unitree_go2_flat,Train/mean_episode_length/time,147,690.4794311523438,1778917859.9636533
unitree_go2_flat,Train/mean_episode_length/time,148,690.4794311523438,1778917860.964751
unitree_go2_flat,Train/mean_episode_length/time,149,690.4794311523438,1778917861.9676075
unitree_go2_flat,Train/mean_episode_length/time,150,690.4794311523438,1778917862.961933
unitree_go2_flat,Train/mean_episode_length/time,151,690.4794311523438,1778917863.9519527
unitree_go2_flat,Train/mean_episode_length/time,152,694.6621704101562,1778917864.9570596
unitree_go2_flat,Train/mean_episode_length/time,153,694.6621704101562,1778917865.9767647
unitree_go2_flat,Train/mean_episode_length/time,154,694.6621704101562,1778917867.0032272
unitree_go2_flat,Train/mean_episode_length/time,155,688.7733154296875,1778917868.0176134
unitree_go2_flat,Train/mean_episode_length/time,156,688.7733154296875,1778917869.0150957
unitree_go2_flat,Train/mean_episode_length/time,157,688.7733154296875,1778917870.1447425
unitree_go2_flat,Train/mean_episode_length/time,158,692.868408203125,1778917871.144556
unitree_go2_flat,Train/mean_episode_length/time,159,692.868408203125,1778917872.1616845
unitree_go2_flat,Train/mean_episode_length/time,160,692.868408203125,1778917873.1676993
unitree_go2_flat,Train/mean_episode_length/time,161,692.868408203125,1778917874.1689668
unitree_go2_flat,Train/mean_episode_length/time,162,696.8571166992188,1778917875.1755335
unitree_go2_flat,Train/mean_episode_length/time,163,696.8571166992188,1778917876.1781983
unitree_go2_flat,Train/mean_episode_length/time,164,696.8571166992188,1778917877.183983
unitree_go2_flat,Train/mean_episode_length/time,165,696.8571166992188,1778917878.1934257
unitree_go2_flat,Train/mean_episode_length/time,166,696.8571166992188,1778917879.1978793
unitree_go2_flat,Train/mean_episode_length/time,167,696.8571166992188,1778917880.1979654
unitree_go2_flat,Train/mean_episode_length/time,168,700.7435913085938,1778917881.3153741
unitree_go2_flat,Train/mean_episode_length/time,169,700.7435913085938,1778917882.31212
unitree_go2_flat,Train/mean_episode_length/time,170,700.7435913085938,1778917883.3145285
unitree_go2_flat,Train/mean_episode_length/time,171,700.7435913085938,1778917884.303055
unitree_go2_flat,Train/mean_episode_length/time,172,704.5316162109375,1778917885.3070714
unitree_go2_flat,Train/mean_episode_length/time,173,708.2249755859375,1778917886.3077292
unitree_go2_flat,Train/mean_episode_length/time,174,708.2249755859375,1778917887.3157797
unitree_go2_flat,Train/mean_episode_length/time,175,711.8271484375,1778917888.3149712
unitree_go2_flat,Train/mean_episode_length/time,176,711.8271484375,1778917889.3211932
unitree_go2_flat,Train/mean_episode_length/time,177,711.8271484375,1778917890.3233466
unitree_go2_flat,Train/mean_episode_length/time,178,711.8271484375,1778917891.339373
unitree_go2_flat,Train/mean_episode_length/time,179,715.3414916992188,1778917892.500025
unitree_go2_flat,Train/mean_episode_length/time,180,722.1190185546875,1778917893.5102022
unitree_go2_flat,Train/mean_episode_length/time,181,725.3882446289062,1778917894.5186095
unitree_go2_flat,Train/mean_episode_length/time,182,725.3882446289062,1778917895.5149095
unitree_go2_flat,Train/mean_episode_length/time,183,728.5814208984375,1778917896.5123222
unitree_go2_flat,Train/mean_episode_length/time,184,731.701171875,1778917897.519993
unitree_go2_flat,Train/mean_episode_length/time,185,734.75,1778917898.5602067
unitree_go2_flat,Train/mean_episode_length/time,186,734.75,1778917899.5583432
unitree_go2_flat,Train/mean_episode_length/time,187,734.75,1778917900.550796
unitree_go2_flat,Train/mean_episode_length/time,188,734.75,1778917901.5609117
unitree_go2_flat,Train/mean_episode_length/time,190,737.7303466796875,1778917902.6663795
unitree_go2_flat,Train/mean_episode_length/time,191,737.7303466796875,1778917903.6758895
unitree_go2_flat,Train/mean_episode_length/time,191,737.7303466796875,1778917904.671706
unitree_go2_flat,Train/mean_episode_length/time,192,737.7303466796875,1778917905.6744869
unitree_go2_flat,Train/mean_episode_length/time,193,737.7303466796875,1778917906.6727738
unitree_go2_flat,Train/mean_episode_length/time,194,740.6444702148438,1778917907.687708
unitree_go2_flat,Train/mean_episode_length/time,195,740.6444702148438,1778917908.697399
unitree_go2_flat,Train/mean_episode_length/time,196,743.4945068359375,1778917909.7160995
unitree_go2_flat,Train/mean_episode_length/time,197,743.4945068359375,1778917910.7182796
unitree_go2_flat,Train/mean_episode_length/time,198,743.4945068359375,1778917911.7148883
unitree_go2_flat,Train/mean_episode_length/time,199,743.4945068359375,1778917912.712505
unitree_go2_flat,Train/mean_episode_length/time,201,746.2825927734375,1778917913.8662379
unitree_go2_flat,Train/mean_episode_length/time,202,746.2825927734375,1778917914.8676262
unitree_go2_flat,Train/mean_episode_length/time,203,746.2825927734375,1778917915.8715203
unitree_go2_flat,Train/mean_episode_length/time,204,746.2825927734375,1778917916.8647857
unitree_go2_flat,Train/mean_episode_length/time,205,749.0107421875,1778917917.8717608
unitree_go2_flat,Train/mean_episode_length/time,206,749.0107421875,1778917918.8720214
unitree_go2_flat,Train/mean_episode_length/time,207,749.0107421875,1778917919.8795145
unitree_go2_flat,Train/mean_episode_length/time,208,749.0107421875,1778917920.881481
unitree_go2_flat,Train/mean_episode_length/time,209,749.0107421875,1778917921.8915296
unitree_go2_flat,Train/mean_episode_length/time,210,749.0107421875,1778917922.899483
unitree_go2_flat,Train/mean_episode_length/time,211,751.6808471679688,1778917923.9081798
unitree_go2_flat,Train/mean_episode_length/time,212,751.6808471679688,1778917925.0613785
unitree_go2_flat,Train/mean_episode_length/time,213,751.6808471679688,1778917926.0578437
unitree_go2_flat,Train/mean_episode_length/time,214,751.6808471679688,1778917927.0550842
unitree_go2_flat,Train/mean_episode_length/time,215,754.2947387695312,1778917928.0708394
unitree_go2_flat,Train/mean_episode_length/time,216,756.8541870117188,1778917929.0787733
unitree_go2_flat,Train/mean_episode_length/time,217,759.36083984375,1778917930.093188
unitree_go2_flat,Train/mean_episode_length/time,218,759.36083984375,1778917931.0920873
unitree_go2_flat,Train/mean_episode_length/time,219,759.36083984375,1778917932.0930107
unitree_go2_flat,Train/mean_episode_length/time,220,759.36083984375,1778917933.0979512
unitree_go2_flat,Train/mean_episode_length/time,221,759.36083984375,1778917934.0977728
unitree_go2_flat,Train/mean_episode_length/time,222,761.8163452148438,1778917935.1090431
unitree_go2_flat,Train/mean_episode_length/time,223,775.6799926757812,1778917936.2230296
unitree_go2_flat,Train/mean_episode_length/time,224,775.6799926757812,1778917937.2194579
unitree_go2_flat,Train/mean_episode_length/time,225,775.6799926757812,1778917938.222668
unitree_go2_flat,Train/mean_episode_length/time,226,784.77001953125,1778917939.2309353
unitree_go2_flat,Train/mean_episode_length/time,227,793.5900268554688,1778917940.2391045
unitree_go2_flat,Train/mean_episode_length/time,228,802.2999877929688,1778917941.2537684
unitree_go2_flat,Train/mean_episode_length/time,229,802.2999877929688,1778917942.2530432
unitree_go2_flat,Train/mean_episode_length/time,230,802.2999877929688,1778917943.2496302
unitree_go2_flat,Train/mean_episode_length/time,231,802.2999877929688,1778917944.2402084
unitree_go2_flat,Train/mean_episode_length/time,232,809.9299926757812,1778917945.2387927
unitree_go2_flat,Train/mean_episode_length/time,233,809.9299926757812,1778917946.358932
unitree_go2_flat,Train/mean_episode_length/time,234,809.9299926757812,1778917947.3524952
unitree_go2_flat,Train/mean_episode_length/time,235,809.9299926757812,1778917948.3471916
unitree_go2_flat,Train/mean_episode_length/time,236,817.3200073242188,1778917949.3490455
unitree_go2_flat,Train/mean_episode_length/time,237,817.3200073242188,1778917950.347453
unitree_go2_flat,Train/mean_episode_length/time,238,817.3200073242188,1778917951.3462656
unitree_go2_flat,Train/mean_episode_length/time,239,824.5499877929688,1778917952.348605
unitree_go2_flat,Train/mean_episode_length/time,240,824.5499877929688,1778917953.3525507
unitree_go2_flat,Train/mean_episode_length/time,241,824.5499877929688,1778917954.3441708
unitree_go2_flat,Train/mean_episode_length/time,242,824.5499877929688,1778917955.344065
unitree_go2_flat,Train/mean_episode_length/time,243,830.6799926757812,1778917956.347952
unitree_go2_flat,Train/mean_episode_length/time,244,830.6799926757812,1778917957.494924
unitree_go2_flat,Train/mean_episode_length/time,245,830.6799926757812,1778917958.4933524
unitree_go2_flat,Train/mean_episode_length/time,246,836.6599731445312,1778917959.499398
unitree_go2_flat,Train/mean_episode_length/time,247,836.6599731445312,1778917960.4924738
unitree_go2_flat,Train/mean_episode_length/time,248,836.6599731445312,1778917961.489385
unitree_go2_flat,Train/mean_episode_length/time,249,836.6599731445312,1778917962.4992669
unitree_go2_flat,Train/mean_episode_length/time,250,836.6599731445312,1778917963.4997156
unitree_go2_flat,Train/mean_episode_length/time,251,836.6599731445312,1778917964.507693
unitree_go2_flat,Train/mean_episode_length/time,252,842.1099853515625,1778917965.5153248
unitree_go2_flat,Train/mean_episode_length/time,253,842.1099853515625,1778917966.5163288
unitree_go2_flat,Train/mean_episode_length/time,254,842.1099853515625,1778917967.5149643
unitree_go2_flat,Train/mean_episode_length/time,255,842.1099853515625,1778917968.5936317
unitree_go2_flat,Train/mean_episode_length/time,256,847.3499755859375,1778917969.6084108
unitree_go2_flat,Train/mean_episode_length/time,257,851.6500244140625,1778917970.6164608
unitree_go2_flat,Train/mean_episode_length/time,258,851.6500244140625,1778917971.62869
unitree_go2_flat,Train/mean_episode_length/time,259,858.2000122070312,1778917972.6547568
unitree_go2_flat,Train/mean_episode_length/time,260,858.2000122070312,1778917973.6601448
unitree_go2_flat,Train/mean_episode_length/time,261,858.2000122070312,1778917974.6552775
unitree_go2_flat,Train/mean_episode_length/time,262,858.2000122070312,1778917975.6511948
unitree_go2_flat,Train/mean_episode_length/time,263,860.3699951171875,1778917976.6682436
unitree_go2_flat,Train/mean_episode_length/time,264,860.3699951171875,1778917977.6680799
unitree_go2_flat,Train/mean_episode_length/time,265,870.530029296875,1778917978.6817389
unitree_go2_flat,Train/mean_episode_length/time,266,863.989990234375,1778917979.7076097
unitree_go2_flat,Train/mean_episode_length/time,267,868.8699951171875,1778917980.7236435
unitree_go2_flat,Train/mean_episode_length/time,268,877.8800048828125,1778917981.730845
unitree_go2_flat,Train/mean_episode_length/time,269,877.8800048828125,1778917982.7381268
unitree_go2_flat,Train/mean_episode_length/time,270,886.010009765625,1778917983.7542546
unitree_go2_flat,Train/mean_episode_length/time,271,886.010009765625,1778917984.7510712
unitree_go2_flat,Train/mean_episode_length/time,272,886.010009765625,1778917985.7519515
unitree_go2_flat,Train/mean_episode_length/time,273,894.5499877929688,1778917986.7630482
unitree_go2_flat,Train/mean_episode_length/time,274,894.5499877929688,1778917987.767981
unitree_go2_flat,Train/mean_episode_length/time,275,894.5499877929688,1778917988.7694845
unitree_go2_flat,Train/mean_episode_length/time,276,894.5499877929688,1778917989.847423
unitree_go2_flat,Train/mean_episode_length/time,277,894.5499877929688,1778917990.8510792
unitree_go2_flat,Train/mean_episode_length/time,278,904.0,1778917991.861996
unitree_go2_flat,Train/mean_episode_length/time,279,904.0,1778917992.8597488
unitree_go2_flat,Train/mean_episode_length/time,280,904.0,1778917993.868046
unitree_go2_flat,Train/mean_episode_length/time,281,912.4400024414062,1778917994.9074862
unitree_go2_flat,Train/mean_episode_length/time,282,912.4400024414062,1778917995.904704
unitree_go2_flat,Train/mean_episode_length/time,283,912.4400024414062,1778917996.905411
unitree_go2_flat,Train/mean_episode_length/time,284,912.4400024414062,1778917997.9160876
unitree_go2_flat,Train/mean_episode_length/time,285,912.4400024414062,1778917998.9122033
unitree_go2_flat,Train/mean_episode_length/time,286,912.4400024414062,1778917999.9274302
unitree_go2_flat,Train/mean_episode_length/time,287,912.4400024414062,1778918001.0576801
unitree_go2_flat,Train/mean_episode_length/time,288,912.4400024414062,1778918002.0690157
unitree_go2_flat,Train/mean_episode_length/time,289,912.4400024414062,1778918003.0793025
unitree_go2_flat,Train/mean_episode_length/time,290,912.4400024414062,1778918004.0757704
unitree_go2_flat,Train/mean_episode_length/time,291,912.4400024414062,1778918005.0940406
unitree_go2_flat,Train/mean_episode_length/time,292,912.4400024414062,1778918006.1002882
unitree_go2_flat,Train/mean_episode_length/time,293,912.4400024414062,1778918007.106135
unitree_go2_flat,Train/mean_episode_length/time,294,912.4400024414062,1778918008.121109
unitree_go2_flat,Train/mean_episode_length/time,295,912.4400024414062,1778918009.1237698
unitree_go2_flat,Train/mean_episode_length/time,296,912.4400024414062,1778918010.128011
unitree_go2_flat,Train/mean_episode_length/time,297,912.4400024414062,1778918011.1427119
unitree_go2_flat,Train/mean_episode_length/time,298,914.72998046875,1778918012.3101158
unitree_go2_flat,Train/mean_episode_length/time,299,914.72998046875,1778918013.319292
unitree_go2_flat,Train/mean_episode_length/time,300,914.72998046875,1778918014.327259
unitree_go2_flat,Train/mean_episode_length/time,301,914.72998046875,1778918015.337343
unitree_go2_flat,Train/mean_episode_length/time,302,914.72998046875,1778918016.3440332
unitree_go2_flat,Train/mean_episode_length/time,303,914.72998046875,1778918017.3476212
